{
	"format_version": "1.12.0",
	"minecraft:geometry": [
		{
			"description": {
				"identifier": "geometry.unknown",
				"texture_width": 150,
				"texture_height": 150,
				"visible_bounds_width": 205,
				"visible_bounds_height": 4,
				"visible_bounds_offset": [0, 1, 0]
			},
			"bones": [
				{
					"name": "bb_main",
					"pivot": [0, 0, 0]
				},
				{
					"name": "main",
					"pivot": [0, 20, 0]
				},
				{
					"name": "gun",
					"parent": "main",
					"pivot": [1, 11, -1],
					"cubes": [
						{"origin": [-1.55, 16.375, -9.9], "size": [3.1, 1.6, 9.4], "inflate": 0.001, "uv": [68, 0]},
						{"origin": [-1.2, 16.375, -14.1], "size": [1.2, 1.2, 4.2], "pivot": [1.35, 16.375, -9.9], "rotation": [-73.5, 0, 0], "uv": [55, 0]},
						{"origin": [-1.2, 17.975, -10.025], "size": [1.2, 2.95, 1.75], "inflate": 0.002, "pivot": [1.35, 17.975, -8.275], "rotation": [0, 0, 0], "uv": [14, 54]},
						{"origin": [-1.2, 20.825, -11.05], "size": [1.4, 1, 2.775], "pivot": [1.35, 18.875, -8.275], "rotation": [0, 0, 0], "uv": [24, 14]},
						{"origin": [-1.55, 17.825, -2.15], "size": [3.1, 5.8, 1.15], "inflate": 0.002, "uv": [12, 0]},
						{"origin": [-2.2, 19.425, -2.25], "size": [4.4, 2.55, 1], "inflate": -0.1, "uv": [10, 17]},
						{"origin": [1.2, 20.2, -2.25], "size": [1, 1.05, 2.25], "inflate": -0.1, "pivot": [2, 21.15, -2.15], "rotation": [0, -6.75, 0], "uv": [24, 11]},
						{"origin": [-2.2, 21.775, -2.25], "size": [1.1, 1, 1], "inflate": -0.101, "pivot": [-2.1, 21.875, -2.15], "rotation": [0, 0, 60], "uv": [61, 14]},
						{"origin": [1.1, 21.775, -2.25], "size": [1.1, 1, 1], "inflate": -0.101, "pivot": [2.1, 21.875, -2.15], "rotation": [0, 0, -60], "uv": [61, 2]},
						{"origin": [1.1, 18.625, -2.25], "size": [1.1, 1, 1], "inflate": -0.101, "pivot": [2.1, 19.525, -2.15], "rotation": [0, 0, 60], "uv": [61, 7]},
						{"origin": [-2.2, 18.625, -2.25], "size": [1.1, 1, 1], "inflate": -0.101, "pivot": [-2.1, 19.525, -2.15], "rotation": [0, 0, -60], "uv": [61, 5]},
						{"origin": [-1.05, 22.75, -27.525], "size": [2.1, 1, 19.25], "inflate": 0.002, "uv": [24, 0]},
						{"origin": [-0.65, 23, -27.525], "size": [1.3, 1, 19.25], "inflate": 0.001, "uv": [45, 35]},
						{"origin": [-1.25, 22.925, -10.25], "size": [2.5, 1.3, 8.65], "inflate": -0.199, "uv": [0, 0]},
						{"origin": [0.25, 23.425, -4.55], "size": [1, 1, 2.95], "inflate": -0.2, "uv": [21, 57]},
						{"origin": [-1.25, 23.425, -4.55], "size": [1, 1, 2.95], "inflate": -0.2, "uv": [0, 57]},
						{"origin": [-0.65, 23.4, -4.55], "size": [1.3, 1, 2.95], "inflate": -0.2, "uv": [56, 24]},
						{"origin": [0.25, 19.525, -4.55], "size": [1, 4.9, 1], "inflate": -0.201, "pivot": [1.15, 24.225, -4.35], "rotation": [-84.5, 0, 0], "uv": [14, 59]},
						{"origin": [-1.25, 19.525, -4.55], "size": [1, 4.9, 1], "inflate": -0.201, "pivot": [-1.15, 24.225, -4.35], "rotation": [-84.5, 0, 0], "uv": [24, 0]},
						{"origin": [-1.25, 21.225, -10.25], "size": [2.5, 3, 1.65], "inflate": -0.2, "pivot": [1.15, 24.025, -10.05], "rotation": [-74, 0, 0], "uv": [0, 9]},
						{"origin": [-1.75, 22.325, -1.2], "size": [1.2, 1.5, 3.15], "inflate": -0.2, "pivot": [-1.35, 23.625, -1], "rotation": [-71.25, 0, 0], "uv": [32, 22]},
						{"origin": [-1.75, 15.5, -0.4], "size": [1.2, 5.55, 4.9], "inflate": -0.197, "pivot": [-1.35, 22.6, 1.15], "rotation": [-20.5, 0, 0], "uv": [72, 21]},
						{"origin": [-1.75, 19.2, 1.525], "size": [1.2, 1.55, 2.9], "inflate": -0.199, "pivot": [-1.35, 22.3, 1.075], "rotation": [-5, 0, 0], "uv": [21, 54]},
						{"origin": [-1.75, 18.525, 5.8], "size": [3.5, 1.55, 2.9], "inflate": -0.2, "pivot": [-1.35, 21.625, 5.35], "rotation": [-64.5, 0, 0], "uv": [0, 17]},
						{"origin": [0.55, 19.2, 1.525], "size": [1.2, 1.55, 2.9], "inflate": -0.199, "pivot": [1.35, 22.3, 1.075], "rotation": [-5, 0, 0], "uv": [0, 54]},
						{"origin": [-0.95, 19.2, 3.025], "size": [1.9, 1.55, 1.4], "inflate": -0.199, "pivot": [0.6, 22.3, 1.075], "rotation": [-5, 0, 0], "uv": [55, 0]},
						{"origin": [-0.95, 17.775, -0.575], "size": [1.9, 1.55, 3.65], "inflate": -0.199, "pivot": [0.6, 20.875, -0.525], "rotation": [12.75, 0, 0], "uv": [53, -2]},
						{"origin": [0.55, 15.5, -0.4], "size": [1.2, 5.55, 4.9], "inflate": -0.197, "pivot": [1.35, 22.6, 1.15], "rotation": [-20.5, 0, 0], "uv": [66, 41]},
						{"origin": [0.55, 22.325, -1.2], "size": [1.2, 1.5, 3.15], "inflate": -0.2, "pivot": [1.35, 23.625, -1], "rotation": [-71.25, 0, 0], "uv": [0, 22]},
						{"origin": [-1.9, 6.425, 3.025], "size": [3.8, 1.5, 7.575], "inflate": -0.001, "uv": [0, 9]},
						{"origin": [-1.9, 7.9, 3.025], "size": [3.8, 3.275, 2], "inflate": -0.002, "pivot": [1.1, 7.9, 3.025], "rotation": [-5.75, 0, 0], "uv": [55, 9]},
						{"origin": [-1.9, 13.575, 2.625], "size": [3.8, 6, 1.75], "inflate": -0.001, "pivot": [1.1, 19.575, 4.375], "rotation": [35.25, 0, 0], "uv": [0, 0]},
						{"origin": [-1.9, 15.275, 0.525], "size": [3.8, 4.7, 2.525], "inflate": 0.002, "pivot": [1.1, 19.975, 3.275], "rotation": [31.25, 0, 0], "uv": [32, 11]},
						{"origin": [-1.9, 11.025, -0.125], "size": [3.8, 3.9, 3.975], "inflate": 0.001, "pivot": [1.1, 17.025, 1.325], "rotation": [35.25, 0, 0], "uv": [38, 76]},
						{"origin": [-1.9, 15.075, -2.8], "size": [3.8, 3.475, 3.75], "pivot": [1.1, 18.55, 0.95], "rotation": [63.75, 0, 0], "uv": [52, 76]},
						{"origin": [-1.9, 8.525, 2.3], "size": [3.8, 6.175, 5.5], "pivot": [1.1, 14.7, 7.8], "rotation": [22.5, 0, 0], "uv": [24, 0]},
						{"origin": [-1.9, 7.375, 4.9], "size": [3.8, 2.175, 2.9], "inflate": -0.002, "pivot": [1.1, 14.7, 7.8], "rotation": [22.5, 0, 0], "uv": [80, 48]},
						{"origin": [-1.25, 12.1, -5.775], "size": [2.5, 1, 4.05], "inflate": -0.201, "uv": [63, 69]},
						{"origin": [-1.25, 12.1, -2.725], "size": [2.5, 2.3, 1], "inflate": -0.202, "pivot": [1.25, 12.3, -1.925], "rotation": [-49, 0, 0], "uv": [42, 58]},
						{"origin": [-1.25, 12.1, -7.875], "size": [2.5, 1, 2.5], "inflate": -0.2, "pivot": [1.25, 12.3, -5.575], "rotation": [-45.75, 0, 0], "uv": [35, 0]},
						{"origin": [-1.25, 13.6, -10.325], "size": [2.5, 1, 3.5], "inflate": -0.201, "pivot": [1.25, 13.8, -7.025], "rotation": [-88.25, 0, 0], "uv": [66, 76]},
						{"origin": [-1.25, 13.45, -4.4], "size": [2.5, 1, 3.5], "inflate": -0.2, "pivot": [1.25, 13.65, -1.1], "rotation": [-98.75, 0, 0], "uv": [71, 69]},
						{"origin": [-1.75, 15.325, -8.625], "size": [3.5, 2.25, 2], "inflate": -0.201, "pivot": [1.25, 15.525, -6.825], "rotation": [-47.25, 0, 0], "uv": [38, 83]},
						{"origin": [-0.5, 23.2, -27.15], "size": [1, 2, 1.9], "inflate": -0.3, "uv": [35, 54]},
						{"origin": [-0.5, 23.2, -27.15], "size": [1, 2, 1.15], "inflate": -0.301, "pivot": [0.2, 24.9, -26.85], "rotation": [-17.5, 0, 0], "uv": [29, 54]},
						{"origin": [-0.5, 23.55, -27.15], "size": [1, 1, 1.65], "uv": [61, 0]},
						{"origin": [-0.5, 23.55, -25.5], "size": [1, 1, 2.9], "inflate": -0.001, "pivot": [0.5, 24.55, -25.5], "rotation": [-16.5, 0, 0], "uv": [56, 21]},
						{"origin": [-0.5, 23.55, -27.15], "size": [1, 1, 1], "inflate": -0.001, "pivot": [0.5, 24.55, -27.15], "rotation": [-19, 0, 0], "uv": [56, 60]},
						{"origin": [-0.15, 23.9, -1.9], "size": [1.55, 1.4, 1.05], "inflate": -0.399, "uv": [60, 17]},
						{"origin": [-1.2, 23.425, -4.05], "size": [2.4, 1.1, 3.1], "inflate": -0.2, "uv": [16, 82]},
						{"origin": [-1.1, 23.725, -2.55], "size": [2.2, 1, 1.5], "inflate": -0.2, "uv": [12, 6]},
						{"origin": [-1.4, 23.9, -1.9], "size": [1.55, 1.4, 1.05], "inflate": -0.399, "uv": [55, 2]},
						{"origin": [-1.425, 21.45, -27.875], "size": [2, 2, 20], "inflate": -0.2, "pivot": [0.575, 23.45, -33.125], "rotation": [0, 0, -20.75], "uv": [0, 0]},
						{"origin": [-0.575, 21.675, -27.55], "size": [1.5, 1.75, 19.275], "inflate": 0.001, "pivot": [0.675, 23.425, -33.125], "rotation": [0, 0, -20.75], "uv": [66, 21]},
						{"origin": [-0.45, 21.675, -11.05], "size": [1.5, 1.75, 2.775], "inflate": 0.004, "pivot": [0.8, 23.425, -33.125], "rotation": [0, 0, -20.75], "uv": [47, 3]},
						{"origin": [-1.05, 21.675, -11.05], "size": [1.5, 1.75, 2.775], "inflate": 0.003, "pivot": [-0.8, 23.425, -33.125], "rotation": [0, 0, 20.75], "uv": [47, 0]},
						{"origin": [0.525, 20.275, -27.55], "size": [1, 1.6, 19.275], "inflate": 0.003, "pivot": [1.525, 21.875, -27.55], "rotation": [0, 0, 37], "uv": [42, 56]},
						{"origin": [0.625, 20.775, -11.05], "size": [1, 1.1, 2.775], "inflate": 0.002, "pivot": [1.625, 21.875, -27.55], "rotation": [0, 0, 37], "uv": [24, 25]},
						{"origin": [-1.625, 20.675, -11.05], "size": [1, 1.2, 2.775], "inflate": 0.002, "pivot": [-1.625, 21.875, -27.55], "rotation": [0, 0, -37], "uv": [24, 22]},
						{"origin": [-1.525, 20.775, -27.55], "size": [1, 1.1, 19.275], "inflate": 0.001, "pivot": [-1.525, 21.875, -27.55], "rotation": [0, 0, -37], "uv": [21, 55]},
						{"origin": [-0.2, 19.775, -27.55], "size": [1.5, 1.25, 12.775], "inflate": 0.002, "pivot": [1.05, 21.025, -33.125], "rotation": [0, 0, 29.5], "uv": [66, 41]},
						{"origin": [0.2, 19.375, -15.175], "size": [1.5, 1.35, 4.675], "inflate": -0.4, "pivot": [1.05, 21.025, -33.125], "rotation": [0, 0, 29.5], "uv": [8, 54]},
						{"origin": [-1.5, 19.775, -11.05], "size": [1.5, 1.25, 2.775], "inflate": 0.001, "pivot": [-1.25, 21.025, -33.125], "rotation": [0, 0, -29.5], "uv": [47, 9]},
						{"origin": [-1.3, 19.775, -27.55], "size": [1.5, 1.25, 19.275], "pivot": [-1.05, 21.025, -33.125], "rotation": [0, 0, -29.5], "uv": [0, 54]},
						{"origin": [-0.65, 19.825, -27.55], "size": [1.3, 1.05, 19.275], "inflate": -0.001, "uv": [47, 1]},
						{"origin": [-0.925, 21.675, -27.55], "size": [1.5, 1.75, 19.275], "pivot": [-0.675, 23.425, -33.125], "rotation": [0, 0, 20.75], "uv": [63, 55]},
						{"origin": [-2.05, 16.35, -9.95], "size": [1.5, 1.6, 1.675], "pivot": [-1.8, 17.6, -32.925], "rotation": [0, 0, -29.5], "uv": [39, 3]}
					]
				},
				{
					"name": "trigger",
					"parent": "gun",
					"pivot": [0.5, 16.425, -3.25],
					"cubes": [
						{"origin": [-0.5, 13.425, -4.25], "size": [1, 4, 1], "inflate": -0.1, "pivot": [0.5, 13.425, -4.25], "rotation": [-14.25, 0, 0], "uv": [35, 59]}
					]
				},
				{
					"name": "hammer",
					"parent": "gun",
					"pivot": [0, 19.9, 0.575],
					"cubes": [
						{"origin": [-0.9, 21.7, -0.025], "size": [1.8, 1.9, 1], "inflate": -0.2, "pivot": [0.65, 23.4, 0.775], "rotation": [105.75, 0, 0], "uv": [32, 26]},
						{"origin": [-0.9, 22.6, -1.025], "size": [1.8, 1, 2], "inflate": -0.199, "pivot": [0.65, 23.4, 0.775], "rotation": [40.5, 0, 0], "uv": [0, 13]},
						{"origin": [-0.7, 20.75, -0.675], "size": [1.4, 1.5, 1], "uv": [35, 3]},
						{"origin": [-0.7, 20.375, -0.325], "size": [1.4, 1, 1.25], "inflate": 0.001, "pivot": [0.7, 21.375, 0.925], "rotation": [-20.5, 0, 0], "uv": [36, 26]},
						{"origin": [-0.7, 20.375, 0.925], "size": [1.4, 1, 2], "pivot": [0.7, 21.375, 0.925], "rotation": [-36.75, 0, 0], "uv": [13, 9]},
						{"origin": [-0.7, 21.9, -1.425], "size": [1.4, 1.75, 1], "inflate": -0.001, "pivot": [0.7, 22.9, -0.425], "rotation": [48.75, 0, 0], "uv": [38, 17]}
					]
				},
				{
					"name": "chamber",
					"parent": "main",
					"pivot": [0.625, 17.275, -9.975],
					"cubes": [
						{"origin": [0.5, 20.95, -15.075], "size": [1.1, 1.1, 5.275], "inflate": -0.3, "pivot": [1.6, 20.95, -14.8], "rotation": [0, 0, -60.5], "uv": [16, 75]},
						{"origin": [0, 19.775, -11.05], "size": [1.5, 1.25, 2.775], "pivot": [1.25, 21.025, -33.125], "rotation": [0, 0, 29.5], "uv": [47, 12]},
						{"origin": [0, 17.975, -10.025], "size": [1.2, 2.95, 1.75], "inflate": 0.002, "pivot": [-1.35, 17.975, -8.275], "rotation": [0, 0, 0], "uv": [8, 54]},
						{"origin": [0, 16.375, -14.1], "size": [1.2, 1.2, 4.2], "pivot": [-1.35, 16.375, -9.9], "rotation": [-73.5, 0, 0], "uv": [29, 54]},
						{"origin": [0.55, 16.35, -9.95], "size": [1.5, 1.6, 1.675], "pivot": [1.8, 17.6, -32.925], "rotation": [0, 0, 29.5], "uv": [44, 20]},
						{"origin": [-0.2, 20.825, -11.05], "size": [1.4, 1, 2.775], "inflate": -0.001, "pivot": [-1.35, 18.875, -8.275], "rotation": [0, 0, 0], "uv": [13, 12]}
					]
				},
				{
					"name": "rotatey",
					"parent": "chamber",
					"pivot": [-0.015, 20.63, -2.075],
					"cubes": [
						{"origin": [-0.275, 20.6, -8.275], "size": [1, 1, 6.125], "inflate": 0.05, "pivot": [0.725, 20.6, -8.075], "rotation": [0, 0, -45], "uv": [58, 83]},
						{"origin": [-0.85, 22.1, -8.375], "size": [1.6, 1, 6.325], "inflate": -0.302, "uv": [44, 83]},
						{"origin": [-0.85, 19.355, -8.375], "size": [1.7, 2.55, 6.325], "inflate": -0.304, "uv": [24, 11]},
						{"origin": [-1.1, 21.3, -8.375], "size": [1, 1.425, 6.325], "inflate": -0.303, "uv": [30, 83]},
						{"origin": [-1.175, 21.465, -8.375], "size": [1, 1.5, 6.325], "inflate": -0.304, "pivot": [-0.475, 21.79, -8.075], "rotation": [0, 0, -60], "uv": [80, 82]},
						{"origin": [-1.975, 22.27, -8.375], "size": [1.425, 1, 6.325], "inflate": -0.302, "pivot": [-0.475, 21.79, -8.075], "rotation": [0, 0, -60], "uv": [8, 82]},
						{"origin": [-2.175, 19.495, -8.375], "size": [1.825, 2.6, 6.325], "inflate": -0.302, "pivot": [-0.475, 21.79, -8.075], "rotation": [0, 0, -60], "uv": [24, 22]},
						{"origin": [-2.365, 21.465, -8.375], "size": [1, 1.5, 6.325], "inflate": -0.303, "pivot": [-0.475, 21.79, -8.075], "rotation": [0, 0, -60], "uv": [22, 82]},
						{"origin": [-1.175, 18.26, -8.375], "size": [1, 1.5, 6.325], "inflate": -0.304, "pivot": [-0.475, 19.435, -8.075], "rotation": [0, 0, 60], "uv": [44, 76]},
						{"origin": [-1.975, 17.955, -8.375], "size": [1.425, 1, 6.325], "inflate": -0.302, "pivot": [-0.475, 19.435, -8.075], "rotation": [0, 0, 60], "uv": [58, 76]},
						{"origin": [-2.365, 18.26, -8.375], "size": [1, 1.5, 6.325], "inflate": -0.302, "pivot": [-0.475, 19.435, -8.075], "rotation": [0, 0, 60], "uv": [72, 76]},
						{"origin": [1.365, 18.26, -8.375], "size": [1, 1.5, 6.325], "inflate": -0.302, "pivot": [0.475, 19.435, -8.075], "rotation": [0, 0, -60], "uv": [22, 75]},
						{"origin": [0.55, 17.955, -8.375], "size": [1.425, 1, 6.325], "inflate": -0.302, "pivot": [0.475, 19.435, -8.075], "rotation": [0, 0, -60], "uv": [76, 11]},
						{"origin": [0.175, 18.26, -8.375], "size": [1, 1.5, 6.325], "inflate": -0.304, "pivot": [0.475, 19.435, -8.075], "rotation": [0, 0, -60], "uv": [30, 76]},
						{"origin": [0.175, 21.465, -8.375], "size": [1, 1.5, 6.325], "inflate": -0.304, "pivot": [0.475, 21.79, -8.075], "rotation": [0, 0, 60], "uv": [80, 41]},
						{"origin": [0.55, 22.27, -8.375], "size": [1.425, 1, 6.325], "inflate": -0.302, "pivot": [0.475, 21.79, -8.075], "rotation": [0, 0, 60], "uv": [80, 75]},
						{"origin": [0.35, 19.495, -8.375], "size": [1.825, 2.6, 6.325], "inflate": -0.305, "pivot": [0.475, 21.79, -8.075], "rotation": [0, 0, 60], "uv": [0, 63]},
						{"origin": [1.365, 21.465, -8.375], "size": [1, 1.5, 6.325], "inflate": -0.303, "pivot": [0.475, 21.79, -8.075], "rotation": [0, 0, 60], "uv": [0, 81]},
						{"origin": [0.1, 21.3, -8.375], "size": [1, 1.425, 6.325], "inflate": -0.303, "uv": [83, 0]},
						{"origin": [0.025, 21.7, -8.375], "size": [1, 1.025, 6.325], "inflate": -0.305, "pivot": [0.4, 21.6, -8.075], "rotation": [0, 0, 36.25], "uv": [66, 31]},
						{"origin": [-1.025, 21.7, -8.375], "size": [1, 1.025, 6.325], "inflate": -0.305, "pivot": [-0.4, 21.6, -8.075], "rotation": [0, 0, -36.25], "uv": [42, 64]},
						{"origin": [-2.175, 20.05, -8.375], "size": [1, 1.025, 6.325], "inflate": -0.305, "uv": [63, 55]},
						{"origin": [1.175, 20.05, -8.375], "size": [1, 1.025, 6.325], "inflate": -0.305, "uv": [21, 63]},
						{"origin": [-1.025, 18.375, -8.375], "size": [1, 1.025, 6.325], "inflate": -0.305, "pivot": [-0.4, 19.5, -8.075], "rotation": [0, 0, 36.25], "uv": [63, 62]},
						{"origin": [0.025, 18.375, -8.375], "size": [1, 1.025, 6.325], "inflate": -0.305, "pivot": [0.4, 19.5, -8.075], "rotation": [0, 0, -36.25], "uv": [64, 24]},
						{"origin": [-1.1, 18.525, -8.375], "size": [1, 1.45, 6.325], "inflate": -0.303, "uv": [68, 10]},
						{"origin": [-0.85, 18.15, -8.375], "size": [1.6, 1, 6.325], "inflate": -0.302, "uv": [0, 74]},
						{"origin": [0.1, 18.525, -8.375], "size": [1, 1.45, 6.325], "inflate": -0.303, "uv": [8, 75]}
					]
				},
				{
					"name": "bone",
					"parent": "rotatey",
					"pivot": [2.15, 19.375, -8.075],
					"cubes": [
						{"origin": [1.45, 19.075, -8.375], "size": [1, 3.1, 6.325], "inflate": -0.3, "uv": [56, 21]},
						{"origin": [1.45, 21.575, -8.375], "size": [1, 3.1, 6.325], "inflate": -0.301, "pivot": [2.15, 21.875, -8.075], "rotation": [0, 0, -60], "uv": [42, 55]}
					]
				},
				{
					"name": "bone4",
					"parent": "rotatey",
					"pivot": [2.15, 19.375, -8.075],
					"rotation": [0, 0, 60],
					"cubes": [
						{"origin": [1.45, 16.575, -8.375], "size": [1, 3.1, 6.325], "inflate": -0.301, "uv": [21, 54]},
						{"origin": [1.45, 14.075, -8.375], "size": [1, 3.1, 6.325], "inflate": -0.3, "pivot": [2.15, 16.875, -8.075], "rotation": [0, 0, 60], "uv": [0, 54]}
					]
				},
				{
					"name": "bone2",
					"parent": "rotatey",
					"pivot": [-2.175, 19.375, -8.075],
					"rotation": [0, 0, -180],
					"cubes": [
						{"origin": [-2.875, 16.575, -8.375], "size": [1, 3.1, 6.325], "inflate": -0.301, "uv": [47, 9]},
						{"origin": [-2.875, 14.075, -8.375], "size": [1, 3.1, 6.325], "inflate": -0.3, "pivot": [-2.175, 16.875, -8.075], "rotation": [0, 0, 60], "uv": [47, 0]}
					]
				},
				{
					"name": "speedloader",
					"parent": "rotatey",
					"pivot": [0.35, 21.7, -5.875]
				},
				{
					"name": "bullets",
					"parent": "speedloader",
					"pivot": [-1.275, 19.525, -5.875]
				},
				{
					"name": "bullet1",
					"parent": "bullets",
					"pivot": [0.35, 21.7, -5.875],
					"cubes": [
						{"origin": [-0.5, 21.5, -6.875], "size": [1, 1, 4.725], "inflate": -0.1, "uv": [71, 62]}
					]
				},
				{
					"name": "bullet2",
					"parent": "bullets",
					"pivot": [0.35, 19.55, -5.875],
					"cubes": [
						{"origin": [-0.5, 18.75, -6.875], "size": [1, 1, 4.725], "inflate": -0.1, "uv": [8, 63]}
					]
				},
				{
					"name": "bullet3",
					"parent": "bullets",
					"pivot": [1.275, 21.725, -5.875],
					"cubes": [
						{"origin": [0.5, 20.9, -6.875], "size": [1, 1, 4.725], "inflate": -0.1, "pivot": [1.275, 21.725, -5.875], "rotation": [0, 0, -30], "uv": [74, 30]}
					]
				},
				{
					"name": "bullet4",
					"parent": "bullets",
					"pivot": [-1.275, 21.725, -5.875],
					"cubes": [
						{"origin": [-1.5, 20.9, -6.875], "size": [1, 1, 4.725], "inflate": -0.1, "pivot": [-1.275, 21.725, -5.875], "rotation": [0, 0, 30], "uv": [71, 55]}
					]
				},
				{
					"name": "bullet5",
					"parent": "bullets",
					"pivot": [1.275, 19.525, -5.875],
					"cubes": [
						{"origin": [0.5, 19.35, -6.875], "size": [1, 1, 4.725], "inflate": -0.1, "pivot": [1.275, 19.525, -5.875], "rotation": [0, 0, 30], "uv": [29, 63]}
					]
				},
				{
					"name": "bullet6",
					"parent": "bullets",
					"pivot": [-1.275, 19.525, -5.875],
					"cubes": [
						{"origin": [-1.5, 19.35, -6.875], "size": [1, 1, 4.725], "inflate": -0.1, "pivot": [-1.275, 19.525, -5.875], "rotation": [0, 0, -30], "uv": [50, 64]}
					]
				},
				{
					"name": "loader",
					"parent": "speedloader",
					"pivot": [-1.5, 10.875, 4.725],
					"cubes": [
						{"origin": [-4.1, 10.775, 3.725], "size": [3.7, 3.7, 2], "pivot": [-1.5, 10.875, 4.725], "rotation": [0, 0, 25], "uv": [50, 55]},
						{"origin": [-3.1, 11.775, 4.475], "size": [1.7, 1.7, 3], "pivot": [-1.5, 10.875, 5.475], "rotation": [0, 0, 25], "uv": [0, 26]},
						{"origin": [-3.35, 11.525, 6.725], "size": [2.2, 2.2, 1], "pivot": [-1.5, 10.875, 5.725], "rotation": [0, 0, 25], "uv": [42, 55]}
					]
				},
				{
					"name": "rightarm",
					"parent": "main",
					"pivot": [-4.55, 8.525, 21.65],
					"rotation": [-104.56106, -12.40003, -2.46982],
					"cubes": [
						{"origin": [-8.55, -15.475, 17.65], "size": [8, 24, 8], "uv": [32, 22]}
					]
				},
				{
					"name": "leftarm",
					"parent": "main",
					"pivot": [10.2, 2.25, 20.15],
					"rotation": [-118.95832, 6.70101, -29.35181],
					"cubes": [
						{"origin": [6.2, -21.75, 16.15], "size": [8, 24, 8], "uv": [0, 22]}
					]
				},
				{
					"name": "muzzleflash",
					"parent": "main",
					"pivot": [0, 22.225, -28.1],
					"cubes": [
						{"origin": [-0.5, 21.725, -28.4], "size": [1, 1, 1], "inflate": -0.4, "uv": [47, 42]}
					]
				},
				{
					"name": "scope",
					"parent": "main",
					"pivot": [0, 24.9, 16.75],
					"cubes": [
						{"origin": [-0.5, 24.4, 16.45], "size": [1, 1, 1], "inflate": -0.4, "uv": [47, 25]}
					]
				},
				{
					"name": "_cb_suppressor",
					"parent": "main",
					"pivot": [-0.025, 24.275, -15.45],
					"cubes": [
						{"origin": [-0.525, 21.7, -27.575], "size": [1, 1, 1], "uv": [27, 9]}
					]
				},
				{
					"name": "laser",
					"parent": "main",
					"pivot": [-1.05, 21.025, -33.15],
					"cubes": [
						{"origin": [-1.275, 17.425, -27.55], "size": [2, 2, 4.275], "inflate": 0.001, "pivot": [0.225, 19.175, -33.125], "rotation": [0, 0, -20.75], "uv": [89, 32]},
						{"origin": [-1.275, 17.425, -23.9], "size": [2, 2, 1.175], "inflate": -0.4, "pivot": [0.225, 19.175, -32.575], "rotation": [0, 0, -20.75], "uv": [98, 32]},
						{"origin": [-1, 18.325, -26.075], "size": [2, 2.25, 1.775], "inflate": 0.001, "uv": [93, 28]},
						{"origin": [-0.2, 19.775, -26.075], "size": [1.625, 1.425, 1.775], "inflate": 0.002, "pivot": [1.05, 21.025, -33.15], "rotation": [0, 0, 29.5], "uv": [93, 24]},
						{"origin": [-1.425, 19.775, -26.075], "size": [1.625, 1.425, 1.775], "inflate": 0.002, "pivot": [-1.05, 21.025, -33.15], "rotation": [0, 0, -29.5], "uv": [99, 24], "mirror": true}
					]
				},
				{
					"name": "glowy",
					"parent": "laser",
					"pivot": [0, 20.45, -1644.85],
					"cubes": [
						{"origin": [-9.475, 10.975, -1645.4], "size": [19, 19, 1.05], "inflate": -0.5, "uv": [88, 273]}
					]
				},
				{
					"name": "glowy2",
					"parent": "laser",
					"pivot": [-3.5651, 25.12549, -68.975],
					"rotation": [0, 0, -27],
					"cubes": [
						{"origin": [-4.16111, 16.4415, -88.15], "size": [1.05, 2, 61], "inflate": -0.5, "uv": [15, 84], "mirror": true}
					]
				},
				{
					"name": "_cb_laser",
					"parent": "main",
					"pivot": [0, 20.35, -30.825],
					"cubes": [
						{"origin": [-0.5, 19.85, -25.825], "size": [1, 1, 1], "uv": [27, 69]}
					]
				},
				{
					"name": "_camera_",
					"pivot": [6.825, 33.725, 26.45]
				}
			]
		}
	]
}