{
	"format_version": "1.12.0",
	"minecraft:geometry": [
		{
			"description": {
				"identifier": "geometry.unknown",
				"texture_width": 128,
				"texture_height": 128,
				"visible_bounds_width": 11,
				"visible_bounds_height": 5,
				"visible_bounds_offset": [0, 1.5, 0]
			},
			"bones": [
				{
					"name": "bb_main",
					"pivot": [0, 0, 0]
				},
				{
					"name": "main",
					"pivot": [0, 20, 0]
				},
				{
					"name": "rightarm",
					"parent": "main",
					"pivot": [-4.3, 8.8, 21.8],
					"rotation": [-101.81106, -12.40003, -2.46982],
					"cubes": [
						{"origin": [-8.3, -15.2, 17.8], "size": [8, 24, 8], "uv": [32, 32]}
					]
				},
				{
					"name": "leftarm",
					"parent": "main",
					"pivot": [32.75, 3.125, 13.65],
					"rotation": [-32.28528, 37.19448, -7.13669],
					"cubes": [
						{"origin": [28.75, -20.875, 9.65], "size": [8, 24, 8], "uv": [32, 0]}
					]
				},
				{
					"name": "crowbar",
					"parent": "main",
					"pivot": [0, 10, 2]
				},
				{
					"name": "bone",
					"parent": "crowbar",
					"pivot": [0, 10, 2],
					"rotation": [17.5, 0, 0],
					"cubes": [
						{"origin": [-1.05, -9, 4], "size": [1, 56, 2.025], "pivot": [-0.05, -9, 6], "rotation": [0, -51, 0], "uv": [26, 0]},
						{"origin": [-1.65, -9, 3.7], "size": [3.15, 56, 1.05], "inflate": 0.001, "uv": [0, 0]},
						{"origin": [-0.1, -9, 4], "size": [1, 56, 2.025], "pivot": [-0.1, -9, 6], "rotation": [0, 51, 0], "uv": [20, 0]},
						{"origin": [-0.1, -9, 2.425], "size": [1, 56, 2.025], "pivot": [-0.1, -9, 2.45], "rotation": [0, -51, 0], "uv": [8, 0]},
						{"origin": [-1.05, -9, 2.425], "size": [1, 56, 2.025], "pivot": [-0.05, -9, 2.45], "rotation": [0, 51, 0], "uv": [14, 0]}
					]
				},
				{
					"name": "bone5",
					"parent": "crowbar",
					"pivot": [0, -8.1, 7.7],
					"rotation": [36.75, 0, 0],
					"cubes": [
						{"origin": [-1.05, -22.1, 9.95], "size": [1, 14, 1.65], "pivot": [-0.05, -27.1, 11.6], "rotation": [0, -66, 0], "uv": [24, 58]},
						{"origin": [-1.65, -22.10346, 10.02172], "size": [3.15, 13.5, 1.05], "pivot": [1.5, -27.1, 10.45], "rotation": [2.25, 0, 0], "uv": [0, 57]},
						{"origin": [-0.1, -22.1, 9.95], "size": [1, 14, 1.65], "pivot": [-0.1, -27.1, 11.6], "rotation": [0, 66, 0], "uv": [20, 58]},
						{"origin": [1.14846, -19.32749, 9.16098], "size": [1, 11, 2], "pivot": [-0.1, -27.1, 8.15], "rotation": [7.91458, -50.73153, -6.143], "uv": [14, 58]},
						{"origin": [-2.29846, -19.32749, 9.16098], "size": [1, 11, 2], "pivot": [-0.05, -27.1, 8.15], "rotation": [7.91458, 50.73153, 6.143], "uv": [8, 58]},
						{"origin": [-2.29846, -22.32749, 9.16098], "size": [1, 3, 1.75], "pivot": [-0.05, -27.1, 8.15], "rotation": [7.91458, 50.73153, 6.143], "uv": [28, 58]},
						{"origin": [1.14846, -22.32749, 9.16098], "size": [1, 3, 1.75], "pivot": [-0.1, -27.1, 8.15], "rotation": [7.91458, -50.73153, -6.143], "uv": [67, 60]}
					]
				},
				{
					"name": "bone2",
					"parent": "crowbar",
					"pivot": [0, 43.125, -7.5],
					"rotation": [57.5, 0, 0],
					"cubes": [
						{"origin": [-1.05, 43.125, -5.5], "size": [1, 7.25, 2], "pivot": [-0.05, 24.125, -3.5], "rotation": [0, -51, 0], "uv": [46, 64]},
						{"origin": [-1.65, 43.125, -5.8], "size": [3.15, 7.125, 1.05], "uv": [32, 32]},
						{"origin": [-0.1, 43.125, -5.5], "size": [1, 7.25, 2], "pivot": [-0.1, 24.125, -3.5], "rotation": [0, 51, 0], "uv": [40, 64]},
						{"origin": [-0.1, 48.45, 3.225], "size": [1, 1, 1.775], "inflate": -0.001, "pivot": [-0.1, 24.125, -3.5], "rotation": [19.25, 51, 0], "uv": [18, 0]},
						{"origin": [-1, 48.45, 3.35], "size": [1, 1, 1.775], "pivot": [0.1, 24.125, -3.5], "rotation": [19.25, -51, 0], "uv": [12, 0]},
						{"origin": [-0.1, 43.125, -7.05], "size": [1, 7, 2], "pivot": [-0.1, 24.125, -7.05], "rotation": [0, -51, 0], "uv": [64, 39]},
						{"origin": [-1.05, 43.125, -7.05], "size": [1, 7, 2], "pivot": [-0.05, 24.125, -7.05], "rotation": [0, 51, 0], "uv": [34, 64]}
					]
				},
				{
					"name": "bone3",
					"parent": "crowbar",
					"pivot": [0, 47.725, -9.6],
					"rotation": [129.5, 0, 0],
					"cubes": [
						{"origin": [-1.05, 48.475, -7.6], "size": [1, 7.25, 2], "pivot": [-0.05, 28.725, -5.6], "rotation": [0, -51, 0], "uv": [64, 18]},
						{"origin": [-1.65, 48.625, -7.9], "size": [3.15, 7.1, 1.05], "inflate": 0.001, "uv": [32, 0]},
						{"origin": [-0.1, 48.475, -7.6], "size": [1, 7.25, 2], "pivot": [-0.1, 28.725, -5.6], "rotation": [0, 51, 0], "uv": [64, 9]},
						{"origin": [-0.1, 48.725, -9.15], "size": [1, 7, 2], "pivot": [-0.1, 28.725, -9.15], "rotation": [0, -51, 0], "uv": [64, 0]},
						{"origin": [-1.05, 48.725, -9.15], "size": [1, 7, 2], "pivot": [-0.05, 28.725, -9.15], "rotation": [0, 51, 0], "uv": [62, 62]}
					]
				},
				{
					"name": "bone4",
					"parent": "crowbar",
					"pivot": [0, 44.975, -14.375],
					"rotation": [169.5, 0, 0],
					"cubes": [
						{"origin": [-1.05, 44.975, -12.375], "size": [1, 7, 2], "pivot": [-0.05, 25.975, -10.375], "rotation": [0, -51, 0], "uv": [62, 30]},
						{"origin": [-1.65, 45.625, -12.675], "size": [3.15, 6.35, 1.05], "uv": [56, 0]},
						{"origin": [3.79922, 50.27482, -12.60083], "size": [1.15, 5.35, 1.05], "pivot": [1.75, 31.025, -11.625], "rotation": [-0.0821, 1.3178, -7.12986], "uv": [68, 27]},
						{"origin": [0.62506, 50.27472, -12.67385], "size": [1.15, 5.35, 1.05], "pivot": [1.75, 31.025, -11.625], "rotation": [-0.0821, 1.3178, 0], "uv": [56, 64]},
						{"origin": [-1.77506, 50.27472, -12.67385], "size": [1.15, 5.35, 1.05], "pivot": [-1.75, 31.025, -11.625], "rotation": [-0.0821, -1.3178, 0], "uv": [52, 64]},
						{"origin": [-4.94922, 50.27482, -12.60083], "size": [1.15, 5.35, 1.05], "pivot": [-1.75, 31.025, -11.625], "rotation": [-0.0821, -1.3178, 7.12986], "uv": [64, 55]},
						{"origin": [4.04064, 45.09245, -12.34023], "size": [1.15, 4, 1], "inflate": -0.001, "pivot": [-2.975, 33.025, -11.975], "rotation": [-0.78342, 3.99897, -22.15996], "uv": [68, 48]},
						{"origin": [-5.19064, 45.09245, -12.34023], "size": [1.15, 4, 1], "inflate": -0.001, "pivot": [2.975, 33.025, -11.975], "rotation": [-0.78342, -3.99897, 22.15996], "uv": [68, 33]},
						{"origin": [-0.1, 44.975, -12.375], "size": [1, 7, 2], "pivot": [-0.1, 25.975, -10.375], "rotation": [0, 51, 0], "uv": [28, 62]},
						{"origin": [-1.05, 45.775, -16.5], "size": [1, 6.5, 1.95], "pivot": [-0.05, 26.275, -16.55], "rotation": [-11.81576, 50.39857, -9.15654], "uv": [64, 48]},
						{"origin": [-0.05, 45.775, -16.525], "size": [1, 6.5, 1.975], "pivot": [-0.05, 26.275, -16.55], "rotation": [-11.81576, -50.39857, 9.15654], "uv": [56, 32]}
					]
				},
				{
					"name": "_camera_",
					"pivot": [6.825, 33.725, 26.45]
				}
			]
		}
	]
}