{
	"format_version": "1.12.0",
	"minecraft:geometry": [
		{
			"description": {
				"identifier": "geometry.unknown",
				"texture_width": 200,
				"texture_height": 200,
				"visible_bounds_width": 8,
				"visible_bounds_height": 3.5,
				"visible_bounds_offset": [0, 1.25, 0]
			},
			"bones": [
				{
					"name": "bb_main",
					"pivot": [0, 0, 0]
				},
				{
					"name": "main",
					"pivot": [0, 20, 0]
				},
				{
					"name": "gun",
					"parent": "main",
					"pivot": [1, 11, -1],
					"cubes": [
						{"origin": [-1.5, 5, -1.3], "size": [3, 7, 5], "pivot": [0.5, 15, -1.3], "rotation": [33, 0, 0], "uv": [0, 48]},
						{"origin": [-1.5, 6.1, 0], "size": [3, 12, 5], "inflate": 0.001, "pivot": [0.5, 13, 0], "rotation": [25, 0, 0], "uv": [0, 24]},
						{"origin": [-1.5, 6.6, 2.1], "size": [3, 1, 2], "inflate": -0.001, "uv": [56, 42]},
						{"origin": [-1, 13.8, -4.8], "size": [2, 4, 1], "inflate": -0.1, "pivot": [0.9, 13.8, -3.8], "rotation": [-21, 0, 0], "uv": [56, 0]},
						{"origin": [-1.5, 12.7, -6.9], "size": [3, 1, 5], "inflate": -0.2, "uv": [56, 16]},
						{"origin": [-1.5, 12.7, -2.3], "size": [3, 1, 3], "inflate": -0.2, "pivot": [1.4, 12.9, -2.1], "rotation": [28, 0, 0], "uv": [62, 79]},
						{"origin": [-1.5, 12.7, -6.9], "size": [3, 5, 1], "inflate": -0.201, "pivot": [1.4, 12.9, -6.7], "rotation": [23, 0, 0], "uv": [14, 0]},
						{"origin": [-1.25, 16.95, -8.3], "size": [3, 5, 12], "inflate": 0.001, "uv": [132, 143]},
						{"origin": [-0.85, 19.35, -1.7], "size": [3, 2, 2], "inflate": -0.1, "pivot": [2.15, 19.35, -1.7], "rotation": [-39, 0, 0], "uv": [82, 16]},
						{"origin": [-0.85, 20.65, 0.4], "size": [3, 2, 1], "inflate": -0.101, "pivot": [2.15, 20.45, -0.1], "rotation": [-71, 0, 0], "uv": [80, 74]},
						{"origin": [-2.15, 20.65, 0.4], "size": [3, 2, 1], "inflate": -0.101, "pivot": [-2.15, 20.45, -0.1], "rotation": [-71, 0, 0], "uv": [6, 79]},
						{"origin": [-2.15, 19.35, -1.7], "size": [3, 2, 2], "inflate": -0.1, "pivot": [-2.15, 19.35, -1.7], "rotation": [-39, 0, 0], "uv": [82, 12]},
						{"origin": [0.85, 16.95, -9.8], "size": [1, 1, 3], "uv": [86, 59]},
						{"origin": [0.85, 17.95, -9.8], "size": [1, 2, 1], "inflate": -0.001, "pivot": [1.9, 17.95, -9.8], "rotation": [-47, 0, 0], "uv": [41, 0]},
						{"origin": [0.85, 20.95, -9.05], "size": [1, 1, 1], "uv": [45, 18]},
						{"origin": [0.85, 20.95, -9.05], "size": [1, 1, 2], "inflate": -0.001, "pivot": [1.9, 20.95, -9.05], "rotation": [-32, 0, 0], "uv": [36, 88]},
						{"origin": [-1.85, 17.95, -9.8], "size": [1, 2, 1], "inflate": -0.001, "pivot": [-1.9, 17.95, -9.8], "rotation": [-47, 0, 0], "uv": [0, 41]},
						{"origin": [-1.85, 16.95, -9.8], "size": [1, 1, 3], "uv": [86, 53]},
						{"origin": [-1.925, 17.25, -8.9], "size": [1, 1, 1], "pivot": [-1.975, 17.25, -8.9], "rotation": [21, 0, 0], "uv": [31, 44]},
						{"origin": [0.925, 17.25, -8.9], "size": [1, 1, 1], "pivot": [1.975, 17.25, -8.9], "rotation": [21, 0, 0], "uv": [0, 44]},
						{"origin": [1.075, 19.325, -11.75], "size": [1, 1, 2], "uv": [88, 34]},
						{"origin": [0.725, 19.325, -10.5], "size": [1, 1, 2], "inflate": -0.001, "uv": [88, 30]},
						{"origin": [-1.55, 17.65, -8.1], "size": [1, 4, 1], "inflate": 0.301, "uv": [0, 24]},
						{"origin": [0.55, 17.65, -8.1], "size": [1, 4, 1], "inflate": 0.301, "uv": [0, 11]},
						{"origin": [-1.85, 20.95, -9.05], "size": [1, 1, 1], "uv": [31, 42]},
						{"origin": [-1.85, 20.95, -9.05], "size": [1, 1, 2], "inflate": -0.001, "pivot": [-1.9, 20.95, -9.05], "rotation": [-32, 0, 0], "uv": [26, 88]},
						{"origin": [-1.75, 16.95, -8.3], "size": [1, 5, 12], "inflate": 0.002, "uv": [47, 146]},
						{"origin": [-1.5, 16.95, -10.55], "size": [3, 5, 3], "inflate": -0.001, "uv": [67, 32]},
						{"origin": [-1, 14.2, -10.3], "size": [2, 3, 1], "inflate": -0.1, "pivot": [-1, 17.2, -10.3], "rotation": [19, 0, 0], "uv": [70, 59]},
						{"origin": [-1.75, 19.45, 3.7], "size": [1, 3, 2], "inflate": 0.001, "uv": [54, 53]},
						{"origin": [-2, 19.65, 5.7], "size": [4, 3, 4], "inflate": 0.001, "uv": [27, 53]},
						{"origin": [1.2, 20.65, 6.7], "size": [1, 1, 1], "inflate": 0.001, "pivot": [-1.8, 20.65, 6.7], "rotation": [-27, 0, 0], "uv": [8, 21]},
						{"origin": [-2.2, 20.65, 6.7], "size": [1, 1, 1], "inflate": 0.001, "pivot": [1.8, 20.65, 6.7], "rotation": [-27, 0, 0], "uv": [4, 21]},
						{"origin": [-2, 19.65, 9.7], "size": [4, 2, 3], "pivot": [-2, 19.65, 9.7], "rotation": [59.5, 0, 0], "uv": [64, 27]},
						{"origin": [-1.75, 17.95, 3.45], "size": [1, 2, 3], "pivot": [-1.75, 17.95, 3.45], "rotation": [43, 0, 0], "uv": [26, 83]},
						{"origin": [-1.25, 17.95, 3.45], "size": [3, 2, 3], "inflate": -0.001, "pivot": [1.75, 17.95, 3.45], "rotation": [43, 0, 0], "uv": [11, 48]},
						{"origin": [-1.25, 19.45, 3.7], "size": [3, 3, 2], "uv": [76, 80]},
						{"origin": [-2, 18.25, -15.4], "size": [4, 5, 5], "pivot": [-2, 18.25, -15.4], "rotation": [-15, 0, 0], "uv": [0, 11]},
						{"origin": [-0.85, 17.85, -13.3], "size": [3, 1, 3], "inflate": -0.002, "pivot": [2, 18.25, -15.4], "rotation": [-15, 0, 0], "uv": [36, 67]},
						{"origin": [-0.85, 17.85, -15.5], "size": [3, 1, 3], "inflate": 0.001, "pivot": [2, 18.25, -15.4], "rotation": [-15, 0, 0], "uv": [0, 67]},
						{"origin": [-2.15, 17.85, -15.5], "size": [3, 1, 3], "inflate": 0.002, "pivot": [-2, 18.25, -15.4], "rotation": [-15, 0, 0], "uv": [27, 66]},
						{"origin": [-2.15, 17.85, -13.3], "size": [3, 1, 3], "inflate": -0.001, "pivot": [-2, 18.25, -15.4], "rotation": [-15, 0, 0], "uv": [11, 66]},
						{"origin": [1.125, 18.075, -15.25], "size": [1, 3, 3], "pivot": [-1.875, 18.075, -14.25], "rotation": [-9, 0, 0], "uv": [0, 0]},
						{"origin": [-2.125, 19.75, -14.4], "size": [1, 2, 3], "pivot": [-1.125, 18.75, -15.4], "rotation": [-15, 0, 0], "uv": [83, 25]},
						{"origin": [-2, 22.75, -12.4], "size": [4, 1, 2], "inflate": -0.001, "pivot": [-2, 18.25, -15.4], "rotation": [-15, 0, 0], "uv": [11, 43]},
						{"origin": [-2, 18.25, -15.15], "size": [4, 5, 1], "inflate": -0.001, "uv": [52, 79]},
						{"origin": [-2, 20.4, -15.15], "size": [4, 2, 2], "inflate": -0.002, "pivot": [-2, 20.4, -15.15], "rotation": [45, 0, 0], "uv": [41, 27]},
						{"origin": [1.25, 22.55, -18], "size": [1, 1, 23], "pivot": [2.25, 22.55, -18], "rotation": [0, 0, -49.5], "uv": [101, 81]},
						{"origin": [-1.95, 24.42, -18], "size": [2, 1, 5], "inflate": -0.001, "pivot": [-0.4, 25.24, -18], "rotation": [0, 0, -35], "uv": [64, 0]},
						{"origin": [-1.95, 24.42, -8], "size": [2, 1, 13], "inflate": -0.001, "pivot": [-0.4, 25.24, -8], "rotation": [0, 0, -35], "uv": [17, 146]},
						{"origin": [0.125, 26.17, -18], "size": [1, 1, 23], "inflate": -0.001, "pivot": [0.575, 27.14, -18], "rotation": [0, 0, 29], "uv": [25, 101]},
						{"origin": [-1.25, 25.925, -39], "size": [1, 1, 2], "pivot": [-1.25, 25.925, -39], "rotation": [0, 0, 49.5], "uv": [88, 25]},
						{"origin": [-1.25, 25.925, -39], "size": [1, 1, 2], "inflate": 0.001, "pivot": [-1.25, 25.925, -39], "rotation": [0, 0, 11], "uv": [0, 88]},
						{"origin": [-1.125, 26.17, -39], "size": [1, 1, 2], "inflate": -0.001, "pivot": [-0.575, 27.14, -39], "rotation": [0, 0, -29], "uv": [58, 87]},
						{"origin": [-0.5, 26.68, -38.7], "size": [1, 1, 2], "inflate": -0.3, "uv": [32, 87]},
						{"origin": [0.25, 25.925, -39], "size": [1, 1, 2], "pivot": [1.25, 25.925, -39], "rotation": [0, 0, -49.5], "uv": [84, 86]},
						{"origin": [0.25, 25.925, -39], "size": [1, 1, 2], "inflate": 0.001, "pivot": [1.25, 25.925, -39], "rotation": [0, 0, -11], "uv": [86, 69]},
						{"origin": [0.125, 26.17, -39], "size": [1, 1, 2], "inflate": -0.001, "pivot": [0.575, 27.14, -39], "rotation": [0, 0, 29], "uv": [86, 64]},
						{"origin": [0.25, 25.925, -18], "size": [1, 1, 23], "pivot": [1.25, 25.925, -18], "rotation": [0, 0, -11], "uv": [0, 96]},
						{"origin": [0.25, 25.925, -18], "size": [1, 1, 23], "inflate": -0.001, "pivot": [1.25, 25.925, -18], "rotation": [0, 0, -49.5], "uv": [83, 1]},
						{"origin": [-0.075, 26.07, -37], "size": [1, 1, 16], "inflate": -0.001, "pivot": [0.375, 27.04, -37], "rotation": [0, 0, 29], "uv": [110, 138]},
						{"origin": [-0.075, 26.07, -19], "size": [1, 1, 1], "inflate": -0.001, "pivot": [0.375, 27.04, -19], "rotation": [0, 0, 29], "uv": [0, 21]},
						{"origin": [0.15, 25.825, -37], "size": [1, 1, 6], "pivot": [1.15, 25.825, -37], "rotation": [0, 0, -15], "uv": [0, 60]},
						{"origin": [0.15, 25.825, -19], "size": [1, 1, 1], "pivot": [1.15, 25.825, -19], "rotation": [0, 0, -15], "uv": [18, 16]},
						{"origin": [0.15, 25.825, -37], "size": [1, 1, 19], "pivot": [1.15, 25.825, -37], "rotation": [0, 0, -49.5], "uv": [42, 126]},
						{"origin": [-0.95, 26.07, -37], "size": [1, 1, 19], "inflate": -0.001, "pivot": [-0.4, 27.04, -37], "rotation": [0, 0, -29], "uv": [21, 125]},
						{"origin": [-1.15, 25.825, -37], "size": [1, 1, 19], "pivot": [-1.15, 25.825, -37], "rotation": [0, 0, 14], "uv": [0, 120]},
						{"origin": [-1.15, 25.825, -37], "size": [1, 1, 19], "pivot": [-1.15, 25.825, -37], "rotation": [0, 0, 49.5], "uv": [118, 118]},
						{"origin": [-1.125, 26.17, -18], "size": [1, 1, 23], "inflate": -0.001, "pivot": [-0.575, 27.14, -18], "rotation": [0, 0, -29], "uv": [82, 25]},
						{"origin": [-1.25, 25.925, -18], "size": [1, 1, 5], "pivot": [-1.25, 25.925, -18], "rotation": [0, 0, 11], "uv": [26, 77]},
						{"origin": [-1.55, 26.225, -13.4], "size": [1, 1, 6], "inflate": -0.301, "pivot": [-1.25, 25.925, -13], "rotation": [0, 0, 11], "uv": [56, 35]},
						{"origin": [-1.25, 25.925, -8], "size": [1, 1, 13], "pivot": [-1.25, 25.925, -8], "rotation": [0, 0, 11], "uv": [148, 18]},
						{"origin": [-0.5, 26.68, -17.7], "size": [1, 1, 23], "inflate": -0.3, "uv": [76, 80]},
						{"origin": [-0.5, 26.53, -7.05], "size": [1, 1, 2], "inflate": -0.1, "uv": [31, 83]},
						{"origin": [-0.5, 26.53, -15.05], "size": [1, 1, 2], "inflate": -0.1, "uv": [16, 79]},
						{"origin": [-0.5, 26.68, -18.3], "size": [1, 1, 2], "inflate": -0.299, "uv": [72, 40]},
						{"origin": [-1.5, 26.755, 4.8], "size": [3, 1, 5.5], "inflate": -0.2, "pivot": [-0.5, 26.75, 4.8], "rotation": [-2.5, 0, 0], "uv": [0, 41]},
						{"origin": [-1.25, 26.53, 0.3], "size": [2, 1, 4], "uv": [31, 42]},
						{"origin": [-1.42, 26.38, 0.625], "size": [2, 2, 2], "inflate": -0.15, "pivot": [-1.425, 29.53, 0.625], "rotation": [33.4032, 39.85571, 22.90981], "uv": [52, 85]},
						{"origin": [-0.42, 28.08, 0.625], "size": [1, 1, 2], "inflate": -0.15, "pivot": [-1.425, 29.53, 0.625], "rotation": [33.4032, 39.85571, 22.90981], "uv": [72, 19]},
						{"origin": [-0.58, 28.08, 0.625], "size": [1, 1, 2], "inflate": -0.151, "pivot": [1.425, 29.53, 0.625], "rotation": [33.4032, -39.85571, -22.90981], "uv": [72, 6]},
						{"origin": [-0.75, 26.53, 0.3], "size": [2, 1, 4], "inflate": -0.001, "uv": [11, 24]},
						{"origin": [0.45, 27.33, 2.5], "size": [1, 2, 2], "inflate": -0.2, "pivot": [1.25, 27.53, 4.3], "rotation": [15, 0, 0], "uv": [0, 60]},
						{"origin": [-1.45, 27.33, 2.5], "size": [1, 2, 2], "inflate": -0.199, "pivot": [-1.25, 27.53, 4.3], "rotation": [15, 0, 0], "uv": [17, 58]},
						{"origin": [-0.95, 27.33, 2.5], "size": [2, 1, 2], "inflate": -0.201, "pivot": [-0.75, 27.53, 4.3], "rotation": [15, 0, 0], "uv": [42, 72]},
						{"origin": [-1.45, 26.855, 2.15], "size": [1, 2, 1], "inflate": -0.201, "uv": [18, 37]},
						{"origin": [0.45, 26.855, 2.15], "size": [1, 2, 1], "inflate": -0.202, "uv": [18, 34]},
						{"origin": [-0.15, 24.68, -18], "size": [1, 1, 23], "uv": [79, 56]},
						{"origin": [-1, 24.78, -36.25], "size": [2, 1, 2], "uv": [34, 72]},
						{"origin": [-0.85, 24.68, -18], "size": [1, 1, 5], "uv": [74, 48]},
						{"origin": [-0.85, 24.68, -8], "size": [1, 1, 13], "uv": [146, 74]},
						{"origin": [-1.35, 24.93, 5], "size": [2.7, 1.25, 5], "uv": [62, 53]},
						{"origin": [-0.5, 23.68, -38.9], "size": [1, 2, 2], "inflate": 0.11, "uv": [56, 35]},
						{"origin": [-1.25, 25.925, -18], "size": [1, 1, 5], "inflate": -0.001, "pivot": [-1.25, 25.925, -18], "rotation": [0, 0, 49.5], "uv": [7, 73]},
						{"origin": [-1.25, 25.925, -8], "size": [1, 1, 13], "inflate": -0.001, "pivot": [-1.25, 25.925, -8], "rotation": [0, 0, 49.5], "uv": [146, 60]},
						{"origin": [0.6, 26.275, 5], "size": [1, 1, 4], "pivot": [1.6, 26.275, 5], "rotation": [0, 0, -11], "uv": [80, 69]},
						{"origin": [0.6, 26.275, 5], "size": [1, 1, 4], "pivot": [1.6, 26.275, 5], "rotation": [0, 0, -49.5], "uv": [80, 64]},
						{"origin": [-1.6, 26.275, 5], "size": [1, 1, 4], "pivot": [-1.6, 26.275, 5], "rotation": [0, 0, 49.5], "uv": [80, 59]},
						{"origin": [-1.6, 26.275, 5], "size": [1, 1, 4], "pivot": [-1.6, 26.275, 5], "rotation": [0, 0, 11], "uv": [80, 54]},
						{"origin": [-1.425, 24.25, 9], "size": [1, 3, 1], "pivot": [-1.425, 27.25, 9], "rotation": [0, 0, 16], "uv": [31, 27]},
						{"origin": [-1.175, 24.25, 6], "size": [1, 3, 1], "pivot": [-1.175, 27.25, 6], "rotation": [0, 0, 16], "uv": [31, 16]},
						{"origin": [0.175, 24.25, 6], "size": [1, 3, 1], "pivot": [1.175, 27.25, 6], "rotation": [0, 0, -16], "uv": [31, 0]},
						{"origin": [0.5, 24.2, 9.975], "size": [1, 1, 1], "pivot": [1.6, 27, 10], "rotation": [0, 0, -15.75], "uv": [14, 6]},
						{"origin": [-1.5, 22.2, 9.975], "size": [3, 3, 1], "inflate": 0.001, "uv": [76, 85]},
						{"origin": [-0.5, 19.5, 9.725], "size": [1, 3, 2], "inflate": 0.001, "uv": [16, 53]},
						{"origin": [-1.5, 21.5, 10.725], "size": [3, 3, 3], "inflate": -0.2, "pivot": [0, 23, 10.725], "rotation": [0, 0, 23], "uv": [0, 72]},
						{"origin": [-1.3, 26, 9.925], "size": [2.6, 1, 2.25], "inflate": 0.002, "pivot": [-1.075, 27, 10.25], "rotation": [-70, 0, 0], "uv": [26, 72]},
						{"origin": [0.5, 26, 10.25], "size": [1, 1, 2], "pivot": [1.5, 27, 10.25], "rotation": [-70, 0, -15.75], "uv": [70, 69]},
						{"origin": [-1.5, 26, 10.25], "size": [1, 1, 2], "pivot": [-1.5, 27, 10.25], "rotation": [-70, 0, 15.75], "uv": [70, 69], "mirror": true},
						{"origin": [-1.5, 24.2, 9.975], "size": [1, 1, 1], "pivot": [-1.6, 27, 10], "rotation": [0, 0, 15.75], "uv": [14, 6], "mirror": true},
						{"origin": [0.425, 24.25, 9], "size": [1, 3, 1], "pivot": [1.425, 27.25, 9], "rotation": [0, 0, -16], "uv": [19, 24]},
						{"origin": [-2.25, 22.55, -18], "size": [1, 1, 23], "pivot": [-2.25, 22.55, -18], "rotation": [0, 0, 49.5], "uv": [51, 79]},
						{"origin": [-2.25, 22.55, -18], "size": [1, 2, 5], "pivot": [-2.25, 22.55, -18], "rotation": [0, 0, 14], "uv": [65, 6]},
						{"origin": [1.25, 22.55, -18], "size": [1, 2, 5], "pivot": [2.25, 22.55, -18], "rotation": [0, 0, -14], "uv": [63, 59]},
						{"origin": [1.45, 23.75, -13.2], "size": [1, 1, 19], "inflate": -0.2, "pivot": [2.25, 22.55, -18], "rotation": [0, 0, -14], "uv": [108, 0]},
						{"origin": [-2.45, 23.75, -13.2], "size": [1, 1, 19], "inflate": -0.2, "pivot": [-2.25, 22.55, -18], "rotation": [0, 0, 14], "uv": [107, 25]},
						{"origin": [1, 22.55, -13], "size": [1, 2, 18], "pivot": [2, 22.55, -13], "rotation": [0, 0, -14], "uv": [131, 92]},
						{"origin": [-2, 22.55, -13], "size": [1, 2, 18], "pivot": [-2, 22.55, -13], "rotation": [0, 0, 14], "uv": [130, 40]},
						{"origin": [-0.05, 24.42, -18], "size": [2, 1, 23], "inflate": -0.001, "pivot": [0.4, 25.24, -18], "rotation": [0, 0, 35], "uv": [0, 48]},
						{"origin": [0.25, 24.42, 5], "size": [2, 1, 5], "inflate": -0.001, "pivot": [0.6, 25.24, 5], "rotation": [0, 0, 35], "uv": [54, 61]},
						{"origin": [1.7, 22.55, 5], "size": [1, 2, 6], "pivot": [2.7, 22.55, 5], "rotation": [0, 0, -14], "uv": [56, 27]},
						{"origin": [1.7, 22.55, 5], "size": [1, 2, 6], "pivot": [2.7, 22.55, 5], "rotation": [0, 0, -49.5], "uv": [56, 8]},
						{"origin": [-2.25, 24.42, 5], "size": [2, 1, 5], "inflate": -0.001, "pivot": [-0.6, 25.24, 5], "rotation": [0, 0, -35], "uv": [36, 61]},
						{"origin": [-2.7, 22.55, 5], "size": [1, 2, 6], "pivot": [-2.7, 22.55, 5], "rotation": [0, 0, 14], "uv": [56, 0]},
						{"origin": [-2.7, 22.55, 5], "size": [1, 2, 6], "pivot": [-2.7, 22.55, 5], "rotation": [0, 0, 49.5], "uv": [54, 53]},
						{"origin": [-1, 22.3, -45.05], "size": [2, 2, 10], "inflate": -0.3, "pivot": [0, 23.3, -45.05], "rotation": [0, 0, -20], "uv": [82, 0]},
						{"origin": [-1, 22.3, -39.15], "size": [2, 2, 3], "inflate": -0.15, "pivot": [0, 23.3, -39.15], "rotation": [0, 0, -20], "uv": [13, 11]}
					]
				},
				{
					"name": "frontsight",
					"parent": "gun",
					"pivot": [0, 26.9, -38.1],
					"cubes": [
						{"origin": [-1, 25.65, -39.1], "size": [2, 3, 2], "inflate": -0.098, "uv": [14, 72]},
						{"origin": [-1, 26.65, -38.5], "size": [2, 2, 2], "inflate": -0.099, "uv": [13, 85]},
						{"origin": [-0.5, 26.625, -39], "size": [1, 3, 2], "inflate": -0.4, "uv": [16, 29]},
						{"origin": [0.1, 27.5, -39.3], "size": [1, 2, 3], "inflate": -0.301, "pivot": [0.8, 28.3, -39], "rotation": [0, 0, 28], "uv": [45, 31]},
						{"origin": [0.52, 28.79, -39.3], "size": [1, 1, 3], "inflate": -0.302, "pivot": [1.2, 29.1, -39], "rotation": [0, 0, -15], "uv": [5, 85]},
						{"origin": [-0.7, 29.74, -39.3], "size": [1, 1, 3], "inflate": -0.3, "pivot": [0, 30.45, -39], "rotation": [0, 0, -22], "uv": [64, 84]},
						{"origin": [-1.1, 29.74, -39.3], "size": [1, 1, 3], "inflate": -0.3, "pivot": [0, 30.45, -39], "rotation": [0, 0, -22], "uv": [39, 84]},
						{"origin": [-1.35, 29.74, -39.3], "size": [1, 1, 3], "inflate": -0.299, "pivot": [0, 30.45, -39], "rotation": [0, 0, -22], "uv": [0, 84]},
						{"origin": [0.1, 29.74, -39.3], "size": [1, 1, 3], "inflate": -0.3, "pivot": [0, 30.45, -39], "rotation": [0, 0, 22], "uv": [83, 82]},
						{"origin": [-0.3, 29.74, -39.3], "size": [1, 1, 3], "inflate": -0.299, "pivot": [0, 30.45, -39], "rotation": [0, 0, 22], "uv": [59, 83]},
						{"origin": [0.35, 29.74, -39.3], "size": [1, 1, 3], "inflate": -0.299, "pivot": [0, 30.45, -39], "rotation": [0, 0, 22], "uv": [83, 42]},
						{"origin": [0.52, 29.18, -39.3], "size": [1, 1, 3], "inflate": -0.3, "pivot": [1.2, 29.1, -39], "rotation": [0, 0, -15], "uv": [83, 38]},
						{"origin": [0.52, 29.38, -39.3], "size": [1, 1, 3], "inflate": -0.301, "pivot": [1.2, 29.1, -39], "rotation": [0, 0, -15], "uv": [83, 34]},
						{"origin": [-1.52, 29.38, -39.3], "size": [1, 1, 3], "inflate": -0.301, "pivot": [-1.2, 29.1, -39], "rotation": [0, 0, 15], "uv": [34, 83]},
						{"origin": [-1.52, 29.18, -39.3], "size": [1, 1, 3], "inflate": -0.3, "pivot": [-1.2, 29.1, -39], "rotation": [0, 0, 15], "uv": [83, 30]},
						{"origin": [-1.52, 28.79, -39.3], "size": [1, 1, 3], "inflate": -0.302, "pivot": [-1.2, 29.1, -39], "rotation": [0, 0, 15], "uv": [33, 77]},
						{"origin": [-1.1, 27.5, -39.3], "size": [1, 2, 3], "inflate": -0.301, "pivot": [-0.8, 28.3, -39], "rotation": [0, 0, -28], "uv": [15, 18]}
					]
				},
				{
					"name": "mp5sd",
					"parent": "gun",
					"pivot": [0, 23.3, -38.15],
					"cubes": [
						{"origin": [0.825, 22.55, -38.875], "size": [2, 2.2, 22.125], "pivot": [2.825, 22.55, -39], "rotation": [0, 0, -14], "uv": [26, 77]},
						{"origin": [0.825, 20.05, -38.875], "size": [2, 2.5, 22.125], "inflate": -0.001, "pivot": [2.825, 22.55, -39], "rotation": [0, 0, 42.5], "uv": [0, 72]},
						{"origin": [-1.15, 20.7, -38.875], "size": [2.275, 1.95, 22.125], "inflate": 0.001, "uv": [104, 49]},
						{"origin": [-2.825, 20.05, -38.875], "size": [2, 2.5, 22.125], "inflate": -0.001, "pivot": [-2.825, 22.55, -39], "rotation": [0, 0, -42.5], "uv": [57, 24]},
						{"origin": [-2.825, 22.55, -38.875], "size": [2, 2.2, 22.125], "pivot": [-2.825, 22.55, -39], "rotation": [0, 0, 14], "uv": [56, 0]},
						{"origin": [0.475, 23.595, -38.875], "size": [2, 2, 22.125], "inflate": -0.001, "pivot": [0.925, 25.415, -39], "rotation": [0, 0, 35], "uv": [54, 55]},
						{"origin": [-2.475, 23.595, -38.875], "size": [2, 2, 22.125], "inflate": -0.001, "pivot": [-0.925, 25.415, -39], "rotation": [0, 0, -35], "uv": [28, 53]}
					]
				},
				{
					"name": "rail",
					"parent": "gun",
					"pivot": [-1.1, 28.1, -16.15],
					"cubes": [
						{"origin": [-0.7, 27.3, -16.2], "size": [2, 1, 15.4], "inflate": -0.2, "uv": [13, 163]},
						{"origin": [-0.9, 26.5, -16], "size": [1.8, 1, 15], "inflate": -0.001, "uv": [10, 182]},
						{"origin": [0.675, 26, -15.1], "size": [1, 1, 2], "inflate": -0.001, "pivot": [1.675, 27, -15.1], "rotation": [0, 0, 30.5], "uv": [41, 171]},
						{"origin": [0.675, 25.75, -15.1], "size": [1, 1.25, 2], "pivot": [1.675, 27, -15.1], "rotation": [0, 0, -6], "uv": [49, 191]},
						{"origin": [0.675, 25.75, -7.1], "size": [1, 1.25, 2], "pivot": [1.675, 27, -7.1], "rotation": [0, 0, -6], "uv": [58, 187]},
						{"origin": [0.675, 26, -7.1], "size": [1, 1, 2], "inflate": -0.001, "pivot": [1.675, 27, -7.1], "rotation": [0, 0, 30.5], "uv": [37, 188]},
						{"origin": [-1.675, 25.75, -7.1], "size": [1, 1.25, 2], "pivot": [-1.675, 27, -7.1], "rotation": [0, 0, 6], "uv": [64, 169], "mirror": true},
						{"origin": [-1.675, 26, -7.1], "size": [1, 1, 2], "inflate": -0.001, "pivot": [-1.675, 27, -7.1], "rotation": [0, 0, -30.5], "uv": [17, 172], "mirror": true},
						{"origin": [-1.675, 26, -15.1], "size": [1, 1, 2], "inflate": -0.001, "pivot": [-1.675, 27, -15.1], "rotation": [0, 0, -30.5], "uv": [49, 174], "mirror": true},
						{"origin": [-1.675, 25.75, -15.1], "size": [1, 1.25, 2], "pivot": [-1.675, 27, -15.1], "rotation": [0, 0, 6], "uv": [67, 175], "mirror": true},
						{"origin": [-1.3, 27.3, -16.2], "size": [2, 1, 15.4], "inflate": -0.201, "uv": [42, 168]}
					]
				},
				{
					"name": "stock",
					"parent": "gun",
					"pivot": [-2.55, 22.35, -5.75],
					"cubes": [
						{"origin": [1.55, 22.35, -5.75], "size": [1, 2, 18], "inflate": -0.1, "pivot": [2.55, 22.35, -5.75], "rotation": [0, 0, -14], "uv": [128, 20]},
						{"origin": [-2.5, 22.35, 11.15], "size": [5, 2, 4], "uv": [31, 16]},
						{"origin": [1.5, 20.35, 13.15], "size": [1, 2, 2], "pivot": [2.5, 22.35, 13.15], "rotation": [3, 0, 35], "uv": [56, 27]},
						{"origin": [-2.5, 20.35, 13.15], "size": [1, 2, 2], "pivot": [-2.5, 22.35, 13.15], "rotation": [3, 0, -35], "uv": [56, 8]},
						{"origin": [1.5, 24.35, 11.15], "size": [1, 2, 4], "inflate": -0.001, "pivot": [2.5, 24.35, 11.15], "rotation": [0, 0, -43], "uv": [10, 79]},
						{"origin": [1.15, 24.35, 11.35], "size": [1, 2, 4], "pivot": [2.15, 24.35, 12.15], "rotation": [9.6658, 2.57594, -27.78217], "uv": [0, 78]},
						{"origin": [-2.5, 24.35, 11.15], "size": [1, 2, 4], "inflate": -0.001, "pivot": [-2.5, 24.35, 11.15], "rotation": [0, 0, 43], "uv": [38, 77]},
						{"origin": [-2.15, 24.35, 11.35], "size": [1, 2, 4], "pivot": [-2.15, 24.35, 12.15], "rotation": [9.6658, -2.57594, 27.78217], "uv": [67, 13]},
						{"origin": [-1, 24.25, 11.05], "size": [2, 2, 4], "pivot": [1, 26.25, 12.05], "rotation": [11, 0, 0], "uv": [62, 69]},
						{"origin": [-1.5, 22.85, 14.35], "size": [3, 2, 1], "pivot": [1.5, 24.85, 15.35], "rotation": [-5, 0, 0], "uv": [67, 66]},
						{"origin": [-1.5, 14.35, 12.9], "size": [3, 8, 1], "inflate": 0.05, "pivot": [1.5, 22.35, 12.9], "rotation": [11, 0, 0], "uv": [45, 9]},
						{"origin": [-1.5, 14.35, 14.15], "size": [3, 8, 1], "inflate": 0.045, "pivot": [1.5, 22.35, 14.15], "rotation": [3, 0, 0], "uv": [45, 0]},
						{"origin": [-2.55, 22.35, -5.75], "size": [1, 2, 18], "inflate": -0.1, "pivot": [-2.55, 22.35, -5.75], "rotation": [0, 0, 14], "uv": [126, 72]}
					]
				},
				{
					"name": "action",
					"parent": "main",
					"pivot": [-0.15, 25.24, -13],
					"cubes": [
						{"origin": [-1.7, 24.42, -13], "size": [1, 1, 5], "inflate": -0.001, "pivot": [-0.15, 25.24, -13], "rotation": [0, 0, -35], "uv": [65, 40]},
						{"origin": [-0.8, 24.62, -13], "size": [1, 2, 5], "inflate": -0.001, "pivot": [-0.25, 25.44, -13], "rotation": [0, 0, -11], "uv": [11, 36]},
						{"origin": [-1, 25.82, -13], "size": [1, 1, 5], "inflate": -0.001, "pivot": [-0.45, 26.64, -13], "rotation": [0, 0, 4], "uv": [38, 55]}
					]
				},
				{
					"name": "bolt",
					"parent": "main",
					"pivot": [1.05, 26.3, -31],
					"cubes": [
						{"origin": [0.05, 26.025, -31], "size": [1, 1, 12], "pivot": [1.05, 26.025, -31], "rotation": [0, 0, -30], "uv": [150, 40]},
						{"origin": [1.25, 26.375, -31.55], "size": [2, 1, 1], "pivot": [3.25, 26.375, -31.55], "rotation": [0, 14, -14], "uv": [0, 6]},
						{"origin": [0.75, 26.375, -31.15], "size": [1, 1, 1], "inflate": -0.1, "pivot": [3.25, 26.375, -31.55], "rotation": [0, 3, -14], "uv": [18, 6]}
					]
				},
				{
					"name": "magazine",
					"parent": "main",
					"pivot": [-1.5, 10.2, -13.2],
					"cubes": [
						{"origin": [-1.5, 10.2, -17.2], "size": [3, 12, 4], "pivot": [-1.5, 10.2, -13.2], "rotation": [-16, 0, 0], "uv": [31, 0]},
						{"origin": [-1.5, -0.8, -17.2], "size": [3, 11, 4], "inflate": -0.001, "pivot": [-1.5, 10.2, -13.2], "rotation": [-25, 0, 0], "uv": [31, 27]}
					]
				},
				{
					"name": "bullet",
					"parent": "magazine",
					"pivot": [-1.5, 10.2, -13.2],
					"rotation": [-14, 0, 0],
					"cubes": [
						{"origin": [-0.5, 21.325, -16.2], "size": [1, 1, 3], "pivot": [-0.5, 22.925, -12.5], "rotation": [-2, 0, 0], "uv": [46, 19]}
					]
				},
				{
					"name": "rightarm",
					"parent": "main",
					"pivot": [-4.3, 8.8, 21.8],
					"rotation": [-101.81106, -12.40003, -2.46982],
					"cubes": [
						{"origin": [-8.3, -15.2, 17.8], "size": [8, 24, 8], "uv": [105, 105]}
					]
				},
				{
					"name": "leftarm",
					"parent": "main",
					"pivot": [11.525, 3.7, -9.85],
					"rotation": [-127.61483, 1.67666, -38.31282],
					"cubes": [
						{"origin": [7.525, -20.3, -13.85], "size": [8, 24, 8], "uv": [73, 104]}
					]
				},
				{
					"name": "scope",
					"parent": "main",
					"pivot": [0, 29.225, 8.5],
					"cubes": [
						{"origin": [-0.5, 28.725, 8.2], "size": [1, 1, 1], "inflate": -0.4, "uv": [37, 21]}
					]
				},
				{
					"name": "muzzleflash",
					"parent": "main",
					"pivot": [0, 23.35, -45.1],
					"cubes": [
						{"origin": [-0.5, 22.85, -45.4], "size": [1, 1, 1], "inflate": -0.4, "uv": [27, 69]}
					]
				},
				{
					"name": "_cb_scope",
					"parent": "main",
					"pivot": [0, 27.85, -10.65],
					"cubes": [
						{"origin": [-0.5, 27.6, -11.2], "size": [1, 1, 1], "uv": [35, 105]}
					]
				},
				{
					"name": "_cb_canted",
					"parent": "main",
					"pivot": [0, 27.85, -3.9],
					"cubes": [
						{"origin": [-0.5, 27.6, -4.45], "size": [1, 1, 1], "uv": [35, 105]}
					]
				},
				{
					"name": "_cb_suppressor",
					"parent": "main",
					"pivot": [0, 23.35, -43.325],
					"cubes": [
						{"origin": [-0.5, 22.85, -38.325], "size": [1, 1, 1], "uv": [27, 69]}
					]
				},
				{
					"name": "launcher",
					"parent": "main",
					"pivot": [0, 19.9, -23.25],
					"cubes": [
						{"origin": [-1.75, 19.65, -38.25], "size": [3.5, 2, 16], "inflate": 0.002, "uv": [129, 0]},
						{"origin": [-1.75, 15.4, -24.35], "size": [4.25, 4.5, 2.2], "inflate": -0.1, "pivot": [0.5, 17.65, -24.25], "rotation": [0, 0, -20], "uv": [54, 67]},
						{"origin": [-1.15, 18.15, -22.25], "size": [2.3, 3.5, 5], "uv": [40, 37]},
						{"origin": [-1.15, 18.15, -17.25], "size": [2.3, 2, 1], "uv": [64, 8]},
						{"origin": [-1.15, 15.9, -23.25], "size": [2.3, 2.25, 1.25], "uv": [17, 62]},
						{"origin": [-1.15, 17.05, -22.65], "size": [2.3, 1, 3.675], "inflate": -0.201, "pivot": [0.15, 17.25, -22.45], "rotation": [-75, 0, 0], "uv": [82, 4]},
						{"origin": [-1.15, 13.75, -21.825], "size": [2.3, 1, 5], "inflate": -0.2, "pivot": [0.15, 13.95, -21.625], "rotation": [-4.25, 0, 0], "uv": [27, 60]},
						{"origin": [-1.15, 13.9, -17.575], "size": [2.3, 1, 5], "inflate": -0.201, "pivot": [0.15, 14.1, -16.875], "rotation": [73.5, 0, 0], "uv": [8, 60]},
						{"origin": [-1.15, 17.85, -15.925], "size": [2.3, 1, 3], "inflate": -0.2, "pivot": [0.15, 18.05, -15.725], "rotation": [157.25, 0, 0], "uv": [82, 0]},
						{"origin": [-1.15, 15.9, -22], "size": [2.3, 1, 3], "inflate": -0.001, "pivot": [0.15, 15.9, -22], "rotation": [65.75, 0, 0], "uv": [81, 49]},
						{"origin": [-0.5, 15.45, -20.125], "size": [1, 3, 1], "inflate": -0.1, "pivot": [0, 15.45, -19.125], "rotation": [-21, 0, 0], "uv": [11, 24]}
					]
				},
				{
					"name": "grenade",
					"parent": "launcher",
					"pivot": [0.5, 17.65, -27.25],
					"cubes": [
						{"origin": [-1.25, 15.9, -32.25], "size": [3.25, 3.5, 8.2], "inflate": -0.1, "pivot": [0.5, 17.65, -53.25], "rotation": [0, 0, -20], "uv": [0, 0]}
					]
				},
				{
					"name": "launcherchamber",
					"parent": "launcher",
					"pivot": [0.5, 17.65, -47.25],
					"cubes": [
						{"origin": [-1.95, 19.1, -47.45], "size": [4.65, 1, 23.4], "inflate": -0.2, "pivot": [0.5, 17.65, -45.25], "rotation": [0, 0, -20], "uv": [0, 24]},
						{"origin": [-1.95, 15.8, -47.45], "size": [1, 3.7, 23.4], "inflate": -0.2, "pivot": [0.5, 17.65, -45.25], "rotation": [0, 0, -20], "uv": [31, 27]},
						{"origin": [1.7, 15.8, -47.45], "size": [1, 3.7, 23.4], "inflate": -0.2, "pivot": [0.5, 17.65, -45.25], "rotation": [0, 0, -20], "uv": [31, 1]},
						{"origin": [2.2, 14.95, -38.45], "size": [1, 5.7, 14.6], "inflate": -0.2, "pivot": [1, 17.65, -36.25], "rotation": [0, 0, -20], "uv": [0, 140]},
						{"origin": [-1.7, 14.95, -38.45], "size": [4.3, 1.2, 14.6], "inflate": -0.2, "pivot": [1, 17.65, -36.25], "rotation": [0, 0, -20], "uv": [90, 137]},
						{"origin": [-1.7, 19.45, -38.45], "size": [4.3, 1.2, 14.6], "inflate": -0.2, "pivot": [1, 17.65, -36.25], "rotation": [0, 0, -20], "uv": [68, 136]},
						{"origin": [-2.3, 14.95, -38.45], "size": [1, 5.7, 14.6], "inflate": -0.2, "pivot": [1, 17.65, -36.25], "rotation": [0, 0, -20], "uv": [139, 112]},
						{"origin": [-1.95, 15.2, -47.45], "size": [4.65, 1, 23.4], "inflate": -0.2, "pivot": [0.5, 17.65, -45.25], "rotation": [0, 0, -20], "uv": [0, 0]}
					]
				},
				{
					"name": "_camera_",
					"pivot": [6.825, 33.725, 26.45]
				}
			]
		}
	]
}