{
	"format_version": "1.12.0",
	"minecraft:geometry": [
		{
			"description": {
				"identifier": "geometry.unknown",
				"texture_width": 200,
				"texture_height": 200,
				"visible_bounds_width": 11,
				"visible_bounds_height": 4,
				"visible_bounds_offset": [0, 1, 0]
			},
			"bones": [
				{
					"name": "bb_main",
					"pivot": [0, 0, 0]
				},
				{
					"name": "main",
					"pivot": [0, 20, 0]
				},
				{
					"name": "gun",
					"parent": "main",
					"pivot": [1, 10.75, -1],
					"cubes": [
						{"origin": [-1.75, 7.75, -1.775], "size": [3.5, 11, 6.5], "inflate": 0.001, "pivot": [1, 17.75, -1.775], "rotation": [3, 0, 0], "uv": [0, 84]},
						{"origin": [-1.75, 15.45, 3.825], "size": [3.5, 2, 2], "pivot": [1, 16.45, 3.825], "rotation": [40, 0, 0], "uv": [12, 79]},
						{"origin": [-2, 16.9, -1.775], "size": [4, 3, 19], "inflate": 0.002, "uv": [113, 32]},
						{"origin": [-1.4, 17.15, 16.475], "size": [2.8, 7, 1], "inflate": 0.001, "uv": [32, 56]},
						{"origin": [-2, 18.4, -23.775], "size": [4, 2.75, 22], "uv": [83, 37]},
						{"origin": [-2.7, 18.05, 13.925], "size": [5.4, 2, 2], "inflate": -0.5, "pivot": [2.7, 18.05, 13.925], "rotation": [-23.75, 0, 0], "uv": [57, 37]},
						{"origin": [-2.6, 23.25, 13.925], "size": [5.2, 2, 2], "inflate": -0.5, "pivot": [2.6, 23.25, 13.925], "rotation": [-23.75, 0, 0], "uv": [43, 37]},
						{"origin": [-2.505, 18.5, -21.075], "size": [5.01, 2.35, 9], "inflate": -0.5, "uv": [50, 152]},
						{"origin": [-2.05, 18.575, -23.625], "size": [4.1, 4.35, 1], "inflate": 0.001, "pivot": [2.05, 22.925, -23.625], "rotation": [-14.25, 0, 0], "uv": [55, 70]},
						{"origin": [1.15, 18.475, -24.625], "size": [1, 4.45, 1.1], "inflate": -0.1, "pivot": [2.05, 22.925, -23.625], "rotation": [-15.05659, 18.63549, -4.9131], "uv": [43, 0]},
						{"origin": [-2.15, 18.475, -24.625], "size": [1, 4.45, 1.1], "inflate": -0.1, "pivot": [-2.05, 22.925, -23.625], "rotation": [-15.05659, -18.63549, 4.9131], "uv": [24, 42]},
						{"origin": [-1.7, 18.75, -24.55], "size": [3.4, 4.2, 1], "inflate": 0.001, "pivot": [1.7, 22.9, -24.55], "rotation": [-13.5, 0, 0], "uv": [32, 64]},
						{"origin": [0.8, 22.8, -24.025], "size": [1, 1.9, 23.35], "inflate": 0.002, "pivot": [1.8, 22.8, -23.875], "rotation": [0, 0, -17.25], "uv": [25, 85]},
						{"origin": [-1.8, 22.8, -24.025], "size": [1, 1.9, 23.35], "inflate": 0.002, "pivot": [-1.8, 22.8, -23.875], "rotation": [0, 0, 17.25], "uv": [0, 84]},
						{"origin": [0.8, 24.3, -23.875], "size": [1, 1, 2], "inflate": 0.001, "pivot": [1.8, 22.8, -23.875], "rotation": [0, 0, -17.25], "uv": [71, 58]},
						{"origin": [-1.8, 24.3, -23.875], "size": [1, 1, 2], "inflate": 0.001, "pivot": [-1.8, 22.8, -23.875], "rotation": [0, 0, 17.25], "uv": [60, 57]},
						{"origin": [0.775, 23.5, -21.85], "size": [1.75, 1.75, 1], "inflate": 0.001, "pivot": [2.525, 23.5, -21.85], "rotation": [0, 0, -32], "uv": [62, 15]},
						{"origin": [0.825, 24.325, 12.65], "size": [1.75, 1.25, 1], "inflate": 0.001, "pivot": [2.575, 24.325, 12.65], "rotation": [0, 0, -28.5], "uv": [62, 7]},
						{"origin": [-2.575, 24.325, 13.15], "size": [1.75, 1.25, 1], "inflate": 0.001, "pivot": [-2.575, 24.325, 13.15], "rotation": [0, 0, 28.5], "uv": [55, 37]},
						{"origin": [-2.525, 23.5, -21.85], "size": [1.75, 1.75, 1], "inflate": 0.001, "pivot": [-2.525, 23.5, -21.85], "rotation": [0, 0, 32], "uv": [62, 9]},
						{"origin": [-0.2, 22.75, -24.575], "size": [2, 2.45, 1], "pivot": [1.8, 22.8, -23.875], "rotation": [-14.5, 0, -17.25], "uv": [10, 74]},
						{"origin": [-1.8, 22.75, -24.575], "size": [2, 2.45, 1], "pivot": [-1.8, 22.8, -23.875], "rotation": [-14.5, 0, 17.25], "uv": [73, 72]},
						{"origin": [-1, 24.225, -23.875], "size": [2, 1, 5], "inflate": 0.002, "uv": [65, 30]},
						{"origin": [0.5, 19.15, -2.875], "size": [2, 2, 20.1], "inflate": 0.001, "pivot": [2.5, 21.15, 4.125], "rotation": [0, 0, 16], "uv": [96, 123]},
						{"origin": [-2.5, 19.15, -2.875], "size": [3, 2, 2.1], "inflate": 0.001, "pivot": [-2.5, 21.15, -2.875], "rotation": [0, 0, -16], "uv": [43, 79]},
						{"origin": [-2.5, 19.15, 6.125], "size": [3, 2, 11.1], "inflate": 0.001, "pivot": [-2.5, 21.15, 6.125], "rotation": [0, 0, -16], "uv": [43, 57]},
						{"origin": [-3.5, 19.625, 6.35], "size": [1.5, 1.5, 1], "inflate": 0.001, "pivot": [-2.5, 21.125, 6.35], "rotation": [0, 17.25, 0], "uv": [37, 55]},
						{"origin": [-2.5, 21.15, -2.125], "size": [5, 1, 19.35], "inflate": 0.002, "uv": [0, 109]},
						{"origin": [-2.5, 21.275, -2.3], "size": [5, 1, 1], "pivot": [2.5, 22.275, -2.3], "rotation": [-26, 0, 0], "uv": [60, 66]},
						{"origin": [0.5, 22.15, -0.825], "size": [2, 3.35, 18.05], "inflate": 0.001, "pivot": [2.5, 22.15, -0.825], "rotation": [0, 0, -17.25], "uv": [116, 77]},
						{"origin": [0.5, 22.15, -1.575], "size": [2, 1.1, 1.05], "inflate": -0.001, "pivot": [2.5, 22.15, -1.575], "rotation": [0, 0, -17.25], "uv": [73, 79]},
						{"origin": [0.5, 22.35, -2.475], "size": [2, 3.55, 1], "pivot": [2.5, 22.15, -2.475], "rotation": [-26.25, 0, -17.25], "uv": [50, 6]},
						{"origin": [-2.5, 22.15, -1.575], "size": [2, 1.1, 1.05], "inflate": -0.001, "pivot": [-2.5, 22.15, -1.575], "rotation": [0, 0, 17.25], "uv": [67, 79]},
						{"origin": [-2.5, 22.15, -0.825], "size": [2, 3.35, 18.05], "inflate": 0.001, "pivot": [-2.5, 22.15, -0.825], "rotation": [0, 0, 17.25], "uv": [70, 115]},
						{"origin": [-2.5, 22.35, -2.475], "size": [2, 3.55, 1], "pivot": [-2.5, 22.15, -2.475], "rotation": [-26.25, 0, 17.25], "uv": [50, 0]},
						{"origin": [-2, 18, -9.525], "size": [4, 1, 8], "inflate": -0.001, "uv": [0, 32]},
						{"origin": [-2.25, 18.075, -7.825], "size": [4.5, 1, 4], "pivot": [2.25, 18.075, -7.825], "rotation": [8.25, 0, 0], "uv": [54, 30]},
						{"origin": [1.2, 18.075, -0.125], "size": [1, 1, 2.5], "pivot": [2.2, 18.075, -0.125], "rotation": [-26.08756, 8.15876, -1.22774], "uv": [62, 0]},
						{"origin": [-2.2, 18.075, -0.125], "size": [1, 1, 2.5], "pivot": [-2.2, 18.075, -0.125], "rotation": [-26.08756, -8.15876, 1.22774], "uv": [60, 60]},
						{"origin": [-2.25, 18.35, -2.3], "size": [4.5, 1, 2.5], "pivot": [-2.25, 18.35, -2.3], "rotation": [-8.5, 0, 0], "uv": [43, 52]},
						{"origin": [-2, 18, -9.525], "size": [4, 1, 1], "inflate": 0.001, "pivot": [1.25, 18, -9.525], "rotation": [56.25, 0, 0], "uv": [78, 37]},
						{"origin": [-2, 16.9, -1.775], "size": [4, 3, 2.5], "inflate": -0.002, "pivot": [1.25, 16.9, -1.775], "rotation": [55, 0, 0], "uv": [43, 15]},
						{"origin": [-1.75, 5.5, -2.25], "size": [3.5, 6, 1], "pivot": [1, 5.5, -1.25], "rotation": [-10.5, 0, 0], "uv": [0, 32]},
						{"origin": [-1.75, 6.15, -1.75], "size": [3.5, 2, 6], "inflate": -0.001, "uv": [16, 32]},
						{"origin": [-1.75, 5.35, 4.125], "size": [3.5, 4.6, 1.5], "pivot": [1, 9.95, 5.625], "rotation": [-3, 0, 0], "uv": [70, 0]},
						{"origin": [-1.75, 9.95, 4.125], "size": [3.5, 6.1, 1.5], "inflate": -0.001, "pivot": [1, 9.95, 5.625], "rotation": [8, 0, 0], "uv": [0, 0]},
						{"origin": [-0.5, 14.5, -5.15], "size": [1, 4, 1], "inflate": -0.1, "pivot": [0, 14.5, -4.15], "rotation": [-21, 0, 0], "uv": [43, 6]},
						{"origin": [-1.5, 13.75, -7.525], "size": [3, 1, 4.25], "inflate": -0.199, "uv": [83, 22]},
						{"origin": [-1.5, 13.75, -9.475], "size": [3, 1, 2.35], "inflate": -0.2, "pivot": [1.5, 13.95, -7.325], "rotation": [-39.25, 0, 0], "uv": [67, 51]},
						{"origin": [-1.5, 15.1, -12.425], "size": [3, 1, 3.85], "inflate": -0.199, "pivot": [1.5, 15.3, -8.875], "rotation": [-74, 0, 0], "uv": [43, 24]},
						{"origin": [-1.5, 14.75, -3.85], "size": [3, 1, 3.75], "inflate": -0.2, "pivot": [1.5, 14.95, -0.3], "rotation": [17.5, 0, 0], "uv": [43, 42]},
						{"origin": [-1.5, 15.125, -3.55], "size": [3, 2, 2.75], "inflate": -0.199, "pivot": [1.5, 16.325, -1], "rotation": [58, 0, 0], "uv": [53, 79]},
						{"origin": [-0.7, 25.7, -20.4], "size": [2, 1, 36], "inflate": -0.2, "uv": [43, 42]},
						{"origin": [-1.3, 25.7, -20.4], "size": [2, 1, 36], "inflate": -0.201, "uv": [43, 0]},
						{"origin": [-1, 25.35, -20.15], "size": [2, 1, 35.5], "uv": [49, 79]},
						{"origin": [-1.15, 24.55, 14.875], "size": [2.325, 2, 1], "inflate": -0.199, "uv": [73, 69]},
						{"origin": [0.175, 25.45, 15.475], "size": [1, 1.1, 2], "inflate": -0.2, "pivot": [0.975, 26.35, 15.675], "rotation": [-47.25, 0, 0], "uv": [43, 73]},
						{"origin": [-1.175, 25.45, 15.475], "size": [1, 1.1, 2], "inflate": -0.2, "pivot": [-0.975, 26.35, 15.675], "rotation": [-47.25, 0, 0], "uv": [71, 66]},
						{"origin": [-1.175, 24.45, -22.05], "size": [2.35, 2.1, 2.05], "inflate": -0.2, "pivot": [-0.975, 26.35, -20.2], "rotation": [30.5, 0, 0], "uv": [71, 42]},
						{"origin": [-1.45, 24.45, -23.95], "size": [2.9, 2.1, 2.3], "inflate": -0.2, "pivot": [-0.975, 26.35, -20.2], "rotation": [30.5, 0, 0], "uv": [71, 21]},
						{"origin": [-1.25, 24.1, -21.625], "size": [2.5, 1.4, 2.85], "inflate": 0.001, "uv": [71, 55]},
						{"origin": [-1.85, 24.7, -19.425], "size": [3.7, 1.4, 6.95], "inflate": -0.6, "uv": [61, 70]},
						{"origin": [-1.75, 23.775, -19.425], "size": [3.5, 1.4, 6.85], "inflate": -0.5, "uv": [43, 70]},
						{"origin": [-1.25, 24.1, -16.625], "size": [2.5, 1.4, 1.35], "inflate": 0.001, "uv": [61, 79]},
						{"origin": [-1.25, 24.1, -13.125], "size": [2.5, 1.4, 31.6], "inflate": 0.001, "uv": [83, 0]},
						{"origin": [-1, 21.125, -31.2], "size": [2, 2, 7], "inflate": -0.3, "pivot": [0, 22.125, -31.2], "rotation": [0, 0, -20], "uv": [60, 57]},
						{"origin": [-1, 19.125, -31.2], "size": [2, 2, 7], "inflate": -0.3, "pivot": [0, 20.125, -31.2], "rotation": [0, 0, -20], "uv": [60, 42]},
						{"origin": [-1.5, 16.175, -24.65], "size": [3, 1.25, 1.25], "inflate": 0.002, "pivot": [0.25, 15.425, -29.65], "rotation": [12.75, 0, 0], "uv": [118, 44]}
					]
				},
				{
					"name": "action",
					"parent": "gun",
					"pivot": [-0.9, 20.4, 1.225],
					"cubes": [
						{"origin": [-1.65, 19.4, -0.775], "size": [1, 1.75, 7], "uv": [24, 0]}
					]
				},
				{
					"name": "stock",
					"parent": "gun",
					"pivot": [-2.5, 22.65, 17.525],
					"cubes": [
						{"origin": [1.35, 21.1, -23.275], "size": [1, 2, 41], "inflate": -0.1, "pivot": [2.35, 21.1, -6.275], "rotation": [0, 0, -5.75], "uv": [0, 157]},
						{"origin": [-2.35, 21.1, -23.275], "size": [1, 2, 41], "inflate": -0.1, "pivot": [-2.35, 21.1, -6.275], "rotation": [0, 0, 5.75], "uv": [78, 150]},
						{"origin": [-1.9, 22.625, 17.525], "size": [3.8, 1.25, 3.35], "inflate": 0.001, "uv": [43, 20]},
						{"origin": [0, 9.9, 19.025], "size": [2.5, 12.75, 1.85], "inflate": 0.002, "pivot": [2.5, 22.65, 19.025], "rotation": [0, 0, 5.25], "uv": [32, 21]},
						{"origin": [-2.5, 9.9, 19.025], "size": [2.5, 12.75, 1.85], "inflate": 0.003, "pivot": [-2.5, 22.65, 19.025], "rotation": [0, 0, -5.25], "uv": [32, 8]},
						{"origin": [-2.5, 22.65, 17.525], "size": [1, 1.25, 3.35], "pivot": [-2.5, 22.65, 17.525], "rotation": [0, 0, 23], "uv": [71, 15]},
						{"origin": [1.5, 22.65, 17.525], "size": [1, 1.25, 3.35], "pivot": [2.5, 22.65, 17.525], "rotation": [0, 0, -23], "uv": [71, 7]},
						{"origin": [-2.5, 16.9, 17.525], "size": [1, 5.75, 1.5], "inflate": 0.001, "pivot": [-2.5, 22.65, 17.525], "rotation": [0, 0, -5.25], "uv": [60, 42]},
						{"origin": [1.5, 16.9, 17.525], "size": [1, 5.75, 1.5], "inflate": 0.001, "pivot": [2.5, 22.65, 17.525], "rotation": [0, 0, 5.25], "uv": [36, 34]},
						{"origin": [0.5, 10, 16.375], "size": [2, 7, 1.5], "pivot": [2.5, 22.65, 17.525], "rotation": [11.75, 0, 5.25], "uv": [32, 48]},
						{"origin": [-2.5, 10, 16.375], "size": [2, 7, 1.5], "pivot": [-2.5, 22.65, 17.525], "rotation": [11.75, 0, -5.25], "uv": [0, 42]}
					]
				},
				{
					"name": "pully",
					"parent": "gun",
					"pivot": [-1.75, 24, 18.625],
					"cubes": [
						{"origin": [-1.95, 23.8, 17.825], "size": [2, 2.25, 1], "inflate": -0.2, "uv": [62, 3]},
						{"origin": [-0.05, 23.8, 17.825], "size": [2, 2.25, 1], "inflate": -0.2, "uv": [43, 70]},
						{"origin": [-1, 24.15, 12.625], "size": [2, 1.5, 6], "inflate": -0.2, "uv": [55, 120]},
						{"origin": [0.95, 23.8, 17.325], "size": [1, 2.25, 1.5], "inflate": -0.201, "pivot": [1.75, 24, 18.625], "rotation": [0, -36.5, 0], "uv": [52, 42]},
						{"origin": [-1.95, 23.8, 17.325], "size": [1, 2.25, 1.5], "inflate": -0.201, "pivot": [-1.75, 24, 18.625], "rotation": [0, 36.5, 0], "uv": [52, 24]}
					]
				},
				{
					"name": "sights",
					"parent": "gun",
					"pivot": [1, 28, 10.55],
					"cubes": [
						{"origin": [0.6, 25.7, 9.25], "size": [1, 1.5, 5.5], "uv": [43, 6]},
						{"origin": [0.55, 27, 9.05], "size": [1.25, 1.2, 5.9], "inflate": -0.201, "pivot": [1.6, 27.2, 9.25], "rotation": [0, 0, -31.5], "uv": [29, 35]},
						{"origin": [-2.95, 26.75, 10], "size": [1.5, 2, 2], "inflate": -0.2, "pivot": [-3.3, 26.75, 10], "rotation": [-29.25, 0, 0], "uv": [35, 42]},
						{"origin": [-1.8, 27.15, 10.425], "size": [2.85, 1, 1], "pivot": [-2.8, 26.65, 10], "rotation": [-29.25, 0, 0], "uv": [32, 69]},
						{"origin": [-1.65, 25.8, 9.35], "size": [3, 1.4, 4.9], "uv": [14, 74]},
						{"origin": [-1, 27, 10.55], "size": [2, 1.2, 1], "inflate": 0.001, "uv": [24, 48]},
						{"origin": [-1.2, 27.8, 10.35], "size": [1.2, 1, 1.4], "inflate": -0.2, "uv": [54, 30]},
						{"origin": [0, 27.8, 10.35], "size": [1.2, 1, 1.4], "inflate": -0.2, "uv": [28, 32]},
						{"origin": [-1.65, 25.7, -19.95], "size": [3.25, 1.5, 5.5], "uv": [43, 30]},
						{"origin": [-1, 26.45, -17.2], "size": [2, 1.5, 2.5], "uv": [71, 46]},
						{"origin": [0.55, 27, -20.15], "size": [1.25, 1.2, 5.9], "inflate": -0.201, "pivot": [1.6, 27.2, -19.95], "rotation": [0, 0, -31.5], "uv": [43, 0]},
						{"origin": [-0.5, 26.8, -17.15], "size": [1, 2.1, 1.4], "inflate": -0.3, "uv": [52, 20]}
					]
				},
				{
					"name": "glowy",
					"parent": "sights",
					"pivot": [-0.3, 28.05, -16.475],
					"cubes": [
						{"origin": [-1.1, 27.8, 10.875], "size": [1, 1, 1], "inflate": -0.3, "uv": [37, 20]},
						{"origin": [0.1, 27.8, 10.875], "size": [1, 1, 1], "inflate": -0.3, "uv": [37, 0]},
						{"origin": [-0.5, 27.85, -16.675], "size": [1, 1, 1], "inflate": -0.35, "uv": [54, 32]}
					]
				},
				{
					"name": "rightarm",
					"parent": "main",
					"pivot": [-4.3, 8.8, 21.8],
					"rotation": [-101.81106, -12.40003, -2.46982],
					"cubes": [
						{"origin": [-8.3, -15.2, 17.8], "size": [8, 24, 8], "uv": [0, 42]}
					]
				},
				{
					"name": "leftarm",
					"parent": "main",
					"pivot": [15.15, -0.3, -2.4],
					"rotation": [-140.9216, 8.81849, -41.08647],
					"cubes": [
						{"origin": [11.15, -24.3, -6.4], "size": [8, 24, 8], "uv": [0, 0]}
					]
				},
				{
					"name": "magazine",
					"parent": "main",
					"pivot": [0, 5.25, 1.75],
					"cubes": [
						{"origin": [-1.5, 5.25, -1.25], "size": [3, 11, 5.25], "uv": [66, 84]},
						{"origin": [-1.9, 5.3, -1.45], "size": [3.8, 1, 5.65], "inflate": -0.202, "uv": [24, 42]},
						{"origin": [-1.5, -5.75, -1.25], "size": [3, 11, 5.25], "inflate": 0.001, "pivot": [1.5, 5.25, 4], "rotation": [-9, 0, 0], "uv": [50, 84]}
					]
				},
				{
					"name": "bullet",
					"parent": "magazine",
					"pivot": [0, 16.25, 0.75],
					"cubes": [
						{"origin": [-2.95, 15.7, -0.55], "size": [1, 1, 4], "pivot": [-1.95, 5.7, -1.8], "rotation": [0, 0, 13], "uv": [43, 62]}
					]
				},
				{
					"name": "muzzleflash",
					"parent": "main",
					"pivot": [0, 20.425, -31.3],
					"cubes": [
						{"origin": [-0.5, 19.925, -31.6], "size": [1, 1, 1], "inflate": -0.4, "uv": [31, 37]}
					]
				},
				{
					"name": "scope",
					"parent": "main",
					"pivot": [0, 28.6, 19.45],
					"cubes": [
						{"origin": [-0.5, 28.1, 19.15], "size": [1, 1, 1], "inflate": -0.4, "uv": [12, 32]}
					]
				},
				{
					"name": "_cb_scope",
					"parent": "main",
					"pivot": [0, 27.85, -7.65],
					"cubes": [
						{"origin": [-0.5, 26, 1.8], "size": [1, 1, 1], "uv": [35, 105]}
					]
				},
				{
					"name": "_cb_canted",
					"parent": "main",
					"pivot": [0, 27.85, -0.9],
					"cubes": [
						{"origin": [-0.5, 26, 8.55], "size": [1, 1, 1], "uv": [35, 105]}
					]
				},
				{
					"name": "_cb_suppressor",
					"parent": "main",
					"pivot": [0, 22.15, -31.325],
					"cubes": [
						{"origin": [-0.5, 21.65, -26.325], "size": [1, 1, 1], "uv": [27, 69]}
					]
				},
				{
					"name": "_cb_grip",
					"parent": "main",
					"pivot": [0, 17.45, -15],
					"cubes": [
						{"origin": [-0.5, 16.95, -15.5], "size": [1, 1, 1], "uv": [35, 105]}
					]
				},
				{
					"name": "launcher",
					"parent": "main",
					"pivot": [0, 16.9, -11],
					"cubes": [
						{"origin": [-1.75, 16.65, -24], "size": [3.5, 2, 13.5], "inflate": 0.002, "uv": [43, 0]},
						{"origin": [-1.75, 12.4, -12.1], "size": [4.25, 4.5, 1.7], "inflate": -0.1, "pivot": [0.5, 14.65, -12], "rotation": [0, 0, -20], "uv": [43, 57]},
						{"origin": [-1.15, 14.9, -10], "size": [2.3, 1, 5], "pivot": [0.15, 15.4, -10], "rotation": [-26.25, 0, 0], "uv": [62, 21]},
						{"origin": [-1.15, 12.9, -11], "size": [2.3, 5.5, 1.25], "inflate": 0.001, "uv": [16, 32]},
						{"origin": [-1.15, 12.9, -9.75], "size": [2.3, 1, 3], "inflate": -0.001, "pivot": [0.15, 12.9, -9.75], "rotation": [65.75, 0, 0], "uv": [60, 51]},
						{"origin": [-1.15, 15.275, -9.75], "size": [2.3, 3, 1], "inflate": -0.001, "pivot": [0.15, 15.275, -9.75], "rotation": [13, 0, 0], "uv": [28, 34]}
					]
				},
				{
					"name": "launcherchamber",
					"parent": "launcher",
					"pivot": [0.5, 17.65, -24],
					"cubes": [
						{"origin": [-1.95, 16.1, -32.2], "size": [4.65, 1, 20.4], "inflate": -0.2, "pivot": [0.5, 14.65, -33], "rotation": [0, 0, -20], "uv": [103, 100]},
						{"origin": [-1.95, 12.8, -32.2], "size": [1, 3.7, 20.4], "inflate": -0.2, "pivot": [0.5, 14.65, -33], "rotation": [0, 0, -20], "uv": [115, 54]},
						{"origin": [1.7, 12.8, -32.2], "size": [1, 3.7, 20.4], "inflate": -0.2, "pivot": [0.5, 14.65, -33], "rotation": [0, 0, -20], "uv": [28, 115]},
						{"origin": [1.95, 12.2, -25.2], "size": [1, 5.2, 10.6], "inflate": -0.2, "pivot": [1, 14.65, -24], "rotation": [0, 0, -20], "uv": [83, 61]},
						{"origin": [-1.7, 12.2, -25.2], "size": [4.3, 1.2, 10.6], "inflate": -0.2, "pivot": [1, 14.65, -24], "rotation": [0, 0, -20], "uv": [83, 11]},
						{"origin": [-1.7, 16.2, -25.2], "size": [4.3, 1.2, 10.6], "inflate": -0.2, "pivot": [1, 14.65, -24], "rotation": [0, 0, -20], "uv": [83, 0]},
						{"origin": [-2.05, 12.2, -25.2], "size": [1, 5.2, 10.6], "inflate": -0.2, "pivot": [1, 14.65, -24], "rotation": [0, 0, -20], "uv": [83, 37]},
						{"origin": [1.95, 11.95, -15.2], "size": [1.25, 5.7, 2.6], "inflate": -0.2, "pivot": [1, 14.65, -24], "rotation": [0, 0, -20], "uv": [24, 0]},
						{"origin": [-2.3, 11.95, -15.2], "size": [1.25, 5.7, 2.6], "inflate": -0.2, "pivot": [1, 14.65, -24], "rotation": [0, 0, -20], "uv": [33, 0]},
						{"origin": [-1.7, 11.95, -15.2], "size": [4.3, 1.45, 2.6], "inflate": -0.2, "pivot": [1, 14.65, -24], "rotation": [0, 0, -20], "uv": [43, 46]},
						{"origin": [-1.7, 16.2, -15.2], "size": [4.3, 1.45, 2.6], "inflate": -0.2, "pivot": [1, 14.65, -24], "rotation": [0, 0, -20], "uv": [43, 49]},
						{"origin": [-1.95, 12.2, -32.2], "size": [4.65, 1, 20.4], "inflate": -0.2, "pivot": [0.5, 14.65, -33], "rotation": [0, 0, -20], "uv": [88, 79]}
					]
				},
				{
					"name": "grenade",
					"parent": "launcherchamber",
					"pivot": [0.5, 14.65, -15.1],
					"cubes": [
						{"origin": [-1.25, 12.9, -20.1], "size": [3.25, 3.5, 8.2], "inflate": -0.1, "pivot": [0.5, 14.65, -41.1], "rotation": [0, 0, -20], "uv": [25, 84]}
					]
				},
				{
					"name": "bone",
					"parent": "launcher",
					"pivot": [0, 11.15, -8.3],
					"rotation": [-25, 0, 0],
					"cubes": [
						{"origin": [-1.15, 12.75, -11.825], "size": [2.3, 1, 3.675], "inflate": -0.201, "pivot": [0.15, 12.95, -11.625], "rotation": [-75, 0, 0], "uv": [71, 37]},
						{"origin": [-1.15, 9.45, -11], "size": [2.3, 1, 5], "inflate": -0.2, "pivot": [0.15, 9.65, -10.8], "rotation": [-4.25, 0, 0], "uv": [62, 15]},
						{"origin": [-1.15, 9.6, -6.75], "size": [2.3, 1, 5], "inflate": -0.201, "pivot": [0.15, 9.8, -6.05], "rotation": [73.5, 0, 0], "uv": [62, 7]},
						{"origin": [-1.15, 13.5, -5.1], "size": [2.3, 1.4, 3], "inflate": -0.2, "pivot": [0.15, 13.75, -4.9], "rotation": [151.75, 0, 0], "uv": [29, 71]},
						{"origin": [-0.5, 10.9, -9.3], "size": [1, 3, 1], "inflate": -0.1, "pivot": [0, 10.9, -8.3], "rotation": [-21, 0, 0], "uv": [43, 30]}
					]
				},
				{
					"name": "_camera_",
					"pivot": [6.825, 33.725, 26.45]
				}
			]
		}
	]
}