{
	"format_version": "1.12.0",
	"minecraft:geometry": [
		{
			"description": {
				"identifier": "geometry.unknown",
				"texture_width": 220,
				"texture_height": 200,
				"visible_bounds_width": 11,
				"visible_bounds_height": 3.5,
				"visible_bounds_offset": [0, 1.25, 0]
			},
			"bones": [
				{
					"name": "bb_main",
					"pivot": [0, 0, 0]
				},
				{
					"name": "main",
					"pivot": [0, 20, 0]
				},
				{
					"name": "gun",
					"parent": "main",
					"pivot": [8.65, 15.9, -36.6],
					"cubes": [
						{"origin": [-1.9, 14.5, -1], "size": [3.75, 3.5, 5.75], "inflate": 0.001, "uv": [94, 66]},
						{"origin": [-1.9, 16.5, 4.75], "size": [3.75, 1.25, 2.5], "pivot": [0.6, 16.5, 4.75], "rotation": [37.25, 0, 0], "uv": [118, 9]},
						{"origin": [-1.9, 4.7, -0.75], "size": [3.75, 9.8, 5.25], "pivot": [0.6, 14.5, -0.75], "rotation": [22.75, 0, 0], "uv": [0, 66]},
						{"origin": [-1.9, 5.225, 2.025], "size": [3.75, 1, 7.4], "inflate": 0.001, "pivot": [0.6, 6.225, 2.025], "rotation": [12.5, 0, 0], "uv": [39, 114]},
						{"origin": [-1.9, 5.225, 2.025], "size": [3.75, 1, 1.4], "inflate": -0.001, "pivot": [0.6, 6.225, 2.025], "rotation": [76.25, 0, 0], "uv": [0, 42]},
						{"origin": [-1.9, 6.45, 3], "size": [3.75, 9.3, 1.75], "inflate": -0.001, "pivot": [0.6, 15.5, 4.75], "rotation": [30.25, 0, 0], "uv": [102, 74]},
						{"origin": [-0.5, 14.45, -4.625], "size": [1, 4, 1], "inflate": -0.1, "pivot": [0, 14.45, -3.625], "rotation": [-21, 0, 0], "uv": [15, 31]},
						{"origin": [-1.5, 13.1, -6.8], "size": [3, 1, 5.6], "inflate": -0.2, "uv": [68, 41]},
						{"origin": [-1.5, 13.1, -2.2], "size": [3, 2, 1], "inflate": -0.2, "pivot": [1.5, 13.3, -1.4], "rotation": [-39.75, 0, 0], "uv": [70, 69]},
						{"origin": [-1.5, 13.1, -6.8], "size": [3, 2.125, 1], "inflate": -0.201, "pivot": [1.5, 13.3, -6.6], "rotation": [45.75, 0, 0], "uv": [70, 66]},
						{"origin": [-1.5, 14.3, -8.025], "size": [3, 4.1, 1], "inflate": -0.2, "uv": [68, 0]},
						{"origin": [-2.75, 18, -53.1], "size": [5.5, 2.95, 60], "inflate": 0.003, "uv": [68, 0]},
						{"origin": [-2.75, 21.925, -53.1], "size": [5.5, 2.125, 60], "inflate": 0.003, "uv": [0, 66]},
						{"origin": [-2.5, 16.5, 43.9], "size": [5, 13.25, 4], "inflate": 0.003, "uv": [32, 39]},
						{"origin": [-2.5, 22.5, 47.85], "size": [5, 7.25, 1.5], "pivot": [2.5, 29.5, 47.85], "rotation": [-12.75, 0, 0], "uv": [0, 96]},
						{"origin": [-2.5, 16.5, 47.85], "size": [5, 7.25, 1.5], "inflate": -0.001, "pivot": [2.5, 16.75, 47.85], "rotation": [12.75, 0, 0], "uv": [32, 15]},
						{"origin": [-0.25, 26.05, 13.9], "size": [1, 1.25, 30], "inflate": 0.003, "pivot": [0.75, 26.05, 13.9], "rotation": [0, 0, -12.5], "uv": [0, 31]},
						{"origin": [-0.25, 19.05, 13.9], "size": [1, 1.25, 30], "inflate": 0.003, "pivot": [0.75, 19.05, 13.9], "rotation": [0, 0, -12.5], "uv": [0, 0]},
						{"origin": [-2.85, 24.35, -9.1], "size": [1, 4.25, 16], "inflate": -0.1, "uv": [92, 16]},
						{"origin": [1.85, 24.35, -9.1], "size": [1, 4.25, 16], "inflate": -0.1, "uv": [22, 89]},
						{"origin": [-2.05, 27.6, -9.1], "size": [4.1, 1, 16], "inflate": -0.1, "uv": [68, 32]},
						{"origin": [-1.5, 26.15, -17.3], "size": [3, 1, 8], "inflate": -0.1, "pivot": [1.5, 26.15, -17.3], "rotation": [7.87885, 0, 0], "uv": [42, 48]},
						{"origin": [-1.5, 27.225, -9.7], "size": [3, 1, 2], "inflate": -0.102, "uv": [118, 6]},
						{"origin": [-1.5, 26.125, -17.2], "size": [3, 2, 1], "inflate": -0.102, "pivot": [1.5, 26.125, -17.2], "rotation": [53.37167, 0, 0], "uv": [56, 53]},
						{"origin": [-2.3, 23.6, -8.8], "size": [4.6, 1, 15.525], "uv": [0, 89]},
						{"origin": [7.5, 22.25, -60.1], "size": [10, 2.5, 4], "inflate": 0.003, "pivot": [17.5, 23.5, -60.1], "rotation": [0, -3.75, 0], "uv": [27, 66]},
						{"origin": [7.5, 18.25, -60.1], "size": [10, 2.5, 4], "inflate": 0.003, "pivot": [17.5, 19.25, -60.1], "rotation": [0, -3.75, 0], "uv": [0, 53]},
						{"origin": [-6.25, 17.95, -59], "size": [7, 6.3, 3], "inflate": 0.001, "pivot": [-6.25, 23.75, -60], "rotation": [0, -32.5, 0], "uv": [120, 89]},
						{"origin": [-0.75, 17.95, -59], "size": [7, 6.3, 3], "inflate": 0.001, "pivot": [6.25, 23.75, -60], "rotation": [0, 32.5, 0], "uv": [40, 89]},
						{"origin": [-1.275, 17.95, -57], "size": [1, 6.3, 1], "pivot": [6.25, 23.75, -60], "rotation": [0, 32.5, 0], "uv": [55, 70]},
						{"origin": [0.85, 17.95, -59.55], "size": [1.2, 6.3, 6.975], "inflate": 0.004, "uv": [15, 31]},
						{"origin": [1.175, 23.85, -63.05], "size": [1.2, 1, 5.225], "inflate": 0.004, "uv": [23, 96]},
						{"origin": [0.975, 24.3, -63.05], "size": [1.3, 1, 1], "inflate": -0.1, "pivot": [2.075, 25.3, -63.025], "rotation": [0, 0, -11.25], "uv": [26, 4]},
						{"origin": [0.975, 24.3, -61.95], "size": [1.3, 1, 1], "inflate": -0.1, "pivot": [2.075, 25.3, -61.925], "rotation": [0, 0, -11.25], "uv": [0, 26]},
						{"origin": [0.975, 24.3, -60.85], "size": [1.3, 1, 1], "inflate": -0.1, "pivot": [2.075, 25.3, -60.825], "rotation": [0, 0, -11.25], "uv": [25, 16]},
						{"origin": [-2.275, 24.3, -60.85], "size": [1.3, 1, 1], "inflate": -0.1, "pivot": [-2.075, 25.3, -60.825], "rotation": [0, 0, 11.25], "uv": [9, 0]},
						{"origin": [-2.275, 24.3, -61.95], "size": [1.3, 1, 1], "inflate": -0.1, "pivot": [-2.075, 25.3, -61.925], "rotation": [0, 0, 11.25], "uv": [0, 24]},
						{"origin": [-2.275, 24.3, -63.05], "size": [1.3, 1, 1], "inflate": -0.1, "pivot": [-2.075, 25.3, -63.025], "rotation": [0, 0, 11.25], "uv": [24, 24]},
						{"origin": [1.175, 19.85, -63.05], "size": [1.2, 4, 1], "inflate": 0.001, "pivot": [2.175, 23.85, -63.025], "rotation": [72.25, 0, 0], "uv": [23, 0]},
						{"origin": [-2.375, 19.85, -63.05], "size": [1.2, 4, 1], "inflate": 0.001, "pivot": [-2.175, 23.85, -63.025], "rotation": [72.25, 0, 0], "uv": [15, 0]},
						{"origin": [-2.375, 23.85, -63.05], "size": [1.2, 1, 5.225], "inflate": 0.004, "uv": [45, 72]},
						{"origin": [-7.25, 17.95, -60.475], "size": [6.475, 7.05, 2], "inflate": 0.003, "pivot": [-5.5, 23.75, -60.475], "rotation": [0, -11, 0], "uv": [44, 80]},
						{"origin": [-2.05, 17.95, -59.55], "size": [1.2, 6.3, 6.975], "inflate": 0.004, "uv": [15, 0]},
						{"origin": [-8.4, 17.95, -60.8], "size": [1.2, 7.05, 4.15], "uv": [32, 0]},
						{"origin": [0.775, 17.95, -60.475], "size": [6.475, 7.05, 2], "inflate": 0.003, "pivot": [5.5, 23.75, -60.475], "rotation": [0, 11, 0], "uv": [68, 32]},
						{"origin": [0.775, 17.95, -58.475], "size": [6.475, 6.3, 1.75], "inflate": 0.003, "pivot": [5.5, 23.75, -60.475], "rotation": [0, 11, 0], "uv": [23, 89]},
						{"origin": [-7.25, 17.95, -58.475], "size": [6.475, 6.3, 1.75], "inflate": 0.003, "pivot": [-5.5, 23.75, -60.475], "rotation": [0, -11, 0], "uv": [0, 89]},
						{"origin": [7.2, 17.95, -60.8], "size": [1.2, 7.05, 4.15], "uv": [0, 31]},
						{"origin": [5.975, 21.95, -59.1], "size": [3, 3.4, 3], "pivot": [8.775, 23.75, -61.55], "rotation": [0, -16, 0], "uv": [120, 98]},
						{"origin": [-8.975, 21.95, -59.1], "size": [3, 3.4, 3], "pivot": [-8.775, 23.75, -61.55], "rotation": [0, 16, 0], "uv": [114, 50]},
						{"origin": [0.275, 17.95, -57], "size": [1, 6.3, 1], "pivot": [-6.25, 23.75, -60], "rotation": [0, -32.5, 0], "uv": [59, 31]},
						{"origin": [17.5, 22.75, -60.1], "size": [21, 2, 2], "inflate": 0.001, "pivot": [17.5, 23.5, -60.1], "rotation": [0, -37.25, 0], "uv": [0, 117]},
						{"origin": [17.5, 22.25, -60.1], "size": [21, 1, 2], "inflate": 0.003, "pivot": [17.5, 23, -60.1], "rotation": [1.33028, -37.22968, -2.19809], "uv": [120, 78]},
						{"origin": [17.5, 19.75, -60.1], "size": [21, 1, 2], "inflate": 0.003, "pivot": [17.5, 20, -60.1], "rotation": [-1.33028, -37.22968, 2.19809], "uv": [120, 75]},
						{"origin": [17.5, 18.25, -60.1], "size": [21, 2, 2], "inflate": 0.001, "pivot": [17.5, 19.25, -60.1], "rotation": [0, -37.25, 0], "uv": [70, 115]},
						{"origin": [16.5, 22.75, -58.575], "size": [21, 2, 2], "inflate": 0.002, "pivot": [16.5, 23.5, -58.575], "rotation": [0, -32.5, 0], "uv": [0, 113]},
						{"origin": [16.5, 22.25, -58.575], "size": [21, 1, 2], "inflate": 0.003, "pivot": [16.5, 23, -58.575], "rotation": [1.11456, -32.48298, -2.07469], "uv": [120, 69]},
						{"origin": [16.5, 19.75, -58.575], "size": [21, 1, 2], "inflate": 0.003, "pivot": [16.5, 20, -58.575], "rotation": [-1.11456, -32.48298, 2.07469], "uv": [120, 72]},
						{"origin": [16.5, 18.25, -58.575], "size": [21, 2, 2], "inflate": 0.002, "pivot": [16.5, 19.25, -58.575], "rotation": [0, -32.5, 0], "uv": [114, 113]},
						{"origin": [34.25, 23.25, -47.375], "size": [18, 1.5, 2], "inflate": 0.003, "pivot": [34.25, 23.5, -47.375], "rotation": [0, -74.75, 0], "uv": [120, 84]},
						{"origin": [47.25, 23.25, -45.375], "size": [5, 1.5, 2], "inflate": 0.003, "pivot": [34.25, 23.5, -47.375], "rotation": [0, -74.75, 0], "uv": [40, 102]},
						{"origin": [43.2, 23.25, -51.55], "size": [4.5, 1.5, 2], "pivot": [34.25, 23.5, -47.375], "rotation": [0, -101, 0], "uv": [24, 121]},
						{"origin": [43.2, 18.25, -51.55], "size": [4.5, 1.5, 2], "pivot": [34.25, 23.5, -47.375], "rotation": [0, -101, 0], "uv": [12, 121]},
						{"origin": [47.25, 18.25, -45.375], "size": [5, 1.5, 2], "inflate": 0.003, "pivot": [34.25, 23.5, -47.375], "rotation": [0, -74.75, 0], "uv": [27, 80]},
						{"origin": [34.25, 22.75, -47.375], "size": [16, 1.25, 2], "pivot": [34.25, 22.75, -47.375], "rotation": [7.29475, -74.6225, -7.56252], "uv": [92, 3]},
						{"origin": [34.25, 19, -47.375], "size": [15, 1.25, 2], "pivot": [34.25, 20.25, -47.375], "rotation": [-7.29475, -74.6225, 7.56252], "uv": [92, 39]},
						{"origin": [34.25, 18.25, -47.375], "size": [18, 1.5, 2], "inflate": 0.003, "pivot": [34.25, 19, -47.375], "rotation": [0, -74.75, 0], "uv": [120, 81]},
						{"origin": [33.875, 20.4, -34.3], "size": [6, 2, 6], "inflate": 0.003, "pivot": [33.875, 21.65, -34.3], "rotation": [0, -6.25, 0], "uv": [100, 6]},
						{"origin": [33.375, 20.9, -34.8], "size": [7, 1, 7], "inflate": -0.1, "pivot": [33.875, 21.65, -34.3], "rotation": [0, -6.25, 0], "uv": [32, 31]},
						{"origin": [-34.625, 20.9, -34.8], "size": [69, 1, 1], "inflate": -0.1, "pivot": [-34.125, 21.65, -34.3], "rotation": [-16.75, 0, 0], "uv": [68, 62]},
						{"origin": [-36.65, 25.425, -31.825], "size": [21, 1, 1], "inflate": -0.2, "pivot": [-36.15, 26.175, -31.325], "rotation": [-14.17175, 8.52697, 13.41874], "uv": [114, 111]},
						{"origin": [-36.65, 16.575, -31.825], "size": [19.7, 1, 1], "inflate": -0.2, "pivot": [-36.15, 16.825, -31.325], "rotation": [14.17175, 8.52697, -13.41874], "uv": [120, 87]},
						{"origin": [16.95, 16.575, -31.825], "size": [19.7, 1, 1], "inflate": -0.2, "pivot": [36.15, 16.825, -31.325], "rotation": [14.17175, -8.52697, 13.41874], "uv": [70, 104]},
						{"origin": [15.65, 25.425, -31.825], "size": [21, 1, 1], "inflate": -0.2, "pivot": [36.15, 26.175, -31.325], "rotation": [-14.17175, -8.52697, -13.41874], "uv": [0, 62]},
						{"origin": [35.625, 17.15, -33.05], "size": [2, 8.75, 2], "inflate": 0.003, "pivot": [31.625, 24.65, -33.05], "rotation": [0, -6.25, 0], "uv": [100, 14]},
						{"origin": [-17.5, 22.25, -60.1], "size": [10, 2.5, 4], "inflate": 0.003, "pivot": [-17.5, 23.5, -60.1], "rotation": [0, 3.75, 0], "uv": [0, 24]},
						{"origin": [-38.5, 22.75, -60.1], "size": [21, 2, 2], "inflate": 0.001, "pivot": [-17.5, 23.5, -60.1], "rotation": [0, 37.25, 0], "uv": [68, 49]},
						{"origin": [-52.25, 23.25, -47.375], "size": [18, 1.5, 2], "inflate": 0.003, "pivot": [-34.25, 23.5, -47.375], "rotation": [0, 74.75, 0], "uv": [70, 98]},
						{"origin": [-39.875, 20.4, -34.3], "size": [6, 2, 6], "inflate": 0.003, "pivot": [-33.875, 21.65, -34.3], "rotation": [0, 6.25, 0], "uv": [27, 72]},
						{"origin": [-17.5, 18.25, -60.1], "size": [10, 2.5, 4], "inflate": 0.003, "pivot": [-17.5, 19.25, -60.1], "rotation": [0, 3.75, 0], "uv": [0, 47]},
						{"origin": [-38.5, 18.25, -60.1], "size": [21, 2, 2], "inflate": 0.001, "pivot": [-17.5, 19.25, -60.1], "rotation": [0, 37.25, 0], "uv": [68, 53]},
						{"origin": [-38.5, 22.25, -60.1], "size": [21, 1, 2], "inflate": 0.003, "pivot": [-17.5, 23, -60.1], "rotation": [1.33028, 37.22968, 2.19809], "uv": [68, 57]},
						{"origin": [-38.5, 19.75, -60.1], "size": [21, 1, 2], "inflate": 0.003, "pivot": [-17.5, 20, -60.1], "rotation": [-1.33028, 37.22968, -2.19809], "uv": [114, 117]},
						{"origin": [-52.25, 18.25, -47.375], "size": [18, 1.5, 2], "inflate": 0.003, "pivot": [-34.25, 19, -47.375], "rotation": [0, 74.75, 0], "uv": [70, 101]},
						{"origin": [-50.25, 22.75, -47.375], "size": [16, 1.25, 2], "pivot": [-34.25, 22.75, -47.375], "rotation": [7.29475, 74.6225, 7.56252], "uv": [92, 0]},
						{"origin": [-49.25, 19, -47.375], "size": [15, 1.25, 2], "pivot": [-34.25, 20.25, -47.375], "rotation": [-7.29475, 74.6225, -7.56252], "uv": [92, 36]},
						{"origin": [-37.625, 17.15, -33.05], "size": [2, 8.75, 2], "inflate": 0.003, "pivot": [-31.625, 24.65, -33.05], "rotation": [0, 6.25, 0], "uv": [56, 43]},
						{"origin": [-37.5, 18.25, -58.575], "size": [21, 2, 2], "inflate": 0.002, "pivot": [-16.5, 19.25, -58.575], "rotation": [0, 32.5, 0], "uv": [0, 109]},
						{"origin": [-37.5, 19.75, -58.575], "size": [21, 1, 2], "inflate": 0.003, "pivot": [-16.5, 20, -58.575], "rotation": [-1.11456, 32.48298, -2.07469], "uv": [70, 119]},
						{"origin": [-37.5, 22.25, -58.575], "size": [21, 1, 2], "inflate": 0.003, "pivot": [-16.5, 23, -58.575], "rotation": [1.11456, 32.48298, 2.07469], "uv": [120, 66]},
						{"origin": [-37.5, 22.75, -58.575], "size": [21, 2, 2], "inflate": 0.002, "pivot": [-16.5, 23.5, -58.575], "rotation": [0, 32.5, 0], "uv": [70, 111]},
						{"origin": [-52.25, 23.25, -45.375], "size": [5, 1.5, 2], "inflate": 0.003, "pivot": [-34.25, 23.5, -47.375], "rotation": [0, 74.75, 0], "uv": [50, 57]},
						{"origin": [-52.25, 18.25, -45.375], "size": [5, 1.5, 2], "inflate": 0.003, "pivot": [-34.25, 23.5, -47.375], "rotation": [0, 74.75, 0], "uv": [0, 80]},
						{"origin": [-47.7, 23.25, -51.55], "size": [4.5, 1.5, 2], "pivot": [-34.25, 23.5, -47.375], "rotation": [0, 101, 0], "uv": [112, 56]},
						{"origin": [-47.7, 18.25, -51.55], "size": [4.5, 1.5, 2], "pivot": [-34.25, 23.5, -47.375], "rotation": [0, 101, 0], "uv": [0, 121]},
						{"origin": [-40.375, 20.9, -34.8], "size": [7, 1, 7], "inflate": -0.1, "pivot": [-33.875, 21.65, -34.3], "rotation": [0, 6.25, 0], "uv": [0, 16]},
						{"origin": [-2.75, 20.85, -33.1], "size": [5.5, 1.1, 40], "inflate": 0.002, "uv": [70, 66]},
						{"origin": [-2.65, 12.5, -39.1], "size": [5.3, 6, 17], "inflate": 0.003, "uv": [0, 66]},
						{"origin": [-2.95, 12.3, -38.1], "size": [5.9, 8.1, 3], "inflate": 0.003, "uv": [47, 15]},
						{"origin": [-2.95, 12.3, -26.1], "size": [5.9, 8.1, 3], "inflate": 0.003, "uv": [47, 0]},
						{"origin": [-3.45, 18.6, -25.95], "size": [6.9, 2, 2], "inflate": -0.2, "pivot": [3.2, 18.6, -25.95], "rotation": [-23, 0, 0], "uv": [112, 46]},
						{"origin": [-2.95, 17.8, -9.85], "size": [5.9, 2.6, 3], "inflate": 0.003, "uv": [92, 42]},
						{"origin": [1.45, 17.8, 1.15], "size": [1.5, 3.4, 13], "inflate": 0.003, "uv": [0, 31]},
						{"origin": [-1.95, 17.8, 13.15], "size": [3.9, 3.4, 1], "inflate": 0.001, "uv": [51, 66]},
						{"origin": [-2.95, 17.8, 1.15], "size": [1.5, 3.4, 13], "inflate": 0.003, "uv": [0, 0]},
						{"origin": [-2.95, 17.8, -17.1], "size": [5.9, 5.4, 1.5], "inflate": 0.003, "uv": [116, 120]},
						{"origin": [-3.45, 18.6, -9.7], "size": [6.9, 2, 2], "inflate": -0.2, "pivot": [3.2, 18.6, -9.7], "rotation": [-23, 0, 0], "uv": [110, 22]},
						{"origin": [-3.45, 19.1, 1.3], "size": [6.9, 2, 2], "inflate": -0.2, "pivot": [3.2, 19.1, 1.3], "rotation": [-23, 0, 0], "uv": [110, 14]},
						{"origin": [-3.45, 19.1, 4.3], "size": [6.9, 2, 2], "inflate": -0.3, "pivot": [3.2, 19.1, 4.3], "rotation": [-23, 0, 0], "uv": [108, 42]},
						{"origin": [-3.45, 19.1, 8.8], "size": [6.9, 2, 2], "inflate": -0.3, "pivot": [3.2, 19.1, 8.8], "rotation": [-23, 0, 0], "uv": [0, 105]},
						{"origin": [1.45, 25.2, 1.15], "size": [1.5, 2.9, 13], "inflate": 0.003, "uv": [32, 0]},
						{"origin": [-1.05, 17.95, 9.4], "size": [3, 9.9, 3], "inflate": 0.003, "pivot": [1.95, 24.7, 9.4], "rotation": [0, -19.5, 0], "uv": [0, 0]},
						{"origin": [-2.95, 25.2, 1.15], "size": [1.5, 2.9, 13], "inflate": 0.003, "uv": [32, 15]},
						{"origin": [-1.95, 25.2, 13.15], "size": [3.9, 2.9, 1], "inflate": 0.001, "uv": [68, 5]},
						{"origin": [-3.45, 26.2, 8.8], "size": [6.9, 2, 2], "inflate": -0.3, "pivot": [3.2, 26.2, 8.8], "rotation": [-23, 0, 0], "uv": [40, 98]},
						{"origin": [-3.7, 26.7, 3.8], "size": [7.4, 2, 2], "inflate": -0.2, "pivot": [3.45, 26.7, 3.8], "rotation": [-23, 0, 0], "uv": [46, 39]},
						{"origin": [-3.45, 18.8, -17.7], "size": [6.9, 2, 2], "inflate": -0.3, "pivot": [3.2, 18.8, -17.7], "rotation": [-23, 0, 0], "uv": [110, 18]},
						{"origin": [-3.95, 22.2, -17.05], "size": [7.9, 1, 1], "inflate": -0.2, "pivot": [3.2, 22.2, -17.05], "rotation": [-23, 0, 0], "uv": [47, 11]},
						{"origin": [-4.2, 27.1, -6.55], "size": [8.4, 1, 1], "inflate": -0.2, "pivot": [3.2, 27.1, -6.55], "rotation": [-23, 0, 0], "uv": [0, 59]},
						{"origin": [-3.45, 18.6, -37.95], "size": [6.9, 2, 2], "inflate": -0.2, "pivot": [3.2, 18.6, -37.95], "rotation": [-23, 0, 0], "uv": [110, 26]},
						{"origin": [2.5, 12.775, -31], "size": [1, 7, 1], "inflate": -0.35, "pivot": [3.5, 15.775, -32], "rotation": [79.63363, -1.03621, -8.44319], "uv": [183, 86]},
						{"origin": [2.7, 11.125, -52.775], "size": [1, 11, 1], "inflate": -0.35, "pivot": [3.7, 14.125, -53.775], "rotation": [76.87189, 2.61593, -9.29449], "uv": [183, 86]},
						{"origin": [0.2, 10.35, -53.65], "size": [1, 9.5, 1], "inflate": -0.35, "pivot": [1.2, 13.35, -54.65], "rotation": [76.4439, 14.5378, -12.14818], "uv": [192, 87]},
						{"origin": [1.75, 16.825, -61.05], "size": [1, 8, 1], "inflate": -0.35, "pivot": [2.75, 19.825, -62.05], "rotation": [-4.63309, 5.15348, 0.11125], "uv": [183, 86]},
						{"origin": [-2.325, 15.375, -60.6], "size": [1, 9.25, 1], "inflate": -0.35, "pivot": [-1.325, 18.375, -61.6], "rotation": [1.77462, 8.11399, -8.06379], "uv": [192, 87]},
						{"origin": [2.5, 12.775, -39.3], "size": [1, 14, 1], "inflate": -0.35, "pivot": [3.5, 15.775, -40.3], "rotation": [102.13363, -1.03621, -8.44319], "uv": [183, 86]},
						{"origin": [2.175, 12.4, -39.3], "size": [1, 15, 1], "inflate": -0.35, "pivot": [3.175, 15.4, -40.3], "rotation": [102.24552, 7.76169, -6.54146], "uv": [192, 86]},
						{"origin": [2.5, 12.425, -31], "size": [1, 7, 1], "inflate": -0.35, "pivot": [3.5, 15.425, -32], "rotation": [79.63363, -1.03621, -8.44319], "uv": [190, 86]},
						{"origin": [2.475, 15.4, -24.3], "size": [1, 4.525, 1], "inflate": -0.35, "pivot": [3.475, 15.925, -25.3], "rotation": [99.63334, 0.93559, -8.10852], "uv": [183, 86]},
						{"origin": [1.5, 15.45, -19.425], "size": [1, 3.4, 1], "inflate": -0.35, "pivot": [2.5, 14.975, -20.425], "rotation": [69.21871, -7.91248, 8.30773], "uv": [183, 86]},
						{"origin": [1.35, 13.475, -20.25], "size": [1, 3.4, 1], "inflate": -0.35, "pivot": [2.35, 13, -21.25], "rotation": [15.46871, -7.91248, 8.30773], "uv": [183, 86]},
						{"origin": [1.35, 13.8, -17.75], "size": [1, 2.4, 1], "inflate": -0.35, "pivot": [2.35, 13.325, -18.75], "rotation": [112.90108, 0.39748, 3.40741], "uv": [183, 86]},
						{"origin": [0.45, 13.275, -18.65], "size": [1, 4.4, 1], "inflate": -0.35, "pivot": [1.45, 14.8, -19.65], "rotation": [99.85027, 24.70786, 6.55161], "uv": [174, 98]},
						{"origin": [2.925, 16.65, -15.9], "size": [1, 2.4, 1], "inflate": -0.35, "pivot": [3.925, 16.175, -16.9], "rotation": [123.48782, 44.73463, 10.24641], "uv": [174, 98]},
						{"origin": [3, 19.55, -14.75], "size": [1, 2.4, 1], "inflate": -0.35, "pivot": [4, 19.075, -15.75], "rotation": [146.95829, 34.09678, -21.83587], "uv": [174, 98]},
						{"origin": [2.925, 15.825, -13.35], "size": [1, 3.4, 1], "inflate": -0.35, "pivot": [3.925, 16.35, -14.35], "rotation": [62.89872, 13.81215, -9.29338], "uv": [174, 98]},
						{"origin": [2.525, 12.825, -4.175], "size": [1, 6.4, 1], "inflate": -0.35, "pivot": [3.525, 16.35, -5.175], "rotation": [73.15401, 2.09964, -5.66297], "uv": [174, 98]},
						{"origin": [2.8, 14.9, -9.65], "size": [1, 4.9, 1], "inflate": -0.35, "pivot": [3.8, 16.925, -10.65], "rotation": [105.81843, -6.66006, -16.58777], "uv": [174, 98]},
						{"origin": [0.825, 14.4, 12.15], "size": [1, 4.9, 1], "inflate": -0.35, "pivot": [1.825, 16.425, 11.15], "rotation": [120.96183, -32.13025, -26.0937], "uv": [174, 98]},
						{"origin": [2.85, 7.525, 1.8], "size": [1, 10.9, 1], "inflate": -0.35, "pivot": [3.85, 15.55, 0.8], "rotation": [90.72651, -1.27518, -13.98962], "uv": [174, 98]},
						{"origin": [1.15, 13.875, -18.8], "size": [1, 1.4, 1], "pivot": [2.15, 12.4, -19.8], "rotation": [92.90108, 0.39748, 3.40741], "uv": [171, 87]},
						{"origin": [-0.3, 16.2, -18.8], "size": [1, 1.4, 1], "pivot": [0.7, 14.725, -19.8], "rotation": [92.90108, 0.39748, 3.40741], "uv": [171, 87]},
						{"origin": [0.55, 15.05, -19.475], "size": [1, 2.4, 1], "inflate": -0.35, "pivot": [1.55, 14.575, -20.475], "rotation": [67.16326, -25.11164, 20.9499], "uv": [190, 88]},
						{"origin": [1.825, 15.375, -21.25], "size": [1, 2.4, 1], "inflate": -0.35, "pivot": [2.825, 14.9, -22.25], "rotation": [59.71655, 2.94448, 10.52528], "uv": [190, 88]},
						{"origin": [2, 15.975, -23.975], "size": [1, 3.9, 1], "inflate": -0.35, "pivot": [3, 15.5, -24.975], "rotation": [99.70591, -1.24468, 9.80846], "uv": [190, 88]},
						{"origin": [0.975, 13.4, -20.175], "size": [1, 3, 1], "inflate": -0.35, "pivot": [1.975, 12.925, -21.175], "rotation": [22.9899, -6.13492, 7.50793], "uv": [190, 88]},
						{"origin": [0.925, 13.8, -17.75], "size": [1, 2.4, 1], "inflate": -0.35, "pivot": [1.925, 13.325, -18.75], "rotation": [112.90108, 0.39748, 8.90741], "uv": [190, 88]}
					]
				},
				{
					"name": "piece",
					"parent": "gun",
					"pivot": [2.8, 20.3, -9.925],
					"cubes": [
						{"origin": [-3.95, 23.75, -9.125], "size": [7.9, 1, 2.3], "inflate": -0.3, "uv": [32, 57]},
						{"origin": [-2.2, 23.85, -8.85], "size": [4.4, 1.75, 1.025], "uv": [32, 26]},
						{"origin": [-2.2, 24.2, -9.35], "size": [4.4, 1.75, 1.525], "pivot": [1.8, 20.75, -9.65], "rotation": [-17.25, 0, 0], "uv": [32, 11]}
					]
				},
				{
					"name": "leftstring",
					"parent": "gun",
					"pivot": [39.425, 21.675, -27.475],
					"cubes": [
						{"origin": [-2.575, 20.925, -27.975], "size": [42.2, 1, 1], "inflate": -0.3, "pivot": [39.425, 21.675, -27.475], "rotation": [-14.5475, 28.261, 4.30839], "uv": [70, 109]}
					]
				},
				{
					"name": "rightstring",
					"parent": "gun",
					"pivot": [-39.425, 21.675, -27.475],
					"cubes": [
						{"origin": [-39.625, 20.925, -27.975], "size": [42.2, 1, 1], "inflate": -0.3, "pivot": [-39.425, 21.675, -27.475], "rotation": [-14.5475, -28.261, -4.30839], "uv": [70, 107]}
					]
				},
				{
					"name": "resistancemount",
					"parent": "gun",
					"pivot": [3.25, 25.9, -7.1],
					"cubes": [
						{"origin": [-3.25, 25.9, 3.9], "size": [1, 5.45, 2.5], "inflate": -0.1, "uv": [21, 16]},
						{"origin": [-2.45, 30.35, 3.9], "size": [4.9, 1, 2.5], "inflate": -0.1, "uv": [32, 23]},
						{"origin": [2.25, 25.9, 3.9], "size": [1, 5.45, 2.5], "inflate": -0.1, "uv": [53, 31]},
						{"origin": [-3.25, 25.9, -7.1], "size": [1, 5.45, 2.5], "inflate": -0.1, "uv": [0, 16]},
						{"origin": [-2.45, 30.35, -7.1], "size": [4.9, 1, 2.5], "inflate": -0.1, "uv": [46, 109]},
						{"origin": [2.25, 25.9, -7.1], "size": [1, 5.45, 2.5], "inflate": -0.1, "uv": [32, 31]}
					]
				},
				{
					"name": "rail",
					"parent": "gun",
					"pivot": [1.6, 30.75, -9.35],
					"cubes": [
						{"origin": [-0.7, 30.8, -10.05], "size": [2, 1, 20.4], "inflate": -0.2, "uv": [4, 133]},
						{"origin": [-1.3, 30.8, -10.05], "size": [2, 1, 20.4], "inflate": -0.201, "uv": [33, 138]},
						{"origin": [-0.9, 30, -9.85], "size": [1.8, 1, 20], "inflate": -0.001, "uv": [1, 152]},
						{"origin": [-1.5, 29.75, -7.35], "size": [3, 1, 14], "inflate": -0.001, "uv": [35, 163]},
						{"origin": [-3.25, 25.9, 3.9], "size": [1, 4.7, 2.5], "inflate": -0.1, "uv": [21, 16]},
						{"origin": [-2.45, 29.6, 3.9], "size": [4.9, 1, 2.5], "inflate": -0.1, "uv": [32, 23]},
						{"origin": [2.25, 25.9, 3.9], "size": [1, 4.7, 2.5], "inflate": -0.1, "uv": [53, 0]},
						{"origin": [-3.25, 25.9, -7.1], "size": [1, 4.7, 2.5], "inflate": -0.1, "uv": [0, 16]},
						{"origin": [-2.45, 29.6, -7.1], "size": [4.9, 1, 2.5], "inflate": -0.1, "uv": [46, 109]},
						{"origin": [2.25, 25.9, -7.1], "size": [1, 4.7, 2.5], "inflate": -0.1, "uv": [32, 31]}
					]
				},
				{
					"name": "rebar",
					"parent": "main",
					"pivot": [1.25, 24.05, -69.85],
					"cubes": [
						{"origin": [-0.75, 24.05, -72.85], "size": [2, 2.25, 64], "pivot": [1.25, 24.05, -72.85], "rotation": [0, 0, -12.5], "uv": [0, 0]}
					]
				},
				{
					"name": "rebarnonglow",
					"parent": "main",
					"pivot": [1.25, 24.05, -69.85],
					"cubes": [
						{"origin": [-0.75, 24.05, -72.85], "size": [2, 2.25, 64], "pivot": [1.25, 24.05, -72.85], "rotation": [0, 0, -12.5], "uv": [0, 0]}
					]
				},
				{
					"name": "rightarm",
					"parent": "main",
					"pivot": [-4.3, 8.8, 21.8],
					"rotation": [-101.81106, -12.40003, -2.46982],
					"cubes": [
						{"origin": [-8.3, -15.2, 17.8], "size": [8, 24, 8], "uv": [70, 66]}
					]
				},
				{
					"name": "leftarm",
					"parent": "main",
					"pivot": [11.75, 3.125, 2.675],
					"rotation": [-132.0293, -3.16732, -39.54504],
					"cubes": [
						{"origin": [7.75, -20.875, -1.325], "size": [8, 24, 8], "uv": [68, 0]}
					]
				},
				{
					"name": "muzzleflash",
					"parent": "main",
					"pivot": [0, 24.8, -73.375],
					"cubes": [
						{"origin": [-0.5, 24.3, -73.675], "size": [1, 1, 1], "inflate": -0.4, "uv": [15, 107]}
					]
				},
				{
					"name": "scope",
					"parent": "main",
					"pivot": [0, 32.5, 15.75],
					"cubes": [
						{"origin": [-0.5, 32, 15.45], "size": [1, 1, 1], "inflate": -0.4, "uv": [82, 15]}
					]
				},
				{
					"name": "_cb_scope",
					"parent": "main",
					"pivot": [0, 33.675, 12.175],
					"cubes": [
						{"origin": [-0.5, 31.1, 0.05], "size": [1, 1, 1], "uv": [27, 9]}
					]
				},
				{
					"name": "_cb_canted",
					"parent": "main",
					"pivot": [0, 27.85, -3.9],
					"cubes": [
						{"origin": [-0.5, 31.1, 6.8], "size": [1, 1, 1], "uv": [35, 105]}
					]
				},
				{
					"name": "_camera_",
					"pivot": [6.825, 33.725, 26.45]
				}
			]
		}
	]
}