{
	"format_version": "1.12.0",
	"minecraft:geometry": [
		{
			"description": {
				"identifier": "geometry.unknown",
				"texture_width": 64,
				"texture_height": 64,
				"visible_bounds_width": 11,
				"visible_bounds_height": 3.5,
				"visible_bounds_offset": [0, 1.25, 0]
			},
			"bones": [
				{
					"name": "main",
					"pivot": [0, 28.15, 19.65]
				},
				{
					"name": "scope1",
					"parent": "main",
					"pivot": [1, 19.15, 18.65],
					"cubes": [
						{"origin": [-1, 32.3, -7.125], "size": [2, 5.5, 2.55], "inflate": -0.2, "uv": [0, 42]},
						{"origin": [-2.1, 34.7, -11.25], "size": [3, 3, 24], "inflate": -0.3, "pivot": [-2.1, 34.7, -11.15], "rotation": [0, 0, 32], "uv": [0, 0]},
						{"origin": [-2.1, 34.7, -7.075], "size": [3, 3, 2.45], "inflate": -0.15, "pivot": [-2.1, 34.7, -7.275], "rotation": [0, 0, 32], "uv": [0, 32]},
						{"origin": [-2.1, 34.7, 3.9], "size": [3, 3, 2.45], "inflate": -0.15, "pivot": [-2.1, 34.7, 3.7], "rotation": [0, 0, 32], "uv": [0, 27]},
						{"origin": [-2, 34.45, -14.7], "size": [3, 2, 6.425], "inflate": -0.3, "pivot": [-1.8, 34.75, -9.375], "rotation": [14, 0, 32], "uv": [30, 0]},
						{"origin": [-2, 35.6, -15.35], "size": [3, 2, 6.575], "inflate": -0.3, "pivot": [-1.8, 34.75, -9.55], "rotation": [-14, 0, 32], "uv": [20, 27]},
						{"origin": [-0.95, 34.55, -15.325], "size": [2, 3, 6.575], "inflate": -0.3, "pivot": [-1.8, 34.75, -9.525], "rotation": [0, -14, 32], "uv": [32, 29]},
						{"origin": [-2.1, 34.55, -14.725], "size": [2, 3, 6.15], "inflate": -0.3, "pivot": [-1.8, 34.75, -9.35], "rotation": [0, 14, 32], "uv": [30, 8]},
						{"origin": [-2, 33.35, 7.375], "size": [4, 4, 7.2], "inflate": -0.3, "pivot": [-0.2, 35.35, 9.85], "rotation": [0, 0, 13.75], "uv": [0, 0]},
						{"origin": [-2, 33.35, 14.875], "size": [4, 4, 2.5], "inflate": -0.3, "pivot": [-0.2, 35.35, 9.85], "rotation": [0, 0, 13.75], "uv": [40, 8]},
						{"origin": [-2, 33.35, 13.975], "size": [4, 4, 1.5], "inflate": -0.3, "uv": [14, 11]},
						{"origin": [-2.9, 34.1, -3.325], "size": [4, 4, 6], "inflate": -0.3, "pivot": [-2.1, 34.1, -2.85], "rotation": [0, 0, 32], "uv": [0, 11]},
						{"origin": [-1.05, 35.45, -2.275], "size": [3, 3.25, 3], "inflate": -0.25, "pivot": [-1.25, 36.45, -1.8], "rotation": [0, -22.5, 0], "uv": [30, 17]},
						{"origin": [-3.75, 36.7, -2.275], "size": [3, 6.5, 3], "inflate": -0.25, "pivot": [-3.95, 35.95, -1.8], "rotation": [0, -22.5, 90], "uv": [30, 38]},
						{"origin": [-3.4, 33.6, -24.25], "size": [5, 5, 10], "pivot": [-2.1, 34.1, -24.25], "rotation": [0, 0, 32], "uv": [0, 27]},
						{"origin": [-1.4, 30.65, -7.125], "size": [2.8, 2.6, 2.55], "inflate": -0.198, "uv": [42, 17]},
						{"origin": [-0.125, 32.25, -7.125], "size": [1.525, 1, 2.55], "inflate": -0.199, "pivot": [1.2, 33.05, -7.025], "rotation": [0, 0, 52.75], "uv": [30, 8]},
						{"origin": [-1.4, 32.25, -7.125], "size": [1.525, 1, 2.55], "inflate": -0.199, "pivot": [-1.2, 33.05, -7.025], "rotation": [0, 0, -52.75], "uv": [30, 3]},
						{"origin": [-1, 32.3, 3.85], "size": [2, 5.5, 2.55], "inflate": -0.2, "uv": [15, 0]},
						{"origin": [-1.4, 30.65, 3.85], "size": [2.8, 2.6, 2.55], "inflate": -0.198, "uv": [16, 42]},
						{"origin": [-0.125, 32.25, 3.85], "size": [1.525, 1, 2.55], "inflate": -0.199, "pivot": [1.2, 33.05, 3.95], "rotation": [0, 0, 52.75], "uv": [30, 0]},
						{"origin": [-1.4, 32.25, 3.85], "size": [1.525, 1, 2.55], "inflate": -0.199, "pivot": [-1.2, 33.05, 3.95], "rotation": [0, 0, -52.75], "uv": [20, 27]},
						{"origin": [-2, 36.35, 16.575], "size": [4, 1.2, 2], "inflate": -0.5, "uv": [12, 21]},
						{"origin": [1, 33.15, 16.575], "size": [1.2, 4.4, 2], "inflate": -0.5, "uv": [0, 11]},
						{"origin": [-2, 33.15, 16.575], "size": [4, 1.2, 2], "inflate": -0.5, "uv": [0, 21]},
						{"origin": [-2.2, 33.15, 16.575], "size": [1.2, 4.4, 2], "inflate": -0.5, "uv": [0, 0]},
						{"origin": [-1.85, 33.55, 16.775], "size": [3.6, 3.6, 1.35], "inflate": -0.3, "uv": [8, 42]}
					]
				},
				{
					"name": "scope",
					"parent": "main",
					"pivot": [0, 35.375, 17.975],
					"cubes": [
						{"origin": [-0.5, 34.875, 17.675], "size": [1, 1, 1], "inflate": -0.4, "uv": [20, 16]}
					]
				},
				{
					"name": "scopepip",
					"parent": "main",
					"pivot": [0.05, 37.35, 17.4],
					"cubes": [
						{"origin": [-1.8, 33.55, 17.15], "size": [3.6, 3.6, 1], "inflate": -0.3, "uv": [42, 0]}
					]
				},
				{
					"name": "_ca_scope",
					"parent": "main",
					"pivot": [0, 33.675, 12.175],
					"cubes": [
						{"origin": [-0.5, 31.1, 0.05], "size": [1, 1, 1], "uv": [27, 9]}
					]
				}
			]
		}
	]
}