{
  "type": "pointblank:default",
  "ingredients": [
    {
      "count": 1,
      "item": "pointblank:cp2077_arasaka_hjsh18_masamune"
    },
    {
      "count": 3,
      "item": "pointblank:guninternals"
    },
    {
      "count": 5,
      "item": "minecraft:orange_dye"
    },
    {
      "count": 3,
      "item": "minecraft:black_dye"
    },
    {
      "count": 3,
      "item": "minecraft:white_dye"
    }
  ],
  "result": {
    "item": "pointblank:cp2077_arasaka_hjsh18_masamune_rogue"
  }
}
