{
  "type": "pointblank:default",
  "ingredients": [
    {
      "count": 1,
      "item": "pointblank:cp2077_arasaka_hjke11_yukimura"
    },
    {
      "count": 2,
      "item": "minecraft:white_dye"
    },
    {
      "count": 5,
      "item": "minecraft:gold_ingot"
    },
    {
      "count": 8,
      "item": "minecraft:redstone"
    },
    {
      "count": 1,
      "item": "pointblank:processor"
    }
  ],
  "result": {
    "item": "pointblank:cp2077_arasaka_hjke11_yukimura_genjiroh"
  }
}
