{
  "type": "pointblank:default",
  "ingredients": [
    {
      "count": 1,
      "item": "pointblank:cp2077_militech_m179_achilles"
    },
    {
      "count": 5,
      "item": "pointblank:guninternals"
    },
    {
      "count": 10,
      "item": "minecraft:redstone"
    },
    {
      "count": 25,
      "item": "minecraft:gold_ingot"
    },
    {
      "count": 10,
      "item": "minecraft:dark_oak_log"
    },
    {
      "count": 10,
      "item": "minecraft:quartz"
    }
  ],
  "result": {
    "item": "pointblank:cp2077_militech_m179_achilles_xmod2"
  }
}
