{
  "type": "pointblank:default",
  "ingredients": [
    {
      "count": 20,
      "item": "pointblank:gunmetal_ingot"
    },
    {
      "count": 8,
      "item": "pointblank:guninternals"
    },
    {
      "count": 10,
      "item": "minecraft:iron_ingot"
    },
    {
      "count": 10,
      "item": "minecraft:copper_ingot"
    },
    {
      "count": 10,
      "item": "minecraft:redstone"
    },
    {
      "count": 1,
      "item": "pointblank:processor"
    }
  ],
  "result": {
    "item": "pointblank:cp2077_nokota_d5_sidewinder"
  }
}
