{
  "type": "pointblank:default",
  "ingredients": [
    {
      "count": 1,
      "item": "pointblank:cp2077_nokota_d5_sidewinder"
    },
    {
      "count": 2,
      "item": "pointblank:guninternals"
    },
    {
      "count": 10,
      "item": "minecraft:yellow_dye"
    },
    {
      "count": 5,
      "item": "minecraft:blue_dye"
    },
    {
      "count": 3,
      "item": "minecraft:white_dye"
    },
    {
      "count": 3,
      "item": "minecraft:red_dye"
    }
  ],
  "result": {
    "item": "pointblank:cp2077_nokota_d5_sidewinder_dws"
  }
}
