{
  "type": "pointblank:default",
  "ingredients": [
    {
      "count": 1,
      "item": "pointblank:cp2077_techtronika_spt32_grad"
    },
    {
      "count": 15,
      "item": "pointblank:gunmetal_ingot"
    },
    {
      "count": 5,
      "item": "pointblank:guninternals"
    },
    {
      "count": 5,
      "item": "minecraft:orange_dye"
    },
    {
      "count": 3,
      "item": "minecraft:fire_charge"
    }
  ],
  "result": {
    "item": "pointblank:cp2077_techtronika_spt32_grad_borzaya"
  }
}
