{
  "loader": "forge:separate_transforms",
    "gui_light": "front",
    "base": 
{
  "credit": "Made with BatuNiisan",
  "texture_size": [
    64,
    64
  ],
  "display": {
    "firstperson_righthand": {
      "rotation": [
        7,
        56,
        -16
      ],
      "translation": [
        -5.25,
        -10,
        0
      ],
      "scale": [
        0.42,
        0.42,
        0.42
      ]
    }
  },
  "textures": {
    "particle": "item/scope_rdw_mid"
  }
},
"perspectives": {
  "gui": {
    "parent": "item/generated",
    "textures": {
      "layer0": "pointblank:item/scope_rdw_mid.icon"
    }
  }
}
}