{
	"format_version": "1.8.0",
	"animations": {
		"animation.model.reload": {
			"loop": true,
			"animation_length": 2.3667,
			"bones": {
				"main": {
					"rotation": {
						"0.0": {
							"vector": [0, 0, 0]
						},
						"0.1": {
							"vector": [-3.22687, -0.91442, 7.48648]
						},
						"0.2167": {
							"vector": [-2.95823, -1.01346, -8.2832]
						},
						"0.3": {
							"vector": [-4.19935, 1.58016, 13.83254]
						},
						"0.4167": {
							"vector": [-4.30321, 0.88375, 9.61003]
						},
						"0.65": {
							"vector": [-9.99001, -5.25819, -13.26002],
							"easing": "easeInOutSine"
						},
						"0.7833": {
							"vector": [-10.61284, -8.48654, -17.09544],
							"easing": "easeOutSine"
						},
						"0.9": {
							"vector": [-10.2455, -7.70699, -19.54914]
						},
						"1.0167": {
							"vector": [-9.63045, -8.49277, -18.63768]
						},
						"1.1333": {
							"vector": [-13.97137, -14.92532, -21.71348],
							"easing": "easeInOutQuad"
						},
						"1.2167": {
							"vector": [-1.79696, -6.88021, -10.54349],
							"easing": "linear"
						},
						"1.4167": {
							"vector": [-8.27544, -9.46326, -11.62745],
							"easing": "linear"
						},
						"1.6667": {
							"vector": [1.57141, -1.85374, -1.9128],
							"easing": "easeInOutQuad"
						},
						"1.8": {
							"vector": [0, 0, 0],
							"easing": "linear"
						}
					},
					"position": {
						"0.0": {
							"vector": [0, 0, 0]
						},
						"0.0833": {
							"vector": [-0.4, -0.8, -3.3]
						},
						"0.1833": {
							"vector": [-0.275, 1.7, -2.175]
						},
						"0.2667": {
							"vector": [-0.23, -2.4, -3.9]
						},
						"0.3667": {
							"vector": [-0.83, -3.125, -5.1]
						},
						"0.4833": {
							"vector": [-0.93, -0.675, -4]
						},
						"0.6167": {
							"vector": [-2.66, 0.475, -5.97]
						},
						"0.7833": {
							"vector": [-2.88, 1.275, -5.97],
							"easing": "easeInQuad"
						},
						"1.0": {
							"vector": [-2.88, 0.85, -5.97]
						},
						"1.1667": {
							"vector": [-3.155, 2.155, -5.97],
							"easing": "easeOutQuad"
						},
						"1.3333": {
							"vector": [-3.105, -0.315, -5.97],
							"easing": "easeInOutSine"
						},
						"1.6": {
							"vector": [0.02894, -1.60775, -6.90297],
							"easing": "easeInOutSine"
						},
						"1.7333": {
							"vector": [-0.01391, -0.26895, -0.26276]
						},
						"1.8": {
							"vector": [0, 0, 0],
							"easing": "linear"
						}
					}
				},
				"rightarm": {
					"rotation": {
						"0.0": {
							"vector": [0, 0, 0]
						},
						"0.1333": {
							"vector": [-5.35768, -4.5314, 7.73148]
						},
						"0.3": {
							"vector": [-5.35768, -4.5314, 7.73148]
						},
						"0.3833": {
							"vector": [0, 0, 0]
						},
						"0.5167": {
							"vector": [0, 0, 0]
						},
						"0.6167": {
							"vector": [-8.29793, -7.72386, 10.192]
						},
						"1.45": {
							"vector": [-8.29793, -7.72386, 10.192]
						},
						"1.6": {
							"vector": [0, 0, 0]
						}
					},
					"position": {
						"0.0": {
							"vector": [0, 0, 0]
						},
						"0.1333": {
							"vector": [-2.5, -2.175, -2]
						},
						"0.3": {
							"vector": [-2.5, -2.175, -2]
						},
						"0.3833": {
							"vector": [0, 0, 0]
						},
						"0.5167": {
							"vector": [0, 0, 0]
						},
						"0.6167": {
							"vector": [-3.975, -0.825, -0.72]
						},
						"1.45": {
							"vector": [-3.975, -0.825, -0.72]
						},
						"1.6": {
							"vector": [0, 0, 0]
						}
					}
				},
				"leftarm": {
					"rotation": {
						"0.0": {
							"vector": [0, 0, 0]
						},
						"0.2": {
							"vector": [5.957, 0.53108, -5.30335]
						},
						"0.4167": {
							"vector": [5.957, 0.53108, -5.30335]
						},
						"0.5167": {
							"vector": [8.26784, 2.83088, -5.12726]
						},
						"0.65": {
							"vector": [-19.10135, -11.5134, 4.02131]
						},
						"0.7167": {
							"vector": [-19.10135, -11.5134, 4.02131]
						},
						"0.7833": {
							"vector": [-18.90769, -9.98227, 2.03552]
						},
						"0.85": {
							"vector": [-18.96014, -10.4423, 2.63018]
						},
						"1.0": {
							"vector": [-18.96014, -10.4423, 2.63018]
						},
						"1.0333": {
							"vector": [-18.90672, 0.83413, 11.35678]
						},
						"1.0833": {
							"vector": [-19.13344, -6.6842, 5.5409]
						},
						"1.35": {
							"vector": [-19.13344, -6.6842, 5.5409]
						},
						"1.5167": {
							"vector": [0, 0, 0]
						}
					},
					"position": {
						"0.0": {
							"vector": [0, 0, 0]
						},
						"0.2": {
							"vector": [12.425, -16.85, 31.075]
						},
						"0.4167": {
							"vector": [12.425, -16.85, 31.075]
						},
						"0.5167": {
							"vector": [0.93, -46.85, 23.83]
						},
						"0.65": {
							"vector": [-0.195, -35.1, 12.43]
						},
						"0.7167": {
							"vector": [-0.6, -36.1, 12.43]
						},
						"0.7833": {
							"vector": [-0.6, -34, 11.68]
						},
						"0.85": {
							"vector": [-0.345, -32, 11.68]
						},
						"1.0": {
							"vector": [-0.345, -32, 11.68]
						},
						"1.0333": {
							"vector": [-1.015, -27, 11.68]
						},
						"1.0833": {
							"vector": [-0.34, -18.425, 10.855]
						},
						"1.35": {
							"vector": [-0.34, -18.425, 10.855]
						},
						"1.5167": {
							"vector": [0, 0, 0]
						}
					}
				},
				"magazine": {
					"rotation": {
						"0.0": {
							"vector": [0, 0, 0]
						},
						"0.2": {
							"vector": [0, 0, 0]
						},
						"0.3333": {
							"vector": [5.5, -5, -7.75]
						},
						"0.5167": {
							"vector": [5.5, -5, -7.75]
						},
						"0.65": {
							"vector": [4.70142, -5.7571, 0.75379]
						},
						"0.7167": {
							"vector": [1.39943, -5.58972, -1.24901]
						},
						"0.9333": {
							"vector": [1.21633, -4.14717, 1.29354]
						},
						"1.0": {
							"vector": [0, 0, 0]
						},
						"1.0333": {
							"vector": [0, 0, 0]
						},
						"1.1": {
							"vector": [0, 0, 0]
						}
					},
					"position": {
						"0.0": {
							"vector": [0, 0, 0]
						},
						"0.2": {
							"vector": [0, 0, 0]
						},
						"0.2667": {
							"vector": [0, -15, 0]
						},
						"0.3333": {
							"vector": [0, -32.925, 2.75]
						},
						"0.5167": {
							"vector": [0, -32.925, 2.75]
						},
						"0.65": {
							"vector": [0.975, -10.92, -0.25]
						},
						"0.7167": {
							"vector": [0.28, -12.145, -0.25]
						},
						"0.9333": {
							"vector": [-0.72, -10.94, -0.25]
						},
						"1.0": {
							"vector": [0, -10.45, 0]
						},
						"1.0333": {
							"vector": [0, -8.85, 0]
						},
						"1.1": {
							"vector": [0, 0, 0]
						}
					}
				},
				"_camera_": {
					"rotation": {
						"0.0": {
							"vector": [0, 0, 0]
						},
						"0.15": {
							"vector": [-0.00218, 0.5, -0.25001],
							"easing": "easeInOutSine"
						},
						"0.2667": {
							"vector": [1.32229, 0.08023, 1.55235]
						},
						"0.4167": {
							"vector": [1.74558, 0.00555, -0.51083],
							"easing": "easeOutSine"
						},
						"0.5333": {
							"vector": [1.52519, 0.33024, 0.45219]
						},
						"0.7333": {
							"vector": [1.25871, 0.74236, 0.49893],
							"easing": "easeInOutSine"
						},
						"0.9333": {
							"vector": [0.90014, 1, 0.50679],
							"easing": "easeOutSine"
						},
						"1.0167": {
							"vector": [0.55315, 0.74116, 0.72622]
						},
						"1.1167": {
							"vector": [0.27496, 0.7409, 1.74906]
						},
						"1.2833": {
							"vector": [0.97203, 0.78772, -2.25094]
						},
						"1.5333": {
							"vector": [1.02076, 0.36983, 1.07921],
							"easing": "easeInSine"
						},
						"1.7833": {
							"vector": [0, 0, 0],
							"easing": "easeOutSine"
						}
					}
				}
			},
			"sound_effects": {
				"0.0": {
					"effect": "hl_mp7magout"
				},
				"0.6833": {
					"effect": "hl_mp7magin"
				},
				"1.25": {
					"effect": "foley_end"
				}
			}
		},
		"animation.model.reloadempty": {
			"loop": true,
			"animation_length": 2.3667,
			"bones": {
				"main": {
					"rotation": {
						"0.0": {
							"vector": [0, 0, 0]
						},
						"0.1": {
							"vector": [-3.22687, -0.91442, 7.48648]
						},
						"0.2167": {
							"vector": [-2.95823, -1.01346, -8.2832]
						},
						"0.3167": {
							"vector": [-4.19935, 1.58016, 13.83254]
						},
						"0.4167": {
							"vector": [-4.30321, 0.88375, 9.61003]
						},
						"0.65": {
							"vector": [-9.99001, -5.25819, -13.26002],
							"easing": "easeInOutSine"
						},
						"0.7833": {
							"vector": [-10.61284, -8.48654, -17.09544],
							"easing": "easeOutSine"
						},
						"0.9": {
							"vector": [-10.2455, -7.70699, -19.54914]
						},
						"1.0167": {
							"vector": [-9.63045, -8.49277, -18.63768]
						},
						"1.1333": {
							"vector": [-13.97137, -14.92532, -21.71348],
							"easing": "easeInOutQuad"
						},
						"1.2167": {
							"vector": [-1.79696, -6.88021, -10.54349],
							"easing": "linear"
						},
						"1.4167": {
							"vector": [-6.79657, -8.95083, -12.02414],
							"easing": "linear"
						},
						"1.4833": {
							"vector": [-6.33048, -6.88611, -2.60756]
						},
						"1.5833": {
							"vector": [-6.01776, -7.13859, -11.45209]
						},
						"1.7": {
							"vector": [-4.716, -5.8881, -7.26556]
						},
						"1.95": {
							"vector": [1.57141, -1.85374, -1.9128],
							"easing": "easeInOutQuad"
						},
						"2.0833": {
							"vector": [0, 0, 0],
							"easing": "linear"
						}
					},
					"position": {
						"0.0": {
							"vector": [0, 0, 0]
						},
						"0.0833": {
							"vector": [-0.4, -0.8, -3.3]
						},
						"0.2": {
							"vector": [-0.275, 1.7, -2.175]
						},
						"0.2667": {
							"vector": [-0.23, -2.4, -3.9]
						},
						"0.3667": {
							"vector": [-0.83, -3.125, -5.1]
						},
						"0.4833": {
							"vector": [-0.93, -0.675, -4]
						},
						"0.6167": {
							"vector": [-2.66, 0.475, -5.97]
						},
						"0.7833": {
							"vector": [-2.88, 1.275, -5.97],
							"easing": "easeInQuad"
						},
						"1.0": {
							"vector": [-2.88, 0.85, -5.97]
						},
						"1.1667": {
							"vector": [-3.155, 2.155, -5.97],
							"easing": "easeOutQuad"
						},
						"1.3333": {
							"vector": [-3.105, -0.94, -5.67],
							"easing": "easeInOutSine"
						},
						"1.45": {
							"vector": [-3.1, -0.51, -5.79]
						},
						"1.5333": {
							"vector": [-3.1, -0.195, -7.595]
						},
						"1.6833": {
							"vector": [-2.825, -1.615, -6.59],
							"easing": "easeInOutSine"
						},
						"1.8833": {
							"vector": [0.02894, -1.60775, -6.90297],
							"easing": "easeInOutSine"
						},
						"2.0167": {
							"vector": [-0.01391, -0.26895, -0.26276]
						},
						"2.0833": {
							"vector": [0, 0, 0],
							"easing": "linear"
						}
					}
				},
				"rightarm": {
					"rotation": {
						"0.0": {
							"vector": [0, 0, 0]
						},
						"0.1333": {
							"vector": [-5.35768, -4.5314, 7.73148]
						},
						"0.3": {
							"vector": [-5.35768, -4.5314, 7.73148]
						},
						"0.3833": {
							"vector": [0, 0, 0]
						},
						"0.5167": {
							"vector": [0, 0, 0]
						},
						"0.6167": {
							"vector": [-8.29793, -7.72386, 10.192]
						},
						"1.45": {
							"vector": [-8.29793, -7.72386, 10.192]
						},
						"1.5333": {
							"vector": [-13.76257, 0.21596, 29.61305]
						},
						"1.6833": {
							"vector": [-10.5226, -3.05155, 17.01775]
						},
						"1.8167": {
							"vector": [0, 0, 0]
						}
					},
					"position": {
						"0.0": {
							"vector": [0, 0, 0]
						},
						"0.1333": {
							"vector": [-2.5, -2.175, -2]
						},
						"0.3": {
							"vector": [-2.5, -2.175, -2]
						},
						"0.3833": {
							"vector": [0, 0, 0]
						},
						"0.5167": {
							"vector": [0, 0, 0]
						},
						"0.6167": {
							"vector": [-3.975, -0.825, -0.72]
						},
						"1.45": {
							"vector": [-3.975, -0.825, -0.72]
						},
						"1.5333": {
							"vector": [-3.98, -0.245, -1.17]
						},
						"1.6833": {
							"vector": [-3.7, -0.825, -0.72]
						},
						"1.8167": {
							"vector": [0, 0, 0]
						}
					}
				},
				"leftarm": {
					"rotation": {
						"0.0": {
							"vector": [0, 0, 0]
						},
						"0.2": {
							"vector": [5.957, 0.53108, -5.30335]
						},
						"0.4167": {
							"vector": [5.957, 0.53108, -5.30335]
						},
						"0.5167": {
							"vector": [8.26784, 2.83088, -5.12726]
						},
						"0.65": {
							"vector": [-19.10135, -11.5134, 4.02131]
						},
						"0.7167": {
							"vector": [-19.10135, -11.5134, 4.02131]
						},
						"0.7833": {
							"vector": [-18.90769, -9.98227, 2.03552]
						},
						"0.85": {
							"vector": [-18.96014, -10.4423, 2.63018]
						},
						"1.0": {
							"vector": [-18.96014, -10.4423, 2.63018]
						},
						"1.0333": {
							"vector": [-18.90672, 0.83413, 11.35678]
						},
						"1.0833": {
							"vector": [-19.13344, -6.6842, 5.5409]
						},
						"1.55": {
							"vector": [-19.13344, -6.6842, 5.5409]
						},
						"1.8167": {
							"vector": [0, 0, 0]
						}
					},
					"position": {
						"0.0": {
							"vector": [0, 0, 0]
						},
						"0.2": {
							"vector": [12.425, -16.85, 31.075]
						},
						"0.4167": {
							"vector": [12.425, -16.85, 31.075]
						},
						"0.5167": {
							"vector": [0.93, -46.85, 23.83]
						},
						"0.65": {
							"vector": [-0.195, -35.1, 12.43]
						},
						"0.7167": {
							"vector": [-0.6, -36.1, 12.43]
						},
						"0.7833": {
							"vector": [-0.6, -34, 11.68]
						},
						"0.85": {
							"vector": [-0.345, -32, 11.68]
						},
						"1.0": {
							"vector": [-0.345, -32, 11.68]
						},
						"1.0333": {
							"vector": [-1.015, -27, 11.68]
						},
						"1.0833": {
							"vector": [-0.34, -18.425, 10.855]
						},
						"1.55": {
							"vector": [-0.34, -18.425, 10.855]
						},
						"1.8167": {
							"vector": [0, 0, 0]
						}
					}
				},
				"magazine": {
					"rotation": {
						"0.0": {
							"vector": [0, 0, 0]
						},
						"0.2": {
							"vector": [0, 0, 0]
						},
						"0.3333": {
							"vector": [5.5, -5, -7.75]
						},
						"0.5167": {
							"vector": [5.5, -5, -7.75]
						},
						"0.65": {
							"vector": [4.70142, -5.7571, 0.75379]
						},
						"0.7167": {
							"vector": [1.39943, -5.58972, -1.24901]
						},
						"0.9333": {
							"vector": [1.21633, -4.14717, 1.29354]
						},
						"1.0": {
							"vector": [0, 0, 0]
						},
						"1.0333": {
							"vector": [0, 0, 0]
						},
						"1.1": {
							"vector": [0, 0, 0]
						}
					},
					"position": {
						"0.0": {
							"vector": [0, 0, 0]
						},
						"0.2": {
							"vector": [0, 0, 0]
						},
						"0.2667": {
							"vector": [0, -15, 0]
						},
						"0.3333": {
							"vector": [0, -32.925, 2.75]
						},
						"0.5167": {
							"vector": [0, -32.925, 2.75]
						},
						"0.65": {
							"vector": [0.975, -10.92, -0.25]
						},
						"0.7167": {
							"vector": [0.28, -12.145, -0.25]
						},
						"0.9333": {
							"vector": [-0.72, -10.94, -0.25]
						},
						"1.0": {
							"vector": [0, -10.45, 0]
						},
						"1.0333": {
							"vector": [0, -8.85, 0]
						},
						"1.1": {
							"vector": [0, 0, 0]
						}
					}
				},
				"_camera_": {
					"rotation": {
						"0.0": {
							"vector": [0, 0, 0]
						},
						"0.15": {
							"vector": [-0.00218, 0.5, -0.25001],
							"easing": "easeInOutSine"
						},
						"0.2667": {
							"vector": [1.32229, 0.08023, 1.55235]
						},
						"0.4167": {
							"vector": [1.74558, 0.00555, -0.51083],
							"easing": "easeOutSine"
						},
						"0.5333": {
							"vector": [1.52519, 0.33024, 0.45219]
						},
						"0.7333": {
							"vector": [1.25871, 0.74236, 0.49893],
							"easing": "easeInOutSine"
						},
						"0.9333": {
							"vector": [0.90014, 1, 0.50679],
							"easing": "easeOutSine"
						},
						"1.0167": {
							"vector": [0.55315, 0.74116, 0.72622]
						},
						"1.1167": {
							"vector": [0.27496, 0.7409, 1.74906]
						},
						"1.2833": {
							"vector": [0.97203, 0.78772, -2.25094]
						},
						"1.45": {
							"vector": [0.9964, 0.57877, -0.58586]
						},
						"1.5333": {
							"vector": [1.0175, 0.37872, 0.57928],
							"easing": "easeInSine"
						},
						"1.65": {
							"vector": [1.29124, 0.34477, -1.8773]
						},
						"1.8167": {
							"vector": [1.05263, 0.18133, 1.51552],
							"easing": "easeInSine"
						},
						"2.05": {
							"vector": [0, 0, 0],
							"easing": "easeOutSine"
						}
					}
				}
			},
			"sound_effects": {
				"0.0": {
					"effect": "hl_mp7magout"
				},
				"0.6833": {
					"effect": "hl_mp7magin"
				},
				"1.35": {
					"effect": "hl_mp7press"
				},
				"1.6": {
					"effect": "foley_end"
				}
			}
		},
		"animation.model.draw": {
			"loop": true,
			"animation_length": 1.2,
			"bones": {
				"main": {
					"rotation": {
						"0.0": {
							"vector": [-50.60123, -38.99394, 92.01937]
						},
						"0.1333": {
							"vector": [-3.27585, -3.91843, 52.5061],
							"easing": "easeOutSine"
						},
						"0.35": {
							"vector": [1.57141, -1.85374, -1.9128],
							"easing": "easeOutSine"
						},
						"0.4167": {
							"vector": [0.27288, -0.37236, 1.59554],
							"easing": "linear"
						},
						"0.4833": {
							"vector": [0, 0, 0],
							"easing": "linear"
						}
					},
					"position": {
						"0.0": {
							"vector": [0, -17.3, 0]
						},
						"0.0833": {
							"vector": [-0.03, -9.09, 0.045]
						},
						"0.25": {
							"vector": [0.02894, -1.60775, -6.90297]
						},
						"0.3167": {
							"vector": [0.05077, -1.45863, -3.79557],
							"easing": "linear"
						},
						"0.4167": {
							"vector": [-0.01391, -0.26895, -0.26276]
						},
						"0.4833": {
							"vector": [0, 0, 0],
							"easing": "linear"
						}
					}
				},
				"leftarm": {
					"rotation": {
						"0.0": {
							"vector": [-22, 0, 0]
						},
						"0.1167": {
							"vector": [-7, 0, -22]
						},
						"0.3667": {
							"vector": [0, 0, 0]
						}
					},
					"position": {
						"0.0": {
							"vector": [3.325, -2.275, 0]
						},
						"0.1167": {
							"vector": [6.01401, 5.6254, 6.79783]
						},
						"0.3667": {
							"vector": [0, 0, 0]
						}
					}
				},
				"_camera_": {
					"rotation": {
						"0.0": {
							"vector": [0, 0, 0]
						},
						"0.15": {
							"vector": [1.80315, -1.89688, -1.62846],
							"easing": "easeInOutSine"
						},
						"0.2667": {
							"vector": [1.24924, -0.00333, 0.0435]
						},
						"0.3667": {
							"vector": [0.44082, -0.01767, 1.01624]
						},
						"0.4833": {
							"vector": [0, 0, 0],
							"easing": "easeOutSine"
						}
					}
				}
			},
			"sound_effects": {
				"0.0": {
					"effect": "draw"
				}
			}
		},
		"animation.model.inspect": {
			"loop": true,
			"animation_length": 6.25,
			"bones": {
				"main": {
					"rotation": {
						"0.0": {
							"vector": [0, 0, 0]
						},
						"0.3667": {
							"vector": [-5.14843, -32.55362, -13.18672],
							"easing": "easeOutSine"
						},
						"0.7": {
							"vector": [-6.21081, -35.56137, -13.06472]
						},
						"0.9": {
							"vector": [-6.82514, -35.72183, -13.29769]
						},
						"1.1167": {
							"vector": [-5.86167, -35.9395, -13.66112]
						},
						"1.3333": {
							"vector": [-6.36726, -36.03891, -12.79855],
							"easing": "easeInSine"
						},
						"1.7": {
							"vector": [-2.38092, -31.97807, -18.70817],
							"easing": "easeInOutSine"
						},
						"1.8833": {
							"vector": [-2.20708, -31.23868, -19.03673]
						},
						"2.0333": {
							"vector": [-1.72234, -31.30358, -19.00789]
						},
						"2.2": {
							"vector": [-2.30453, -31.56655, -18.29622]
						},
						"2.4167": {
							"vector": [-2.0354, -31.80434, -19.10298]
						},
						"2.6167": {
							"vector": [-2.38092, -31.97807, -18.70817],
							"easing": "easeInOutSine"
						},
						"3.05": {
							"vector": [-21.02619, 11.74331, 75.1346],
							"easing": "easeInOutSine"
						},
						"3.2667": {
							"vector": [-20.1444, 12.23826, 82.20962],
							"easing": "easeOutSine"
						},
						"3.6": {
							"vector": [-20.16992, 13.19788, 82.15108]
						},
						"3.8": {
							"vector": [-20.18709, 13.17072, 81.31869]
						},
						"4.0333": {
							"vector": [-20.21591, 13.12511, 81.35873]
						},
						"4.15": {
							"vector": [-20.62949, 13.26518, 83.12123]
						},
						"4.3167": {
							"vector": [-20.29524, 12.99959, 80.95424]
						},
						"4.5": {
							"vector": [-20.19942, 13.15205, 81.96859],
							"easing": "easeInOutSine"
						},
						"4.6833": {
							"vector": [-20.57356, 12.54239, 80.28609]
						},
						"4.8": {
							"vector": [-19.32494, 12.4203, 81.41625]
						},
						"5.0167": {
							"vector": [-19.9786, 12.16499, 80.6945]
						},
						"5.4167": {
							"vector": [1.57141, -1.85374, -1.9128],
							"easing": "easeInOutQuad"
						},
						"5.55": {
							"vector": [0, 0, 0],
							"easing": "linear"
						}
					},
					"position": {
						"0.0": {
							"vector": [0, 0, 0]
						},
						"0.2": {
							"vector": [4.2, 1.05, 0],
							"easing": "easeOutSine"
						},
						"0.5": {
							"vector": [4.32, 1.83, 0],
							"easing": "easeInSine"
						},
						"0.7": {
							"vector": [4.3, 2.08, 0]
						},
						"1.0333": {
							"vector": [4.33, 2.13, 0]
						},
						"1.2833": {
							"vector": [4.35, 2.275, 0],
							"easing": "easeInOutSine"
						},
						"1.6667": {
							"vector": [5.96434, 2.70097, -0.10616],
							"easing": "easeInOutSine"
						},
						"1.9": {
							"vector": [6.27, 2.95, 0]
						},
						"2.3667": {
							"vector": [6.26, 2.9, 0],
							"easing": "easeInOutSine"
						},
						"2.6167": {
							"vector": [6.225, 1.955, 0],
							"easing": "easeInSine"
						},
						"2.9167": {
							"vector": [7.25679, -1.33967, -0.02701],
							"easing": "easeOutSine"
						},
						"3.3": {
							"vector": [7.42, -2, -0.1],
							"easing": "easeInOutSine"
						},
						"3.7667": {
							"vector": [7.45, -1.87, -0.225]
						},
						"4.0333": {
							"vector": [7.47, -1.9, -0.1]
						},
						"4.1667": {
							"vector": [7.47, -1.95, 0.575]
						},
						"4.3833": {
							"vector": [7.47, -1.9, 0.275],
							"easing": "easeInOutSine"
						},
						"4.7167": {
							"vector": [7.47, -1.9, 0.38]
						},
						"4.7833": {
							"vector": [7.47, -1.9, -0.67]
						},
						"5.0167": {
							"vector": [7.42, -1.9, 0.025],
							"easing": "easeInOutSine"
						},
						"5.35": {
							"vector": [0.02894, -1.60775, -6.90297],
							"easing": "easeInOutSine"
						},
						"5.4833": {
							"vector": [-0.01391, -0.26895, -0.26276]
						},
						"5.55": {
							"vector": [0, 0, 0],
							"easing": "linear"
						}
					}
				},
				"action": {
					"position": {
						"0.0": {
							"vector": [0, 0, 0]
						},
						"4.0833": {
							"vector": [0, 0, 0]
						},
						"4.1667": {
							"vector": [0, 0, 3.375]
						},
						"4.7667": {
							"vector": [0, 0, 3.375]
						},
						"4.8": {
							"vector": [0, 0, 0]
						}
					}
				},
				"rightarm": {
					"rotation": {
						"0.0": {
							"vector": [0, 0, 0]
						},
						"0.3167": {
							"vector": [1.27667, -2.82855, -12.99539]
						},
						"2.7": {
							"vector": [1.27667, -2.82855, -12.99539]
						},
						"2.9167": {
							"vector": [-0.07498, 19.91533, 0.38361]
						},
						"5.2333": {
							"vector": [-0.07498, 19.91533, 0.38361]
						},
						"5.45": {
							"vector": [0, 0, 0]
						}
					},
					"position": {
						"0.0": {
							"vector": [0, 0, 0]
						},
						"0.3167": {
							"vector": [1.25254, -1.4406, 0.88949]
						},
						"2.7": {
							"vector": [1.25254, -1.4406, 0.88949]
						},
						"2.9167": {
							"vector": [8.16454, -1.6467, 2.17556]
						},
						"5.2333": {
							"vector": [8.16454, -1.6467, 2.17556]
						},
						"5.45": {
							"vector": [0, 0, 0]
						}
					}
				},
				"leftarm": {
					"rotation": {
						"0.0": {
							"vector": [0, 0, 0]
						},
						"0.3": {
							"vector": [-8.63432, 6.38922, 10.89177]
						},
						"2.5667": {
							"vector": [-8.63432, 6.38922, 10.89177]
						},
						"2.9833": {
							"vector": [2.15969, -11.56704, -74.35659]
						},
						"3.7833": {
							"vector": [2.15969, -11.56704, -74.35659]
						},
						"4.0167": {
							"vector": [2.15969, -11.56704, -74.35659]
						},
						"4.0833": {
							"vector": [2.15969, -11.56704, -74.35659]
						},
						"4.1667": {
							"vector": [-5.09031, -11.56704, -74.35659]
						},
						"4.7667": {
							"vector": [-5.09031, -11.56704, -74.35659]
						},
						"4.9667": {
							"vector": [-5.09031, -11.56704, -74.35659]
						},
						"5.3667": {
							"vector": [0, 0, 0]
						}
					},
					"position": {
						"0.0": {
							"vector": [0, 0, 0]
						},
						"0.3": {
							"vector": [0.96934, -8.55719, -5.45085]
						},
						"2.5667": {
							"vector": [0.96934, -8.55719, -5.45085]
						},
						"2.7667": {
							"vector": [11.18068, 9.82455, -1.12026]
						},
						"2.9833": {
							"vector": [8.38084, 27.78089, 0.62166]
						},
						"3.7833": {
							"vector": [8.38084, 27.78089, 0.62166]
						},
						"3.9": {
							"vector": [11.24495, 33.81734, 16.39992]
						},
						"4.0167": {
							"vector": [7.8128, 33.8418, 35.74223]
						},
						"4.0833": {
							"vector": [7.8128, 33.8418, 35.74223]
						},
						"4.1667": {
							"vector": [8.79833, 34.27161, 36.46589]
						},
						"4.7667": {
							"vector": [8.79833, 34.27161, 36.46589]
						},
						"4.9667": {
							"vector": [8.79833, 34.27161, 36.46589]
						},
						"5.15": {
							"vector": [20.6736, 18.73168, 22.32812]
						},
						"5.3667": {
							"vector": [0, 0, 0]
						}
					},
					"scale": {
						"0.0": {
							"vector": [1, 1, 1]
						},
						"0.3": {
							"vector": [1.2, 1.2, 1.2]
						},
						"4.9667": {
							"vector": [1.2, 1.2, 1.2]
						},
						"5.3667": {
							"vector": [1, 1, 1]
						}
					}
				},
				"bullet": {
					"position": {
						"vector": [-0.875, 4.15, 0.4]
					}
				},
				"_camera_": {
					"rotation": {
						"0.0": {
							"vector": [0, 0, 0]
						},
						"0.45": {
							"vector": [1.78468, 1.97352, 1.00025],
							"easing": "easeOutSine"
						},
						"0.9833": {
							"vector": [1.42202, 2.40231, 0.79977],
							"easing": "easeInOutSine"
						},
						"1.4667": {
							"vector": [2.01855, 2.98648, 0.52664],
							"easing": "easeInOutSine"
						},
						"2.5": {
							"vector": [1.51348, 0.9938, 0.2237],
							"easing": "easeOutSine"
						},
						"3.35": {
							"vector": [5.51659, 0.73073, 0.46677],
							"easing": "easeInOutSine"
						},
						"3.65": {
							"vector": [6.01659, 0.73073, 0.46677]
						},
						"4.1": {
							"vector": [5.86226, 0.73073, 0.46677]
						},
						"4.25": {
							"vector": [6.55404, 0.93088, -1.27193]
						},
						"4.5167": {
							"vector": [6.7225, 0.74852, 0.30103]
						},
						"4.7": {
							"vector": [6.79463, 0.75936, 0.21839]
						},
						"4.85": {
							"vector": [6.22964, 0.9703, -2.022],
							"easing": "easeInOutSine"
						},
						"5.0833": {
							"vector": [4.44719, 0.46388, 1.08121]
						},
						"5.55": {
							"vector": [0, 0, 0],
							"easing": "easeInOutQuad"
						}
					}
				},
				"pully": {
					"position": {
						"0.0": {
							"vector": [0, 0, 0]
						},
						"4.0833": {
							"vector": [0, 0, 0]
						},
						"4.1667": {
							"vector": [0, 0, 4]
						},
						"4.7667": {
							"vector": [0, 0, 4]
						},
						"4.8": {
							"vector": [0, 0, 0]
						}
					}
				}
			},
			"sound_effects": {
				"0.0": {
					"effect": "foley_start"
				},
				"1.3833": {
					"effect": "inspect_foley"
				},
				"2.4167": {
					"effect": "inspect_turn"
				},
				"4.05": {
					"effect": "hl_mp5open"
				},
				"4.75": {
					"effect": "hl_mp5close"
				},
				"4.8667": {
					"effect": "foley_end"
				}
			}
		},
		"animation.model.inspectempty": {
			"loop": true,
			"animation_length": 6.25,
			"bones": {
				"main": {
					"rotation": {
						"0.0": {
							"vector": [0, 0, 0]
						},
						"0.3667": {
							"vector": [-5.14843, -32.55362, -13.18672],
							"easing": "easeOutSine"
						},
						"0.7": {
							"vector": [-6.21081, -35.56137, -13.06472]
						},
						"0.9": {
							"vector": [-6.82514, -35.72183, -13.29769]
						},
						"1.1167": {
							"vector": [-5.86167, -35.9395, -13.66112]
						},
						"1.3333": {
							"vector": [-6.36726, -36.03891, -12.79855],
							"easing": "easeInSine"
						},
						"1.7": {
							"vector": [-2.38092, -31.97807, -18.70817],
							"easing": "easeInOutSine"
						},
						"1.8833": {
							"vector": [-2.20708, -31.23868, -19.03673]
						},
						"2.0333": {
							"vector": [-1.72234, -31.30358, -19.00789]
						},
						"2.2": {
							"vector": [-2.30453, -31.56655, -18.29622]
						},
						"2.4167": {
							"vector": [-2.0354, -31.80434, -19.10298]
						},
						"2.6167": {
							"vector": [-2.38092, -31.97807, -18.70817],
							"easing": "easeInOutSine"
						},
						"3.05": {
							"vector": [-21.02619, 11.74331, 75.1346],
							"easing": "easeInOutSine"
						},
						"3.2667": {
							"vector": [-20.1444, 12.23826, 82.20962],
							"easing": "easeOutSine"
						},
						"3.6": {
							"vector": [-20.16992, 13.19788, 82.15108]
						},
						"3.8": {
							"vector": [-20.18709, 13.17072, 81.31869]
						},
						"4.0333": {
							"vector": [-20.21591, 13.12511, 81.35873]
						},
						"4.15": {
							"vector": [-20.62949, 13.26518, 83.12123]
						},
						"4.3167": {
							"vector": [-20.29524, 12.99959, 80.95424]
						},
						"4.5": {
							"vector": [-20.19942, 13.15205, 81.96859],
							"easing": "easeInOutSine"
						},
						"4.6833": {
							"vector": [-20.57356, 12.54239, 80.28609]
						},
						"4.8": {
							"vector": [-19.32494, 12.4203, 81.41625]
						},
						"5.0167": {
							"vector": [-19.9786, 12.16499, 80.6945]
						},
						"5.4167": {
							"vector": [1.57141, -1.85374, -1.9128],
							"easing": "easeInOutQuad"
						},
						"5.55": {
							"vector": [0, 0, 0],
							"easing": "linear"
						}
					},
					"position": {
						"0.0": {
							"vector": [0, 0, 0]
						},
						"0.2": {
							"vector": [4.2, 1.05, 0],
							"easing": "easeOutSine"
						},
						"0.5": {
							"vector": [4.32, 1.83, 0],
							"easing": "easeInSine"
						},
						"0.7": {
							"vector": [4.3, 2.08, 0]
						},
						"1.0333": {
							"vector": [4.33, 2.13, 0]
						},
						"1.2833": {
							"vector": [4.35, 2.275, 0],
							"easing": "easeInOutSine"
						},
						"1.6667": {
							"vector": [5.96434, 2.70097, -0.10616],
							"easing": "easeInOutSine"
						},
						"1.9": {
							"vector": [6.27, 2.95, 0]
						},
						"2.3667": {
							"vector": [6.26, 2.9, 0],
							"easing": "easeInOutSine"
						},
						"2.6167": {
							"vector": [6.225, 1.955, 0],
							"easing": "easeInSine"
						},
						"2.9167": {
							"vector": [7.25679, -1.33967, -0.02701],
							"easing": "easeOutSine"
						},
						"3.3": {
							"vector": [7.42, -2, -0.1],
							"easing": "easeInOutSine"
						},
						"3.7667": {
							"vector": [7.45, -1.87, -0.225]
						},
						"4.0333": {
							"vector": [7.47, -1.9, -0.1]
						},
						"4.1667": {
							"vector": [7.47, -1.95, 0.575]
						},
						"4.3833": {
							"vector": [7.47, -1.9, 0.275],
							"easing": "easeInOutSine"
						},
						"4.7167": {
							"vector": [7.47, -1.9, 0.38]
						},
						"4.7833": {
							"vector": [7.47, -1.9, -0.67]
						},
						"5.0167": {
							"vector": [7.42, -1.9, 0.025],
							"easing": "easeInOutSine"
						},
						"5.35": {
							"vector": [0.02894, -1.60775, -6.90297],
							"easing": "easeInOutSine"
						},
						"5.4833": {
							"vector": [-0.01391, -0.26895, -0.26276]
						},
						"5.55": {
							"vector": [0, 0, 0],
							"easing": "linear"
						}
					}
				},
				"action": {
					"position": {
						"0.0": {
							"vector": [0, 0, 0]
						},
						"4.0833": {
							"vector": [0, 0, 0]
						},
						"4.1667": {
							"vector": [0, 0, 3.375]
						},
						"4.7667": {
							"vector": [0, 0, 3.375]
						},
						"4.8": {
							"vector": [0, 0, 0]
						}
					}
				},
				"rightarm": {
					"rotation": {
						"0.0": {
							"vector": [0, 0, 0]
						},
						"0.3167": {
							"vector": [1.27667, -2.82855, -12.99539]
						},
						"2.7": {
							"vector": [1.27667, -2.82855, -12.99539]
						},
						"2.9167": {
							"vector": [-0.07498, 19.91533, 0.38361]
						},
						"5.2333": {
							"vector": [-0.07498, 19.91533, 0.38361]
						},
						"5.45": {
							"vector": [0, 0, 0]
						}
					},
					"position": {
						"0.0": {
							"vector": [0, 0, 0]
						},
						"0.3167": {
							"vector": [1.25254, -1.4406, 0.88949]
						},
						"2.7": {
							"vector": [1.25254, -1.4406, 0.88949]
						},
						"2.9167": {
							"vector": [8.16454, -1.6467, 2.17556]
						},
						"5.2333": {
							"vector": [8.16454, -1.6467, 2.17556]
						},
						"5.45": {
							"vector": [0, 0, 0]
						}
					}
				},
				"leftarm": {
					"rotation": {
						"0.0": {
							"vector": [0, 0, 0]
						},
						"0.3": {
							"vector": [-8.63432, 6.38922, 10.89177]
						},
						"2.5667": {
							"vector": [-8.63432, 6.38922, 10.89177]
						},
						"2.9833": {
							"vector": [2.15969, -11.56704, -74.35659]
						},
						"3.7833": {
							"vector": [2.15969, -11.56704, -74.35659]
						},
						"4.0167": {
							"vector": [2.15969, -11.56704, -74.35659]
						},
						"4.0833": {
							"vector": [2.15969, -11.56704, -74.35659]
						},
						"4.1667": {
							"vector": [-5.09031, -11.56704, -74.35659]
						},
						"4.7667": {
							"vector": [-5.09031, -11.56704, -74.35659]
						},
						"4.9667": {
							"vector": [-5.09031, -11.56704, -74.35659]
						},
						"5.3667": {
							"vector": [0, 0, 0]
						}
					},
					"position": {
						"0.0": {
							"vector": [0, 0, 0]
						},
						"0.3": {
							"vector": [0.96934, -8.55719, -5.45085]
						},
						"2.5667": {
							"vector": [0.96934, -8.55719, -5.45085]
						},
						"2.7667": {
							"vector": [11.18068, 9.82455, -1.12026]
						},
						"2.9833": {
							"vector": [8.38084, 27.78089, 0.62166]
						},
						"3.7833": {
							"vector": [8.38084, 27.78089, 0.62166]
						},
						"3.9": {
							"vector": [11.24495, 33.81734, 16.39992]
						},
						"4.0167": {
							"vector": [7.8128, 33.8418, 35.74223]
						},
						"4.0833": {
							"vector": [7.8128, 33.8418, 35.74223]
						},
						"4.1667": {
							"vector": [8.79833, 34.27161, 36.46589]
						},
						"4.7667": {
							"vector": [8.79833, 34.27161, 36.46589]
						},
						"4.9667": {
							"vector": [8.79833, 34.27161, 36.46589]
						},
						"5.15": {
							"vector": [20.6736, 18.73168, 22.32812]
						},
						"5.3667": {
							"vector": [0, 0, 0]
						}
					},
					"scale": {
						"0.0": {
							"vector": [1, 1, 1]
						},
						"0.3": {
							"vector": [1.2, 1.2, 1.2]
						},
						"4.9667": {
							"vector": [1.2, 1.2, 1.2]
						},
						"5.3667": {
							"vector": [1, 1, 1]
						}
					}
				},
				"bullet": {
					"scale": {
						"vector": [0, 0, 0]
					}
				},
				"_camera_": {
					"rotation": {
						"0.0": {
							"vector": [0, 0, 0]
						},
						"0.45": {
							"vector": [1.78468, 1.97352, 1.00025],
							"easing": "easeOutSine"
						},
						"0.9833": {
							"vector": [1.42202, 2.40231, 0.79977],
							"easing": "easeInOutSine"
						},
						"1.4667": {
							"vector": [2.01855, 2.98648, 0.52664],
							"easing": "easeInOutSine"
						},
						"2.5": {
							"vector": [1.51348, 0.9938, 0.2237],
							"easing": "easeOutSine"
						},
						"3.35": {
							"vector": [5.51659, 0.73073, 0.46677],
							"easing": "easeInOutSine"
						},
						"3.65": {
							"vector": [6.01659, 0.73073, 0.46677]
						},
						"4.1": {
							"vector": [5.86226, 0.73073, 0.46677]
						},
						"4.25": {
							"vector": [6.55404, 0.93088, -1.27193]
						},
						"4.5167": {
							"vector": [6.7225, 0.74852, 0.30103]
						},
						"4.7": {
							"vector": [6.79463, 0.75936, 0.21839]
						},
						"4.85": {
							"vector": [6.22964, 0.9703, -2.022],
							"easing": "easeInOutSine"
						},
						"5.0833": {
							"vector": [4.44719, 0.46388, 1.08121]
						},
						"5.55": {
							"vector": [0, 0, 0],
							"easing": "easeInOutQuad"
						}
					}
				},
				"pully": {
					"position": {
						"0.0": {
							"vector": [0, 0, 0]
						},
						"4.0833": {
							"vector": [0, 0, 0]
						},
						"4.1667": {
							"vector": [0, 0, 4]
						},
						"4.7667": {
							"vector": [0, 0, 4]
						},
						"4.8": {
							"vector": [0, 0, 0]
						}
					}
				}
			},
			"sound_effects": {
				"0.0": {
					"effect": "foley_start"
				},
				"1.3833": {
					"effect": "inspect_foley"
				},
				"2.4167": {
					"effect": "inspect_turn"
				},
				"4.05": {
					"effect": "hl_mp5open"
				},
				"4.75": {
					"effect": "hl_mp5close"
				},
				"4.8667": {
					"effect": "foley_end"
				}
			}
		},
		"animation.model.firegrenade": {
			"loop": true,
			"animation_length": 0.5833,
			"bones": {
				"main": {
					"rotation": {
						"0.0": {
							"vector": [0, 0, 0]
						},
						"0.05": {
							"vector": [-3.66206, -1.09217, -5.89975]
						},
						"0.2167": {
							"vector": [-2.8004, 0.29761, -4.49811]
						},
						"0.35": {
							"vector": [0, 0, 2]
						},
						"0.4667": {
							"vector": [0, 0, 0]
						}
					},
					"position": {
						"0.0": {
							"vector": [0, 0, 0]
						},
						"0.0333": {
							"vector": [0, -0.9, 4.875]
						},
						"0.3167": {
							"vector": [0, -1.025, 0.775],
							"easing": "easeInOutSine"
						},
						"0.4667": {
							"vector": [0, 0, 0],
							"easing": "easeOutSine"
						}
					}
				},
				"_camera_": {
					"rotation": {
						"0.0": {
							"vector": [0, 0, 0]
						},
						"0.0667": {
							"vector": [-4.74235, -0.64055, 2.99705]
						},
						"0.1667": {
							"vector": [-3.25289, -0.66995, -2.41145]
						},
						"0.35": {
							"vector": [0.5, 0, 0],
							"easing": "easeInOutSine"
						},
						"0.4667": {
							"vector": [0, 0, 0],
							"easing": "easeOutSine"
						}
					}
				}
			}
		},
		"animation.model.launcherreload": {
			"loop": true,
			"animation_length": 3.1833,
			"bones": {
				"main": {
					"rotation": {
						"0.0": {
							"vector": [0, 0, 0]
						},
						"0.1833": {
							"vector": [1.59302, -1.99383, 4.50273],
							"easing": "easeInOutSine"
						},
						"0.2667": {
							"vector": [1.46884, -2.58719, 7.99088]
						},
						"0.3833": {
							"vector": [1.38772, -1.45497, 3.01668]
						},
						"0.5667": {
							"vector": [-1.0269, -2.17684, 7.52408],
							"easing": "easeOutSine"
						},
						"0.6833": {
							"vector": [-1.21367, -1.64784, 7.0314]
						},
						"0.8": {
							"vector": [-1.24665, -1.91505, 9.00926]
						},
						"0.9667": {
							"vector": [-1.20601, -1.64885, 7.91657]
						},
						"1.1167": {
							"vector": [-1.27492, -2.14408, 8.30876]
						},
						"1.2167": {
							"vector": [-1.27492, -2.14408, 7.25012]
						},
						"1.3167": {
							"vector": [-1.3387, -2.64, 7.82417]
						},
						"1.4167": {
							"vector": [-0.75603, -1.78776, 4.96936]
						},
						"1.5667": {
							"vector": [-1.26539, -1.95855, 7.60039]
						},
						"1.7333": {
							"vector": [-0.77595, -2.15411, 7.38822]
						},
						"1.8333": {
							"vector": [-1.26256, 0.35589, 0.28323],
							"easing": "easeOutSine"
						},
						"1.95": {
							"vector": [-0.46951, -2.55317, 8.37137]
						},
						"2.25": {
							"vector": [1.57141, -1.85374, -1.9128],
							"easing": "easeInOutQuad"
						},
						"2.3833": {
							"vector": [0, 0, 0],
							"easing": "linear"
						}
					},
					"position": {
						"0.0": {
							"vector": [0, 0, 0]
						},
						"0.1833": {
							"vector": [-0.3, -1.5, 0],
							"easing": "easeInOutSine"
						},
						"0.3": {
							"vector": [0.375, -1.7, 1.075],
							"easing": "easeOutSine"
						},
						"0.4333": {
							"vector": [-0.20438, -2.18452, 0.74373]
						},
						"0.55": {
							"vector": [-0.18, -2.37, 0.64]
						},
						"0.6667": {
							"vector": [-0.17, -2.475, 1.45],
							"easing": "easeOutSine"
						},
						"0.95": {
							"vector": [-0.27, -2.57, 0.455],
							"easing": "easeOutSine"
						},
						"1.2": {
							"vector": [-0.13, -2.53, 0.82]
						},
						"1.3167": {
							"vector": [-0.14, -2.42, 0.525]
						},
						"1.4167": {
							"vector": [-0.125, -2.44, -0.245]
						},
						"1.55": {
							"vector": [-0.15, -2.56, 0.57]
						},
						"1.6833": {
							"vector": [-0.16, -2.51, 0.845]
						},
						"1.7833": {
							"vector": [-0.17, -2.49, 0.7]
						},
						"1.8667": {
							"vector": [-0.92, -2.475, 0.575],
							"easing": "easeOutSine"
						},
						"1.9833": {
							"vector": [-0.34, -2.13, -1.68]
						},
						"2.1833": {
							"vector": [0.02894, -1.60775, -6.90297],
							"easing": "easeInOutSine"
						},
						"2.3167": {
							"vector": [-0.01391, -0.26895, -0.26276]
						},
						"2.3833": {
							"vector": [0, 0, 0],
							"easing": "linear"
						}
					}
				},
				"leftarm": {
					"rotation": {
						"0.0": {
							"vector": [0, 0, 0]
						},
						"0.1833": {
							"vector": [0, 0, 0]
						},
						"0.3": {
							"vector": [0, 0, 6.5]
						},
						"0.3667": {
							"vector": [3.39407, -5.55334, 7.02382]
						},
						"0.5167": {
							"vector": [-9.21895, -28.34019, -6.56731],
							"easing": "easeInOutSine"
						},
						"0.5667": {
							"vector": [-10.06838, -27.38241, -6.26871],
							"easing": "easeInOutSine"
						},
						"0.6833": {
							"vector": [-15.90549, -31.75863, -3.91707]
						},
						"0.85": {
							"vector": [-6.29513, -24.29803, -7.56413]
						},
						"1.05": {
							"vector": [-6.29513, -24.29803, -7.56413]
						},
						"1.2333": {
							"vector": [-18.48749, -28.56271, -2.90824]
						},
						"1.3167": {
							"vector": [-15.90549, -31.75863, -3.91707]
						},
						"1.45": {
							"vector": [-21.45404, -35.45222, -1.33793],
							"easing": "easeInOutQuad"
						},
						"1.5167": {
							"vector": [-22.36519, -32.06969, -0.98318],
							"easing": "easeInOutQuad"
						},
						"1.65": {
							"vector": [-24.18689, -23.27976, -0.13865],
							"easing": "easeInOutSine"
						},
						"1.7333": {
							"vector": [-23.9085, -23.24467, 6.036]
						},
						"1.8": {
							"vector": [-24.07601, -23.26224, 2.33131]
						},
						"1.8333": {
							"vector": [-24.07601, -23.26224, 2.33131]
						},
						"1.9167": {
							"vector": [-23.79633, -23.2388, 8.5057]
						},
						"2.1833": {
							"vector": [0, 0, 0],
							"easing": "easeInOutSine"
						}
					},
					"position": {
						"0.0": {
							"vector": [0, 0, 0]
						},
						"0.1833": {
							"vector": [0, 0, 0]
						},
						"0.3": {
							"vector": [4.2, 0, -2.475]
						},
						"0.3667": {
							"vector": [3.10188, -0.05855, -2.44852]
						},
						"0.5167": {
							"vector": [4.45643, -2.02903, -1.9265],
							"easing": "easeInOutSine"
						},
						"0.5667": {
							"vector": [5.18821, -1.93802, -2.25621],
							"easing": "easeInOutSine"
						},
						"0.6833": {
							"vector": [8.11535, -3.84865, 2.10213]
						},
						"0.85": {
							"vector": [13.94335, -2.93369, 28.06136]
						},
						"1.05": {
							"vector": [11.19278, -11.14394, 32.02417]
						},
						"1.2333": {
							"vector": [8.37917, -2.60382, 2.06454]
						},
						"1.3167": {
							"vector": [8.11535, -3.84865, 2.10213]
						},
						"1.45": {
							"vector": [3.69842, -3.51735, -7.57614],
							"easing": "easeInOutQuad"
						},
						"1.5167": {
							"vector": [4.29282, -3.4392, -7.60014],
							"easing": "easeInOutQuad"
						},
						"1.65": {
							"vector": [8.61641, -1.78289, -11.92781],
							"easing": "easeInOutSine"
						},
						"1.7333": {
							"vector": [3.22515, -3.05615, -10.94886]
						},
						"1.8": {
							"vector": [-0.06686, -3.09007, -10.82587]
						},
						"1.8333": {
							"vector": [-0.06686, -3.09007, -10.82587]
						},
						"1.9167": {
							"vector": [2.83508, -2.00214, -10.963]
						},
						"2.1833": {
							"vector": [0, 0, 0],
							"easing": "easeInOutSine"
						}
					}
				},
				"launcherchamber": {
					"rotation": {
						"0.0": {
							"vector": [0, 0, 0]
						},
						"0.1833": {
							"vector": [0, 0, 0]
						},
						"0.3": {
							"vector": [0.31606, 25.98237, 0.05834]
						},
						"0.4167": {
							"vector": [-0.12929, 21.00362, 0.02125]
						},
						"0.55": {
							"vector": [0, 23.5, 0]
						},
						"0.85": {
							"vector": [-0.04464, 23.18822, -0.02293]
						},
						"1.0667": {
							"vector": [0, 23.5, 0]
						},
						"1.2333": {
							"vector": [0, 23.5, 0]
						},
						"1.3167": {
							"vector": [-0.03992, 23.2212, -0.0205]
						},
						"1.4167": {
							"vector": [0.15977, 24.59643, 0.08424]
						},
						"1.5167": {
							"vector": [0.00144, 23.50682, 0.00111]
						},
						"1.7333": {
							"vector": [0, 23.5, 0]
						},
						"1.8": {
							"vector": [0, 0, 0]
						}
					},
					"position": {
						"0.0": {
							"vector": [0, 0, 0]
						},
						"1.8": {
							"vector": [0, 0, 0]
						}
					}
				},
				"grenade": {
					"rotation": {
						"0.0": {
							"vector": [0, 0, 0]
						},
						"0.2833": {
							"vector": [0, 0, 0]
						},
						"0.5667": {
							"vector": [0, 0, 0]
						},
						"0.6833": {
							"vector": [0, 0, 0]
						},
						"0.8667": {
							"vector": [-12.74671, 10.21704, -4.54117]
						},
						"1.0333": {
							"vector": [-12.74671, 10.21704, -4.54117]
						},
						"1.2333": {
							"vector": [4.05025, 0.62173, -10.45747]
						},
						"1.3167": {
							"vector": [0, 0, 0]
						},
						"1.45": {
							"vector": [0, 0, 0],
							"easing": "easeInOutQuad"
						}
					},
					"position": {
						"0.0": {
							"vector": [0, 0, 0]
						},
						"0.2833": {
							"vector": [0, 0, 0]
						},
						"0.4833": {
							"vector": [0, 0, 0.8],
							"easing": "easeOutSine"
						},
						"0.5667": {
							"vector": [0, 0, 0.8],
							"easing": "easeOutSine"
						},
						"0.6833": {
							"vector": [0, 0, 8.85]
						},
						"0.9333": {
							"vector": [-2.67228, -29.34075, 17.17987]
						},
						"1.05": {
							"vector": [-4.85608, -10.06229, 34.92819]
						},
						"1.2333": {
							"vector": [0.14365, 0.35669, 8.32265]
						},
						"1.3167": {
							"vector": [0, 0, 8.3]
						},
						"1.45": {
							"vector": [0, 0, 0],
							"easing": "easeInOutQuad"
						}
					}
				},
				"_camera_": {
					"rotation": {
						"0.0": {
							"vector": [0, 0, 0]
						},
						"0.2167": {
							"vector": [1.99564, 0.49118, -0.50867],
							"easing": "easeInOutSine"
						},
						"0.3333": {
							"vector": [2.09652, 0.39207, 0.9422]
						},
						"0.4667": {
							"vector": [2.29828, 0.19384, -0.53107]
						},
						"0.6": {
							"vector": [2.50004, -0.00438, 0.49566]
						},
						"0.8667": {
							"vector": [2.99569, -0.50869, 0.49562],
							"easing": "easeInOutSine"
						},
						"0.9833": {
							"vector": [2.99569, -0.50869, 0.24562],
							"easing": "easeInOutSine"
						},
						"1.2667": {
							"vector": [2.56057, -0.06597, 0.46512],
							"easing": "easeInOutSine"
						},
						"1.35": {
							"vector": [2.50004, -0.00438, -0.00434],
							"easing": "easeOutSine"
						},
						"1.45": {
							"vector": [2.14862, 0.17511, 1.66905]
						},
						"1.5833": {
							"vector": [1.85127, 0.32698, -0.1073]
						},
						"1.7667": {
							"vector": [1.50861, 1.00416, 1.98701]
						},
						"1.85": {
							"vector": [1.45463, 0.73646, -0.66601]
						},
						"1.9833": {
							"vector": [1.39683, 0.44987, 1.329]
						},
						"2.1333": {
							"vector": [1.31426, 0.04046, -0.46385]
						},
						"2.3833": {
							"vector": [0, 0, 0]
						}
					}
				}
			},
			"sound_effects": {
				"0.0": {
					"effect": "foley_start"
				},
				"0.1333": {
					"effect": "launcher_open"
				},
				"0.5667": {
					"effect": "mgl_unload"
				},
				"1.1833": {
					"effect": "mgl_load"
				},
				"1.5333": {
					"effect": "launcher_close"
				},
				"1.7667": {
					"effect": "foley_end"
				}
			}
		},
		"animation.model.switch": {
			"loop": true,
			"animation_length": 0.7167,
			"bones": {
				"main": {
					"rotation": {
						"0.0": {
							"vector": [0, 0, 0]
						},
						"0.1333": {
							"vector": [-1.75015, 0.74965, -5.77291],
							"easing": "easeInOutSine"
						},
						"0.25": {
							"vector": [-1.19254, 0.38526, 1.23679]
						},
						"0.3833": {
							"vector": [-0.1977, 0.04803, -2.01476],
							"easing": "easeOutQuad"
						},
						"0.4667": {
							"vector": [0, 0, 0],
							"easing": "easeOutSine"
						}
					},
					"position": {
						"0.0": {
							"vector": [0, 0, 0]
						},
						"0.0833": {
							"vector": [-0.18, -0.425, 0.69],
							"easing": "easeOutSine"
						},
						"0.2167": {
							"vector": [-0.325, -0.275, 1.225],
							"easing": "easeInOutSine"
						},
						"0.2833": {
							"vector": [-0.32, -0.555, 1.23]
						},
						"0.4667": {
							"vector": [0, 0, 0],
							"easing": "easeInOutSine"
						}
					}
				},
				"leftarm": {
					"rotation": {
						"0.0": {
							"vector": [0, 0, 0]
						},
						"0.15": {
							"vector": [-21.97695, -2.44572, -0.0793]
						},
						"0.2833": {
							"vector": [-4.75, 0, 0]
						},
						"0.4167": {
							"vector": [0, 0, 0]
						}
					},
					"position": {
						"0.0": {
							"vector": [0, 0, 0]
						},
						"0.15": {
							"vector": [2.225, -3.825, -6.975]
						},
						"0.2833": {
							"vector": [0.85, -0.975, -1.525]
						},
						"0.4167": {
							"vector": [0, 0, 0]
						}
					}
				},
				"rightarm": {
					"rotation": {
						"0.0": {
							"vector": [0, 0, 0]
						},
						"0.1167": {
							"vector": [-6.45366, -5.87854, -12.96186]
						},
						"0.2333": {
							"vector": [-5.62132, -4.33325, -8.25181]
						},
						"0.3667": {
							"vector": [0, 0, 0]
						}
					},
					"position": {
						"0.0": {
							"vector": [0, 0, 0]
						},
						"0.1167": {
							"vector": [0.6, -1.625, -3.1]
						},
						"0.2333": {
							"vector": [0.6, -1.63, -4.075]
						},
						"0.3667": {
							"vector": [0, 0, 0]
						}
					}
				},
				"_camera_": {
					"rotation": {
						"0.0": {
							"vector": [0, 0, 0]
						},
						"0.15": {
							"vector": [0.74012, 0.75975, -0.75],
							"easing": "easeOutSine"
						},
						"0.25": {
							"vector": [0.54307, 0.54783, -0.04545]
						},
						"0.4667": {
							"vector": [0, 0, 0],
							"easing": "easeInOutSine"
						}
					}
				}
			},
			"sound_effects": {
				"0.0333": {
					"effect": "hl_switch"
				}
			}
		},
		"animation.model.switchgrenade": {
			"loop": true,
			"animation_length": 0.7167,
			"bones": {
				"main": {
					"rotation": {
						"0.0": {
							"vector": [0, 0, 0]
						},
						"0.1333": {
							"vector": [0.74985, 0.74965, -5.77291],
							"easing": "easeInOutSine"
						},
						"0.25": {
							"vector": [1.29693, 0.41935, -0.26286]
						},
						"0.3833": {
							"vector": [-0.1977, 0.04803, -2.01476],
							"easing": "easeOutQuad"
						},
						"0.4667": {
							"vector": [0, 0, 0],
							"easing": "easeOutSine"
						}
					},
					"position": {
						"0.0": {
							"vector": [0, 0, 0]
						},
						"0.0833": {
							"vector": [-0.18, -0.425, 0.69],
							"easing": "easeOutSine"
						},
						"0.2833": {
							"vector": [-0.32, -0.555, 1.23]
						},
						"0.4667": {
							"vector": [0, 0, 0],
							"easing": "easeInOutSine"
						}
					}
				},
				"leftarm": {
					"rotation": {
						"0.0": {
							"vector": [0, 0, 0]
						},
						"0.15": {
							"vector": [-21.97695, -2.44572, -0.0793]
						},
						"0.2833": {
							"vector": [-4.75, 0, 0]
						},
						"0.4167": {
							"vector": [0, 0, 0]
						}
					},
					"position": {
						"0.0": {
							"vector": [0, 0, 0]
						},
						"0.15": {
							"vector": [2.225, -3.825, -6.975]
						},
						"0.2833": {
							"vector": [0.85, -0.975, -1.525]
						},
						"0.4167": {
							"vector": [0, 0, 0]
						}
					}
				},
				"_camera_": {
					"rotation": {
						"0.0": {
							"vector": [0, 0, 0]
						},
						"0.15": {
							"vector": [0.74012, 0.75975, -0.75],
							"easing": "easeOutSine"
						},
						"0.25": {
							"vector": [0.54307, 0.54783, -0.04545]
						},
						"0.4667": {
							"vector": [0, 0, 0],
							"easing": "easeInOutSine"
						}
					}
				}
			},
			"sound_effects": {
				"0.05": {
					"effect": "hl_switch"
				}
			}
		},
		"animation.model.running": {
			"loop": true,
			"animation_length": 0.5667,
			"bones": {
				"main": {
					"rotation": {
						"0.0": {
							"vector": [-26.603, -34.94518, 28.84185]
						},
						"0.1": {
							"vector": [-29.81673, -29.94187, 33.14961],
							"easing": "easeInOutSine"
						},
						"0.2833": {
							"vector": [-21.46907, -27.69431, 21.37313],
							"easing": "easeInOutSine"
						},
						"0.3333": {
							"vector": [-22.46288, -28.57969, 24.18927],
							"easing": "linear"
						},
						"0.5667": {
							"vector": [-26.603, -34.94518, 28.84185],
							"easing": "easeOutSine"
						}
					},
					"position": {
						"0.0": {
							"vector": [9.15, -2.575, 8.425]
						},
						"0.0333": {
							"vector": [8.66, -1.66, 8.42]
						},
						"0.0667": {
							"vector": [7.93, -1.545, 8.42]
						},
						"0.1167": {
							"vector": [7.52, -2.5, 8.42]
						},
						"0.1833": {
							"vector": [6.635, -4.455, 8.42]
						},
						"0.25": {
							"vector": [5.975, -3.28, 8.42]
						},
						"0.3": {
							"vector": [5.36, -2.325, 8.42]
						},
						"0.35": {
							"vector": [4.08, -3.73, 8.42]
						},
						"0.4": {
							"vector": [4.965, -4.93, 8.42]
						},
						"0.45": {
							"vector": [5.73, -6.575, 8.42]
						},
						"0.5": {
							"vector": [7.22, -4.86, 8.42]
						},
						"0.5667": {
							"vector": [9.15, -2.575, 8.425],
							"easing": "linear"
						}
					}
				}
			}
		},
		"animation.model.runningstart": {
			"animation_length": 0.3167,
			"bones": {
				"main": {
					"rotation": {
						"0.0": {
							"vector": [0, 0, 0]
						},
						"0.3167": {
							"vector": [-26.603, -34.94518, 28.84185],
							"easing": "easeInOutSine"
						}
					},
					"position": {
						"0.0": {
							"vector": [0, 0, 0]
						},
						"0.15": {
							"vector": [5.98, -6.785, 3.24],
							"easing": "easeInOutSine"
						},
						"0.3167": {
							"vector": [9.15, -2.575, 8.425],
							"easing": "easeInOutSine"
						}
					}
				}
			}
		},
		"animation.model.runningend": {
			"animation_length": 0.5833,
			"bones": {
				"main": {
					"rotation": {
						"0.0": {
							"vector": [-26.603, -34.94518, 28.84185],
							"easing": "easeInOutSine"
						},
						"0.3333": {
							"vector": [1.57254, -2.85336, -1.94025],
							"easing": "easeInOutSine"
						},
						"0.4167": {
							"vector": [0.26634, -0.37706, 2.59555],
							"easing": "linear"
						},
						"0.4833": {
							"vector": [0, 0, -1],
							"easing": "linear"
						},
						"0.5833": {
							"vector": [0, 0, 0],
							"easing": "linear"
						}
					},
					"position": {
						"0.0": {
							"vector": [9.15, -2.575, 8.425]
						},
						"0.1": {
							"vector": [7.58, -8.94, 1.65]
						},
						"0.3167": {
							"vector": [0.05077, -1.45863, -4.62057],
							"easing": "easeInOutSine"
						},
						"0.4167": {
							"vector": [-0.01609, -0.39395, 0.21284],
							"easing": "linear"
						},
						"0.4833": {
							"vector": [0, 0, -0.125],
							"easing": "linear"
						},
						"0.5667": {
							"vector": [0, 0, 0],
							"easing": "linear"
						}
					}
				}
			}
		},
		"animation.model.off_ground": {
			"loop": true,
			"animation_length": 0.2,
			"bones": {
				"main": {
					"rotation": {
						"vector": [0, 0, 0]
					},
					"position": {
						"vector": [0, 0, 0]
					}
				}
			}
		},
		"animation.model.off_ground_sprinting": {
			"loop": true,
			"animation_length": 1.2667,
			"bones": {
				"main": {
					"rotation": {
						"0.0": {
							"vector": [-25.20011, -30.44657, 26.24708]
						},
						"0.55": {
							"vector": [-26.36918, -30.50367, 33.77064],
							"easing": "easeInOutSine"
						},
						"0.9833": {
							"vector": [-27.47824, -28.44877, 30.8783],
							"easing": "easeInSine"
						},
						"1.2667": {
							"vector": [-25.20011, -30.44657, 26.24708],
							"easing": "easeInOutSine"
						}
					},
					"position": {
						"0.0": {
							"vector": [9.15, -4.575, 8.425]
						},
						"0.3667": {
							"vector": [7.525, -5.855, 8.02],
							"easing": "easeInOutSine"
						},
						"0.8": {
							"vector": [8.12, -5.575, 7.795],
							"easing": "easeInOutSine"
						},
						"1.2667": {
							"vector": [9.15, -4.575, 8.425],
							"easing": "easeInOutSine"
						}
					}
				}
			}
		},
		"animation.model.fire": {
			"loop": true,
			"animation_length": 0.4333,
			"bones": {
				"main": {
					"rotation": {
						"0.0": {
							"vector": [0, 0, 0]
						},
						"0.05": {
							"vector": [0.24722, -0.15263, -0.99759]
						},
						"0.1": {
							"vector": [0.25995, -0.07447, -1.5556]
						},
						"0.2": {
							"vector": [0, 0.01681, 0.95037]
						},
						"0.2833": {
							"vector": [0, 0.00851, -0.52127]
						},
						"0.35": {
							"vector": [0, 0.0036, 0.23936]
						},
						"0.4333": {
							"vector": [0, 0, 0]
						}
					},
					"position": {
						"0.0": {
							"vector": [0, 0, 0]
						},
						"0.0667": {
							"vector": [0, 0, 1.425]
						},
						"0.2167": {
							"vector": [0.00635, -0.2249, 0.74196],
							"easing": "easeInSine"
						},
						"0.4333": {
							"vector": [0, 0, 0],
							"easing": "easeOutSine"
						}
					}
				},
				"leftarm": {
					"rotation": {
						"0.0": {
							"vector": [0, 0, 0]
						},
						"0.1": {
							"vector": [-1.76981, 2.09764, -1.59668]
						},
						"0.3167": {
							"vector": [0, 0, 0]
						}
					},
					"position": {
						"0.0": {
							"vector": [0, 0, 0]
						},
						"0.1": {
							"vector": [1.19972, -0.02575, -0.00263]
						},
						"0.3167": {
							"vector": [0, 0, 0]
						}
					}
				},
				"bolt": {
					"position": {
						"0.0": {
							"vector": [0, 0, 0]
						},
						"0.0333": {
							"vector": [0, 0, 7.575]
						},
						"0.0667": {
							"vector": [0, 0, 0]
						}
					}
				},
				"action": {
					"position": {
						"0.0": {
							"vector": [0, 0, 0]
						},
						"0.0333": {
							"vector": [-0.00164, 0.00266, 6.65001]
						},
						"0.0667": {
							"vector": [0, 0, 0]
						}
					}
				}
			}
		}
	},
	"geckolib_format_version": 2
}