{
	"format_version": "1.8.0",
	"animations": {
		"animation.model.draw": {
			"loop": true,
			"animation_length": 1.2,
			"bones": {
				"main": {
					"rotation": {
						"0.0": {
							"vector": [36.5058, 23.44355, 18.61924],
							"easing": "easeInOutSine"
						},
						"0.3333": {
							"vector": [0.5826, -2.79055, 2.63851],
							"easing": "easeInOutSine"
						},
						"0.55": {
							"vector": [0.32388, 0.39763, -2.15014]
						},
						"0.65": {
							"vector": [0, 0, 0]
						}
					},
					"position": {
						"0.0": {
							"vector": [0, -17.3, 0]
						},
						"0.1833": {
							"vector": [0, -7.41, 0.93]
						},
						"0.4": {
							"vector": [0.4, 0, -2.6]
						},
						"0.5": {
							"vector": [0.16, -0.15, 0.6]
						},
						"0.6": {
							"vector": [0, 0, 0]
						}
					}
				},
				"leftarm": {
					"rotation": {
						"0.0": {
							"vector": [0, 0, 0]
						},
						"0.2": {
							"vector": [1, 0, -22]
						},
						"0.4": {
							"vector": [0, 0, 0]
						}
					},
					"position": {
						"0.0": {
							"vector": [0, 0, 0]
						},
						"0.2": {
							"vector": [3.53901, 3.6754, 5.59783]
						},
						"0.4": {
							"vector": [0, 0, 0]
						}
					}
				},
				"_camera_": {
					"rotation": {
						"0.0": {
							"vector": [0, 0, 0]
						},
						"0.2": {
							"vector": [1.80315, -1.89688, -1.62846],
							"easing": "easeInOutSine"
						},
						"0.3667": {
							"vector": [1.24924, -0.00333, 0.0435]
						},
						"0.4667": {
							"vector": [0.44045, -0.02537, 2.01621]
						},
						"0.5833": {
							"vector": [0.10313, -0.00414, -0.52829]
						},
						"0.65": {
							"vector": [0, 0, 0],
							"easing": "easeOutSine"
						}
					}
				}
			},
			"sound_effects": {
				"0.0": {
					"effect": "hl_draw"
				}
			}
		},
		"animation.model.inspect": {
			"loop": true,
			"animation_length": 4.7,
			"bones": {
				"main": {
					"rotation": {
						"0.0": {
							"vector": [0, 0, 0]
						},
						"0.4": {
							"vector": [-11.10679, -33.76258, -14.82967],
							"easing": "easeInOutSine"
						},
						"0.5167": {
							"vector": [-11.7508, -35.0102, -11.43687]
						},
						"0.7167": {
							"vector": [-12.52963, -34.27578, -13.23918],
							"easing": "easeInOutSine"
						},
						"0.9": {
							"vector": [-12.449, -34.07199, -12.22797]
						},
						"1.1667": {
							"vector": [-11.45516, -34.49841, -14.65436],
							"easing": "easeInOutSine"
						},
						"1.4333": {
							"vector": [-11.84519, -34.34768, -13.76369]
						},
						"1.7167": {
							"vector": [-11.20516, -34.49841, -14.65436],
							"easing": "easeInOutSine"
						},
						"2.2333": {
							"vector": [-15.99975, 1.12581, 44.02453],
							"easing": "easeInOutSine"
						},
						"2.35": {
							"vector": [-15.95961, 1.60762, 45.70738]
						},
						"2.5667": {
							"vector": [-16.00158, 1.0974, 43.92545]
						},
						"2.85": {
							"vector": [-15.98586, 1.31197, 44.67421]
						},
						"3.2333": {
							"vector": [-15.99975, 1.12581, 44.02453],
							"easing": "easeOutSine"
						},
						"3.7": {
							"vector": [0.5826, -2.79055, 2.63851],
							"easing": "easeInOutSine"
						},
						"3.9167": {
							"vector": [0.32388, 0.39763, -2.15014]
						},
						"4.0167": {
							"vector": [0, 0, 0]
						}
					},
					"position": {
						"0.0": {
							"vector": [0, 0, 0]
						},
						"0.1667": {
							"vector": [0, -3.875, -5.88],
							"easing": "linear"
						},
						"0.4": {
							"vector": [0, 0.25, -9.525],
							"easing": "easeInOutSine"
						},
						"0.55": {
							"vector": [0, -0.325, -9.52],
							"easing": "easeOutSine"
						},
						"0.8167": {
							"vector": [0, 0.15, -9.52]
						},
						"1.0667": {
							"vector": [0, 0, -9.525],
							"easing": "easeOutSine"
						},
						"1.7333": {
							"vector": [0, 0, -9.525],
							"easing": "easeOutSine"
						},
						"1.9333": {
							"vector": [5.9, -3.025, -9.52],
							"easing": "easeInSine"
						},
						"2.1333": {
							"vector": [11.4, 0, -9.87],
							"easing": "easeOutSine"
						},
						"2.2667": {
							"vector": [11.4, 0, -8.52]
						},
						"2.45": {
							"vector": [11.4, 0.19, -9.265],
							"easing": "easeOutSine"
						},
						"2.6167": {
							"vector": [11.4, 0.03, -8.855]
						},
						"2.7667": {
							"vector": [11.4, -0.105, -9.32]
						},
						"3.0167": {
							"vector": [11.4, 0.06, -9.395]
						},
						"3.3333": {
							"vector": [11.4, 0, -9.52],
							"easing": "easeOutSine"
						},
						"3.55": {
							"vector": [5.36, -5, -4.52],
							"easing": "easeInSine"
						},
						"3.7667": {
							"vector": [0.4, 0, -2.6],
							"easing": "linear"
						},
						"3.8667": {
							"vector": [0.16, -0.15, 0.6]
						},
						"3.9667": {
							"vector": [0, 0, 0]
						}
					}
				},
				"leftarm": {
					"rotation": {
						"0.0": {
							"vector": [0, 0, 0]
						},
						"0.4333": {
							"vector": [-19.66935, 13.26626, 1.13179]
						},
						"1.75": {
							"vector": [-19.66935, 13.26626, 1.13179]
						},
						"2.15": {
							"vector": [-24.7686, 23.31931, -24.25757]
						},
						"3.3": {
							"vector": [-24.7686, 23.31931, -24.25757]
						},
						"3.6333": {
							"vector": [0, 0, 0]
						}
					},
					"position": {
						"0.0": {
							"vector": [0, 0, 0]
						},
						"0.4333": {
							"vector": [6.88512, -6.55768, -8.45318]
						},
						"1.75": {
							"vector": [6.88512, -6.55768, -8.45318]
						},
						"1.9333": {
							"vector": [14.17142, 1.444, -8.32237]
						},
						"2.15": {
							"vector": [19.09728, 15.39073, -9.25046]
						},
						"3.3": {
							"vector": [19.09728, 15.39073, -9.25046]
						},
						"3.4667": {
							"vector": [13.68159, 9.45807, -4.92854]
						},
						"3.6333": {
							"vector": [0, 0, 0]
						}
					},
					"scale": {
						"0.0": {
							"vector": [1, 1, 1]
						},
						"0.4333": {
							"vector": [1.2, 1.2, 1.2]
						},
						"1.75": {
							"vector": [1.2, 1.2, 1.2]
						},
						"3.3": {
							"vector": [1.2, 1.2, 1.2]
						},
						"3.6333": {
							"vector": [1, 1, 1]
						}
					}
				},
				"_camera_": {
					"rotation": {
						"0.0": {
							"vector": [0, 0, 0]
						},
						"0.2": {
							"vector": [2.72303, 1.56032, -0.29295],
							"easing": "easeInOutSine"
						},
						"0.4": {
							"vector": [1.78132, 2.98495, 0.47747],
							"easing": "easeOutSine"
						},
						"0.55": {
							"vector": [2.35848, 2.91115, 1.97764]
						},
						"0.75": {
							"vector": [2.30907, 3.70125, 1.00741],
							"easing": "easeInOutSine"
						},
						"1.2833": {
							"vector": [3.43771, 4.79201, -0.45452],
							"easing": "easeInSine"
						},
						"1.7167": {
							"vector": [4.48869, 5.5143, 0.10223],
							"easing": "easeOutSine"
						},
						"2.25": {
							"vector": [2.20505, 0.3693, 1.25843],
							"easing": "easeInOutSine"
						},
						"2.3833": {
							"vector": [2.82346, 0.44333, -0.23978]
						},
						"2.5667": {
							"vector": [3.0094, 0.38169, 0.97608]
						},
						"2.7667": {
							"vector": [3.20505, 0.3693, 1.25843]
						},
						"3.2667": {
							"vector": [2.70505, 0.3693, 1.25843],
							"easing": "easeInOutSine"
						},
						"3.5667": {
							"vector": [1.80236, 0.85176, -1.54196],
							"easing": "easeInOutSine"
						},
						"3.7333": {
							"vector": [1.24924, -0.00333, 0.0435],
							"easing": "easeInSine"
						},
						"3.8333": {
							"vector": [0.44045, -0.02537, 2.01621]
						},
						"3.95": {
							"vector": [0.10313, -0.00414, -0.52829]
						},
						"4.0167": {
							"vector": [0, 0, 0],
							"easing": "easeOutSine"
						}
					}
				}
			},
			"sound_effects": {
				"0.0": {
					"effect": "inspect_up"
				},
				"1.9": {
					"effect": "inspect_down"
				},
				"3.3833": {
					"effect": "draw"
				}
			}
		},
		"animation.model.reload": {
			"loop": true,
			"animation_length": 1.5667,
			"bones": {
				"main": {
					"rotation": {
						"0.0": {
							"vector": [0, 0, 0]
						},
						"0.2833": {
							"vector": [-0.98176, -1.04332, -2.48234],
							"easing": "easeOutSine"
						},
						"0.3833": {
							"vector": [-0.35, -1.03038, -1.73233]
						},
						"0.5": {
							"vector": [-0.9772, -1.04759, -2.73234]
						},
						"0.6333": {
							"vector": [-0.5, -1.03902, -2.23233]
						},
						"0.7667": {
							"vector": [-0.97739, -1.04739, -2.72147]
						},
						"0.9167": {
							"vector": [-0.9863, -1.03902, -2.23233]
						},
						"1.0833": {
							"vector": [-0.07257, 0.18751, 0.74835],
							"easing": "easeInOutSine"
						},
						"1.1833": {
							"vector": [0, 0, 0],
							"easing": "easeInOutSine"
						}
					},
					"position": {
						"0.0": {
							"vector": [0, 0, 0]
						},
						"0.1333": {
							"vector": [-0.05, -0.275, 0.05],
							"easing": "easeInSine"
						},
						"0.2833": {
							"vector": [-0.1, 0.125, -0.15],
							"easing": "easeOutSine"
						},
						"0.4": {
							"vector": [-0.1, -0.17, 0.35],
							"easing": "easeOutSine"
						},
						"0.55": {
							"vector": [-0.1, -0.07, -0.075],
							"easing": "easeInOutSine"
						},
						"0.7": {
							"vector": [-0.1, -0.08, 0.175],
							"easing": "easeInOutSine"
						},
						"0.8167": {
							"vector": [-0.1, -0.105, -0.075]
						},
						"1.0167": {
							"vector": [-0.03, -0.56, -1.445],
							"easing": "easeInOutCubic"
						},
						"1.1833": {
							"vector": [0, 0, 0],
							"easing": "easeOutSine"
						}
					}
				},
				"left": {
					"position": {
						"0.0": {
							"vector": [0, 0, 0]
						},
						"0.05": {
							"vector": [1, 0, 0]
						},
						"0.95": {
							"vector": [1, 0, 0]
						},
						"1.0": {
							"vector": [0, 0, 0]
						}
					}
				},
				"right": {
					"position": {
						"0.0": {
							"vector": [0, 0, 0]
						},
						"0.05": {
							"vector": [-1, 0, 0]
						},
						"0.95": {
							"vector": [-1, 0, 0]
						},
						"1.0": {
							"vector": [0, 0, 0]
						}
					}
				},
				"claw": {
					"rotation": {
						"0.0": {
							"vector": [0, 0, 0]
						},
						"0.2167": {
							"vector": [0, 0, 0]
						},
						"0.2667": {
							"vector": [0, 0, -6]
						},
						"0.3333": {
							"vector": [0, 0, -24]
						},
						"0.4": {
							"vector": [0, 0, -34.75]
						},
						"0.5333": {
							"vector": [0, 0, -48.5]
						},
						"0.5833": {
							"vector": [0, 0, -48.5]
						},
						"0.7167": {
							"vector": [0, 0, -18]
						},
						"0.8": {
							"vector": [0, 0, -4.5]
						},
						"0.8833": {
							"vector": [0, 0, -4.5]
						},
						"0.95": {
							"vector": [0, 0, -4.5]
						},
						"1.0833": {
							"vector": [0, 0, 0]
						}
					},
					"position": {
						"0.0": {
							"vector": [0, 0, 0]
						},
						"0.2167": {
							"vector": [0, 0, 0]
						},
						"0.2667": {
							"vector": [1.25, 1.325, 0]
						},
						"0.3333": {
							"vector": [1.475, 3.03, 0]
						},
						"0.4": {
							"vector": [1.255, 6.055, 0]
						},
						"0.5333": {
							"vector": [-0.74, 7.235, 0]
						},
						"0.5833": {
							"vector": [-0.74, 7.235, 0]
						},
						"0.7167": {
							"vector": [0.36, 4.74, 0]
						},
						"0.8": {
							"vector": [0.06, 1.215, 0]
						},
						"0.8833": {
							"vector": [-1.70327, -3.26745, 0.02617]
						},
						"0.95": {
							"vector": [-1.14, -2.34, 0]
						},
						"1.0833": {
							"vector": [0, 0, 0]
						}
					}
				},
				"claw2": {
					"rotation": {
						"0.0": {
							"vector": [0, 0, 0]
						},
						"0.2167": {
							"vector": [0, 0, 0]
						},
						"0.2667": {
							"vector": [0, 0, 3.25]
						},
						"0.3333": {
							"vector": [0, 0, 8.75]
						},
						"0.4": {
							"vector": [0, 0, -5.75]
						},
						"0.5333": {
							"vector": [0, 0, -17]
						},
						"0.5833": {
							"vector": [0, 0, -17]
						},
						"0.7167": {
							"vector": [0, 0, -68]
						},
						"0.8": {
							"vector": [0, 0, -68]
						},
						"0.8833": {
							"vector": [0, 0, -40.25]
						},
						"0.95": {
							"vector": [0, 0, -40.25]
						},
						"1.0833": {
							"vector": [0, 0, 0]
						}
					},
					"position": {
						"0.0": {
							"vector": [0, 0, 0]
						},
						"0.2167": {
							"vector": [0, 0, 0]
						},
						"0.2667": {
							"vector": [0.725, 1.625, 0]
						},
						"0.3333": {
							"vector": [-0.545, 4.08, 0]
						},
						"0.4": {
							"vector": [-1.8, 7.18, 0]
						},
						"0.5333": {
							"vector": [-4.6, 8.355, 0]
						},
						"0.5833": {
							"vector": [-4.6, 8.355, 0]
						},
						"0.7167": {
							"vector": [-1.95, 5.7, 0]
						},
						"0.8": {
							"vector": [-1.15, 1.725, 0]
						},
						"0.8833": {
							"vector": [-2.62896, -2.80253, 0.02432]
						},
						"0.95": {
							"vector": [-1.95, -2.105, 0]
						},
						"1.0833": {
							"vector": [0, 0, 0]
						}
					}
				},
				"action": {
					"position": {
						"0.0333": {
							"vector": [0, 0, 0]
						},
						"0.1667": {
							"vector": [-0.04844, 0.07846, -17.27484]
						},
						"0.2667": {
							"vector": [-0.04844, 0.07846, -17.27484]
						},
						"0.3833": {
							"vector": [0.09012, 0.21652, -9.44745]
						},
						"0.6": {
							"vector": [0.09012, 0.21652, -9.44745]
						},
						"0.6667": {
							"vector": [0.09, 0.22, -17.45]
						},
						"0.7167": {
							"vector": [0.09, 0.22, -17.45]
						},
						"0.8833": {
							"vector": [0, 0, 0]
						}
					}
				},
				"mag": {
					"rotation": {
						"vector": [0, 0, 0]
					},
					"position": {
						"0.0": {
							"vector": [0, 0, 0]
						},
						"0.2167": {
							"vector": [0, 0, 0]
						},
						"0.2667": {
							"vector": [0.88, 2.01, -0.04]
						},
						"0.3333": {
							"vector": [-0.15969, 4.69732, -0.09714]
						},
						"0.4": {
							"vector": [-1.7222, 6.89403, -0.09237]
						},
						"0.5333": {
							"vector": [-5.4929, 7.96399, -0.04116]
						},
						"0.6": {
							"vector": [-5.4929, 7.96399, -0.04116]
						},
						"0.6667": {
							"vector": [-5.64, 7.81, -8.04]
						},
						"0.7167": {
							"vector": [-5.64, 7.81, -8.04]
						},
						"0.7333": {
							"vector": [-3.275, -5.95, 0],
							"easing": "step",
							"easingArgs": [2]
						},
						"0.9": {
							"vector": [-3.275, -5.95, 0],
							"easing": "linear"
						},
						"1.0833": {
							"vector": [0, 0, 0]
						}
					}
				},
				"mag2": {
					"rotation": {
						"0.0": {
							"vector": [0, 0, 0]
						},
						"0.5167": {
							"vector": [0, 0, 0]
						},
						"0.6": {
							"vector": [10.5, 0, -12.25]
						},
						"0.7167": {
							"vector": [10.5, 0, -12.25]
						},
						"0.7333": {
							"vector": [0, 0, 0],
							"easing": "step",
							"easingArgs": [2]
						}
					},
					"position": {
						"0.0": {
							"vector": [0, 0, 0]
						},
						"0.2667": {
							"vector": [0, 0, 0]
						},
						"0.35": {
							"vector": [0.14325, 0.13957, 7.9975]
						},
						"0.5167": {
							"vector": [-3.40847, -1.94224, 8.07896]
						},
						"0.6": {
							"vector": [-3.685, -9.365, 4.605]
						},
						"0.7167": {
							"vector": [-3.685, -9.365, 4.605]
						},
						"0.7333": {
							"vector": [0, 0, 0],
							"easing": "step",
							"easingArgs": [2]
						}
					}
				},
				"_camera_": {
					"rotation": {
						"0.0": {
							"vector": [0, 0, 0]
						},
						"0.2": {
							"vector": [1.00436, 0.25, 0.25004],
							"easing": "easeInSine"
						},
						"0.45": {
							"vector": [0.50873, 0.99996, 0.50008],
							"easing": "easeInOutSine"
						},
						"0.5833": {
							"vector": [0.7087, 0.99382, 1.00011]
						},
						"0.7333": {
							"vector": [0.59626, 1.00785, -0.25]
						},
						"0.9": {
							"vector": [0.50873, 0.99996, 0.50008]
						},
						"1.0333": {
							"vector": [0.50436, 0.49998, 0.25004],
							"easing": "easeInSine"
						},
						"1.1833": {
							"vector": [0, 0, 0],
							"easing": "easeInOutSine"
						}
					}
				}
			},
			"sound_effects": {
				"0.05": {
					"effect": "hl_pulserifle_load1"
				},
				"0.45": {
					"effect": "hl_pulserifle_load2"
				}
			}
		},
		"animation.model.fire": {
			"loop": true,
			"animation_length": 0.5333,
			"bones": {
				"main": {
					"rotation": {
						"0.0": {
							"vector": [0, 0, 0]
						},
						"0.05": {
							"vector": [0.24722, -0.15263, -0.99759]
						},
						"0.1": {
							"vector": [0.25995, -0.07447, -1.5556]
						},
						"0.2": {
							"vector": [0, 0.01681, 0.95037]
						},
						"0.3333": {
							"vector": [0, 0.00851, -0.52127]
						},
						"0.45": {
							"vector": [0, 0.0036, 0.23936]
						},
						"0.5333": {
							"vector": [0, 0, 0]
						}
					},
					"position": {
						"0.0": {
							"vector": [0, 0, 0]
						},
						"0.0667": {
							"vector": [0, 0, 1.425]
						},
						"0.1833": {
							"vector": [0.00635, -0.2249, 0.74196],
							"easing": "easeInSine"
						},
						"0.4333": {
							"vector": [0, 0, 0],
							"easing": "easeOutSine"
						}
					}
				},
				"action2": {
					"position": {
						"0.0": {
							"vector": [0, 0, 0]
						},
						"0.0333": {
							"vector": [0, 0, 11]
						},
						"0.0667": {
							"vector": [0, 0, 0]
						}
					}
				},
				"leftarm": {
					"rotation": {
						"0.0": {
							"vector": [0, 0, 0]
						},
						"0.1": {
							"vector": [-1.82336, 3.68138, -2.81928]
						},
						"0.3167": {
							"vector": [0, 0, 0]
						}
					},
					"position": {
						"0.0": {
							"vector": [0, 0, 0]
						},
						"0.1": {
							"vector": [2.04972, 0.59925, -0.32763]
						},
						"0.3167": {
							"vector": [0, 0, 0]
						}
					}
				},
				"left": {
					"position": {
						"0.0": {
							"vector": [0, 0, 0]
						},
						"0.05": {
							"vector": [0.99993, -0.0116, -0.00181]
						},
						"0.1": {
							"vector": [0, 0, 0]
						}
					}
				},
				"right": {
					"position": {
						"0.0": {
							"vector": [0, 0, 0]
						},
						"0.05": {
							"vector": [-0.99993, 0.0116, 0.00181]
						},
						"0.1": {
							"vector": [0, 0, 0]
						}
					}
				},
				"action": {
					"position": {
						"0.0": {
							"vector": [0, 0, 0]
						},
						"0.05": {
							"vector": [-0.04844, 0.07846, -17.27484]
						},
						"0.1": {
							"vector": [0, 0, 0]
						}
					}
				}
			}
		},
		"animation.model.running": {
			"loop": true,
			"animation_length": 0.5833,
			"bones": {
				"main": {
					"rotation": {
						"0.0": {
							"vector": [-40.58192, -36.54879, 36.25147]
						},
						"0.1333": {
							"vector": [-38.56421, -29.56773, 36.97213],
							"easing": "easeInSine"
						},
						"0.25": {
							"vector": [-30.77653, -32.30087, 25.42124],
							"easing": "easeOutSine"
						},
						"0.3167": {
							"vector": [-30.15653, -30.57694, 24.23273]
						},
						"0.4667": {
							"vector": [-30.36922, -33.56286, 30.2421],
							"easing": "easeInSine"
						},
						"0.5833": {
							"vector": [-40.58192, -36.54879, 36.25147],
							"easing": "easeOutSine"
						}
					},
					"position": {
						"0.0": {
							"vector": [0, -20.125, 6.6]
						},
						"0.0667": {
							"vector": [-0.075, -22.6, 5.68]
						},
						"0.15": {
							"vector": [-1.08, -25.12, 4.15]
						},
						"0.25": {
							"vector": [-2.15, -19.745, 1.7]
						},
						"0.3167": {
							"vector": [-2.15, -20.995, 1.7]
						},
						"0.3833": {
							"vector": [-1.865, -24.085, 2.11]
						},
						"0.4333": {
							"vector": [-1.13, -25.12, 4.02]
						},
						"0.55": {
							"vector": [0, -19.175, 6.6]
						},
						"0.5833": {
							"vector": [0, -20.125, 6.6]
						}
					}
				}
			}
		},
		"animation.model.off_ground": {
			"loop": true,
			"animation_length": 0.3167,
			"bones": {
				"main": {
					"rotation": {
						"vector": [0, 0, 0]
					},
					"position": {
						"vector": [0, 0, 0]
					}
				}
			}
		},
		"animation.model.off_ground_sprinting": {
			"loop": true,
			"animation_length": 2.0333,
			"bones": {
				"main": {
					"rotation": {
						"0.0": {
							"vector": [-32.47556, -31.70458, 27.94129]
						},
						"0.4333": {
							"vector": [-26.78435, -36.73301, 19.93216],
							"easing": "easeInOutSine"
						},
						"1.2": {
							"vector": [-30.12809, -32.5491, 24.49184],
							"easing": "easeOutSine"
						},
						"2.0333": {
							"vector": [-32.47556, -31.70458, 27.94129],
							"easing": "easeInOutSine"
						}
					},
					"position": {
						"0.0": {
							"vector": [-1.62, -22.43, 2.92]
						},
						"0.95": {
							"vector": [-1.62, -27.43, -1.08],
							"easing": "easeInOutSine"
						},
						"2.0333": {
							"vector": [-1.62, -22.43, 2.92],
							"easing": "easeInOutSine"
						}
					}
				}
			}
		},
		"animation.model.runningstart": {
			"animation_length": 0.4,
			"bones": {
				"main": {
					"rotation": {
						"0.0": {
							"vector": [0, 0, 0]
						},
						"0.4": {
							"vector": [-40.58192, -36.54879, 36.25147],
							"easing": "easeInOutSine"
						}
					},
					"position": {
						"0.0": {
							"vector": [0, 0, 0]
						},
						"0.2167": {
							"vector": [0, -28.47, 3.11],
							"easing": "easeInSine"
						},
						"0.3": {
							"vector": [0, -25.65, 4.86]
						},
						"0.4": {
							"vector": [0, -20.125, 6.6]
						}
					}
				}
			}
		},
		"animation.model.runningend": {
			"animation_length": 0.65,
			"bones": {
				"main": {
					"rotation": {
						"0.0": {
							"vector": [-40.58192, -36.54879, 36.25147],
							"easing": "easeOutSine"
						},
						"0.3333": {
							"vector": [0.5826, -2.79055, 2.63851],
							"easing": "easeInOutSine"
						},
						"0.55": {
							"vector": [0.32388, 0.39763, -2.15014]
						},
						"0.65": {
							"vector": [0, 0, 0]
						}
					},
					"position": {
						"0.0": {
							"vector": [0, -20.125, 6.6]
						},
						"0.4": {
							"vector": [0.4, 0, -2.6]
						},
						"0.5": {
							"vector": [0.16, -0.15, 0.6]
						},
						"0.6": {
							"vector": [0, 0, 0]
						}
					}
				}
			}
		}
	},
	"geckolib_format_version": 2
}