{
	"format_version": "1.8.0",
	"animations": {
		"animation.model.draw": {
			"loop": true,
			"animation_length": 1.2,
			"bones": {
				"main": {
					"rotation": {
						"0.0": {
							"vector": [18.3516, -10.6923, 15.19687]
						},
						"0.2": {
							"vector": [1.75167, -2.49883, -4.07639]
						},
						"0.35": {
							"vector": [0.58201, -1.04064, 2.6563]
						},
						"0.45": {
							"vector": [0.34258, 0.38164, 0.59987]
						},
						"0.55": {
							"vector": [0, 0, 0]
						}
					},
					"position": {
						"0.0": {
							"vector": [0, -17.3, 10]
						},
						"0.1": {
							"vector": [0, -7.41, -4.07]
						},
						"0.2": {
							"vector": [-0.4, -1.2, -7.75]
						},
						"0.3": {
							"vector": [0.4, 0, 1.6]
						},
						"0.5": {
							"vector": [0, 0, 0]
						}
					}
				},
				"leftarm": {
					"rotation": {
						"0.0": {
							"vector": [0, 0, 0]
						},
						"0.2": {
							"vector": [1, 0, -22]
						},
						"0.4": {
							"vector": [0, 0, 0]
						}
					},
					"position": {
						"0.0": {
							"vector": [0, 0, 0]
						},
						"0.2": {
							"vector": [3.53901, 3.6754, 5.59783]
						},
						"0.4": {
							"vector": [0, 0, 0]
						}
					}
				},
				"_camera_": {
					"rotation": {
						"0.0": {
							"vector": [0, 0, 0]
						},
						"0.15": {
							"vector": [1.80238, -0.89738, -1.597],
							"easing": "easeInOutSine"
						},
						"0.35": {
							"vector": [0.44082, -0.01767, 1.01624]
						},
						"0.5": {
							"vector": [0, 0, 0],
							"easing": "easeOutSine"
						}
					}
				}
			},
			"sound_effects": {
				"0.0": {
					"effect": "pistol_draw"
				}
			}
		},
		"animation.model.drawempty": {
			"loop": true,
			"animation_length": 1.2,
			"bones": {
				"main": {
					"rotation": {
						"0.0": {
							"vector": [18.3516, -10.6923, 15.19687]
						},
						"0.2": {
							"vector": [1.75167, -2.49883, -4.07639]
						},
						"0.35": {
							"vector": [0.58201, -1.04064, 2.6563]
						},
						"0.45": {
							"vector": [0.34258, 0.38164, 0.59987]
						},
						"0.55": {
							"vector": [0, 0, 0]
						}
					},
					"position": {
						"0.0": {
							"vector": [0, -17.3, 10]
						},
						"0.1": {
							"vector": [0, -7.41, -4.07]
						},
						"0.2": {
							"vector": [-0.4, -1.2, -7.75]
						},
						"0.3": {
							"vector": [0.4, 0, 1.6]
						},
						"0.5": {
							"vector": [0, 0, 0]
						}
					}
				},
				"leftarm": {
					"rotation": {
						"0.0": {
							"vector": [0, 0, 0]
						},
						"0.2": {
							"vector": [1, 0, -22]
						},
						"0.4": {
							"vector": [0, 0, 0]
						}
					},
					"position": {
						"0.0": {
							"vector": [0, 0, 0]
						},
						"0.2": {
							"vector": [3.53901, 3.6754, 5.59783]
						},
						"0.4": {
							"vector": [0, 0, 0]
						}
					}
				},
				"_camera_": {
					"rotation": {
						"0.0": {
							"vector": [0, 0, 0]
						},
						"0.15": {
							"vector": [1.80238, -0.89738, -1.597],
							"easing": "easeInOutSine"
						},
						"0.35": {
							"vector": [0.44082, -0.01767, 1.01624]
						},
						"0.5": {
							"vector": [0, 0, 0],
							"easing": "easeOutSine"
						}
					}
				},
				"slide": {
					"position": {
						"vector": [0, 0, 5.5]
					}
				}
			},
			"sound_effects": {
				"0.0": {
					"effect": "pistol_draw"
				}
			}
		},
		"animation.model.fire": {
			"loop": true,
			"animation_length": 0.5,
			"bones": {
				"main": {
					"rotation": {
						"0.0": {
							"vector": [0, 0, 0]
						},
						"0.05": {
							"vector": [-8.20759, -0.97773, -2.64005]
						},
						"0.15": {
							"vector": [0, -0.6, 4.77446]
						},
						"0.25": {
							"vector": [0, -0.20211, -0.79207]
						},
						"0.35": {
							"vector": [0, 0.0889, 1.47258]
						},
						"0.5": {
							"vector": [0, 0, 0],
							"easing": "easeOutSine"
						}
					},
					"position": {
						"0.0": {
							"vector": [0, 0, 0]
						},
						"0.05": {
							"vector": [-0.1, 0, 2.775]
						},
						"0.3": {
							"vector": [0, -0.255, -0.545],
							"easing": "easeOutCubic"
						},
						"0.5": {
							"vector": [0, 0, 0],
							"easing": "easeInOutSine"
						}
					}
				},
				"slide": {
					"position": {
						"0.0": {
							"vector": [0, 0, 0]
						},
						"0.05": {
							"vector": [0, 0, 5.5]
						},
						"0.1": {
							"vector": [0, 0, 0]
						}
					}
				}
			}
		},
		"animation.model.fireright": {
			"loop": true,
			"animation_length": 0.5,
			"bones": {
				"main": {
					"rotation": {
						"0.0": {
							"vector": [0, 0, 0]
						},
						"0.05": {
							"vector": [-8.02064, -2.00238, -9.81981]
						},
						"0.15": {
							"vector": [0, -0.6, 4.77446]
						},
						"0.25": {
							"vector": [0, -0.20211, -0.79207]
						},
						"0.35": {
							"vector": [0, 0.0889, 1.47258]
						},
						"0.5": {
							"vector": [0, 0, 0],
							"easing": "easeOutSine"
						}
					},
					"position": {
						"0.0": {
							"vector": [0, 0, 0]
						},
						"0.05": {
							"vector": [-0.625, 0, 2.775]
						},
						"0.3": {
							"vector": [0, -0.255, -0.545],
							"easing": "easeOutCubic"
						},
						"0.5": {
							"vector": [0, 0, 0],
							"easing": "easeInOutSine"
						}
					}
				},
				"slide": {
					"position": {
						"0.0": {
							"vector": [0, 0, 0]
						},
						"0.05": {
							"vector": [0, 0, 5.5]
						},
						"0.1": {
							"vector": [0, 0, 0]
						}
					}
				}
			}
		},
		"animation.model.fireleft": {
			"loop": true,
			"animation_length": 0.5,
			"bones": {
				"main": {
					"rotation": {
						"0.0": {
							"vector": [0, 0, 0]
						},
						"0.05": {
							"vector": [-8.26522, -0.00965, 4.04049]
						},
						"0.15": {
							"vector": [0, -0.6, 4.77446]
						},
						"0.25": {
							"vector": [0, -0.20211, -0.79207]
						},
						"0.35": {
							"vector": [0, 0.0889, 1.47258]
						},
						"0.5": {
							"vector": [0, 0, 0],
							"easing": "easeOutSine"
						}
					},
					"position": {
						"0.0": {
							"vector": [0, 0, 0]
						},
						"0.05": {
							"vector": [0.225, 0, 2.775]
						},
						"0.3": {
							"vector": [0, -0.255, -0.545],
							"easing": "easeOutCubic"
						},
						"0.5": {
							"vector": [0, 0, 0],
							"easing": "easeInOutSine"
						}
					}
				},
				"slide": {
					"position": {
						"0.0": {
							"vector": [0, 0, 0]
						},
						"0.05": {
							"vector": [0, 0, 5.5]
						},
						"0.1": {
							"vector": [0, 0, 0]
						}
					}
				}
			}
		},
		"animation.model.reload": {
			"loop": true,
			"animation_length": 2.5,
			"bones": {
				"main": {
					"rotation": {
						"0.0": {
							"vector": [0, 0, 0]
						},
						"0.2167": {
							"vector": [-6.08001, -10.77786, -18.52839]
						},
						"0.3333": {
							"vector": [-10.02444, -6.73621, 0.61226]
						},
						"0.45": {
							"vector": [-8.31439, -4.61498, -10.17015]
						},
						"0.5833": {
							"vector": [-10.09259, -6.44796, -5.57782]
						},
						"0.7667": {
							"vector": [-10.1094, -9.71414, -21.4684],
							"easing": "easeInOutSine"
						},
						"0.85": {
							"vector": [-10.67939, -9.08247, -17.979]
						},
						"0.9333": {
							"vector": [-7.50673, -11.70482, -24.23359]
						},
						"1.0": {
							"vector": [-8.71574, -10.36575, -18.25312]
						},
						"1.0833": {
							"vector": [-9.35662, -9.34125, -14.65948]
						},
						"1.1833": {
							"vector": [-9.76281, -8.37434, -12.16374]
						},
						"1.2667": {
							"vector": [-10.21803, -7.81037, -8.93083]
						},
						"1.3333": {
							"vector": [-6.57275, -7.14367, -13.21623]
						},
						"1.4333": {
							"vector": [-4.00535, -4.85714, -2.14886]
						},
						"1.5667": {
							"vector": [1.75167, -2.49883, -4.07639],
							"easing": "easeInOutSine"
						},
						"1.7167": {
							"vector": [0.58201, -1.04064, 2.6563],
							"easing": "easeInSine"
						},
						"1.85": {
							"vector": [0.34258, 0.38164, 0.59987],
							"easing": "easeOutSine"
						},
						"1.95": {
							"vector": [0, 0, 0]
						}
					},
					"position": {
						"0.0": {
							"vector": [0, 0, 0]
						},
						"0.1333": {
							"vector": [-2.88095, 1.27338, 1.19031],
							"easing": "easeInSine"
						},
						"0.2333": {
							"vector": [-3.055, 3.145, 1.19],
							"easing": "easeOutSine"
						},
						"0.35": {
							"vector": [-3.575, -0.775, 1.19],
							"easing": "easeInOutSine"
						},
						"0.5167": {
							"vector": [-3.05, 0.97, 1.19],
							"easing": "easeOutSine"
						},
						"0.8667": {
							"vector": [-3.4, 3.92, 2.515],
							"easing": "easeInOutSine"
						},
						"0.9667": {
							"vector": [-2.87839, 1.32682, 1.89704],
							"easing": "easeInOutSine"
						},
						"1.2": {
							"vector": [-3.15, 3.345, 2.01],
							"easing": "easeInOutSine"
						},
						"1.2667": {
							"vector": [-2.90724, 0.92496, 1.84304]
						},
						"1.3833": {
							"vector": [-2.47, 2.28, -0.1]
						},
						"1.6": {
							"vector": [-0.4, -2.175, -7.325],
							"easing": "easeInOutSine"
						},
						"1.7": {
							"vector": [0.4, 0, 1.6]
						},
						"1.9": {
							"vector": [0, 0, 0]
						}
					}
				},
				"magazine": {
					"rotation": {
						"0.0": {
							"vector": [0, 0, 0]
						},
						"0.1167": {
							"vector": [0, 0, 0]
						},
						"0.2333": {
							"vector": [0, 0, 0]
						},
						"0.35": {
							"vector": [0, 0, 22.25]
						},
						"0.5833": {
							"vector": [0, 0, 22.25]
						},
						"0.75": {
							"vector": [0, 10.25, -4.5]
						},
						"0.8333": {
							"vector": [0, 0, 0]
						},
						"0.9333": {
							"vector": [0, 0, 0]
						}
					},
					"position": {
						"0.0": {
							"vector": [0, 0, 0]
						},
						"0.1167": {
							"vector": [0, 0, 0]
						},
						"0.2333": {
							"vector": [0, -13.825, 4.125]
						},
						"0.35": {
							"vector": [-4.15647, -41.80788, 14.895]
						},
						"0.5833": {
							"vector": [-4.15647, -41.80788, 14.895]
						},
						"0.75": {
							"vector": [1.74707, -14.83264, 4.35802]
						},
						"0.8333": {
							"vector": [0, -13.825, 4.125]
						},
						"0.9333": {
							"vector": [0, 0, 0]
						}
					}
				},
				"rightarm": {
					"rotation": {
						"0.0": {
							"vector": [0, 0, 0]
						},
						"0.15": {
							"vector": [4.01441, -6.38457, -16.8774]
						},
						"0.3167": {
							"vector": [0.16441, 0.9335, -4.23882]
						},
						"0.55": {
							"vector": [0.16441, 0.9335, -4.23882]
						},
						"0.7833": {
							"vector": [-0.22318, -4.87337, -2.67922]
						},
						"1.4167": {
							"vector": [-0.22318, -4.87337, -2.67922]
						},
						"1.6667": {
							"vector": [0, 0, 0]
						}
					},
					"position": {
						"0.0": {
							"vector": [0, 0, 0]
						},
						"0.15": {
							"vector": [0.23879, -0.5793, 1.5694]
						},
						"0.3167": {
							"vector": [0.65851, -0.6378, 1.52381]
						},
						"0.55": {
							"vector": [0.65851, -0.6378, 1.52381]
						},
						"0.7833": {
							"vector": [-1.56565, 0.14325, 1.79133]
						},
						"1.4167": {
							"vector": [-1.56565, 0.14325, 1.79133]
						},
						"1.6667": {
							"vector": [0, 0, 0]
						}
					}
				},
				"leftarm": {
					"rotation": {
						"0.0": {
							"vector": [0, 0, 0]
						},
						"0.5833": {
							"vector": [-53.45645, 7.51371, 60.83041]
						},
						"0.75": {
							"vector": [-60.35725, 22.2284, 68.99718]
						},
						"0.8333": {
							"vector": [-60.16846, 25.81978, 70.42762]
						},
						"0.9333": {
							"vector": [-64.40914, 29.4902, 71.50805]
						},
						"1.0": {
							"vector": [-64.40914, 29.4902, 71.50805]
						},
						"1.1": {
							"vector": [-67.14125, 10.81855, 67.04238]
						},
						"1.2167": {
							"vector": [-63.39125, 10.81855, 67.04238]
						},
						"1.2667": {
							"vector": [-66.67581, 15.50053, 67.96892]
						},
						"1.4167": {
							"vector": [-66.67581, 15.50053, 67.96892]
						},
						"1.6667": {
							"vector": [0, 0, 0]
						}
					},
					"position": {
						"0.0": {
							"vector": [0, 0, 0]
						},
						"0.5833": {
							"vector": [-15.69213, -44.05759, 18.78717]
						},
						"0.75": {
							"vector": [-14.21573, -23.30208, 4.01195]
						},
						"0.8333": {
							"vector": [-15.47083, -23.46388, 3.30612]
						},
						"0.9333": {
							"vector": [-17.53119, -13.72975, -1.12832]
						},
						"1.0": {
							"vector": [-17.53119, -13.72975, -1.12832]
						},
						"1.1": {
							"vector": [-17.45761, -12.62312, 4.22679]
						},
						"1.2167": {
							"vector": [-16.52505, -12.88182, 4.10838]
						},
						"1.2667": {
							"vector": [-18.7893, -9.45568, 3.93305]
						},
						"1.4167": {
							"vector": [-18.7893, -9.45568, 3.93305]
						},
						"1.6667": {
							"vector": [0, 0, 0]
						}
					}
				},
				"_camera_": {
					"rotation": {
						"0.0": {
							"vector": [0, 0, 0]
						},
						"0.2167": {
							"vector": [2.05244, 1.12744, 2.55758],
							"easing": "easeInOutSine"
						},
						"0.3167": {
							"vector": [3.43996, 1.2788, -1.36355],
							"easing": "linear"
						},
						"0.45": {
							"vector": [3.99026, 0.98228, 0.08341],
							"easing": "easeInOutSine"
						},
						"0.6333": {
							"vector": [3.99858, 0.92222, -1.4606],
							"easing": "easeInOutSine"
						},
						"0.8167": {
							"vector": [3.04154, 0.81618, -0.49328]
						},
						"0.9167": {
							"vector": [2.77815, 0.7496, 0.53228],
							"easing": "easeInOutSine"
						},
						"1.0167": {
							"vector": [2.73961, 0.88014, -2.17653]
						},
						"1.1833": {
							"vector": [2.77104, 0.77405, 0.02564]
						},
						"1.2667": {
							"vector": [2.74199, 0.87164, -2.0009]
						},
						"1.4167": {
							"vector": [2.78772, 0.71318, 1.28146],
							"easing": "easeInOutSine"
						},
						"1.5667": {
							"vector": [1.90177, 0.71851, -1.14779]
						},
						"1.8667": {
							"vector": [0, 0, 0],
							"easing": "easeInOutSine"
						}
					}
				}
			},
			"sound_effects": {
				"0.1": {
					"effect": "pistol_magout_fast"
				},
				"0.65": {
					"effect": "pistol_magin"
				},
				"1.15": {
					"effect": "pistol_hit"
				}
			}
		},
		"animation.model.reloadempty": {
			"loop": true,
			"animation_length": 2.5,
			"bones": {
				"main": {
					"rotation": {
						"0.0": {
							"vector": [0, 0, 0]
						},
						"0.2167": {
							"vector": [-6.08001, -10.77786, -18.52839]
						},
						"0.3333": {
							"vector": [-10.02444, -6.73621, 0.61226]
						},
						"0.45": {
							"vector": [-8.31439, -4.61498, -10.17015]
						},
						"0.5833": {
							"vector": [-10.09259, -6.44796, -5.57782]
						},
						"0.7667": {
							"vector": [-10.1094, -9.71414, -21.4684],
							"easing": "easeInOutSine"
						},
						"0.85": {
							"vector": [-10.67939, -9.08247, -17.979]
						},
						"0.9333": {
							"vector": [-7.50673, -11.70482, -24.23359]
						},
						"1.0": {
							"vector": [-8.71574, -10.36575, -18.25312]
						},
						"1.0833": {
							"vector": [-9.35662, -9.34125, -14.65948]
						},
						"1.1833": {
							"vector": [-9.76281, -8.37434, -12.16374]
						},
						"1.2667": {
							"vector": [-10.21803, -7.81037, -8.93083]
						},
						"1.3333": {
							"vector": [-6.57275, -7.14367, -13.21623]
						},
						"1.45": {
							"vector": [-6.54034, -5.76756, -10.48557]
						},
						"1.6333": {
							"vector": [1.75042, -1.24942, -4.03818],
							"easing": "easeInOutSine"
						},
						"1.8167": {
							"vector": [0.58191, -0.04069, 2.66646],
							"easing": "easeInSine"
						},
						"1.95": {
							"vector": [0.34258, 0.38164, 0.59987],
							"easing": "easeOutSine"
						},
						"2.05": {
							"vector": [0, 0, 0]
						}
					},
					"position": {
						"0.0": {
							"vector": [0, 0, 0]
						},
						"0.1333": {
							"vector": [-2.88095, 1.27338, 1.19031],
							"easing": "easeInSine"
						},
						"0.2333": {
							"vector": [-3.055, 3.145, 1.19],
							"easing": "easeOutSine"
						},
						"0.35": {
							"vector": [-3.575, -0.775, 1.19],
							"easing": "easeInOutSine"
						},
						"0.5167": {
							"vector": [-3.05, 0.97, 1.19],
							"easing": "easeOutSine"
						},
						"0.8667": {
							"vector": [-3.4, 3.92, 2.515],
							"easing": "easeInOutSine"
						},
						"0.9667": {
							"vector": [-2.87839, 1.32682, 1.89704],
							"easing": "easeInOutSine"
						},
						"1.2": {
							"vector": [-3.15, 3.345, 2.01],
							"easing": "easeInOutSine"
						},
						"1.2667": {
							"vector": [-2.90724, 0.92496, 1.84304]
						},
						"1.3667": {
							"vector": [-2.47, 2.28, -3.275]
						},
						"1.4667": {
							"vector": [-1.8, 0.84, -0.78]
						},
						"1.7": {
							"vector": [-0.4, -2.175, -7.325],
							"easing": "easeInOutSine"
						},
						"1.8": {
							"vector": [0.4, 0, 1.6]
						},
						"2.0": {
							"vector": [0, 0, 0]
						}
					}
				},
				"magazine": {
					"rotation": {
						"0.0": {
							"vector": [0, 0, 0]
						},
						"0.1167": {
							"vector": [0, 0, 0]
						},
						"0.2333": {
							"vector": [0, 0, 0]
						},
						"0.35": {
							"vector": [0, 0, 22.25]
						},
						"0.5833": {
							"vector": [0, 0, 22.25]
						},
						"0.75": {
							"vector": [0, 10.25, -4.5]
						},
						"0.8333": {
							"vector": [0, 0, 0]
						},
						"0.9333": {
							"vector": [0, 0, 0]
						}
					},
					"position": {
						"0.0": {
							"vector": [0, 0, 0]
						},
						"0.1167": {
							"vector": [0, 0, 0]
						},
						"0.2333": {
							"vector": [0, -13.825, 4.125]
						},
						"0.35": {
							"vector": [-4.15647, -41.80788, 14.895]
						},
						"0.5833": {
							"vector": [-4.15647, -41.80788, 14.895]
						},
						"0.75": {
							"vector": [1.74707, -14.83264, 4.35802]
						},
						"0.8333": {
							"vector": [0, -13.825, 4.125]
						},
						"0.9333": {
							"vector": [0, 0, 0]
						}
					}
				},
				"rightarm": {
					"rotation": {
						"0.0": {
							"vector": [0, 0, 0]
						},
						"0.15": {
							"vector": [4.01441, -6.38457, -16.8774]
						},
						"0.3167": {
							"vector": [0.16441, 0.9335, -4.23882]
						},
						"0.55": {
							"vector": [0.16441, 0.9335, -4.23882]
						},
						"0.7833": {
							"vector": [-0.22318, -4.87337, -2.67922]
						},
						"1.1333": {
							"vector": [-0.22318, -4.87337, -2.67922]
						},
						"1.3167": {
							"vector": [-3.67588, -1.16255, 10.24975]
						},
						"1.4667": {
							"vector": [-0.22318, -4.87337, -2.67922]
						},
						"1.6667": {
							"vector": [0, 0, 0]
						}
					},
					"position": {
						"0.0": {
							"vector": [0, 0, 0]
						},
						"0.15": {
							"vector": [0.23879, -0.5793, 1.5694]
						},
						"0.3167": {
							"vector": [0.65851, -0.6378, 1.52381]
						},
						"0.55": {
							"vector": [0.65851, -0.6378, 1.52381]
						},
						"0.7833": {
							"vector": [-1.56565, 0.14325, 1.79133]
						},
						"1.1333": {
							"vector": [-1.56565, 0.14325, 1.79133]
						},
						"1.4667": {
							"vector": [-1.56565, 0.14325, 1.79133]
						},
						"1.6667": {
							"vector": [0, 0, 0]
						}
					}
				},
				"leftarm": {
					"rotation": {
						"0.0": {
							"vector": [0, 0, 0]
						},
						"0.5833": {
							"vector": [-53.45645, 7.51371, 60.83041]
						},
						"0.75": {
							"vector": [-60.35725, 22.2284, 68.99718]
						},
						"0.8333": {
							"vector": [-60.16846, 25.81978, 70.42762]
						},
						"0.9333": {
							"vector": [-64.40914, 29.4902, 71.50805]
						},
						"1.0": {
							"vector": [-64.40914, 29.4902, 71.50805]
						},
						"1.1": {
							"vector": [-67.14125, 10.81855, 67.04238]
						},
						"1.2167": {
							"vector": [-63.39125, 10.81855, 67.04238]
						},
						"1.2667": {
							"vector": [-66.67581, 15.50053, 67.96892]
						},
						"1.4167": {
							"vector": [-66.67581, 15.50053, 67.96892]
						},
						"1.6667": {
							"vector": [0, 0, 0]
						}
					},
					"position": {
						"0.0": {
							"vector": [0, 0, 0]
						},
						"0.5833": {
							"vector": [-15.69213, -44.05759, 18.78717]
						},
						"0.75": {
							"vector": [-14.21573, -23.30208, 4.01195]
						},
						"0.8333": {
							"vector": [-15.47083, -23.46388, 3.30612]
						},
						"0.9333": {
							"vector": [-17.53119, -13.72975, -1.12832]
						},
						"1.0": {
							"vector": [-17.53119, -13.72975, -1.12832]
						},
						"1.1": {
							"vector": [-17.45761, -12.62312, 4.22679]
						},
						"1.2167": {
							"vector": [-16.52505, -12.88182, 4.10838]
						},
						"1.2667": {
							"vector": [-18.7893, -9.45568, 3.93305]
						},
						"1.4167": {
							"vector": [-18.7893, -9.45568, 3.93305]
						},
						"1.6667": {
							"vector": [0, 0, 0]
						}
					}
				},
				"slide": {
					"position": {
						"0.0": {
							"vector": [0, 0, 5.5]
						},
						"1.3": {
							"vector": [0, 0, 5.5]
						},
						"1.3333": {
							"vector": [0, 0, 0]
						}
					}
				},
				"_camera_": {
					"rotation": {
						"0.0": {
							"vector": [0, 0, 0]
						},
						"0.2167": {
							"vector": [2.05244, 1.12744, 2.55758],
							"easing": "easeInOutSine"
						},
						"0.3167": {
							"vector": [3.43996, 1.2788, -1.36355],
							"easing": "linear"
						},
						"0.45": {
							"vector": [3.99026, 0.98228, 0.08341],
							"easing": "easeInOutSine"
						},
						"0.6333": {
							"vector": [3.99858, 0.92222, -1.4606],
							"easing": "easeInOutSine"
						},
						"0.8167": {
							"vector": [3.04154, 0.81618, -0.49328]
						},
						"0.9167": {
							"vector": [2.77486, 0.76171, 0.28255],
							"easing": "easeInOutSine"
						},
						"1.0167": {
							"vector": [2.73961, 0.88014, -2.17653]
						},
						"1.1833": {
							"vector": [2.77104, 0.77405, 0.02564]
						},
						"1.2667": {
							"vector": [2.75677, 0.82367, -1.00194]
						},
						"1.3667": {
							"vector": [2.7968, 0.67665, 2.03062],
							"easing": "easeInOutSine"
						},
						"1.5": {
							"vector": [1.90177, 0.71851, -1.14779]
						},
						"1.6333": {
							"vector": [1.36282, 0.46122, 1.18721]
						},
						"1.8667": {
							"vector": [0, 0, 0],
							"easing": "easeInOutSine"
						}
					}
				}
			},
			"sound_effects": {
				"0.1": {
					"effect": "pistol_magout_fast"
				},
				"0.65": {
					"effect": "pistol_magin"
				},
				"1.15": {
					"effect": "pistol_hit"
				},
				"1.1667": {
					"effect": "pistol_slide"
				}
			}
		},
		"animation.model.inspect": {
			"loop": true,
			"animation_length": 6.2333,
			"bones": {
				"main": {
					"rotation": {
						"0.0": {
							"vector": [0, 0, 0]
						},
						"0.2833": {
							"vector": [-12.54604, -30.20818, -40.82354],
							"easing": "easeInOutSine"
						},
						"0.45": {
							"vector": [-13.3159, -33.86536, -46.69311],
							"easing": "easeOutSine"
						},
						"0.5833": {
							"vector": [-14.03696, -33.50749, -44.94244]
						},
						"0.7667": {
							"vector": [-12.92857, -33.7336, -46.04029]
						},
						"0.9833": {
							"vector": [-14.07317, -33.58725, -45.32837]
						},
						"1.3333": {
							"vector": [-13.3159, -33.86536, -46.69311],
							"easing": "easeInOutSine"
						},
						"1.6833": {
							"vector": [-10.98675, -34.60246, -50.83197],
							"easing": "easeInOutSine"
						},
						"1.9": {
							"vector": [-10.45488, -34.74621, -51.76608]
						},
						"2.0667": {
							"vector": [-10.86234, -34.63569, -51.05029]
						},
						"2.2333": {
							"vector": [-9.37176, -35.52371, -53.66019]
						},
						"2.4333": {
							"vector": [-10.13529, -34.83158, -52.32695]
						},
						"2.8167": {
							"vector": [-17.7874, 15.96937, 60.99905],
							"easing": "easeInOutSine"
						},
						"2.9833": {
							"vector": [-18.38099, 18.78617, 65.52172],
							"easing": "easeOutSine"
						},
						"3.1667": {
							"vector": [-17.79158, 18.62783, 65.021]
						},
						"3.35": {
							"vector": [-18.33276, 18.83284, 65.67086]
						},
						"3.5667": {
							"vector": [-18.83453, 18.33114, 64.09652]
						},
						"3.7833": {
							"vector": [-18.38099, 18.78617, 65.52172]
						},
						"4.1333": {
							"vector": [-25.17486, 6.91757, 35.79156],
							"easing": "easeInOutSine"
						},
						"4.2333": {
							"vector": [-26.75233, 8.50495, 38.93947]
						},
						"4.3667": {
							"vector": [-26.43155, 7.4738, 36.8647]
						},
						"4.5333": {
							"vector": [-24.94142, 7.76471, 37.61828]
						},
						"4.6333": {
							"vector": [-17.60843, 4.71367, 31.25419]
						},
						"4.7833": {
							"vector": [-15.05996, 6.57421, 31.00707]
						},
						"5.05": {
							"vector": [1.75167, -2.49883, -4.07639],
							"easing": "easeInOutSine"
						},
						"5.1833": {
							"vector": [0.58201, -1.04064, 2.6563],
							"easing": "easeOutSine"
						},
						"5.3167": {
							"vector": [0.34258, 0.38164, 0.59987],
							"easing": "easeOutSine"
						},
						"5.4167": {
							"vector": [0, 0, 0]
						}
					},
					"position": {
						"0.0": {
							"vector": [0, 0, 0]
						},
						"0.2833": {
							"vector": [-4.8, 2.975, 0],
							"easing": "easeInOutSine"
						},
						"0.4833": {
							"vector": [-5.225, 4.1, 0],
							"easing": "easeOutSine"
						},
						"0.8": {
							"vector": [-5.11, 3.8, 0]
						},
						"1.3167": {
							"vector": [-5.225, 4.35, 0],
							"easing": "easeInOutSine"
						},
						"1.65": {
							"vector": [-5.3, 4.475, 0],
							"easing": "easeInOutSine"
						},
						"2.3833": {
							"vector": [-5.3, 4.475, 0],
							"easing": "easeInOutSine"
						},
						"2.8167": {
							"vector": [2.075, -1.57, 4.975],
							"easing": "easeInOutSine"
						},
						"3.0": {
							"vector": [2.28, -1.57, 4.98]
						},
						"3.4": {
							"vector": [2.255, -1.645, 4.98]
						},
						"3.6667": {
							"vector": [2.075, -1.57, 4.975]
						},
						"3.95": {
							"vector": [1.02, -2.57, 5.23],
							"easing": "easeInSine"
						},
						"4.1667": {
							"vector": [0.475, -1.57, 6.4],
							"easing": "easeOutSine"
						},
						"4.2667": {
							"vector": [0.47, -1.57, 7.9],
							"easing": "easeOutSine"
						},
						"4.5333": {
							"vector": [0.475, -1.67, 6.7],
							"easing": "easeOutSine"
						},
						"4.6333": {
							"vector": [0.36, -1.74, 3.195]
						},
						"4.75": {
							"vector": [-0.245, -1.87, 5.09]
						},
						"5.0667": {
							"vector": [-0.4, -2.175, -7.325],
							"easing": "easeInOutSine"
						},
						"5.1667": {
							"vector": [0.4, 0, 1.6]
						},
						"5.3667": {
							"vector": [0, 0, 0]
						}
					}
				},
				"slide": {
					"position": {
						"0.0": {
							"vector": [0, 0, 0]
						},
						"4.0833": {
							"vector": [0, 0, 0]
						},
						"4.1833": {
							"vector": [0, 0, 2.55]
						},
						"4.5333": {
							"vector": [0, 0, 2.55]
						},
						"4.5833": {
							"vector": [0, 0, 0]
						}
					}
				},
				"shell": {
					"rotation": {
						"vector": [-6.25, 0, 0]
					},
					"position": {
						"vector": [0, 2.65, -0.95]
					}
				},
				"leftarm": {
					"rotation": {
						"0.0": {
							"vector": [0, 0, 0]
						},
						"0.3": {
							"vector": [17.75, 0, 53]
						},
						"2.4833": {
							"vector": [17.75, 0, 53]
						},
						"3.0333": {
							"vector": [18.00821, -20.68984, -63.5923]
						},
						"3.7667": {
							"vector": [18.00821, -20.68984, -63.5923]
						},
						"4.0833": {
							"vector": [-59.75419, 25.31876, 7.10822]
						},
						"4.1833": {
							"vector": [-53.36621, 30.53317, 15.79496]
						},
						"4.3333": {
							"vector": [-57.27345, 31.85048, 10.56775]
						},
						"4.5333": {
							"vector": [-57.54412, 31.97912, 10.19507]
						},
						"4.65": {
							"vector": [-48.40235, 28.24973, 22.64896]
						},
						"5.15": {
							"vector": [0, 0, 0]
						}
					},
					"position": {
						"0.0": {
							"vector": [0, 0, 0]
						},
						"0.3": {
							"vector": [-4.8887, -14.90815, 6.89993]
						},
						"2.4833": {
							"vector": [-4.8887, -14.90815, 6.89993]
						},
						"3.0333": {
							"vector": [-9.94316, 43.94869, 3.06323]
						},
						"3.7667": {
							"vector": [-9.94316, 43.94869, 3.06323]
						},
						"4.0833": {
							"vector": [-6.53061, 21.38659, -7.3382]
						},
						"4.1833": {
							"vector": [-5.41008, 21.32548, -6.55597]
						},
						"4.5333": {
							"vector": [-5.41008, 21.32548, -6.55597]
						},
						"4.65": {
							"vector": [-3.81, 19.455, -7.48]
						},
						"5.15": {
							"vector": [0, 0, 0]
						}
					}
				},
				"_camera_": {
					"rotation": {
						"0.0": {
							"vector": [0, 0, 0]
						},
						"0.6": {
							"vector": [1.78286, 1.4664, 1.28926],
							"easing": "easeInOutSine"
						},
						"1.2": {
							"vector": [1.42969, 1.83386, 0.94369],
							"easing": "easeInSine"
						},
						"1.75": {
							"vector": [0.51427, 2.23925, 0.56246],
							"easing": "easeOutSine"
						},
						"2.3167": {
							"vector": [1.26323, 2.73913, 0.57349]
						},
						"2.8833": {
							"vector": [2.72423, 1.3235, -1.21676],
							"easing": "easeInOutSine"
						},
						"3.5833": {
							"vector": [3.24563, 1.28655, -0.47008]
						},
						"4.1": {
							"vector": [4.9017, 3.42673, -2.11859],
							"easing": "easeInOutSine"
						},
						"4.2667": {
							"vector": [5.46055, 3.33642, -1.12094]
						},
						"4.4167": {
							"vector": [5.55072, 3.41866, -2.04066]
						},
						"4.5667": {
							"vector": [5.6517, 3.42673, -2.11859],
							"easing": "easeInOutSine"
						},
						"4.6667": {
							"vector": [4.76956, 3.09266, -0.01739]
						},
						"4.9": {
							"vector": [3.12613, 2.18558, -2.01001]
						},
						"5.2667": {
							"vector": [0, 0, 0],
							"easing": "easeInOutSine"
						}
					}
				}
			},
			"sound_effects": {
				"0.0": {
					"effect": "pistol_inspectup"
				},
				"2.4": {
					"effect": "pistol_inspectturn"
				},
				"3.8": {
					"effect": "pistol_inspectturn"
				},
				"4.1": {
					"effect": "hl_slideback"
				},
				"4.4667": {
					"effect": "hl_slideforward"
				},
				"4.7833": {
					"effect": "pistol_draw"
				}
			}
		},
		"animation.model.inspectempty": {
			"loop": true,
			"animation_length": 6.5833,
			"bones": {
				"main": {
					"rotation": {
						"0.0": {
							"vector": [0, 0, 0]
						},
						"0.1833": {
							"vector": [-11.81915, -21.83656, -29.51008]
						},
						"0.2833": {
							"vector": [-16.67174, -29.06949, -35.51721],
							"easing": "easeInOutSine"
						},
						"0.45": {
							"vector": [-12.49387, -34.14455, -48.1629],
							"easing": "easeOutSine"
						},
						"0.5833": {
							"vector": [-14.03696, -33.50749, -44.94244]
						},
						"0.7667": {
							"vector": [-12.92857, -33.7336, -46.04029]
						},
						"0.9833": {
							"vector": [-14.07317, -33.58725, -45.32837]
						},
						"1.3333": {
							"vector": [-13.3159, -33.86536, -46.69311],
							"easing": "easeInOutSine"
						},
						"1.6833": {
							"vector": [-10.98675, -34.60246, -50.83197],
							"easing": "easeInOutSine"
						},
						"1.9": {
							"vector": [-10.45488, -34.74621, -51.76608]
						},
						"2.0667": {
							"vector": [-10.86234, -34.63569, -51.05029]
						},
						"2.2333": {
							"vector": [-9.37176, -35.52371, -53.66019]
						},
						"2.4333": {
							"vector": [-10.13529, -34.83158, -52.32695]
						},
						"2.8167": {
							"vector": [-17.7874, 15.96937, 60.99905],
							"easing": "easeInOutSine"
						},
						"2.9833": {
							"vector": [-18.38099, 18.78617, 65.52172],
							"easing": "easeOutSine"
						},
						"3.1667": {
							"vector": [-17.79158, 18.62783, 65.021]
						},
						"3.35": {
							"vector": [-18.33276, 18.83284, 65.67086]
						},
						"3.5667": {
							"vector": [-18.83453, 18.33114, 64.09652]
						},
						"3.7833": {
							"vector": [-18.38099, 18.78617, 65.52172]
						},
						"4.1333": {
							"vector": [-25.17486, 6.91757, 35.79156],
							"easing": "easeInOutSine"
						},
						"4.2667": {
							"vector": [-26.75233, 8.50495, 38.93947]
						},
						"4.4": {
							"vector": [-24.93155, 7.4738, 36.8647]
						},
						"4.55": {
							"vector": [-25.34142, 7.80712, 37.54258]
						},
						"4.6833": {
							"vector": [-26.64604, 5.50505, 35.15011]
						},
						"4.8": {
							"vector": [-28.46963, 7.31198, 36.5397]
						},
						"4.95": {
							"vector": [-26.59453, 6.81441, 35.53453]
						},
						"5.2": {
							"vector": [-27.44689, 7.69567, 36.74848]
						},
						"5.5167": {
							"vector": [1.75167, -2.49883, -4.07639],
							"easing": "easeInOutSine"
						},
						"5.65": {
							"vector": [0.58201, -1.04064, 2.6563],
							"easing": "easeOutSine"
						},
						"5.7833": {
							"vector": [0.34258, 0.38164, 0.59987],
							"easing": "easeOutSine"
						},
						"5.8833": {
							"vector": [0, 0, 0]
						}
					},
					"position": {
						"0.0": {
							"vector": [0, 0, 0]
						},
						"0.25": {
							"vector": [-4.8, 2.975, 0],
							"easing": "easeInOutSine"
						},
						"0.35": {
							"vector": [-4.75569, 4.41296, -1.15333]
						},
						"0.4833": {
							"vector": [-5.77884, 3.1285, 0.58796],
							"easing": "easeOutSine"
						},
						"0.8": {
							"vector": [-5.11, 3.8, 0]
						},
						"1.3167": {
							"vector": [-5.225, 4.35, 0],
							"easing": "easeInOutSine"
						},
						"1.65": {
							"vector": [-5.3, 4.475, 0],
							"easing": "easeInOutSine"
						},
						"2.3833": {
							"vector": [-5.3, 4.475, 0],
							"easing": "easeInOutSine"
						},
						"2.8167": {
							"vector": [2.075, -1.57, 4.975],
							"easing": "easeInOutSine"
						},
						"3.0": {
							"vector": [2.28, -1.57, 4.98]
						},
						"3.4": {
							"vector": [2.255, -1.645, 4.98]
						},
						"3.6667": {
							"vector": [2.075, -1.57, 4.975]
						},
						"3.95": {
							"vector": [1.02, -2.57, 5.23],
							"easing": "easeInSine"
						},
						"4.1667": {
							"vector": [0.475, -1.57, 6.4],
							"easing": "easeOutSine"
						},
						"4.3": {
							"vector": [0.47, -1.57, 7.9],
							"easing": "easeOutSine"
						},
						"4.5333": {
							"vector": [0.57431, -1.3144, 7.36728]
						},
						"4.6333": {
							"vector": [0.68602, -1.04124, 6.80625]
						},
						"4.7333": {
							"vector": [0.59827, -1.25324, 7.25099]
						},
						"4.8": {
							"vector": [0.45308, -1.60297, 7.98395]
						},
						"4.9833": {
							"vector": [0.52519, -1.42027, 7.59704]
						},
						"5.1333": {
							"vector": [0.47, -1.57, 7.9],
							"easing": "easeOutSine"
						},
						"5.5333": {
							"vector": [-0.4, -2.175, -7.325],
							"easing": "easeInOutSine"
						},
						"5.6333": {
							"vector": [0.4, 0, 1.6]
						},
						"5.8333": {
							"vector": [0, 0, 0]
						}
					}
				},
				"slide": {
					"position": {
						"0.0": {
							"vector": [0, 0, 5.5]
						},
						"0.1833": {
							"vector": [0, 0, 5.5]
						},
						"0.2167": {
							"vector": [0, 0, 0]
						},
						"4.0833": {
							"vector": [0, 0, 0]
						},
						"4.2167": {
							"vector": [0, 0, 4.55]
						},
						"4.5333": {
							"vector": [0, 0, 4.55]
						},
						"4.6167": {
							"vector": [0, 0, 0],
							"easing": "linear"
						},
						"4.7333": {
							"vector": [0, 0, 0]
						},
						"4.8667": {
							"vector": [0, 0, 5.5]
						}
					}
				},
				"shell": {
					"scale": {
						"vector": [0, 0, 0]
					}
				},
				"leftarm": {
					"rotation": {
						"0.0": {
							"vector": [0, 0, 0]
						},
						"0.3": {
							"vector": [17.75, 0, 53]
						},
						"2.4833": {
							"vector": [17.75, 0, 53]
						},
						"3.0333": {
							"vector": [18.00821, -20.68984, -63.5923]
						},
						"3.7667": {
							"vector": [18.00821, -20.68984, -63.5923]
						},
						"4.0833": {
							"vector": [-59.75419, 25.31876, 7.10822]
						},
						"4.2167": {
							"vector": [-57.54412, 31.97912, 10.19507]
						},
						"4.5333": {
							"vector": [-57.54412, 31.97912, 10.19507]
						},
						"4.6167": {
							"vector": [-59.75419, 25.31876, 7.10822]
						},
						"4.7333": {
							"vector": [-59.75419, 25.31876, 7.10822]
						},
						"4.8667": {
							"vector": [-57.54412, 31.97912, 10.19507]
						},
						"4.9833": {
							"vector": [-57.54412, 31.97912, 10.19507]
						},
						"5.1833": {
							"vector": [-57.54412, 31.97912, 10.19507]
						},
						"5.4": {
							"vector": [0, 0, 0]
						}
					},
					"position": {
						"0.0": {
							"vector": [0, 0, 0]
						},
						"0.3": {
							"vector": [-4.8887, -14.90815, 6.89993]
						},
						"2.4833": {
							"vector": [-4.8887, -14.90815, 6.89993]
						},
						"3.0333": {
							"vector": [-9.94316, 43.94869, 3.06323]
						},
						"3.7667": {
							"vector": [-9.94316, 43.94869, 3.06323]
						},
						"4.0833": {
							"vector": [-6.53061, 21.38659, -7.3382]
						},
						"4.2167": {
							"vector": [-4.91008, 21.32548, -3.70597]
						},
						"4.5333": {
							"vector": [-4.91008, 21.32548, -3.70597]
						},
						"4.6167": {
							"vector": [-6.53061, 21.38659, -7.3382]
						},
						"4.7333": {
							"vector": [-6.53061, 21.38659, -7.3382]
						},
						"4.8667": {
							"vector": [-4.91008, 21.32548, -3.70597]
						},
						"4.9833": {
							"vector": [-4.91008, 21.32548, -3.70597]
						},
						"5.1833": {
							"vector": [-4.91008, 21.32548, -3.70597]
						},
						"5.4": {
							"vector": [0, 0, 0]
						}
					}
				},
				"rightarm": {
					"rotation": {
						"0.0": {
							"vector": [0, 0, 0]
						},
						"0.1833": {
							"vector": [0, 0, -9.5]
						},
						"0.3167": {
							"vector": [-1.96994, 2.82188, 0.80428]
						},
						"0.5333": {
							"vector": [0, 0, 0]
						}
					},
					"position": {
						"0.0": {
							"vector": [0, 0, 0]
						},
						"0.1833": {
							"vector": [2.32819, -0.54039, 1.74642]
						},
						"0.3167": {
							"vector": [0.84696, -0.77583, 1.67115]
						},
						"0.5333": {
							"vector": [0, 0, 0]
						}
					}
				},
				"_camera_": {
					"rotation": {
						"0.0": {
							"vector": [0, 0, 0]
						},
						"0.1667": {
							"vector": [0.31957, 0.26052, 0.48027]
						},
						"0.2667": {
							"vector": [0.51592, 0.39658, 2.33197]
						},
						"0.4": {
							"vector": [1.08123, 0.96495, -0.92022]
						},
						"0.6833": {
							"vector": [1.78286, 1.4664, 1.28926],
							"easing": "easeOutSine"
						},
						"1.2": {
							"vector": [1.42969, 1.83386, 0.94369],
							"easing": "easeInSine"
						},
						"1.75": {
							"vector": [0.51427, 2.23925, 0.56246],
							"easing": "easeOutSine"
						},
						"2.3167": {
							"vector": [1.26323, 2.73913, 0.57349]
						},
						"2.8833": {
							"vector": [2.72423, 1.3235, -1.21676],
							"easing": "easeInOutSine"
						},
						"3.5833": {
							"vector": [3.24563, 1.28655, -0.47008]
						},
						"4.1": {
							"vector": [4.9017, 3.42673, -2.11859],
							"easing": "easeInOutSine"
						},
						"4.2667": {
							"vector": [5.46055, 3.33642, -1.12094]
						},
						"4.4167": {
							"vector": [5.55072, 3.41866, -2.04066]
						},
						"4.55": {
							"vector": [5.58024, 3.37017, -1.54214]
						},
						"4.6667": {
							"vector": [5.50566, 3.49091, -2.78853]
						},
						"4.8333": {
							"vector": [5.56553, 3.39445, -1.79139]
						},
						"5.1333": {
							"vector": [5.50566, 3.49091, -2.78853]
						},
						"5.2333": {
							"vector": [4.10933, 3.32142, -1.04367]
						},
						"5.4333": {
							"vector": [2.56243, 1.89595, -1.85857],
							"easing": "easeInSine"
						},
						"5.8333": {
							"vector": [0, 0, 0],
							"easing": "easeInOutSine"
						}
					}
				}
			},
			"sound_effects": {
				"0.0667": {
					"effect": "pistol_slide"
				},
				"2.4": {
					"effect": "pistol_inspectturn"
				},
				"3.8": {
					"effect": "pistol_inspectturn"
				},
				"4.1": {
					"effect": "hl_slideback"
				},
				"4.4667": {
					"effect": "hl_slideforward"
				},
				"4.7": {
					"effect": "hl_slideback"
				},
				"5.1667": {
					"effect": "pistol_draw"
				}
			}
		},
		"animation.model.idle": {
			"loop": true,
			"animation_length": 0.1
		},
		"animation.model.idleempty": {
			"loop": true,
			"animation_length": 0.1,
			"bones": {
				"slide": {
					"position": {
						"vector": [0, 0, 5.5]
					}
				}
			}
		},
		"animation.model.running": {
			"loop": true,
			"animation_length": 0.5667,
			"bones": {
				"main": {
					"rotation": {
						"0.0": {
							"vector": [-57.82263, -6.12844, 5.00258]
						},
						"0.1833": {
							"vector": [-58.88397, -7.96808, -1.54433],
							"easing": "easeInOutSine"
						},
						"0.3167": {
							"vector": [-61.69599, -9.42204, 0.94917],
							"easing": "easeOutSine"
						},
						"0.45": {
							"vector": [-59.03533, -6.29297, 2.33423],
							"easing": "linear"
						},
						"0.5667": {
							"vector": [-57.82263, -6.12844, 5.00258],
							"easing": "easeInOutSine"
						}
					},
					"position": {
						"0.0": {
							"vector": [-10.1, -8.35, 6.075]
						},
						"0.0333": {
							"vector": [-9.74, -8.575, 5.61]
						},
						"0.0833": {
							"vector": [-9.6, -7.84, 4.82]
						},
						"0.15": {
							"vector": [-9.39, -6.74, 3.2]
						},
						"0.2333": {
							"vector": [-9.01, -8.03, 0.075]
						},
						"0.3": {
							"vector": [-8.6, -9.175, -0.505]
						},
						"0.35": {
							"vector": [-8.93, -8.945, -1.305]
						},
						"0.3833": {
							"vector": [-9.09, -7.925, -1.365]
						},
						"0.45": {
							"vector": [-9.31, -6.79, 1.71]
						},
						"0.5667": {
							"vector": [-10.1, -8.35, 6.075],
							"easing": "linear"
						}
					}
				}
			}
		},
		"animation.model.off_ground_sprinting": {
			"loop": true,
			"animation_length": 0.5667,
			"bones": {
				"main": {
					"rotation": {
						"vector": [-57.82263, -6.12844, 5.00258]
					},
					"position": {
						"vector": [-10.1, -8.35, 6.075]
					}
				}
			}
		},
		"animation.model.off_ground": {
			"loop": true,
			"animation_length": 0.5667
		},
		"animation.model.runningstart": {
			"animation_length": 0.3333,
			"bones": {
				"main": {
					"rotation": {
						"0.0": {
							"vector": [0, 0, 0]
						},
						"0.3333": {
							"vector": [-57.82263, -6.12844, 5.00258],
							"easing": "easeInOutSine"
						}
					},
					"position": {
						"0.0": {
							"vector": [0, 0, 0]
						},
						"0.1667": {
							"vector": [-4.58, -7.43, 2.76],
							"easing": "easeInSine"
						},
						"0.3333": {
							"vector": [-10.1, -8.35, 6.075],
							"easing": "easeOutSine"
						}
					}
				}
			}
		},
		"animation.model.runningend": {
			"animation_length": 0.3667,
			"bones": {
				"main": {
					"rotation": {
						"0.0": {
							"vector": [-57.82263, -6.12844, 5.00258],
							"easing": "easeInOutSine"
						},
						"0.1833": {
							"vector": [0.53597, 0.18491, 5.1683],
							"easing": "easeInOutSine"
						},
						"0.2667": {
							"vector": [0.3359, -0.86242, -0.40746]
						},
						"0.3667": {
							"vector": [0, 0, 0]
						}
					},
					"position": {
						"0.0": {
							"vector": [-10.1, -8.35, 6.075],
							"easing": "linear"
						},
						"0.0833": {
							"vector": [-4.54, -6.195, 3.71],
							"easing": "easeInSine"
						},
						"0.1833": {
							"vector": [0.225, -0.725, 1.6]
						},
						"0.25": {
							"vector": [0, 0.2, -0.875]
						},
						"0.3333": {
							"vector": [0, 0, 0],
							"easing": "easeOutSine"
						}
					}
				}
			}
		}
	},
	"geckolib_format_version": 2
}