{
	"format_version": "1.12.0",
	"minecraft:geometry": [
		{
			"description": {
				"identifier": "geometry.unknown",
				"texture_width": 256,
				"texture_height": 256,
				"visible_bounds_width": 7,
				"visible_bounds_height": 3.5,
				"visible_bounds_offset": [0, 1.25, 0]
			},
			"bones": [
				{
					"name": "main",
					"pivot": [0, 20, 0]
				},
				{
					"name": "armR_gun",
					"parent": "main",
					"pivot": [0, 20, 0]
				},
				{
					"name": "gun",
					"parent": "armR_gun",
					"pivot": [0, 24.66418, -5.41078],
					"cubes": [
						{"origin": [-0.65, 23.52127, -12.64431], "size": [1.3, 1.3, 0], "pivot": [0, 24.17127, -9.14431], "rotation": [0, 0, 45], "uv": [48, 80]},
						{
							"origin": [1.505, 21.72253, -12.26884],
							"size": [0, 2, 7],
							"uv": {
								"north": {"uv": [7, 254], "uv_size": [0, 2]},
								"east": {"uv": [0, 254], "uv_size": [7, 2]},
								"south": {"uv": [14, 254], "uv_size": [0, 2]},
								"west": {"uv": [0, 159], "uv_size": [29, 7]},
								"up": {"uv": [7, 247], "uv_size": [0, 7]},
								"down": {"uv": [7, 254], "uv_size": [0, -7]}
							}
						},
						{
							"origin": [-1.505, 22.92253, -0.05616],
							"size": [0, 1.6, 2.6],
							"uv": {
								"north": {"uv": [14, 254], "uv_size": [0, 2]},
								"east": {"uv": [0, 167], "uv_size": [9, 7]},
								"south": {"uv": [7, 254], "uv_size": [0, 2]},
								"west": {"uv": [0, 254], "uv_size": [7, 2]},
								"up": {"uv": [7, 254], "uv_size": [0, -7]},
								"down": {"uv": [7, 247], "uv_size": [0, 7]}
							}
						},
						{"origin": [-1.1, 23.37253, -49.66884], "size": [2.2, 2.2, 23], "inflate": -0.25, "pivot": [0, 24.47253, -18.66884], "rotation": [0, 0, 45], "uv": [0, 44]},
						{"origin": [-1, 22.87253, 5.58116], "size": [2, 2, 13], "inflate": -0.25, "pivot": [0, 23.87253, 26.58116], "rotation": [0, 0, 45], "uv": [70, 107]},
						{"origin": [-0.25, 25.37253, -34.86884], "size": [1.75, 1.75, 8], "pivot": [0, 26.87253, -10.91884], "rotation": [0, 0, 45], "uv": [140, 136]},
						{"origin": [-1, 13.27253, 2.73116], "size": [2, 7.3, 4], "inflate": -0.002, "pivot": [0, 17.47253, 4.73116], "rotation": [27.5, 0, 0], "uv": [82, 140]},
						{"origin": [-1, 19.29792, 1.52842], "size": [2, 3, 4], "uv": [148, 30]},
						{"origin": [-1.5, 11.69792, 3.07842], "size": [3, 3, 6], "uv": [140, 145]},
						{"origin": [-1.5, 22.72253, -5.26884], "size": [3, 4, 10], "inflate": 0.002, "uv": [124, 122]},
						{"origin": [-0.5, 26.72253, -12.26884], "size": [1, 1, 17], "uv": [0, 107]},
						{"origin": [-0.5, 26.72253, 5.85616], "size": [1, 1.65, 3.675], "inflate": -0.002, "pivot": [0, 28.72253, 6.23116], "rotation": [-45, 0, 0], "uv": [150, 9]},
						{"origin": [-0.5, 21.72253, -4.26884], "size": [1, 1, 12], "uv": [0, 125]},
						{"origin": [-0.5, 21.72253, 7.73116], "size": [1, 1, 1.425], "inflate": -0.002, "pivot": [0, 21.72253, 7.73116], "rotation": [45, 0, 0], "uv": [12, 156]},
						{"origin": [-0.5, 22.72253, 6.73116], "size": [1, 3, 2], "uv": [26, 101]},
						{"origin": [-1, 25.69753, 7.73116], "size": [2, 1.275, 1], "uv": [126, 30]},
						{"origin": [-1, 25.97253, 8.73116], "size": [2, 1, 1], "inflate": 0.002, "uv": [154, 77]},
						{"origin": [-0.5, 25.74753, 8.73116], "size": [1, 1.45, 1], "inflate": -0.2, "pivot": [0, 26.47253, 9.23116], "rotation": [0, -45, 0], "uv": [68, 156]},
						{"origin": [-0.5, 11.74753, 8.73116], "size": [1, 1.45, 1], "inflate": -0.2, "pivot": [0, 12.47253, 9.23116], "rotation": [0, -45, 0], "uv": [72, 156]},
						{"origin": [-1, 11.97253, 8.73116], "size": [2, 1, 1], "inflate": 0.002, "uv": [92, 154]},
						{"origin": [-0.5, 27.72253, -37.26884], "size": [1, 1, 43], "uv": [0, 0]},
						{"origin": [-0.75, 27.72253, -1.26884], "size": [1.5, 1, 4], "inflate": -0.002, "uv": [150, 0]},
						{"origin": [-0.75, 24.72253, -34.86884], "size": [1.5, 1, 3], "inflate": -0.002, "uv": [150, 17]},
						{"origin": [-0.5, 21.72253, -25.26884], "size": [1, 2, 9], "uv": [44, 138]},
						{"origin": [-0.5, 22.72253, -16.26884], "size": [1, 1, 3], "uv": [150, 13]},
						{"origin": [-0.5, 21.72253, -37.26884], "size": [1, 6, 12], "uv": [70, 122]},
						{"origin": [-1, 21.22253, -38.26884], "size": [2, 1, 22.25], "uv": [50, 44]},
						{"origin": [-1.25, 20.97253, -32.26884], "size": [2.5, 1.5, 15.25], "uv": [98, 51]},
						{"origin": [-1, 22.22253, -38.26884], "size": [2, 6.5, 1], "uv": [64, 124]},
						{"origin": [0.2, 28.42253, -38.56884], "size": [1.1, 1.6, 14.6], "inflate": -0.3, "uv": [100, 107]},
						{"origin": [0.2, 28.42253, -23.56884], "size": [1.1, 1.6, 18.6], "inflate": -0.3, "uv": [32, 88]},
						{"origin": [0.2, 28.42253, -4.56884], "size": [1.1, 1.6, 10.6], "inflate": -0.3, "uv": [96, 136]},
						{"origin": [0.2, 28.32253, 5.43116], "size": [1.1, 1.7, 4.85], "inflate": -0.302, "pivot": [0.8, 29.72253, 5.73116], "rotation": [-45, 0, 0], "uv": [118, 101]},
						{"origin": [-1.3, 28.32253, 5.43116], "size": [1.1, 1.7, 4.85], "inflate": -0.302, "pivot": [-0.8, 29.72253, 5.73116], "rotation": [-45, 0, 0], "uv": [148, 46]},
						{"origin": [-1.3, 28.42253, -4.56884], "size": [1.1, 1.6, 10.6], "inflate": -0.3, "uv": [118, 136]},
						{"origin": [-1.3, 28.42253, -23.56884], "size": [1.1, 1.6, 18.6], "inflate": -0.3, "uv": [70, 88]},
						{"origin": [-1.3, 28.42253, -38.56884], "size": [1.1, 1.6, 14.6], "inflate": -0.3, "uv": [120, 15]},
						{"origin": [-1.5, 23.72253, -27.26884], "size": [3, 3, 14], "inflate": 0.002, "uv": [36, 107]},
						{"origin": [-1.5, 23.56331, -13.98038], "size": [3, 1.25, 4], "inflate": -0.005, "pivot": [0, 23.56331, -13.78038], "rotation": [-60, 0, 0], "uv": [0, 101]},
						{"origin": [0.5, 23.57197, -9.98538], "size": [1, 1.25, 1], "inflate": -0.002, "pivot": [0, 23.57197, -13.78538], "rotation": [-60, 0, 0], "uv": [156, 55]},
						{"origin": [-1.5, 23.62253, -4.76884], "size": [3, 1, 2.5], "inflate": -0.005, "pivot": [0, 23.62253, -5.76884], "rotation": [-60, 0, 0], "uv": [88, 41]},
						{"origin": [0.5, 22.29753, -27.26884], "size": [1, 1.425, 14], "inflate": -0.002, "pivot": [1.5, 23.72253, -21.76884], "rotation": [0, 0, 45], "uv": [108, 86]},
						{"origin": [0.5, 21.72253, -27.26884], "size": [1, 2, 1], "inflate": -0.005, "pivot": [1.5, 23.72253, -27.26884], "rotation": [-45.5, 0, 45], "uv": [152, 154]},
						{"origin": [0.5, 21.29753, -4.26884], "size": [1, 1.425, 11], "inflate": -0.002, "pivot": [1.5, 22.72253, 1.23116], "rotation": [0, 0, 45], "uv": [130, 67]},
						{"origin": [-1.5, 21.29753, -4.26884], "size": [1, 1.425, 11], "inflate": -0.002, "pivot": [-1.5, 22.72253, 1.23116], "rotation": [0, 0, -45], "uv": [132, 51]},
						{"origin": [0.5, 26.72253, -27.26884], "size": [1, 2, 2], "inflate": -0.002, "pivot": [1.5, 26.72253, -26.26884], "rotation": [0, 0, -35], "uv": [150, 125]},
						{"origin": [0.5, 26.72253, -12.26884], "size": [1, 2, 17], "inflate": -0.002, "pivot": [1.5, 26.72253, -11.26884], "rotation": [0, 0, -35], "uv": [94, 67]},
						{"origin": [0.5, 26.72253, 3.73116], "size": [1, 1.9, 1], "inflate": -0.005, "pivot": [1.5, 26.72253, 4.73116], "rotation": [-18.75, 0, -35], "uv": [16, 156]},
						{"origin": [-1.5, 25.72253, -13.26884], "size": [3, 1, 8], "inflate": 0.002, "uv": [22, 138]},
						{"origin": [-1.7, 22.52253, -10.46884], "size": [1.4, 1, 5.4], "inflate": -0.2, "uv": [14, 101]},
						{"origin": [-1.7, 22.52253, -11.16884], "size": [1.4, 1, 1.1], "inflate": -0.202, "pivot": [-1, 23.32253, -10.26884], "rotation": [60, 0, 0], "uv": [104, 156]},
						{"origin": [-1.7, 22.52253, -13.46884], "size": [1.4, 1, 1.4], "inflate": -0.2, "uv": [100, 156]},
						{"origin": [-1.7, 22.32253, -6.46884], "size": [1.4, 3, 1.4], "inflate": -0.202, "pivot": [-1, 25.12253, -6.26884], "rotation": [30, 0, 0], "uv": [154, 73]},
						{"origin": [-1.7, 24.92253, -13.46884], "size": [1.4, 1, 8.4], "inflate": -0.2, "uv": [146, 100]},
						{"origin": [-1.7, 22.52253, -13.46884], "size": [1.4, 3.4, 1], "inflate": -0.202, "uv": [76, 153]},
						{"origin": [0.5, 22.72253, -13.26884], "size": [1, 3, 8], "inflate": 0.002, "uv": [32, 69]},
						{"origin": [0.3, 20.82253, -12.46884], "size": [1.4, 2.1, 8.4], "inflate": -0.198, "uv": [138, 90]},
						{"origin": [-1.7, 20.82253, -12.46884], "size": [1.4, 2.1, 8.4], "inflate": -0.198, "uv": [64, 140]},
						{"origin": [0.5, 19.42253, -5.26884], "size": [1, 2, 1], "inflate": -0.002, "pivot": [1, 19.42253, -4.26884], "rotation": [-33.5, 0, 0], "uv": [20, 155]},
						{"origin": [-1.5, 23.57197, -9.98538], "size": [1, 1.25, 1], "inflate": -0.002, "pivot": [0, 23.57197, -13.78538], "rotation": [-60, 0, 0], "uv": [156, 57]},
						{"origin": [-1.5, 19.42253, -5.26884], "size": [1, 2, 1], "inflate": -0.002, "pivot": [-1, 19.42253, -4.26884], "rotation": [-33.5, 0, 0], "uv": [24, 155]},
						{"origin": [0.5, 19.42253, -11.39384], "size": [1, 1, 7.125], "inflate": 0.002, "uv": [22, 147]},
						{"origin": [-1.5, 22.72253, 4.73116], "size": [3, 2, 2], "inflate": 0.002, "uv": [142, 63]},
						{"origin": [0.5, 22.72253, 6.73116], "size": [1, 2, 2], "inflate": -0.002, "pivot": [1.5, 23.72253, 6.73116], "rotation": [0, -45, 0], "uv": [80, 151]},
						{"origin": [0.7, 23.52253, 6.53116], "size": [1, 1.4, 2.4], "inflate": -0.205, "pivot": [1.5, 24.72253, 6.73116], "rotation": [35.75, -45, 0], "uv": [154, 67]},
						{"origin": [-1.7, 23.52253, 6.53116], "size": [1, 1.4, 2.4], "inflate": -0.205, "pivot": [-1.5, 24.72253, 6.73116], "rotation": [35.75, 45, 0], "uv": [154, 70]},
						{"origin": [0.5, 23.72253, -29.28116], "size": [1, 3, 2], "inflate": -0.002, "pivot": [1.5, 24.72253, -27.28116], "rotation": [0, 35, 0], "uv": [64, 131]},
						{"origin": [0.5, 23.72253, -29.28116], "size": [1, 1, 2], "inflate": -0.005, "pivot": [1.5, 23.72253, -27.28116], "rotation": [30, 35, 0], "uv": [64, 153]},
						{"origin": [-1.5, 21.72253, -27.26884], "size": [1, 2, 1], "inflate": -0.005, "pivot": [-1.5, 23.72253, -27.26884], "rotation": [-45.5, 0, -45], "uv": [0, 155]},
						{"origin": [-1.5, 23.72253, -29.28116], "size": [1, 1, 2], "inflate": -0.005, "pivot": [-1.5, 23.72253, -27.28116], "rotation": [30, -35, 0], "uv": [70, 153]},
						{"origin": [-1.5, 23.72253, -29.28116], "size": [1, 3, 2], "inflate": -0.002, "pivot": [-1.5, 24.72253, -27.28116], "rotation": [0, -35, 0], "uv": [58, 149]},
						{"origin": [-1.5, 22.29753, -27.26884], "size": [1, 1.425, 14], "inflate": -0.002, "pivot": [-1.5, 23.72253, -21.76884], "rotation": [0, 0, -45], "uv": [120, 0]},
						{"origin": [0.8, 25.22253, -29.88116], "size": [1, 1.8, 2.9], "inflate": -0.305, "pivot": [1.5, 26.72253, -27.28116], "rotation": [-39.5, 35, 0], "uv": [150, 133]},
						{"origin": [-1.5, 26.72253, -27.26884], "size": [1, 2, 2], "inflate": -0.002, "pivot": [-1.5, 26.72253, -26.26884], "rotation": [0, 0, 35], "uv": [86, 151]},
						{"origin": [-1.8, 26.42253, -27.56884], "size": [1, 2.775, 1.8], "inflate": -0.305, "pivot": [-1.5, 26.72253, -27.26884], "rotation": [39.5, 0, 35], "uv": [4, 155]},
						{"origin": [0.8, 26.42253, -27.56884], "size": [1, 2.775, 1.8], "inflate": -0.305, "pivot": [1.5, 26.72253, -27.26884], "rotation": [39.5, 0, -35], "uv": [28, 155]},
						{"origin": [-1.8, 25.22253, -29.88116], "size": [1, 1.8, 2.9], "inflate": -0.305, "pivot": [-1.5, 26.72253, -27.28116], "rotation": [-39.5, -35, 0], "uv": [58, 154]},
						{"origin": [-1.5, 22.72253, 3.90616], "size": [3, 2, 2.825], "pivot": [0, 24.72253, 6.73116], "rotation": [-45, 0, 0], "uv": [150, 5]},
						{"origin": [0.5, 25.72132, 4.31987], "size": [1, 2, 2.825], "inflate": -0.002, "pivot": [1.5, 25.72132, 5.73237], "rotation": [-39.32269, -23.92746, -26.341], "uv": [150, 129]},
						{"origin": [0.5, 26.72895, 4.73724], "size": [1, 1.9, 1], "inflate": -0.005, "pivot": [1.5, 26.72895, 4.72474], "rotation": [-20.32269, -23.92746, -26.341], "uv": [156, 51]},
						{"origin": [-1.5, 26.72895, 4.73724], "size": [1, 1.9, 1], "inflate": -0.005, "pivot": [-1.5, 26.72895, 4.72474], "rotation": [-20.32269, 23.92746, 26.341], "uv": [156, 53]},
						{"origin": [-1.5, 19.42253, -11.39384], "size": [1, 1, 7.125], "inflate": 0.002, "uv": [32, 80]},
						{"origin": [-1.5, 26.72253, -12.26884], "size": [1, 2, 17], "inflate": -0.002, "pivot": [-1.5, 26.72253, -11.26884], "rotation": [0, 0, 35], "uv": [98, 32]},
						{"origin": [-1.5, 26.72253, 3.73116], "size": [1, 2, 1], "inflate": -0.005, "pivot": [-1.5, 26.72253, 4.73116], "rotation": [-18.75, 0, 35], "uv": [8, 155]},
						{"origin": [-1.5, 25.72132, 4.31987], "size": [1, 2, 2.825], "inflate": -0.002, "pivot": [-1.5, 25.72132, 5.73237], "rotation": [-39.32269, 23.92746, 26.341], "uv": [152, 63]},
						{"origin": [-1.5, 22.72253, 6.73116], "size": [1, 2, 2], "inflate": -0.002, "pivot": [-1.5, 23.72253, 6.73116], "rotation": [0, 45, 0], "uv": [14, 152]},
						{"origin": [-0.7, 19.92295, -0.34973], "size": [1.4, 2, 1.2], "inflate": -0.2, "pivot": [0, 21.92295, 0.65027], "rotation": [5, 0, 0], "uv": [148, 154]},
						{"origin": [-0.7, 19.92295, 0.45027], "size": [1.4, 1.2, 1.3], "inflate": -0.198, "uv": [88, 155]},
						{"origin": [-0.7, 18.7298, -0.19285], "size": [1.4, 1.6, 1.2], "inflate": -0.202, "pivot": [0, 20.1298, 0.80715], "rotation": [-12.5, 0, 0], "uv": [32, 155]}
					]
				},
				{
					"name": "sights_down",
					"parent": "gun",
					"pivot": [-1, 26.10578, 2.31223]
				},
				{
					"name": "front2",
					"parent": "sights_down",
					"pivot": [0, 29.31685, -35.09667],
					"rotation": [45, 0, 0]
				},
				{
					"name": "glow_copperhead3",
					"parent": "front2",
					"pivot": [0, 30.66828, -38.38723]
				},
				{
					"name": "rear2",
					"parent": "sights_down",
					"pivot": [0, 29.32885, 0.69505],
					"rotation": [-45, 0, 0]
				},
				{
					"name": "glow_copperhead4",
					"parent": "rear2",
					"pivot": [0.4, 30.80578, 3.73723]
				},
				{
					"name": "stock1",
					"parent": "gun",
					"pivot": [0, 26.47253, 9.23116],
					"cubes": [
						{"origin": [-1, 11.97253, 9.73116], "size": [2, 1, 2], "uv": [150, 24]},
						{"origin": [-1, 25.97253, 9.73116], "size": [2, 1, 2], "uv": [150, 21]},
						{"origin": [-1, 25.67253, 10.73116], "size": [2, 1.6, 2], "inflate": -0.302, "pivot": [0, 19.47253, 11.73116], "rotation": [0, -45, 0], "uv": [64, 150]},
						{"origin": [-1, 11.67253, 10.73116], "size": [2, 1.6, 2], "inflate": -0.302, "pivot": [0, 19.47253, 11.73116], "rotation": [0, -45, 0], "uv": [150, 27]},
						{"origin": [-1, 11.67253, 8.73116], "size": [2, 1.6, 2], "inflate": -0.302, "pivot": [0, 19.47253, 9.73116], "rotation": [0, -45, 0], "uv": [150, 122]},
						{"origin": [-1, 25.67253, 8.73116], "size": [2, 1.6, 2], "inflate": -0.302, "pivot": [0, 19.47253, 9.73116], "rotation": [0, -45, 0], "uv": [72, 150]}
					]
				},
				{
					"name": "stock2",
					"parent": "stock1",
					"pivot": [0, 26.44753, 12.23116],
					"cubes": [
						{"origin": [-0.5, 11.74753, 11.73116], "size": [1, 1.45, 1], "inflate": -0.2, "pivot": [0, 12.47253, 12.23116], "rotation": [0, -45, 0], "uv": [156, 81]},
						{"origin": [-0.5, 25.74753, 11.73116], "size": [1, 1.45, 1], "inflate": -0.2, "pivot": [0, 26.47253, 12.23116], "rotation": [0, -45, 0], "uv": [156, 79]},
						{"origin": [-1, 11.97253, 26.73116], "size": [2, 15, 5], "uv": [134, 30]},
						{"origin": [-0.5, 13.97253, 22.73116], "size": [1, 9, 4], "uv": [26, 125]},
						{"origin": [-0.5, 13.97253, 18.73116], "size": [1, 2, 4], "uv": [108, 101]},
						{"origin": [-0.5, 13.97253, 15.73116], "size": [1, 2, 3], "inflate": -0.002, "pivot": [0, 15.97253, 18.73116], "rotation": [45, 0, 0], "uv": [130, 79]},
						{"origin": [-0.5, 20.97253, 20.73116], "size": [1, 2, 2], "uv": [64, 136]},
						{"origin": [-1, 22.97253, 20.73116], "size": [2, 4, 6], "uv": [146, 109]},
						{"origin": [-1, 25.97253, 11.73116], "size": [2, 1, 9], "inflate": 0.002, "uv": [0, 138]},
						{"origin": [-1, 11.97253, 11.73116], "size": [2, 1, 3], "uv": [132, 63]},
						{"origin": [-1, 11.97253, 14.73116], "size": [2, 2, 12], "uv": [96, 122]}
					]
				},
				{
					"name": "charging_handle",
					"parent": "gun",
					"pivot": [0, 25.07253, -6.66884],
					"cubes": [
						{"origin": [-0.5, 26.72253, -25.26884], "size": [1, 1, 13], "inflate": -0.002, "pivot": [0, 27.22253, -18.76884], "rotation": [0, 0, 45], "uv": [36, 124]},
						{"origin": [-1.7, 26.52253, -25.46884], "size": [3.4, 1.4, 1], "inflate": -0.2, "uv": [94, 86]},
						{"origin": [1.3, 26.82253, -25.46884], "size": [2.4, 1.1, 1], "inflate": -0.202, "pivot": [1.5, 27.72253, -24.76884], "rotation": [0, 0, 45], "uv": [130, 84]},
						{"origin": [2.11339, 25.51032, -25.56884], "size": [1.1, 1.1, 1.2], "inflate": -0.302, "uv": [156, 59]},
						{"origin": [-3.7, 26.82253, -25.46884], "size": [2.4, 1.1, 1], "inflate": -0.202, "pivot": [-1.5, 27.72253, -24.76884], "rotation": [0, 0, -45], "uv": [38, 147]},
						{"origin": [-3.21339, 25.51032, -25.56884], "size": [1.1, 1.1, 1.2], "inflate": -0.302, "uv": [156, 61]},
						{"origin": [-1.4, 22.62253, -13.16884], "size": [1, 3, 8], "inflate": 0.002, "uv": [138, 79]}
					]
				},
				{
					"name": "bullet2",
					"parent": "gun",
					"pivot": [0, 24.22127, -10.11931],
					"cubes": [
						{"origin": [-0.5, 23.67127, -12.61931], "size": [1, 1, 6], "pivot": [0, 24.17127, -9.11931], "rotation": [0, 0, 45], "uv": [0, 148]}
					]
				},
				{
					"name": "SIGHTS",
					"parent": "gun",
					"pivot": [0, 29.22253, 5.23116],
					"cubes": [
						{"origin": [-1.375, 28.72253, 4.73116], "size": [2.75, 1, 1], "inflate": -0.35, "pivot": [0, 29.22253, 5.23116], "rotation": [45, 0, 0], "uv": [98, 154]},
						{"origin": [-1.375, 28.72253, -7.26884], "size": [2.75, 1, 1], "inflate": -0.35, "pivot": [0, 29.22253, -6.76884], "rotation": [45, 0, 0], "uv": [154, 119]},
						{"origin": [-1.375, 28.72253, -22.26884], "size": [2.75, 1, 1], "inflate": -0.35, "pivot": [0, 29.22253, -21.76884], "rotation": [45, 0, 0], "uv": [124, 154]},
						{"origin": [-1.375, 28.72253, -37.26884], "size": [2.75, 1, 1], "inflate": -0.35, "pivot": [0, 29.22253, -36.76884], "rotation": [45, 0, 0], "uv": [130, 154]},
						{"origin": [-0.575, 28.72253, -37.34384], "size": [1.15, 1.5, 1.15], "inflate": -0.5, "pivot": [0, 29.47253, -36.76884], "rotation": [0, -45, 0], "uv": [156, 93]},
						{"origin": [-1, 28.84753, 4.65616], "size": [2, 1.1, 1.15], "inflate": -0.5, "uv": [104, 154]},
						{"origin": [-0.3, 28.94753, 4.65616], "size": [1.3, 1.1, 1.15], "inflate": -0.5, "uv": [156, 83]},
						{"origin": [-1, 28.94753, 4.65616], "size": [1.3, 1.1, 1.15], "inflate": -0.5, "uv": [156, 85]},
						{"origin": [-0.3, 29.04753, 4.65616], "size": [1.2, 1.175, 1.15], "inflate": -0.5, "uv": [156, 87]},
						{"origin": [-0.19825, 29.02, 4.65616], "size": [1.1, 1.203, 1.15], "inflate": -0.502, "pivot": [0.40175, 29.71947, 5.23116], "rotation": [0, 0, -29.75], "uv": [156, 89]},
						{"origin": [-0.9, 29.04753, 4.65616], "size": [1.2, 1.175, 1.15], "inflate": -0.5, "uv": [92, 156]},
						{"origin": [-0.90175, 29.02, 4.65616], "size": [1.1, 1.203, 1.15], "inflate": -0.502, "pivot": [-0.40175, 29.71947, 5.23116], "rotation": [0, 0, 29.75], "uv": [156, 91]}
					]
				},
				{
					"name": "glow",
					"parent": "SIGHTS",
					"pivot": [0, 29.44753, -36.76884],
					"cubes": [
						{"origin": [-0.575, 29.09753, -37.34384], "size": [1.15, 1.1, 1.15], "inflate": -0.498, "pivot": [0, 29.44753, -36.76884], "rotation": [0, -45, 0], "uv": [156, 95]},
						{"origin": [-0.25, 28.94753, 4.75616], "size": [1.075, 1.275, 1.05], "inflate": -0.498, "uv": [96, 156]},
						{"origin": [-0.825, 28.94753, 4.75616], "size": [1.075, 1.275, 1.05], "inflate": -0.498, "uv": [156, 97]}
					]
				},
				{
					"name": "2dDetail",
					"parent": "gun",
					"pivot": [1, 28.72253, -30.76884],
					"cubes": [
						{"origin": [1, 25.72253, -33.26884], "size": [0, 3, 5], "pivot": [1, 28.72253, -30.76884], "rotation": [0, 0, -5.25], "uv": [38, 149]},
						{"origin": [1.2745, 21.73512, -33.26884], "size": [0, 4, 5], "pivot": [1.2745, 25.73512, -30.76884], "rotation": [0, 0, 3], "uv": [88, 32]},
						{"origin": [-1.2745, 21.73512, -33.26884], "size": [0, 4, 5], "pivot": [-1.2745, 25.73512, -30.76884], "rotation": [0, 0, -3], "uv": [148, 37]},
						{"origin": [-1, 25.72253, -33.26884], "size": [0, 3, 5], "pivot": [-1, 28.72253, -30.76884], "rotation": [0, 0, 5.25], "uv": [48, 149]}
					]
				},
				{
					"name": "RAIL",
					"parent": "gun",
					"pivot": [0, 23.72253, -22.26884],
					"cubes": [
						{"origin": [-1, 28.72253, -5.26884], "size": [2, 1, 1], "uv": [136, 154]},
						{"origin": [-1, 28.72253, -24.26884], "size": [2, 1, 1], "uv": [142, 154]},
						{"origin": [-1.3, 29.42253, -24.56884], "size": [2.6, 1, 20.6], "inflate": -0.3, "uv": [50, 67]}
					]
				},
				{
					"name": "_cb_suppressor",
					"parent": "gun",
					"pivot": [0, 24.47253, -48.91884],
					"cubes": [
						{"origin": [-0.5, 23.97253, -49.41884], "size": [1, 1, 1], "uv": [64, 156]}
					]
				},
				{
					"name": "_cb_scope",
					"parent": "gun",
					"pivot": [0, 30.12253, -11.76884],
					"cubes": [
						{"origin": [-0.5, 29.62253, -12.26884], "size": [1, 1, 1], "uv": [108, 156]}
					]
				},
				{
					"name": "scope",
					"parent": "gun",
					"pivot": [0, 29.60088, 14.95],
					"cubes": [
						{"origin": [-0.5, 29.10088, 14.45], "size": [1, 1, 1], "inflate": -0.4, "uv": [84, 155]}
					]
				},
				{
					"name": "muzzleflash",
					"parent": "gun",
					"pivot": [0, 24.47253, -49.44384],
					"cubes": [
						{"origin": [-0.5, 23.97253, -49.94384], "size": [1, 1, 1], "inflate": -0.4, "uv": [80, 155]}
					]
				},
				{
					"name": "rightarm",
					"parent": "armR_gun",
					"pivot": [-7.3, 12.8, 24.8],
					"rotation": [-101.93578, -14.84653, -1.94057],
					"cubes": [
						{"origin": [-11.3, -11.2, 20.8], "size": [8, 24, 8], "uv": [0, 69]}
					]
				},
				{
					"name": "armL_mag",
					"parent": "main",
					"pivot": [0, 13.38435, -6.94241],
					"rotation": [30, 0, 0]
				},
				{
					"name": "leftarm",
					"parent": "armL_mag",
					"pivot": [7.7, 7.73301, -10.35],
					"rotation": [-115.27736, 61.3747, 40.31289],
					"cubes": [
						{"origin": [3.7, -16.26699, -14.35], "size": [8, 24, 8], "uv": [88, 0]}
					]
				},
				{
					"name": "magazine",
					"parent": "armL_mag",
					"pivot": [0, 11.24284, -3.73321],
					"cubes": [
						{"origin": [-1, 5.83906, -6.57194], "size": [2, 14, 6], "inflate": -0.002, "uv": [130, 101]},
						{"origin": [-1, 19.83906, -4.57194], "size": [2, 1, 2], "uv": [146, 119]},
						{"origin": [-1, 19.83906, -6.57194], "size": [2, 2, 2], "uv": [14, 148]},
						{"origin": [-1, 20.53906, -4.57194], "size": [2, 1, 1], "inflate": -0.002, "uv": [102, 86]},
						{"origin": [-1, 21.13906, -6.57194], "size": [2, 1, 1], "inflate": -0.002, "uv": [120, 30]},
						{"origin": [-1, 19.26726, -11.82386], "size": [2, 1, 6.35], "inflate": 0.002, "pivot": [0, 10.90605, -3.82194], "rotation": [-30, 0, 0], "uv": [94, 147]}
					]
				},
				{
					"name": "bullet",
					"parent": "magazine",
					"pivot": [0, 21.36025, -3.29511],
					"rotation": [-30, 0, 0],
					"cubes": [
						{"origin": [-0.5, 20.86025, -6.39511], "size": [1, 1, 6], "pivot": [0, 21.36025, -3.29511], "rotation": [0, 0, 45], "uv": [0, 148]}
					]
				},
				{
					"name": "_camera_",
					"pivot": [10, 35, 21]
				}
			]
		}
	]
}