{
	"format_version": "1.12.0",
	"minecraft:geometry": [
		{
			"description": {
				"identifier": "geometry.unknown",
				"texture_width": 64,
				"texture_height": 64,
				"visible_bounds_width": 8,
				"visible_bounds_height": 4,
				"visible_bounds_offset": [0, 1, 0]
			},
			"bones": [
				{
					"name": "main",
					"pivot": [0, 0, 0]
				},
				{
					"name": "longscope",
					"parent": "main",
					"pivot": [0, -0.5, 0],
					"cubes": [
						{
							"origin": [-1.875, 2, -4.525],
							"size": [1.5, 1.5, 0],
							"pivot": [-1.125, 2.75, -4.525],
							"rotation": [0, 0, 45],
							"uv": {
								"north": {"uv": [0, 46], "uv_size": [2, 2]},
								"east": {"uv": [62, 0], "uv_size": [0, 1]},
								"south": {"uv": [63, 0], "uv_size": [1, 1]},
								"west": {"uv": [63, 0], "uv_size": [0, 1]},
								"up": {"uv": [62, 0], "uv_size": [1, 0]},
								"down": {"uv": [63, 0], "uv_size": [1, 0]}
							}
						},
						{
							"origin": [0.375, 2, -4.525],
							"size": [1.5, 1.5, 0],
							"pivot": [1.125, 2.75, -4.525],
							"rotation": [0, 0, -45],
							"uv": {
								"north": {"uv": [3, 46], "uv_size": [8, 8]},
								"east": {"uv": [62, 0], "uv_size": [0, 1]},
								"south": {"uv": [63, 0], "uv_size": [1, 1]},
								"west": {"uv": [63, 0], "uv_size": [0, 1]},
								"up": {"uv": [62, 0], "uv_size": [1, 0]},
								"down": {"uv": [63, 0], "uv_size": [1, 0]}
							}
						},
						{
							"origin": [1.853, 2.7, 1.4],
							"size": [0.8, 1.4, 3.5],
							"inflate": -0.4,
							"pivot": [2.1, 3.75, 1.5],
							"rotation": [-25, 0, 0],
							"uv": {
								"north": {"uv": [61, 0], "uv_size": [0, 1]},
								"east": {"uv": [58, 0], "uv_size": [3, 1]},
								"south": {"uv": [64, 0], "uv_size": [0, 1]},
								"west": {"uv": [0, 40], "uv_size": [27, 5]},
								"up": {"uv": [61, -3], "uv_size": [0, 3]},
								"down": {"uv": [61, 0], "uv_size": [0, -3]}
							}
						},
						{
							"origin": [-2.653, 2.7, 1.4],
							"size": [0.8, 1.4, 3.5],
							"inflate": -0.4,
							"pivot": [-2.1, 3.75, 1.5],
							"rotation": [-25, 0, 0],
							"uv": {
								"north": {"uv": [61, 0], "uv_size": [0, 1]},
								"east": {"uv": [0, 40], "uv_size": [27, 5]},
								"south": {"uv": [64, 0], "uv_size": [0, 1]},
								"west": {"uv": [61, 0], "uv_size": [3, 1]},
								"up": {"uv": [61, -3], "uv_size": [0, 3]},
								"down": {"uv": [61, 0], "uv_size": [0, -3]}
							}
						},
						{"origin": [-1.5, 0, -2.5], "size": [3, 1, 5], "uv": [0, 17]},
						{"origin": [-1.5, 0.5, 1.5], "size": [3, 1, 3], "inflate": -0.002, "uv": [26, 24]},
						{"origin": [0.6, 1.2, 1.2], "size": [1.6, 1.2, 3], "inflate": -0.3, "uv": [30, 19]},
						{"origin": [-1.35, 1.15, 2.5], "size": [2.7, 2.7, 2], "pivot": [0, 2.5, 4], "rotation": [0, 0, 45], "uv": [14, 28]},
						{"origin": [0.91569, 0.35, 4.1], "size": [1, 3.3, 1], "inflate": -0.4, "pivot": [0.56569, 2.5, 5.6], "rotation": [0, 0, 45], "uv": [34, 0]},
						{"origin": [-2.94142, 0.37365, 4.1], "size": [3.3, 1, 1], "inflate": -0.4, "pivot": [-0.14142, 0.87365, 4.6], "rotation": [0, 0, 45], "uv": [18, 15]},
						{"origin": [-2.94142, 0.57365, 4.1], "size": [1, 3.3, 1], "inflate": -0.4, "pivot": [-0.14142, 0.87365, 4.6], "rotation": [0, 0, 45], "uv": [6, 34]},
						{"origin": [-2.74142, 2.87365, 4.1], "size": [3.3, 1, 1], "inflate": -0.4, "pivot": [-0.14142, 0.87365, 4.6], "rotation": [0, 0, 45], "uv": [32, 7]},
						{"origin": [-0.35, 2.15, 1.5], "size": [1.7, 1.7, 1], "pivot": [0, 2.5, 4], "rotation": [0, 0, 45], "uv": [36, 34]},
						{"origin": [-1.35, 2.15, 1.5], "size": [1.7, 1.7, 1], "pivot": [0, 2.5, 4], "rotation": [0, 0, -45], "uv": [36, 36]},
						{"origin": [-1, 3.5, 2.5], "size": [2, 1.2, 2], "inflate": -0.002, "uv": [30, 28]},
						{"origin": [-1.79, 4, 4.096], "size": [3.19, 1.1, 1.1], "inflate": -0.4, "uv": [8, 32]},
						{"origin": [0.596, 4, 4.096], "size": [1.825, 1.1, 1.1], "inflate": -0.402, "pivot": [0.996, 4.7, 4.646], "rotation": [0, 0, 52.5], "uv": [4, 38]},
						{"origin": [-2.3125, 3.102, 3.1], "size": [1.725, 1.3, 1.8], "inflate": -0.4, "uv": [36, 13]},
						{"origin": [-1.788, 3.598, 3.098], "size": [1.2, 1.5, 1.8], "inflate": -0.4, "uv": [18, 36]},
						{"origin": [-1.7875, 3.427, 3.1], "size": [1.3, 1.675, 2.1], "inflate": -0.402, "pivot": [-1.3875, 4.702, 4], "rotation": [0, 0, 36.75], "uv": [0, 34]},
						{"origin": [-2.04927, 3.51395, 2.6], "size": [1.3, 1.675, 1.3], "inflate": -0.402, "pivot": [-1.64927, 4.35145, 3.5], "rotation": [0, -40, 36.75], "uv": [0, 37]},
						{"origin": [-1, 3.65, 0.5], "size": [2, 1.05, 2], "inflate": -0.002, "pivot": [0, 4.7, 2.5], "rotation": [30, 0, 0], "uv": [30, 31]},
						{"origin": [1, 3.7, 2.5], "size": [1.5, 1, 2], "inflate": -0.004, "pivot": [1, 4.7, 3.5], "rotation": [0, 0, 52.75], "uv": [22, 32]},
						{"origin": [-2.5, 3.7, 2.5], "size": [1.5, 1, 1], "inflate": -0.004, "pivot": [-1, 4.7, 3.5], "rotation": [0, 0, -52.75], "uv": [14, 36]},
						{"origin": [0.80794, 2.506, 1.5], "size": [1.1, 1, 1], "inflate": -0.002, "pivot": [1.90794, 3.506, 2], "rotation": [0, 0, 34.25], "uv": [32, 13]},
						{"origin": [-1.90794, 2.506, 1.5], "size": [1.1, 1, 1], "inflate": -0.002, "pivot": [-1.90794, 3.506, 2], "rotation": [0, 0, -34.25], "uv": [22, 35]},
						{"origin": [-1.9125, 2.502, 1.5], "size": [3.825, 1, 3], "inflate": -0.002, "uv": [14, 24]},
						{"origin": [-1.5, 1, -4.5], "size": [3, 3.5, 6], "uv": [0, 8]},
						{"origin": [-2.25, 1.75, -4.5], "size": [4.5, 2, 6], "inflate": 0.002, "uv": [0, 0]},
						{"origin": [1.75, 1.75, 0], "size": [1, 1, 1], "inflate": -0.2, "pivot": [2.25, 2.25, 0.5], "rotation": [-45, 0, 0], "uv": [38, 4]},
						{"origin": [1.125, 3.3, -2], "size": [1.7, 1, 1], "inflate": -0.2, "pivot": [2.075, 3.8, -1.5], "rotation": [-45, 0, 20], "uv": [14, 38]},
						{"origin": [2.24346, 2.179, -2.14142], "size": [1, 2, 1], "inflate": -0.3, "pivot": [2.54346, 3.479, -1.64142], "rotation": [-44.31282, -8.80348, 11.09072], "uv": [34, 4]},
						{"origin": [2.25306, 1.85113, -2.74258], "size": [1, 1.3, 1], "inflate": -0.302, "pivot": [2.75306, 2.85113, -2.44258], "rotation": [18.18718, -8.80348, 11.09072], "uv": [38, 15]},
						{"origin": [2.09232, 1.20495, -2.52667], "size": [1, 1.3, 1], "inflate": -0.3, "pivot": [2.59232, 2.20495, -2.22667], "rotation": [45.68718, -8.80348, 11.09072], "uv": [38, 17]},
						{"origin": [1.92907, 0.07785, -2.0623], "size": [1, 2, 1], "inflate": -0.302, "pivot": [2.22907, 1.77785, -1.7623], "rotation": [46.30866, 2.01618, 0.66756], "uv": [10, 34]},
						{"origin": [1.95342, -0.88958, -1.05063], "size": [1, 2, 1], "inflate": -0.3, "pivot": [2.25342, 0.81042, -0.75063], "rotation": [91.30866, 2.01618, 0.66756], "uv": [28, 34]},
						{"origin": [2.00275, -1.16284, 0.33407], "size": [1, 2.3, 1], "inflate": -0.302, "pivot": [2.70275, 0.83716, 0.63407], "rotation": [91.44874, -25.47618, -0.00175], "uv": [32, 34]},
						{"origin": [1.27176, 0.08012, 1.86828], "size": [1, 1.1, 1], "inflate": -0.3, "pivot": [1.97176, 0.88012, 2.16828], "rotation": [130.77928, -87.99739, -40.14045], "uv": [18, 38]},
						{"origin": [0.5, 3.9, 3.5], "size": [1, 1, 1], "inflate": -0.2, "pivot": [1, 4.4, 4], "rotation": [0, -45, 0], "uv": [38, 9]},
						{"origin": [1.125, 3, 3.5], "size": [1, 1, 1], "inflate": -0.2, "pivot": [1.625, 3.5, 4], "rotation": [-45, 0, 0], "uv": [38, 11]},
						{"origin": [1.55, 3.15, 4.1], "size": [1.1, 1, 1.1], "inflate": -0.4, "pivot": [2.1, 3.75, 1.5], "rotation": [-25, 0, 0], "uv": [10, 37]},
						{"origin": [1.55, 2.65, 1.1], "size": [1.1, 1.5, 3.8], "inflate": -0.4, "pivot": [2.1, 3.75, 1.5], "rotation": [-25, 0, 0], "uv": [22, 28]},
						{"origin": [1.55, 1.45084, 3.52131], "size": [1.1, 1.3, 1.375], "inflate": -0.402, "uv": [22, 37]},
						{"origin": [1.55, 0.35084, 3.52131], "size": [1.1, 1.9, 1.375], "inflate": -0.4, "pivot": [2.25, 1.85084, 3.79631], "rotation": [0, 0, 45], "uv": [26, 37]},
						{"origin": [-2.65, 1.45084, 3.52131], "size": [1.1, 1.3, 1.375], "inflate": -0.402, "uv": [38, 2]},
						{"origin": [-2.65, 0.35084, 3.52131], "size": [1.1, 1.9, 1.375], "inflate": -0.4, "pivot": [-2.25, 1.85084, 3.79631], "rotation": [0, 0, -45], "uv": [38, 0]},
						{"origin": [-2.65, 3.15, 4.1], "size": [1.1, 1, 1.1], "inflate": -0.4, "pivot": [-2.1, 3.75, 1.5], "rotation": [-25, 0, 0], "uv": [30, 37]},
						{"origin": [-2.65, 2.65, 1.1], "size": [1.1, 1.5, 3.8], "inflate": -0.4, "pivot": [-2.1, 3.75, 1.5], "rotation": [-25, 0, 0], "uv": [0, 30]},
						{"origin": [0.9492, 2.99204, -4.8], "size": [1.66, 1.2, 6.6], "inflate": -0.302, "pivot": [2.1092, 3.89204, -1.5], "rotation": [0, 0, 45.25], "uv": [16, 17]},
						{"origin": [-2.6092, 2.99204, -4.8], "size": [1.66, 1.2, 6.6], "inflate": -0.302, "pivot": [-2.1092, 3.89204, -1.5], "rotation": [0, 0, -45.25], "uv": [18, 8]},
						{"origin": [-2.6092, 1.30796, -4.8], "size": [1.66, 1.2, 6.6], "inflate": -0.302, "pivot": [-2.1092, 1.60796, -1.5], "rotation": [0, 0, 45.25], "uv": [0, 23]},
						{"origin": [0.9492, 1.30796, -4.8], "size": [1.66, 1.2, 6.6], "inflate": -0.302, "pivot": [2.1092, 1.60796, -1.5], "rotation": [0, 0, -45.25], "uv": [20, 0]}
					]
				},
				{
					"name": "scopepip",
					"parent": "longscope",
					"pivot": [0, 2.5, 4],
					"cubes": [
						{"origin": [-1.65, 0.85, 3.525], "size": [3.3, 3.3, 1], "uv": [30, 15]}
					]
				},
				{
					"name": "_ca_scope",
					"parent": "main",
					"pivot": [0, 0, 0],
					"cubes": [
						{"origin": [-0.5, -0.5, -0.5], "size": [1, 1, 1], "uv": [8, 30]}
					]
				},
				{
					"name": "scope",
					"pivot": [0, 2.5, 5.25],
					"cubes": [
						{"origin": [-0.5, 2, 4.75], "size": [1, 1, 1], "inflate": -0.4, "uv": [26, 15]}
					]
				}
			]
		}
	]
}