{
	"format_version": "1.12.0",
	"minecraft:geometry": [
		{
			"description": {
				"identifier": "geometry.unknown",
				"texture_width": 256,
				"texture_height": 256,
				"visible_bounds_width": 8,
				"visible_bounds_height": 5,
				"visible_bounds_offset": [0, 1.5, 0]
			},
			"bones": [
				{
					"name": "main",
					"pivot": [0, 20, 0]
				},
				{
					"name": "armR_gun",
					"parent": "main",
					"pivot": [0, 20, 0]
				},
				{
					"name": "gun",
					"parent": "armR_gun",
					"pivot": [1, 11, -1],
					"cubes": [
						{"origin": [-1.5, 11.7034, 3.67467], "size": [3, 11, 5], "inflate": 0.002, "pivot": [0, 17.7034, 6.17467], "rotation": [27.5, 0, 0], "uv": [136, 155]},
						{"origin": [-1.5, 18.7034, -15.32533], "size": [3, 2, 1], "uv": [66, 204]},
						{"origin": [-1.5, 22.2034, -56.32533], "size": [3, 3, 17], "pivot": [0, 23.7034, -43.82533], "rotation": [0, 0, 45], "uv": [138, 115]},
						{
							"origin": [-1.5, 22.2034, -56.02533],
							"size": [3, 3, 2.4],
							"inflate": 0.002,
							"pivot": [0, 23.7034, -43.82533],
							"rotation": [0, 0, 45],
							"uv": {
								"north": {"uv": [0, 208], "uv_size": [0, 0]},
								"east": {"uv": [0, 209], "uv_size": [7, 7]},
								"south": {"uv": [0, 208], "uv_size": [0, 0]},
								"west": {"uv": [7, 216], "uv_size": [7, 7]},
								"up": {"uv": [7, 209], "uv_size": [7, 7]},
								"down": {"uv": [0, 223], "uv_size": [7, -7]}
							}
						},
						{"origin": [-1, 21.99629, -56.6298], "size": [2, 2, 1], "inflate": -0.3, "pivot": [0, 22.99629, -56.0298], "rotation": [0, 0, 45], "uv": [204, 144]},
						{"origin": [-1.5, 25.8284, -48.32533], "size": [1, 1, 2], "pivot": [0, 25.3284, -43.82533], "rotation": [0, 0, 45], "uv": [204, 141]},
						{"origin": [-1.7, 25.6284, -46.32533], "size": [1.4, 1.4, 7], "pivot": [0, 25.3284, -42.82533], "rotation": [0, 0, 45], "uv": [188, 151]},
						{"origin": [-1.5, 16.7034, -6.32533], "size": [3, 4, 2], "uv": [136, 200]},
						{"origin": [-1.5, 20.7034, -15.32533], "size": [3, 2.1, 21], "uv": [108, 25]},
						{"origin": [0.8, 17.4034, -9.62533], "size": [1, 1.6, 3.6], "inflate": -0.298, "uv": [62, 111]},
						{"origin": [0.8, 18.4034, -14.62533], "size": [1, 2.6, 8.6], "inflate": -0.298, "uv": [56, 181]},
						{"origin": [0.8, 17.38505, -5.51425], "size": [1, 1.6, 2.65], "inflate": -0.3, "pivot": [1.3, 18.68505, -7.20175], "rotation": [-64, 0, 0], "uv": [104, 194]},
						{"origin": [-1.5, 14.6034, -6.32533], "size": [3, 2.1, 3], "inflate": 0.002, "uv": [108, 48]},
						{"origin": [-1, 14.1034, -5.30033], "size": [2, 1, 2], "uv": [182, 107]},
						{"origin": [-1, 14.1034, -7.30033], "size": [2, 1, 2], "inflate": -0.002, "pivot": [0, 15.1034, -5.30033], "rotation": [60, 0, 0], "uv": [14, 192]},
						{"origin": [-1, 14.1034, -3.30033], "size": [2, 1, 1], "inflate": -0.002, "pivot": [0, 14.1034, -3.30033], "rotation": [25, 0, 0], "uv": [44, 134]},
						{"origin": [0.8, 18.39484, -15.62663], "size": [1, 2.6, 10.6], "inflate": -0.302, "pivot": [0.3, 18.69484, -15.30163], "rotation": [-16.5, 0, 0], "uv": [0, 176]},
						{"origin": [-1.8, 18.39484, -15.62663], "size": [1, 2.6, 10.6], "inflate": -0.302, "pivot": [0.3, 18.69484, -15.30163], "rotation": [-16.5, 0, 0], "uv": [178, 41]},
						{"origin": [-1.8, 18.4034, -14.62533], "size": [1, 2.6, 8.6], "inflate": -0.298, "uv": [182, 85]},
						{"origin": [-1.8, 17.4034, -9.62533], "size": [1, 1.6, 3.6], "inflate": -0.298, "uv": [70, 111]},
						{"origin": [-1.8, 17.38505, -5.51425], "size": [1, 1.6, 2.65], "inflate": -0.3, "pivot": [-1.3, 18.68505, -7.20175], "rotation": [-64, 0, 0], "uv": [204, 138]},
						{"origin": [-1, 16.9534, -2.82533], "size": [2, 1, 7], "pivot": [0, 17.2034, 1.67467], "rotation": [25, 0, 0], "uv": [172, 183]},
						{"origin": [-0.998, 17.95243, 2.87733], "size": [2, 2, 1], "inflate": -0.002, "pivot": [0.002, 17.20243, 1.67733], "rotation": [25, 0, 0], "uv": [204, 135]},
						{"origin": [-1, 17.9534, -2.82533], "size": [2, 6, 1], "pivot": [0, 17.2034, 1.67467], "rotation": [25, 0, 0], "uv": [44, 127]},
						{"origin": [-1.5, 16.9534, -3.97533], "size": [3, 5, 1.15], "inflate": -0.002, "pivot": [0, 17.2034, 1.67467], "rotation": [25, 0, 0], "uv": [100, 168]},
						{"origin": [-1, 19.02289, -3.18223], "size": [2, 2, 2.1], "inflate": -0.002, "pivot": [0, 19.12289, -3.08223], "rotation": [50, 0, 0], "uv": [14, 188]},
						{"origin": [-1, 16.10115, -2.21412], "size": [2, 1, 2], "inflate": -0.002, "uv": [200, 132]},
						{"origin": [-1, 20.10115, -2.21412], "size": [2, 1, 5], "uv": [192, 167]},
						{"origin": [-0.498, 18.30115, 1.08588], "size": [1, 2, 2], "pivot": [0.002, 20.30115, 1.88588], "rotation": [-10, 0, 0], "uv": [82, 204]},
						{"origin": [-1.5, 22.6034, 6.17467], "size": [3, 2, 3.4], "inflate": -0.002, "pivot": [0, 22.6034, 8.17467], "rotation": [45, 0, 0], "uv": [120, 48]},
						{"origin": [1.45305, 27.3284, -23.52533], "size": [2.2, 1.075, 4.4], "inflate": -0.202, "pivot": [1.25305, 28.2034, -20.82533], "rotation": [0, 0, 48.5], "uv": [200, 79]},
						{"origin": [-3.65305, 27.3284, -23.52533], "size": [2.2, 1.075, 4.4], "inflate": -0.202, "pivot": [-1.25305, 28.2034, -20.82533], "rotation": [0, 0, -48.5], "uv": [200, 74]},
						{"origin": [-3.65305, 27.3284, -12.52533], "size": [2.2, 1.075, 6.4], "inflate": -0.202, "pivot": [-1.25305, 28.2034, -13.82533], "rotation": [0, 0, -48.5], "uv": [28, 161]},
						{"origin": [1.45305, 27.3284, -12.52533], "size": [2.2, 1.075, 6.4], "inflate": -0.202, "pivot": [1.25305, 28.2034, -13.82533], "rotation": [0, 0, 48.5], "uv": [156, 41]},
						{"origin": [-1.1, 26.7034, -1.32533], "size": [2.2, 2, 2], "uv": [202, 177]},
						{"origin": [-1.25, 28.7034, -4.32533], "size": [2.5, 2, 4], "uv": [200, 68]}
					]
				},
				{
					"name": "SHROUD",
					"parent": "gun",
					"pivot": [0.00021, 23.25658, -35.36559],
					"cubes": [
						{"origin": [-1.5, 19.7034, -39.32533], "size": [3, 8, 16], "inflate": -0.005, "uv": [0, 137]},
						{"origin": [1.49229, 20.2043, -39.32533], "size": [1, 7, 13], "inflate": -0.005, "uv": [108, 155]},
						{"origin": [-2.49229, 20.2043, -39.32533], "size": [1, 7, 13], "inflate": -0.005, "uv": [50, 91]},
						{"origin": [1.49229, 20.2043, -26.32533], "size": [1, 7.1, 3], "uv": [200, 46]},
						{"origin": [-2.49229, 20.2043, -26.32533], "size": [1, 7.1, 3], "uv": [200, 36]},
						{"origin": [-1.25, 18.7034, -53.32533], "size": [2.5, 1, 37], "uv": [0, 53]},
						{"origin": [-2.15, 23.77975, -23.32933], "size": [4.3, 1, 18], "uv": [108, 136]},
						{"origin": [-1.25, 18.7034, -16.32533], "size": [2.5, 2, 2], "pivot": [0, 18.7034, -16.32533], "rotation": [60, 0, 0], "uv": [156, 200]},
						{"origin": [-1.25, 27.7034, -53.32533], "size": [2.5, 1, 52], "uv": [0, 0]},
						{
							"origin": [-1.25, 28.705, -18.32533],
							"size": [2.5, 0, 9],
							"uv": {
								"north": {"uv": [150, 221], "uv_size": [2, 0]},
								"east": {"uv": [141, 221], "uv_size": [9, 0]},
								"south": {"uv": [161, 221], "uv_size": [2, 0]},
								"west": {"uv": [152, 221], "uv_size": [9, 0]},
								"up": {"uv": [207, 248], "uv_size": [-10, -34]},
								"down": {"uv": [152, 221], "uv_size": [2, -9]}
							}
						},
						{"origin": [-2.475, 23.52, -3.32533], "size": [4.95, 3.8, 10], "uv": [56, 168]},
						{"origin": [-1.8, 22.78, 6.67467], "size": [3.6, 4.55, 4], "uv": [150, 192]},
						{"origin": [-1.5, 23.555, 10.17467], "size": [3, 3, 2.5], "inflate": -0.5, "pivot": [0, 25.055, 11.67467], "rotation": [0, 0, 45], "uv": [132, 48]},
						{"origin": [-4.09695, 18.7034, -53.32533], "size": [2.85, 1, 4], "inflate": -0.002, "pivot": [-1.24695, 18.7034, -52.82533], "rotation": [0, 0, 48.5], "uv": [142, 110]},
						{"origin": [1.05305, 27.8284, -23.52533], "size": [1.15, 1.075, 17.4], "inflate": -0.202, "pivot": [1.25305, 28.7034, -13.82533], "rotation": [0, 0, 48.5], "uv": [152, 135]},
						{"origin": [-2.20305, 27.8284, -23.52533], "size": [1.15, 1.075, 17.4], "inflate": -0.202, "pivot": [-1.25305, 28.7034, -13.82533], "rotation": [0, 0, -48.5], "uv": [152, 153]},
						{"origin": [2.13764, 20.82105, -18.32533], "size": [1, 4.6, 2], "pivot": [2.63764, 20.82105, -16.32533], "rotation": [-30, 0, 0], "uv": [38, 148]},
						{"origin": [-3.13764, 20.82105, -18.32533], "size": [1, 4.6, 2], "pivot": [-2.63764, 20.82105, -16.32533], "rotation": [-30, 0, 0], "uv": [22, 176]},
						{"origin": [2.03764, 20.82105, -16.32533], "size": [1.1, 4.6, 2.85], "pivot": [3.13764, 20.82105, -16.32533], "rotation": [-49.53905, -48.91628, 41.46854], "uv": [38, 154]},
						{"origin": [-3.13764, 20.82105, -16.32533], "size": [1.1, 4.6, 2.85], "pivot": [-3.13764, 20.82105, -16.32533], "rotation": [-49.53905, 48.91628, -41.46854], "uv": [172, 41]},
						{"origin": [-3.14229, 20.8293, -43.32533], "size": [1, 5.75, 17], "uv": [142, 48]},
						{"origin": [-3.14229, 20.8293, -53.32533], "size": [1, 5.75, 1], "uv": [178, 85]},
						{"origin": [2.14229, 24.27105, -16.32533], "size": [1, 2.3, 13], "uv": [28, 168]},
						{"origin": [-3.14229, 24.2793, -16.32533], "size": [1, 2.3, 13], "uv": [0, 161]},
						{"origin": [-3.44229, 25.5293, -3.62533], "size": [1.6, 1.35, 10.6], "inflate": -0.3, "uv": [178, 64]},
						{"origin": [1.84229, 25.54605, -3.62533], "size": [1.6, 1.325, 10.6], "inflate": -0.3, "uv": [178, 53]},
						{"origin": [2.14229, 20.8293, -43.32533], "size": [1, 5.75, 17], "uv": [142, 70]},
						{"origin": [2.14229, 20.8293, -46.32533], "size": [1, 5.75, 1], "uv": [116, 204]},
						{"origin": [-3.14229, 20.8293, -46.32533], "size": [1, 5.75, 1], "uv": [112, 204]},
						{"origin": [2.14229, 20.8293, -23.32533], "size": [1, 5.75, 7], "uv": [22, 183]},
						{"origin": [-3.14229, 20.8293, -23.32533], "size": [1, 5.75, 7], "uv": [182, 95]},
						{"origin": [1.24695, 27.7034, -53.32533], "size": [2.85, 1, 4], "inflate": -0.002, "pivot": [1.24695, 28.7034, -52.82533], "rotation": [0, 0, 48.25], "uv": [166, 110]},
						{"origin": [1.24695, 27.7034, -46.32533], "size": [2.85, 1, 20], "inflate": -0.002, "pivot": [1.24695, 28.7034, -45.82533], "rotation": [0, 0, 48.25], "uv": [50, 115]},
						{"origin": [1.24695, 27.7034, -6.32533], "size": [2.85, 1, 5], "inflate": -0.002, "pivot": [1.24695, 28.7034, -28.82533], "rotation": [0, 0, 48.25], "uv": [24, 195]},
						{"origin": [-4.09695, 27.7034, -6.32533], "size": [2.85, 1, 5], "inflate": -0.002, "pivot": [-1.24695, 28.7034, -28.82533], "rotation": [0, 0, -48.25], "uv": [38, 196]},
						{"origin": [3.09695, 27.7034, -1.32533], "size": [1, 1, 8], "inflate": -0.002, "pivot": [1.24695, 28.7034, -11.82533], "rotation": [0, 0, 48.25], "uv": [136, 183]},
						{"origin": [-4.09695, 27.7034, -1.32533], "size": [1, 1, 8], "inflate": -0.002, "pivot": [-1.24695, 28.7034, -11.82533], "rotation": [0, 0, -48.25], "uv": [180, 16]},
						{"origin": [1.09695, 22.14477, -14.32933], "size": [3, 1, 11], "inflate": -0.002, "pivot": [1.24695, 22.14477, -15.82933], "rotation": [0, 0, -48.25], "uv": [164, 171]},
						{"origin": [-4.09695, 22.14477, -14.32933], "size": [3, 1, 11], "inflate": -0.002, "pivot": [-1.24695, 22.14477, -15.82933], "rotation": [0, 0, 48.25], "uv": [136, 171]},
						{"origin": [-4.09695, 22.14477, -3.32933], "size": [3, 1, 10], "inflate": -0.002, "pivot": [-1.24695, 22.14477, -4.82933], "rotation": [0, 0, 48.25], "uv": [110, 175]},
						{"origin": [1.09695, 22.14477, -3.32933], "size": [3, 1, 10], "inflate": -0.002, "pivot": [1.24695, 22.14477, -4.82933], "rotation": [0, 0, -48.25], "uv": [84, 175]},
						{"origin": [-4.09695, 22.14477, 6.67067], "size": [2, 2, 4], "inflate": -0.002, "pivot": [-1.24695, 22.14477, 5.17067], "rotation": [0, 0, 48.25], "uv": [200, 62]},
						{"origin": [2.09695, 22.14477, 6.67067], "size": [2, 2, 4], "inflate": -0.002, "pivot": [1.24695, 22.14477, 5.17067], "rotation": [0, 0, -48.25], "uv": [200, 56]},
						{"origin": [2.09695, 25.93023, -3.32933], "size": [2, 2.025, 14], "inflate": -0.002, "pivot": [1.24695, 27.95523, 5.17067], "rotation": [0, 0, 48.25], "uv": [158, 0]},
						{"origin": [-4.09695, 25.95523, -3.32933], "size": [2, 2, 14], "inflate": -0.002, "pivot": [-1.24695, 27.95523, 5.17067], "rotation": [0, 0, -48.25], "uv": [156, 25]},
						{"origin": [-4.09695, 27.7034, -46.32533], "size": [2.85, 1, 20], "inflate": -0.002, "pivot": [-1.24695, 28.7034, -45.82533], "rotation": [0, 0, -48.25], "uv": [94, 115]},
						{"origin": [1.24695, 27.7034, -26.32533], "size": [1.425, 1, 3], "inflate": -0.002, "pivot": [1.24695, 28.7034, -42.82533], "rotation": [0, 0, 48.25], "uv": [42, 202]},
						{"origin": [2.12195, 27.7034, -26.32533], "size": [1, 1, 3], "inflate": -0.005, "pivot": [1.24695, 28.7034, -42.82533], "rotation": [0, 0, 48.25], "uv": [50, 202]},
						{"origin": [-2.67195, 27.7034, -26.32533], "size": [1.425, 1, 3], "inflate": -0.002, "pivot": [-1.24695, 28.7034, -42.82533], "rotation": [0, 0, -48.25], "uv": [34, 202]},
						{"origin": [-3.12195, 27.7034, -26.32533], "size": [1, 1, 3], "inflate": -0.005, "pivot": [-1.24695, 28.7034, -42.82533], "rotation": [0, 0, -48.25], "uv": [202, 107]},
						{"origin": [-4.09695, 27.7034, -53.32533], "size": [2.85, 1, 4], "inflate": -0.002, "pivot": [-1.24695, 28.7034, -52.82533], "rotation": [0, 0, -48.25], "uv": [188, 36]},
						{"origin": [2.14229, 20.8293, -53.32533], "size": [1, 5.75, 1], "uv": [52, 183]},
						{"origin": [2.14229, 20.8293, -50.32533], "size": [1, 5.75, 1], "uv": [132, 203]},
						{"origin": [-3.14229, 20.8293, -50.32533], "size": [1, 5.75, 1], "uv": [180, 202]},
						{"origin": [1.24695, 18.7034, -53.32533], "size": [2.85, 1, 4], "inflate": -0.002, "pivot": [1.24695, 18.7034, -52.82533], "rotation": [0, 0, -48.5], "uv": [154, 110]},
						{"origin": [1.24695, 18.7034, -46.32533], "size": [2.85, 1, 30], "inflate": -0.002, "pivot": [1.24695, 18.7034, -45.82533], "rotation": [0, 0, -48.5], "uv": [78, 84]},
						{"origin": [1.24695, 19.7034, -17.32533], "size": [2.85, 1, 1], "inflate": -0.002, "pivot": [1.24695, 18.7034, -45.82533], "rotation": [0, 0, -48.5], "uv": [204, 162]},
						{"origin": [-4.09695, 18.7034, -46.32533], "size": [2.85, 1, 30], "inflate": -0.002, "pivot": [-1.24695, 18.7034, -45.82533], "rotation": [0, 0, 48.5], "uv": [78, 53]},
						{"origin": [-4.09695, 19.7034, -17.32533], "size": [2.85, 1, 1], "inflate": -0.002, "pivot": [-1.24695, 18.7034, -45.82533], "rotation": [0, 0, 48.5], "uv": [204, 164]}
					]
				},
				{
					"name": "alt_parts",
					"parent": "gun",
					"pivot": [2.14229, 26.57105, -33.82533],
					"cubes": [
						{
							"origin": [3.144, 21.9793, -42.32533],
							"size": [0, 3.45, 6],
							"pivot": [3.14229, 23.7043, -39.32533],
							"rotation": [10, 0, 0],
							"uv": {
								"north": {"uv": [118, 218], "uv_size": [0, 3]},
								"east": {"uv": [112, 218], "uv_size": [6, 3]},
								"south": {"uv": [124, 218], "uv_size": [0, 3]},
								"west": {"uv": [96, 244], "uv_size": [24, 12]},
								"up": {"uv": [118, 212], "uv_size": [0, 6]},
								"down": {"uv": [118, 218], "uv_size": [0, -6]}
							}
						},
						{
							"origin": [-3.144, 21.9793, -42.32533],
							"size": [0, 3.45, 6],
							"pivot": [-3.14229, 23.7043, -39.32533],
							"rotation": [-10, 0, 0],
							"uv": {
								"north": {"uv": [118, 218], "uv_size": [0, 3]},
								"east": {"uv": [120, 231], "uv_size": [-24, 12]},
								"south": {"uv": [124, 218], "uv_size": [0, 3]},
								"west": {"uv": [118, 218], "uv_size": [-6, 3]},
								"up": {"uv": [118, 212], "uv_size": [0, 6]},
								"down": {"uv": [118, 218], "uv_size": [0, -6]}
							}
						},
						{
							"origin": [3.145, 25.22105, -23.32533],
							"size": [0, 1, 5],
							"uv": {
								"north": {"uv": [80, 209], "uv_size": [0, 2]},
								"east": {"uv": [71, 209], "uv_size": [9, 2]},
								"south": {"uv": [89, 209], "uv_size": [0, 2]},
								"west": {"uv": [60, 216], "uv_size": [43, 7]},
								"up": {"uv": [80, 200], "uv_size": [0, 9]},
								"down": {"uv": [80, 209], "uv_size": [0, -9]}
							}
						},
						{"origin": [3.14229, 25.07105, -9.32533], "size": [1, 1.5, 3], "uv": [121, 252]},
						{"origin": [-1.35771, 28.57105, -7.52533], "size": [1, 1, 3.4], "inflate": -0.2, "pivot": [-0.55771, 29.07105, -4.32533], "rotation": [0, 12.5, 0], "uv": [121, 228]},
						{"origin": [-1.99281, 28.57105, -8.32435], "size": [1, 1, 1.4], "inflate": -0.202, "uv": [123, 226]},
						{"origin": [-1.99281, 28.57105, -19.32435], "size": [1, 1, 11.4], "inflate": -0.2, "pivot": [-1.79281, 29.37105, -8.12435], "rotation": [3, 0, 0], "uv": [129, 220]},
						{"origin": [-1.99281, 27.99535, -30.30928], "size": [1, 1, 11.45], "inflate": -0.202, "pivot": [-1.79281, 28.79535, -19.10928], "rotation": [-3, 0, 0], "uv": [153, 220]},
						{"origin": [-1.99281, 28.57105, -37.2942], "size": [1, 1, 7.4], "inflate": -0.2, "uv": [177, 224]},
						{"origin": [2.94229, 25.67105, -6.52533], "size": [1, 1, 2.4], "inflate": -0.2, "uv": [129, 253]},
						{"origin": [2.94229, 25.67105, -4.52533], "size": [1, 1, 2.4], "inflate": -0.202, "pivot": [3.14229, 25.87105, -4.32533], "rotation": [37.5, 0, 0], "uv": [129, 250]},
						{"origin": [2.94229, 26.88857, -2.93862], "size": [1, 1, 5.4], "inflate": -0.2, "pivot": [3.74229, 27.08857, -2.73862], "rotation": [40.86212, -21.48944, -17.58347], "uv": [135, 250]},
						{"origin": [0.63355, 29.58846, 0.57994], "size": [1, 1, 3.4], "inflate": -0.202, "pivot": [1.43355, 29.78846, 0.77994], "rotation": [90, -52.5, -90], "uv": [147, 252]},
						{"origin": [-2.36645, 29.58846, 0.57994], "size": [1, 1, 2.4], "inflate": -0.2, "pivot": [-1.56645, 29.78846, 0.77994], "rotation": [137.70372, -25.23098, -158.80252], "uv": [155, 253]},
						{"origin": [-3.44105, 28.56161, -0.75827], "size": [1, 1, 1.4], "inflate": -0.202, "pivot": [-2.64105, 28.76161, -0.55827], "rotation": [142.5, 0, 180], "uv": [161, 254]},
						{"origin": [-3.44105, 27.95285, -1.55163], "size": [1, 1, 18.4], "inflate": -0.2, "pivot": [-2.64105, 28.15285, -1.35163], "rotation": [-177.5, 0, 180], "uv": [165, 237]},
						{"origin": [-3.44105, 28.738, -19.55949], "size": [1, 1, 4.425], "inflate": -0.202, "pivot": [-2.64105, 28.938, -19.33449], "rotation": [180, 0, 180], "uv": [203, 251]},
						{"origin": [-3.44105, 28.738, -23.53449], "size": [1, 1, 7.4], "inflate": -0.2, "pivot": [-2.64105, 28.938, -23.33449], "rotation": [180, 40, 180], "uv": [213, 248]},
						{"origin": [2.11809, 28.738, -28.51113], "size": [1, 1, 4.4], "inflate": -0.202, "pivot": [2.31809, 29.538, -28.31113], "rotation": [152.5, 40, 180], "uv": [229, 251]},
						{"origin": [4.3747, 26.89328, -31.23949], "size": [1, 1, 5.4], "inflate": -0.2, "pivot": [4.58627, 27.69128, -31.03321], "rotation": [158.7555, 12.5285, -166.3196], "uv": [228, 245]},
						{"origin": [4.75037, 24.96164, -35.5765], "size": [1, 1, 2.4], "inflate": -0.202, "pivot": [4.96193, 25.15964, -35.37023], "rotation": [-166.24447, 12.52852, -166.31959], "uv": [231, 242]},
						{"origin": [5.27229, 25.32404, -37.47288], "size": [1, 1, 2.4], "inflate": -0.2, "pivot": [5.48386, 25.52204, -37.26661], "rotation": [-165.98042, -16.63251, -173.4473], "uv": [231, 239]},
						{"origin": [4.7758, 25.86877, -39.33212], "size": [1, 1, 2.4], "inflate": -0.202, "pivot": [4.98737, 26.06677, -39.12585], "rotation": [-138.48042, -16.63251, -173.4473], "uv": [231, 236]},
						{"origin": [4.50127, 27.23477, -40.76693], "size": [1, 1, 3.4], "inflate": -0.2, "pivot": [4.71284, 27.43277, -40.56065], "rotation": [-93.94251, -50.45768, 115.87975], "uv": [230, 232]},
						{"origin": [-2.09281, 28.47105, -37.4942], "size": [1.2, 2, 1.4], "inflate": -0.2, "uv": [193, 229]}
					]
				},
				{
					"name": "stock",
					"parent": "gun",
					"pivot": [0, 19.7034, 2.17467],
					"cubes": [
						{"origin": [1.7, 24.0534, 2.37467], "size": [1.3, 1.8, 24.6], "inflate": -0.3, "uv": [0, 91]},
						{"origin": [-3, 24.0534, 2.37467], "size": [1.3, 1.8, 24.6], "inflate": -0.3, "uv": [108, 0]},
						{"origin": [1.5, 23.4034, 26.67467], "size": [1.2, 3, 1], "uv": [188, 167]},
						{"origin": [1.5, 14.2284, 26.67467], "size": [1.2, 9.175, 2], "inflate": -0.002, "pivot": [2.7, 23.4034, 27.17467], "rotation": [0, 0, 7.5], "uv": [44, 116]},
						{"origin": [-2.7, 14.2284, 26.67467], "size": [1.2, 9.175, 2], "inflate": -0.002, "pivot": [-2.7, 23.4034, 27.17467], "rotation": [0, 0, -7.5], "uv": [38, 137]},
						{"origin": [1.5, 14.3284, 28.67467], "size": [1.2, 9.075, 3], "pivot": [2.7, 23.4034, 28.67467], "rotation": [0, -31, 7.5], "uv": [164, 192]},
						{"origin": [-2.7, 14.3284, 28.67467], "size": [1.2, 9.075, 3], "pivot": [-2.7, 23.4034, 28.67467], "rotation": [0, 31, -7.5], "uv": [104, 197]},
						{"origin": [-2.7, 23.4034, 26.67467], "size": [1.2, 3, 1], "uv": [120, 204]},
						{"origin": [1.5, 23.4034, 27.67467], "size": [1.2, 1, 1], "uv": [204, 199]},
						{"origin": [-2.7, 23.4034, 27.67467], "size": [1.2, 1, 1], "uv": [204, 197]},
						{"origin": [1.5, 25.4034, 27.67467], "size": [1.2, 1, 1], "uv": [204, 203]},
						{"origin": [1.7, 25.4034, 28.67467], "size": [1, 1, 2.5], "inflate": -0.002, "pivot": [2.7, 24.9034, 28.67467], "rotation": [0, -31, 0], "uv": [156, 204]},
						{"origin": [1.7, 23.4034, 28.67467], "size": [1, 1, 2.5], "inflate": -0.002, "pivot": [2.7, 24.9034, 28.67467], "rotation": [0, -31, 0], "uv": [204, 153]},
						{"origin": [-2.7, 25.4034, 28.67467], "size": [1, 1, 2.5], "inflate": -0.002, "pivot": [-2.7, 24.9034, 28.67467], "rotation": [0, 31, 0], "uv": [204, 159]},
						{"origin": [-2.7, 23.4034, 28.67467], "size": [1, 1, 2.5], "inflate": -0.002, "pivot": [-2.7, 24.9034, 28.67467], "rotation": [0, 31, 0], "uv": [204, 156]},
						{"origin": [-2.7, 25.4034, 27.67467], "size": [1.2, 1, 1], "uv": [204, 201]},
						{"origin": [-1.5, 14.4034, 27.67467], "size": [3, 13, 4], "uv": [178, 110]},
						{"origin": [-1.5, 24.6784, 29.54967], "size": [3, 3, 3.15], "inflate": -0.002, "pivot": [0, 27.6784, 31.67467], "rotation": [-20, 0, 0], "uv": [124, 197]},
						{"origin": [-1.5, 14.4034, 29.67467], "size": [3, 3, 3.025], "inflate": -0.002, "pivot": [0, 14.4034, 31.67467], "rotation": [20, 0, 0], "uv": [198, 16]},
						{"origin": [-1.5, 13.65478, 24.42902], "size": [3, 1, 5.025], "inflate": -0.002, "pivot": [0, 14.65478, 29.44152], "rotation": [30, 0, 0], "uv": [84, 168]},
						{"origin": [-1.5, 14.65478, 26.42902], "size": [1.2, 1, 3.025], "inflate": -0.002, "pivot": [0, 14.65478, 29.44152], "rotation": [30, 0, 0], "uv": [202, 111]},
						{"origin": [-0.5, 14.65478, 27.45402], "size": [1, 1, 2], "inflate": -0.002, "pivot": [0, 14.65478, 29.44152], "rotation": [30, 0, 0], "uv": [162, 204]},
						{"origin": [-1.5, 11.15478, 25.09889], "size": [1.2, 1, 3.025], "pivot": [0, 12.15478, 25.11139], "rotation": [57.5, 0, 0], "uv": [202, 115]},
						{"origin": [0.3, 14.65478, 26.42902], "size": [1.2, 1, 3.025], "inflate": -0.002, "pivot": [1.8, 14.65478, 29.44152], "rotation": [30, 0, 0], "uv": [202, 173]},
						{"origin": [0.3, 11.15478, 25.09889], "size": [1.2, 1, 3.025], "pivot": [1.8, 12.15478, 25.11139], "rotation": [57.5, 0, 0], "uv": [172, 202]},
						{"origin": [-1.5, 27.4034, 26.67467], "size": [3, 1, 3], "uv": [50, 111]},
						{"origin": [1.5, 27.3034, 26.67467], "size": [2.35, 1.1, 2], "inflate": -0.002, "pivot": [1.5, 28.4034, 27.67467], "rotation": [0, 0, 59], "uv": [124, 203]},
						{"origin": [-3.85, 27.3034, 26.67467], "size": [2.35, 1.1, 2], "inflate": -0.002, "pivot": [-1.5, 28.4034, 27.67467], "rotation": [0, 0, -59], "uv": [58, 204]}
					]
				},
				{
					"name": "base_parts",
					"parent": "gun",
					"pivot": [1.14229, 26.57105, -33.82533],
					"cubes": [
						{
							"origin": [3.145, 24.42105, -15.32533],
							"size": [0, 2, 9],
							"uv": {
								"north": {"uv": [80, 209], "uv_size": [0, 2]},
								"east": {"uv": [71, 209], "uv_size": [9, 2]},
								"south": {"uv": [89, 209], "uv_size": [0, 2]},
								"west": {"uv": [16, 216], "uv_size": [43, 7]},
								"up": {"uv": [80, 200], "uv_size": [0, 9]},
								"down": {"uv": [80, 209], "uv_size": [0, -9]}
							}
						},
						{
							"origin": [3.145, 21.5293, -22.92533],
							"size": [0, 4, 7],
							"pivot": [3.145, 23.5293, -19.92533],
							"rotation": [10, 0, 0],
							"uv": {
								"north": {"uv": [119, 217], "uv_size": [0, 4]},
								"east": {"uv": [112, 217], "uv_size": [7, 4]},
								"south": {"uv": [126, 217], "uv_size": [0, 4]},
								"west": {"uv": [121, 233], "uv_size": [28, 16]},
								"up": {"uv": [119, 210], "uv_size": [0, 7]},
								"down": {"uv": [119, 217], "uv_size": [0, -7]}
							}
						},
						{
							"origin": [-3.145, 21.5293, -22.92533],
							"size": [0, 4, 7],
							"pivot": [-3.145, 23.5293, -19.92533],
							"rotation": [10, 0, 0],
							"uv": {
								"north": {"uv": [119, 217], "uv_size": [0, 4]},
								"east": {"uv": [150, 233], "uv_size": [28, 16]},
								"south": {"uv": [126, 217], "uv_size": [0, 4]},
								"west": {"uv": [119, 217], "uv_size": [-7, 4]},
								"up": {"uv": [119, 210], "uv_size": [0, 7]},
								"down": {"uv": [119, 217], "uv_size": [0, -7]}
							}
						}
					]
				},
				{
					"name": "alt_charging_handle",
					"parent": "gun",
					"pivot": [0.25, 21.7034, -3.82533],
					"cubes": [
						{"origin": [-1, 27.0534, -6.02533], "size": [2, 1, 9], "uv": [178, 75]},
						{"origin": [0.56633, 27.3034, 1.99967], "size": [3, 1, 1.375], "pivot": [1.36633, 28.3034, 2.67467], "rotation": [0, 20, 0], "uv": [202, 34]},
						{"origin": [3.36633, 27.1034, 1.67467], "size": [2, 2, 1], "inflate": -0.202, "pivot": [1.36633, 28.6034, 2.67467], "rotation": [0, 20, 0], "uv": [204, 150]},
						{"origin": [-1.025, 27.3034, 2.07592], "size": [2.05, 1, 2], "inflate": 0.002, "uv": [74, 204]},
						{"origin": [-3.56633, 27.3034, 1.99967], "size": [3, 1, 1.375], "pivot": [-1.36633, 28.3034, 2.67467], "rotation": [0, -20, 0], "uv": [202, 181]},
						{"origin": [0.92363, 27.2034, 3.17216], "size": [3.25, 1.2, 1], "inflate": -0.102, "pivot": [1.02363, 27.8034, 4.07216], "rotation": [0, 29.5, 0], "uv": [88, 204]},
						{"origin": [-4.17363, 27.2034, 3.17216], "size": [3.25, 1.2, 1], "inflate": -0.102, "pivot": [-1.02363, 27.8034, 4.07216], "rotation": [0, -29.5, 0], "uv": [96, 204]}
					]
				},
				{
					"name": "charging_handle",
					"parent": "gun",
					"pivot": [0, 27.2034, -17.32533],
					"cubes": [
						{"origin": [1.80305, 27.0284, -19.52533], "size": [2, 1.075, 7.4], "inflate": -0.202, "pivot": [2.00305, 27.9034, -9.82533], "rotation": [0, 0, 48.5], "uv": [92, 186]},
						{"origin": [-2, 26.9034, -19.32533], "size": [4, 1, 7], "uv": [158, 16]},
						{"origin": [-3.80305, 27.0284, -19.52533], "size": [2, 1.075, 7.4], "inflate": -0.202, "pivot": [-2.00305, 27.9034, -9.82533], "rotation": [0, 0, -48.5], "uv": [74, 186]}
					]
				},
				{
					"name": "chargeLrotate",
					"parent": "charging_handle",
					"pivot": [2.475, 27.3034, -19.82533],
					"cubes": [
						{"origin": [2.175, 26.3034, -24.32533], "size": [1.075, 2, 1.6], "inflate": -0.302, "pivot": [2.475, 27.3034, -23.02533], "rotation": [0, -20, 0], "uv": [198, 22]},
						{"origin": [1.675, 26.3034, -20.62533], "size": [1.6, 2, 1.6], "inflate": -0.3, "uv": [168, 204]},
						{"origin": [2.175, 26.3034, -23.32533], "size": [1.1, 2, 3.3], "inflate": -0.3, "uv": [74, 181]}
					]
				},
				{
					"name": "bullet3",
					"parent": "gun",
					"pivot": [0, 26.72127, -15.61931],
					"cubes": [
						{"origin": [-0.5, 26.22127, -19.11931], "size": [1, 1, 7], "pivot": [0, 26.72127, -15.61931], "rotation": [0, 0, 45], "uv": [188, 143]}
					]
				},
				{
					"name": "front_sight_block",
					"parent": "gun",
					"pivot": [-2.39414, 28.95003, -40.82533],
					"cubes": [
						{"origin": [1.25, 29.7034, -44.32533], "size": [1.25, 1, 7], "inflate": -0.005, "pivot": [1.25, 30.7034, -40.82533], "rotation": [0, 0, 23.75], "uv": [188, 159]},
						{"origin": [-2.4, 28.9534, -44.32533], "size": [4.8, 1.25, 7], "inflate": -0.002, "uv": [178, 127]},
						{
							"origin": [2.4, 29.0784, -42.82533],
							"size": [0, 1, 4],
							"inflate": -0.002,
							"uv": {
								"north": {"uv": [67, 210], "uv_size": [0, 1]},
								"east": {"uv": [59, 209], "uv_size": [-43, 7]},
								"south": {"uv": [70, 210], "uv_size": [0, 1]},
								"west": {"uv": [67, 210], "uv_size": [3, 1]},
								"up": {"uv": [67, 207], "uv_size": [0, 3]},
								"down": {"uv": [67, 210], "uv_size": [0, -3]}
							}
						},
						{"origin": [1.14414, 28.95003, -44.32533], "size": [1.25, 1, 7], "inflate": -0.005, "pivot": [2.39414, 28.95003, -40.82533], "rotation": [0, 0, -45], "uv": [190, 8]},
						{"origin": [-1.25, 28.7034, -44.32533], "size": [2.5, 2, 7], "uv": [154, 183]},
						{"origin": [-2.5, 29.7034, -44.32533], "size": [1.25, 1, 7], "inflate": -0.005, "pivot": [-1.25, 30.7034, -40.82533], "rotation": [0, 0, -23.75], "uv": [190, 0]},
						{"origin": [-2.39414, 28.95003, -44.32533], "size": [1.25, 1, 7], "inflate": -0.005, "pivot": [-2.39414, 28.95003, -40.82533], "rotation": [0, 0, 45], "uv": [190, 183]}
					]
				},
				{
					"name": "glow_kyubi",
					"parent": "gun",
					"pivot": [0, 30.5284, -40.82533],
					"cubes": [
						{"origin": [-0.5, 30.007, -41.32533], "size": [1, 1, 1], "inflate": -0.3, "pivot": [0, 30.5034, -40.82533], "rotation": [0, -45, 0], "uv": [8, 205]},
						{"origin": [-0.5, 30.007, -3.32533], "size": [1, 1, 1], "inflate": -0.3, "pivot": [0, 30.5034, -2.82533], "rotation": [0, -45, 0], "uv": [4, 205]},
						{"origin": [0.7, 29.0034, -44.327], "size": [1.5, 1, 0], "pivot": [1.55, 29.5034, -43.82533], "rotation": [0, 0, 25], "uv": [138, 135]}
					]
				},
				{
					"name": "sights",
					"parent": "glow_kyubi",
					"pivot": [0, 8, 0],
					"cubes": [
						{
							"origin": [-3, 30.4034, -40.82533],
							"size": [6, 3, 0],
							"uv": {
								"north": {"uv": [0, 208], "uv_size": [0, 0]},
								"east": {"uv": [204, 191], "uv_size": [0, 2]},
								"south": {"uv": [48, 231], "uv_size": [47, 25]},
								"west": {"uv": [207, 191], "uv_size": [0, 2]},
								"up": {"uv": [204, 191], "uv_size": [3, 0]},
								"down": {"uv": [207, 191], "uv_size": [3, 0]}
							}
						},
						{
							"origin": [-2, 30.9034, -2.82533],
							"size": [4, 2, 0],
							"uv": {
								"north": {"uv": [0, 208], "uv_size": [0, 0]},
								"east": {"uv": [204, 193], "uv_size": [0, 2]},
								"south": {"uv": [0, 231], "uv_size": [47, 25]},
								"west": {"uv": [207, 193], "uv_size": [0, 2]},
								"up": {"uv": [204, 193], "uv_size": [3, 0]},
								"down": {"uv": [207, 193], "uv_size": [3, 0]}
							}
						}
					]
				},
				{
					"name": "rail",
					"parent": "gun",
					"pivot": [0, 9, -15],
					"cubes": [
						{"origin": [-1, 28.7034, -23.32533], "size": [2, 1, 4], "uv": [200, 89]},
						{"origin": [-1, 28.7034, -8.32533], "size": [2, 1, 4], "uv": [200, 84]},
						{"origin": [-1, 30.706, -23.32533], "size": [2, 0, 18], "uv": [142, 92]},
						{"origin": [-1.25, 29.7034, -24.32533], "size": [2.5, 1, 20], "inflate": -0.002, "uv": [0, 116]}
					]
				},
				{
					"name": "_cb_scope",
					"parent": "gun",
					"pivot": [0, 30.7, -10.825],
					"cubes": [
						{"origin": [-0.5, 30.2, -11.325], "size": [1, 1, 1], "uv": [52, 189]}
					]
				},
				{
					"name": "_cb_suppressor",
					"parent": "gun",
					"pivot": [0, 23, -55.825],
					"cubes": [
						{"origin": [-0.5, 22.5, -56.325], "size": [1, 1, 1], "uv": [190, 204]}
					]
				},
				{
					"name": "scope",
					"parent": "gun",
					"pivot": [0, 31.9034, 8.94967],
					"cubes": [
						{"origin": [-0.5, 31.4034, 8.44967], "size": [1, 1, 1], "inflate": -0.4, "uv": [0, 205]}
					]
				},
				{
					"name": "muzzleflash",
					"parent": "gun",
					"pivot": [0, 23, -56.45],
					"cubes": [
						{"origin": [-0.5, 22.496, -56.95], "size": [1, 1, 1], "inflate": -0.4, "uv": [204, 195]}
					]
				},
				{
					"name": "armR_mag",
					"parent": "armR_gun",
					"pivot": [0, 19.66267, -12.33013]
				},
				{
					"name": "rightarm",
					"parent": "armR_mag",
					"pivot": [-8.3, 12.8, 24.8],
					"rotation": [-101.81106, -12.40003, -2.46982],
					"cubes": [
						{"origin": [-12.3, -11.2, 20.8], "size": [8, 24, 8], "uv": [44, 136]}
					]
				},
				{
					"name": "magazine2",
					"parent": "armR_mag",
					"pivot": [0, 19.66267, -12.33013],
					"cubes": [
						{"origin": [-1.60189, 16.16012, -14.48729], "size": [1, 2, 4.025], "inflate": -0.002, "pivot": [0, 16.16012, -5.62143], "rotation": [-17.62332, -6.67451, 2.11452], "uv": [146, 200]},
						{"origin": [0.60189, 16.16012, -14.48729], "size": [1, 2, 4.025], "inflate": -0.002, "pivot": [0, 16.16012, -5.62143], "rotation": [-17.62332, 6.67451, -2.11452], "uv": [24, 201]},
						{"origin": [-0.5, 16.16012, -14.62143], "size": [1, 2, 5], "pivot": [0, 16.16012, -5.62143], "rotation": [-17.5, 0, 0], "uv": [112, 197]},
						{"origin": [-1, 16.16012, -10.62143], "size": [2, 3, 5], "pivot": [0, 16.16012, -5.62143], "rotation": [-17.5, 0, 0], "uv": [136, 192]},
						{"origin": [-1, 19.02127, -9.71931], "size": [2, 2, 5], "inflate": 0.002, "uv": [192, 120]},
						{"origin": [0.3, 20.72127, -10.01931], "size": [1, 1.6, 5.6], "inflate": -0.302, "pivot": [1, 21.02127, -7.21931], "rotation": [0, 0, -10], "uv": [198, 95]},
						{"origin": [-1.125, 20.72127, -5.41931], "size": [2.25, 1.6, 1], "inflate": -0.3, "uv": [58, 202]},
						{"origin": [-1.3, 20.72127, -10.01931], "size": [1, 1.6, 5.6], "inflate": -0.302, "pivot": [-1, 21.02127, -7.21931], "rotation": [0, 0, 10], "uv": [198, 101]},
						{"origin": [0.60189, 19.02127, -13.58517], "size": [1, 2, 4.025], "inflate": -0.002, "pivot": [0, 19.02127, -4.71931], "rotation": [0, 7, 0], "uv": [194, 201]},
						{"origin": [-0.5, 19.02127, -13.71931], "size": [1, 2, 4], "uv": [202, 22]},
						{"origin": [-1.60189, 19.02127, -13.58517], "size": [1, 2, 4.025], "inflate": -0.002, "pivot": [0, 19.02127, -4.71931], "rotation": [0, -7, 0], "uv": [202, 28]},
						{"origin": [-1, 13.1499, -16.85122], "size": [1, 6, 4.025], "inflate": -0.002, "pivot": [-1, 13.1499, -12.82622], "rotation": [-27.676, -6.2058, 3.2449], "uv": [192, 173]},
						{"origin": [0, 13.1499, -16.85122], "size": [1, 6, 4.025], "inflate": -0.002, "pivot": [1, 13.1499, -12.82622], "rotation": [-27.676, 6.2058, -3.2449], "uv": [74, 194]},
						{"origin": [-0.5, 11.65656, -15.72344], "size": [1, 6, 5], "pivot": [0, 14.65656, -9.22344], "rotation": [-27.5, 0, 0], "uv": [124, 186]},
						{"origin": [-1, 11.65656, -11.72344], "size": [2, 6, 5], "inflate": -0.002, "pivot": [0, 14.65656, -9.22344], "rotation": [-27.5, 0, 0], "uv": [110, 186]},
						{"origin": [-1, 9.12583, -20.03487], "size": [1, 6, 4.025], "inflate": -0.002, "pivot": [-1, 9.12583, -16.00987], "rotation": [-37.7072, -5.5483, 4.2747], "uv": [84, 194]},
						{"origin": [0, 9.12583, -20.03487], "size": [1, 6, 4.025], "inflate": -0.002, "pivot": [1, 9.12583, -16.00987], "rotation": [-37.7072, 5.5483, -4.2747], "uv": [94, 194]},
						{"origin": [-0.5, 6.98399, -18.7002], "size": [1, 6, 5], "pivot": [0, 9.98399, -12.2002], "rotation": [-37.5, 0, 0], "uv": [52, 191]},
						{"origin": [-1, 6.98399, -14.7002], "size": [2, 6, 5], "pivot": [0, 9.98399, -12.2002], "rotation": [-37.5, 0, 0], "uv": [0, 188]},
						{"origin": [-1, 5.71574, -23.86893], "size": [1, 6, 4.025], "inflate": -0.002, "pivot": [-1, 5.71574, -19.84393], "rotation": [-47.7134, -4.7227, 5.1727], "uv": [194, 191]},
						{"origin": [0, 5.71574, -23.86893], "size": [1, 6, 4.025], "inflate": -0.002, "pivot": [1, 5.71574, -19.84393], "rotation": [-47.7134, 4.7227, -5.1727], "uv": [14, 195]},
						{"origin": [-0.5, 2.89931, -22.44312], "size": [1, 6, 5], "pivot": [0, 5.89931, -15.94312], "rotation": [-47.5, 0, 0], "uv": [172, 191]},
						{"origin": [-1, 2.89931, -18.44312], "size": [2, 6, 5], "inflate": -0.002, "pivot": [0, 5.89931, -15.94312], "rotation": [-47.5, 0, 0], "uv": [188, 25]},
						{"origin": [-1, 0.02322, -28.23689], "size": [1, 9, 4.025], "inflate": -0.002, "pivot": [-1, 3.02322, -24.21189], "rotation": [-57.6939, -3.7544, 5.9122], "uv": [64, 191]},
						{"origin": [0, 0.02322, -28.23689], "size": [1, 9, 4.025], "inflate": -0.002, "pivot": [1, 3.02322, -24.21189], "rotation": [-57.6939, 3.7544, -5.9122], "uv": [184, 191]},
						{"origin": [-0.5, -3.47336, -26.83847], "size": [1, 9, 4], "pivot": [0, 2.52664, -20.33847], "rotation": [-57.5, 0, 0], "uv": [192, 107]},
						{"origin": [-1, -2.47336, -22.83847], "size": [2, 8, 5], "pivot": [0, 2.52664, -20.33847], "rotation": [-57.5, 0, 0], "uv": [38, 183]},
						{"origin": [-1, -2.97336, -21.83847], "size": [2, 1, 4], "inflate": -0.002, "pivot": [0, 2.52664, -20.33847], "rotation": [-57.5, 0, 0], "uv": [200, 127]},
						{"origin": [-1, -3.47336, -22.83847], "size": [2, 1, 1], "pivot": [0, 2.52664, -20.33847], "rotation": [-57.5, 0, 0], "uv": [184, 204]},
						{"origin": [-0.5, 0.56793, -26.20477], "size": [1, 1, 2.05], "pivot": [0, 0.56793, -26.20477], "rotation": [-43.5, 0, 0], "uv": [204, 147]}
					]
				},
				{
					"name": "bullet2",
					"parent": "magazine2",
					"pivot": [0, 22.32127, -8.61931],
					"cubes": [
						{"origin": [-0.5, 20.82127, -12.11931], "size": [1, 1, 7], "pivot": [0, 21.32127, -8.61931], "rotation": [0, 0, 45], "uv": [188, 143]}
					]
				},
				{
					"name": "armL_mag",
					"parent": "main",
					"pivot": [0, 20.25, -6.75]
				},
				{
					"name": "magazine",
					"parent": "armL_mag",
					"pivot": [0, 19.66267, -12.33013],
					"cubes": [
						{"origin": [-1.60189, 16.16012, -14.48729], "size": [1, 2, 4.025], "inflate": -0.002, "pivot": [0, 16.16012, -5.62143], "rotation": [-17.62332, -6.67451, 2.11452], "uv": [146, 200]},
						{"origin": [0.60189, 16.16012, -14.48729], "size": [1, 2, 4.025], "inflate": -0.002, "pivot": [0, 16.16012, -5.62143], "rotation": [-17.62332, 6.67451, -2.11452], "uv": [24, 201]},
						{"origin": [-0.5, 16.16012, -14.62143], "size": [1, 2, 5], "pivot": [0, 16.16012, -5.62143], "rotation": [-17.5, 0, 0], "uv": [112, 197]},
						{"origin": [-1, 16.16012, -10.62143], "size": [2, 3, 5], "pivot": [0, 16.16012, -5.62143], "rotation": [-17.5, 0, 0], "uv": [136, 192]},
						{"origin": [-1, 19.02127, -9.71931], "size": [2, 2, 5], "inflate": 0.002, "uv": [192, 120]},
						{"origin": [0.3, 20.72127, -10.01931], "size": [1, 1.6, 5.6], "inflate": -0.302, "pivot": [1, 21.02127, -7.21931], "rotation": [0, 0, -10], "uv": [198, 95]},
						{"origin": [-1.125, 20.72127, -5.41931], "size": [2.25, 1.6, 1], "inflate": -0.3, "uv": [58, 202]},
						{"origin": [-1.3, 20.72127, -10.01931], "size": [1, 1.6, 5.6], "inflate": -0.302, "pivot": [-1, 21.02127, -7.21931], "rotation": [0, 0, 10], "uv": [198, 101]},
						{"origin": [0.60189, 19.02127, -13.58517], "size": [1, 2, 4.025], "inflate": -0.002, "pivot": [0, 19.02127, -4.71931], "rotation": [0, 7, 0], "uv": [194, 201]},
						{"origin": [-0.5, 19.02127, -13.71931], "size": [1, 2, 4], "uv": [202, 22]},
						{"origin": [-1.60189, 19.02127, -13.58517], "size": [1, 2, 4.025], "inflate": -0.002, "pivot": [0, 19.02127, -4.71931], "rotation": [0, -7, 0], "uv": [202, 28]},
						{"origin": [-1, 13.1499, -16.85122], "size": [1, 6, 4.025], "inflate": -0.002, "pivot": [-1, 13.1499, -12.82622], "rotation": [-27.676, -6.2058, 3.2449], "uv": [192, 173]},
						{"origin": [0, 13.1499, -16.85122], "size": [1, 6, 4.025], "inflate": -0.002, "pivot": [1, 13.1499, -12.82622], "rotation": [-27.676, 6.2058, -3.2449], "uv": [74, 194]},
						{"origin": [-0.5, 11.65656, -15.72344], "size": [1, 6, 5], "pivot": [0, 14.65656, -9.22344], "rotation": [-27.5, 0, 0], "uv": [124, 186]},
						{"origin": [-1, 11.65656, -11.72344], "size": [2, 6, 5], "inflate": -0.002, "pivot": [0, 14.65656, -9.22344], "rotation": [-27.5, 0, 0], "uv": [110, 186]},
						{"origin": [-1, 9.12583, -20.03487], "size": [1, 6, 4.025], "inflate": -0.002, "pivot": [-1, 9.12583, -16.00987], "rotation": [-37.7072, -5.5483, 4.2747], "uv": [84, 194]},
						{"origin": [0, 9.12583, -20.03487], "size": [1, 6, 4.025], "inflate": -0.002, "pivot": [1, 9.12583, -16.00987], "rotation": [-37.7072, 5.5483, -4.2747], "uv": [94, 194]},
						{"origin": [-0.5, 6.98399, -18.7002], "size": [1, 6, 5], "pivot": [0, 9.98399, -12.2002], "rotation": [-37.5, 0, 0], "uv": [52, 191]},
						{"origin": [-1, 6.98399, -14.7002], "size": [2, 6, 5], "pivot": [0, 9.98399, -12.2002], "rotation": [-37.5, 0, 0], "uv": [0, 188]},
						{"origin": [-1, 5.71574, -23.86893], "size": [1, 6, 4.025], "inflate": -0.002, "pivot": [-1, 5.71574, -19.84393], "rotation": [-47.7134, -4.7227, 5.1727], "uv": [194, 191]},
						{"origin": [0, 5.71574, -23.86893], "size": [1, 6, 4.025], "inflate": -0.002, "pivot": [1, 5.71574, -19.84393], "rotation": [-47.7134, 4.7227, -5.1727], "uv": [14, 195]},
						{"origin": [-0.5, 2.89931, -22.44312], "size": [1, 6, 5], "pivot": [0, 5.89931, -15.94312], "rotation": [-47.5, 0, 0], "uv": [172, 191]},
						{"origin": [-1, 2.89931, -18.44312], "size": [2, 6, 5], "inflate": -0.002, "pivot": [0, 5.89931, -15.94312], "rotation": [-47.5, 0, 0], "uv": [188, 25]},
						{"origin": [-1, 0.02322, -28.23689], "size": [1, 9, 4.025], "inflate": -0.002, "pivot": [-1, 3.02322, -24.21189], "rotation": [-57.6939, -3.7544, 5.9122], "uv": [64, 191]},
						{"origin": [0, 0.02322, -28.23689], "size": [1, 9, 4.025], "inflate": -0.002, "pivot": [1, 3.02322, -24.21189], "rotation": [-57.6939, 3.7544, -5.9122], "uv": [184, 191]},
						{"origin": [-0.5, -3.47336, -26.83847], "size": [1, 9, 4], "pivot": [0, 2.52664, -20.33847], "rotation": [-57.5, 0, 0], "uv": [192, 107]},
						{"origin": [-1, -2.47336, -22.83847], "size": [2, 8, 5], "pivot": [0, 2.52664, -20.33847], "rotation": [-57.5, 0, 0], "uv": [38, 183]},
						{"origin": [-1, -2.97336, -21.83847], "size": [2, 1, 4], "inflate": -0.002, "pivot": [0, 2.52664, -20.33847], "rotation": [-57.5, 0, 0], "uv": [200, 127]},
						{"origin": [-1, -3.47336, -22.83847], "size": [2, 1, 1], "pivot": [0, 2.52664, -20.33847], "rotation": [-57.5, 0, 0], "uv": [184, 204]},
						{"origin": [-0.5, 0.56793, -26.20477], "size": [1, 1, 2.05], "pivot": [0, 0.56793, -26.20477], "rotation": [-43.5, 0, 0], "uv": [204, 147]}
					]
				},
				{
					"name": "bullet",
					"parent": "magazine",
					"pivot": [0, 22.32127, -8.61931],
					"cubes": [
						{"origin": [-0.5, 20.82127, -12.11931], "size": [1, 1, 7], "pivot": [0, 21.32127, -8.61931], "rotation": [0, 0, 45], "uv": [188, 143]}
					]
				},
				{
					"name": "leftarm",
					"parent": "armL_mag",
					"pivot": [9.7, 6.3, -10.6],
					"rotation": [-94.27762, 37.16079, 50.12096],
					"cubes": [
						{"origin": [5.7, -17.7, -14.6], "size": [8, 24, 8], "uv": [76, 136]}
					]
				},
				{
					"name": "_camera_",
					"pivot": [10, 35, 21]
				}
			]
		}
	]
}