{
	"format_version": "1.12.0",
	"minecraft:geometry": [
		{
			"description": {
				"identifier": "geometry.unknown",
				"texture_width": 64,
				"texture_height": 64,
				"visible_bounds_width": 8,
				"visible_bounds_height": 4,
				"visible_bounds_offset": [0, 1, 0]
			},
			"bones": [
				{
					"name": "main",
					"pivot": [0, 0, 0]
				},
				{
					"name": "longscope",
					"parent": "main",
					"pivot": [0, -0.5, 0],
					"cubes": [
						{"origin": [-1.5, 0, -3], "size": [3, 1, 6], "uv": [24, 0]},
						{"origin": [-1.75, 1, -3], "size": [3.5, 1, 9], "uv": [0, 0]},
						{
							"origin": [-1.775, 1, -1],
							"size": [3.55, 1, 4],
							"inflate": -0.023,
							"uv": {
								"north": {"uv": [4, 34], "uv_size": [3, 1]},
								"east": {"uv": [0, 42], "uv_size": [27, 5]},
								"south": {"uv": [11, 34], "uv_size": [3, 1]},
								"west": {"uv": [0, 42], "uv_size": [27, 5]},
								"up": {"uv": [4, 30], "uv_size": [3, 4]},
								"down": {"uv": [7, 34], "uv_size": [3, -4]}
							}
						},
						{"origin": [-1.75, 0.5, 4.5], "size": [3.5, 1, 1], "inflate": 0.1, "pivot": [0, 1, 5], "rotation": [-45, 0, 0], "uv": [36, 29]},
						{"origin": [-1.75, 2, -4], "size": [3.5, 2, 8], "uv": [0, 10]},
						{"origin": [1.25, 2.5, 2.425], "size": [1, 1, 1.5], "pivot": [1.75, 3, 2.425], "rotation": [0, 17.5, 0], "uv": [4, 40]},
						{"origin": [0.9, 4.4, 1.825], "size": [1, 1, 2], "inflate": -0.2, "pivot": [1.4, 4.9, 1.825], "rotation": [0, 0, 45], "uv": [14, 30]},
						{"origin": [-1.9, 4.4, 1.825], "size": [1, 1, 2], "inflate": -0.2, "pivot": [-1.4, 4.9, 1.825], "rotation": [0, 0, -45], "uv": [8, 30], "mirror": true},
						{"origin": [0.75, 3, -4], "size": [1, 1, 8], "inflate": -0.002, "pivot": [1.75, 4, 0], "rotation": [0, 0, 55], "uv": [20, 20]},
						{"origin": [-1.75, 3, -4], "size": [1, 1, 8], "inflate": -0.002, "pivot": [-1.75, 4, 0], "rotation": [0, 0, -55], "uv": [22, 10]},
						{"origin": [-1.25, 4, -4], "size": [2.5, 2, 8], "uv": [0, 20]},
						{"origin": [-1.35, 1, -5], "size": [2.7, 1, 2], "inflate": -0.002, "uv": [24, 7]},
						{"origin": [1.05, 1.7, -5.3], "size": [1, 2.6, 1.6], "inflate": -0.3, "uv": [16, 37]},
						{"origin": [0.45, 3.3, -5.3], "size": [1.6, 1, 1.6], "inflate": -0.302, "pivot": [1.75, 4, 0], "rotation": [0, 0, 55], "uv": [38, 21]},
						{"origin": [0.55, 4.275, -5.3], "size": [1, 1.625, 1.6], "inflate": -0.3, "uv": [38, 23]},
						{"origin": [-1.55, 5.3, -5.3], "size": [3.1, 1, 1.6], "inflate": -0.3, "uv": [32, 7]},
						{"origin": [-1.55, 4.275, -5.3], "size": [1, 1.625, 1.6], "inflate": -0.3, "uv": [38, 27]},
						{"origin": [-2.05, 3.3, -5.3], "size": [1.6, 1, 1.6], "inflate": -0.302, "pivot": [-1.75, 4, 0], "rotation": [0, 0, -55], "uv": [38, 25]},
						{"origin": [-2.05, 1.7, -5.3], "size": [1, 2.6, 1.6], "inflate": -0.3, "uv": [20, 37]},
						{"origin": [1.05, 1.7, 3.7], "size": [1, 2.6, 1.6], "inflate": -0.3, "uv": [28, 37]},
						{"origin": [0.45, 3.3, 3.7], "size": [1.6, 1, 1.6], "inflate": -0.302, "pivot": [1.75, 4, 9], "rotation": [0, 0, 55], "uv": [0, 40]},
						{"origin": [0.55, 4.275, 3.7], "size": [1, 1.625, 1.6], "inflate": -0.3, "uv": [36, 39]},
						{"origin": [-1.55, 5.3, 3.7], "size": [3.1, 1, 1.6], "inflate": -0.3, "uv": [10, 35]},
						{"origin": [-1.55, 4.275, 3.7], "size": [1, 1.625, 1.6], "inflate": -0.3, "uv": [32, 39]},
						{"origin": [-2.05, 3.3, 3.7], "size": [1.6, 1, 1.6], "inflate": -0.302, "pivot": [-1.75, 4, 9], "rotation": [0, 0, -55], "uv": [10, 39]},
						{"origin": [-2.05, 1.7, 3.7], "size": [1, 2.6, 1.6], "inflate": -0.3, "uv": [24, 37]},
						{"origin": [-1.85, 2.5, -3], "size": [3.7, 3, 5], "uv": [20, 29]},
						{"origin": [-1.75, 4, -5], "size": [0, 2, 2], "uv": [36, 31]},
						{"origin": [-2.15, 5.6, -5.4], "size": [1.3, 0.8, 2.8], "inflate": -0.4, "uv": [14, 33]},
						{"origin": [0.85, 5.6, -5.4], "size": [1.3, 0.8, 2.8], "inflate": -0.4, "uv": [10, 37]},
						{"origin": [0.95, 0.6, -5.4], "size": [1.2, 0.8, 1.8], "inflate": -0.4, "uv": [22, 19]},
						{"origin": [1.75, 4, -5], "size": [0, 2, 2], "uv": [36, 35]},
						{"origin": [1.75, 1, -5], "size": [0, 1, 1], "uv": [18, 35]},
						{"origin": [-2.15, 0.6, -5.4], "size": [1.2, 0.8, 1.8], "inflate": -0.4, "uv": [26, 19]},
						{"origin": [-1.75, 1, -5], "size": [0, 1, 1], "uv": [14, 39]}
					]
				},
				{
					"name": "scopepip",
					"parent": "longscope",
					"pivot": [0, 4, 3.6],
					"cubes": [
						{"origin": [-2, 2, 3.1], "size": [4, 4, 1], "uv": [0, 35]}
					]
				},
				{
					"name": "_ca_scope",
					"parent": "main",
					"pivot": [0, 0, 0],
					"cubes": [
						{"origin": [-0.5, -0.5, -0.5], "size": [1, 1, 1], "uv": [38, 19]}
					]
				},
				{
					"name": "scope",
					"pivot": [0, 4, 11.25],
					"cubes": [
						{"origin": [-0.5, 3.5, 10.75], "size": [1, 1, 1], "inflate": -0.4, "uv": [32, 37]}
					]
				}
			]
		}
	]
}