{
	"format_version": "1.12.0",
	"minecraft:geometry": [
		{
			"description": {
				"identifier": "geometry.unknown",
				"texture_width": 512,
				"texture_height": 512,
				"visible_bounds_width": 8,
				"visible_bounds_height": 6,
				"visible_bounds_offset": [0, 1, 0]
			},
			"bones": [
				{
					"name": "main",
					"pivot": [0, 20, 2.5]
				},
				{
					"name": "armL_mag",
					"parent": "main",
					"pivot": [0, 24.58969, 1.90798]
				},
				{
					"name": "leftarm",
					"parent": "armL_mag",
					"pivot": [9.7, 7.3, -0.6],
					"rotation": [-114.06902, 23.47938, -6.45194],
					"cubes": [
						{"origin": [5.7, -16.7, -4.6], "size": [8, 24, 8], "uv": [204, 239]}
					]
				},
				{
					"name": "magazine",
					"parent": "armL_mag",
					"pivot": [0, 24.58969, 1.45798],
					"cubes": [
						{"origin": [-1.3, 22.93969, 1.15798], "size": [2.6, 3.3, 10], "inflate": -0.3, "uv": [176, 261]}
					]
				},
				{
					"name": "armR_gun",
					"parent": "main",
					"pivot": [1, 20, 2]
				},
				{
					"name": "rightarm",
					"parent": "armR_gun",
					"pivot": [-6.3, 14.8, 21.8],
					"rotation": [-96.63835, -9.63634, 9.6109],
					"cubes": [
						{"origin": [-10.3, -9.2, 17.8], "size": [8, 24, 8], "uv": [0, 227]}
					]
				},
				{
					"name": "gun",
					"parent": "armR_gun",
					"pivot": [1, 20, 2],
					"cubes": [
						{
							"origin": [-4.48639, 24.80919, -31.54202],
							"size": [10.175, 0.6, 2],
							"inflate": -0.3,
							"pivot": [0.60111, 25.10919, -30.54202],
							"rotation": [0, -90, 60],
							"uv": {
								"north": {"uv": [170, 140], "uv_size": [2, 0]},
								"east": {"uv": [164, 140], "uv_size": [6, 0]},
								"south": {"uv": [178, 140], "uv_size": [2, 0]},
								"west": {"uv": [172, 140], "uv_size": [6, 0]},
								"up": {"uv": [0, 287], "uv_size": [27, 3]},
								"down": {"uv": [0, 280], "uv_size": [2, -6]}
							}
						},
						{
							"origin": [-5.68861, 24.80919, -31.54202],
							"size": [10.175, 0.6, 2],
							"inflate": -0.3,
							"pivot": [-0.60111, 25.10919, -30.54202],
							"rotation": [0, 90, -60],
							"uv": {
								"north": {"uv": [172, 140], "uv_size": [-2, 0]},
								"east": {"uv": [178, 140], "uv_size": [-6, 0]},
								"south": {"uv": [180, 140], "uv_size": [-2, 0]},
								"west": {"uv": [170, 140], "uv_size": [-6, 0]},
								"up": {"uv": [0, 287], "uv_size": [27, 3]},
								"down": {"uv": [2, 280], "uv_size": [-2, -6]}
							}
						},
						{"origin": [-0.5, 24.38969, -43.54202], "size": [1, 1, 26], "pivot": [0, 24.88969, -18.54202], "rotation": [0, 0, -45], "uv": [148, 27]},
						{"origin": [-1.075, 23.78969, -43.84202], "size": [2.15, 1.1, 26.6], "inflate": -0.304, "uv": [136, 141]},
						{"origin": [-0.5, 25.33969, -43.84202], "size": [1, 1, 26.6], "inflate": -0.3, "uv": [148, 54]},
						{"origin": [-1.323, 23.78886, -43.84202], "size": [1, 1, 26.6], "inflate": -0.3, "pivot": [-0.773, 24.08886, -30.54202], "rotation": [0, 0, -33.25], "uv": [0, 151]},
						{"origin": [0.323, 23.78886, -43.84202], "size": [1, 1, 26.6], "inflate": -0.3, "pivot": [0.773, 24.08886, -30.54202], "rotation": [0, 0, 33.25], "uv": [136, 168]},
						{"origin": [-1.075, 23.73969, -43.84202], "size": [2.175, 1.1, 26.6], "inflate": -0.302, "pivot": [0.8, 24.31469, -18.54202], "rotation": [0, 0, 60], "uv": [146, 107]},
						{"origin": [-1.1, 23.73969, -43.84202], "size": [2.175, 1.1, 26.6], "inflate": -0.303, "pivot": [-0.8, 24.31469, -18.54202], "rotation": [0, 0, -60], "uv": [148, 0]},
						{"origin": [-0.5, 19.03969, -0.84202], "size": [1, 1.6, 1], "pivot": [0, 19.63969, -0.34202], "rotation": [-20, 0, 0], "uv": [50, 180]},
						{"origin": [-1.4, 17.98969, -25.54202], "size": [2.8, 1, 1], "inflate": -0.1, "pivot": [0.15, 18.48969, -25.04202], "rotation": [45, 0, 0], "uv": [52, 273]},
						{"origin": [-1, 18.33969, 0.45798], "size": [2, 5, 2], "uv": [42, 227]},
						{"origin": [-1, 20.33969, -10.54202], "size": [2, 3, 11], "uv": [64, 261]},
						{"origin": [-1, 23.33969, -15.54202], "size": [2, 3, 14], "uv": [32, 246]},
						{"origin": [1.15178, 23.71469, -12.54202], "size": [1.25, 1.25, 6], "pivot": [1.77678, 24.33969, -9.54202], "rotation": [0, 0, 45], "uv": [164, 134]},
						{"origin": [-2.35, 23.83969, -12.54202], "size": [1.25, 1.25, 6], "pivot": [-1.6, 24.33969, -9.54202], "rotation": [0, 0, -45], "uv": [178, 134]},
						{"origin": [-0.5, 25.33969, -17.54202], "size": [1, 1, 2], "uv": [100, 210]},
						{"origin": [-0.5, 25.21469, -17.54202], "size": [1, 1.125, 2], "inflate": -0.002, "pivot": [0.5, 26.33969, -16.54202], "rotation": [0, 0, -26.5], "uv": [100, 213]},
						{"origin": [-0.5, 25.21469, -17.54202], "size": [1, 1.125, 2], "inflate": -0.002, "pivot": [-0.5, 26.33969, -16.54202], "rotation": [0, 0, 26.5], "uv": [100, 216]},
						{"origin": [-1, 23.33969, -17.54202], "size": [2, 2, 2], "uv": [226, 75]},
						{"origin": [-1, 26.83969, -4.99202], "size": [2, 2, 5], "inflate": -0.002, "pivot": [0, 28.33969, -3.74202], "rotation": [-45, 0, 0], "uv": [54, 164]},
						{"origin": [-1, 26.83969, -5.96702], "size": [2, 1, 1], "inflate": -0.002, "pivot": [0, 28.33969, -3.74202], "rotation": [-45, 0, 0], "uv": [144, 236]},
						{"origin": [-1, 28.57713, -15.27235], "size": [2, 1, 11], "uv": [242, 146]},
						{"origin": [-0.55878, 27.82615, -14.57235], "size": [1.3, 1.6, 10], "inflate": -0.3, "pivot": [0.74122, 29.42615, -9.57235], "rotation": [0, 0, -10.35], "uv": [264, 260]},
						{"origin": [-0.74122, 27.82615, -14.57235], "size": [1.3, 1.6, 10], "inflate": -0.302, "pivot": [-0.74122, 29.42615, -9.57235], "rotation": [0, 0, 10.35], "uv": [268, 146]},
						{"origin": [-0.74122, 26.02615, -14.57235], "size": [1.6, 2.4, 2.475], "inflate": -0.302, "pivot": [-0.74122, 29.42615, -9.57235], "rotation": [0, 0, 10.35], "uv": [100, 200]},
						{"origin": [-0.85878, 26.02615, -14.57235], "size": [1.6, 2.4, 2.475], "inflate": -0.3, "pivot": [0.74122, 29.42615, -9.57235], "rotation": [0, 0, -10.35], "uv": [142, 34]},
						{"origin": [-1, 19.33969, -3.94202], "size": [2, 1, 1], "uv": [94, 233]},
						{"origin": [-1.2, 18.13969, -2.34202], "size": [2.4, 1, 3], "inflate": -0.2, "uv": [116, 190]},
						{"origin": [-1.2, 18.72985, -3.64512], "size": [2.4, 1, 2], "inflate": -0.202, "pivot": [0, 19.22985, -2.74512], "rotation": [-40, 0, 0], "uv": [204, 24]},
						{"origin": [-1.45, 17.73969, -2.34202], "size": [2.9, 1, 1.5], "inflate": -0.2, "uv": [234, 24]},
						{"origin": [-1.25, 12.93969, 1.45798], "size": [2.5, 6, 3.25], "inflate": -0.003, "pivot": [0, 17.93969, 2.45798], "rotation": [15, 0, 0], "uv": [144, 219]},
						{"origin": [-1.25, 12.66888, 2.718], "size": [2.5, 1, 3], "uv": [126, 190]},
						{"origin": [-1, 11.85702, -16.73477], "size": [1.75, 1, 1.75], "inflate": -0.002, "pivot": [0, 12.35702, -15.98477], "rotation": [0, 45, 0], "uv": [50, 182]},
						{"origin": [-1, 12.66888, 1.79122], "size": [1.75, 1, 1.75], "inflate": -0.002, "pivot": [0, 13.16888, 2.54122], "rotation": [0, 45, 0], "uv": [50, 184]},
						{"origin": [-1.25, 12.66888, 5.718], "size": [2.5, 3, 14], "inflate": -0.002, "pivot": [0, 12.66888, 5.718], "rotation": [20, 0, 0], "uv": [242, 129]},
						{"origin": [-1.25, 12.66888, 19.718], "size": [2.5, 1, 3], "inflate": -0.002, "pivot": [0, 12.66888, 5.718], "rotation": [20, 0, 0], "uv": [54, 171]},
						{"origin": [-1.25, 18.33969, 2.45798], "size": [2.5, 3, 2], "uv": [202, 129]},
						{"origin": [-1.25, 19.33969, -7.54202], "size": [2.5, 1, 4], "uv": [80, 34]},
						{"origin": [-1.25, 18.53969, -5.54202], "size": [2.5, 1, 1], "inflate": -0.003, "pivot": [0, 19.33969, -5.04202], "rotation": [20, 0, 0], "uv": [232, 166]},
						{"origin": [-1.25, 18.16204, 13.83266], "size": [2.5, 2, 1], "inflate": -0.003, "pivot": [0, 19.16204, 14.33266], "rotation": [-35, 0, 0], "uv": [100, 204]},
						{"origin": [-1.25, 19.81204, 13.83266], "size": [2.5, 2, 1], "inflate": -0.002, "pivot": [0, 20.81204, 14.33266], "rotation": [35, 0, 0], "uv": [100, 207]},
						{"origin": [-1.25, 12.32561, -7.09557], "size": [2.5, 8.125, 3], "inflate": -0.002, "pivot": [0, 15.45061, -5.89557], "rotation": [-35, 0, 0], "uv": [68, 117]},
						{"origin": [-1.25, 12.09768, -17.82625], "size": [2.5, 8, 3], "inflate": -0.002, "pivot": [0, 16.09768, -16.32625], "rotation": [27.5, 0, 0], "uv": [68, 128]},
						{"origin": [-1.25, 20.09414, -17.8244], "size": [2.5, 1, 1], "inflate": -0.002, "pivot": [0, 16.09414, -16.3244], "rotation": [27.5, 0, 0], "uv": [150, 236]},
						{"origin": [-1.25, 11.85702, -15.80977], "size": [2.5, 3, 9.6], "uv": [30, 263]},
						{"origin": [-1.25, 18.33969, 14.45798], "size": [2.5, 5, 9], "uv": [182, 240]},
						{
							"origin": [1.502, 24.23969, 12.45798],
							"size": [0, 1.2, 10],
							"uv": {
								"north": {"uv": [0, 405], "uv_size": [0, 1]},
								"east": {"uv": [168, 511], "uv_size": [10, 1]},
								"south": {"uv": [0, 405], "uv_size": [0, 1]},
								"west": {"uv": [0, 287], "uv_size": [27, 3]},
								"up": {"uv": [0, 405], "uv_size": [0, 10]},
								"down": {"uv": [0, 415], "uv_size": [0, -10]}
							}
						},
						{
							"origin": [-1.502, 24.23969, 12.45798],
							"size": [0, 1.2, 10],
							"uv": {
								"north": {"uv": [67, 317], "uv_size": [0, 1]},
								"east": {"uv": [0, 287], "uv_size": [27, 3]},
								"south": {"uv": [67, 317], "uv_size": [0, 1]},
								"west": {"uv": [183, 511], "uv_size": [10, 1]},
								"up": {"uv": [67, 317], "uv_size": [0, 10]},
								"down": {"uv": [67, 327], "uv_size": [0, -10]}
							}
						},
						{"origin": [-1.5, 18.33969, 23.45798], "size": [3, 8, 5], "uv": [54, 151]},
						{"origin": [-1.5, 23.33969, 11.45798], "size": [3, 3, 12], "uv": [106, 175]},
						{"origin": [-1.8, 24.03969, 2.15798], "size": [1.1, 1, 9.6], "inflate": -0.3, "uv": [192, 158]},
						{"origin": [0.7, 24.03969, 2.15798], "size": [1.1, 1, 9.6], "inflate": -0.3, "uv": [212, 158]},
						{"origin": [0.7, 23.84312, 10.15592], "size": [1.1, 1.2, 1.8], "inflate": -0.302, "pivot": [1.25, 24.74312, 10.45592], "rotation": [31, 0, 0], "uv": [50, 190]},
						{"origin": [-1.8, 23.84312, 10.15592], "size": [1.1, 1.2, 1.8], "inflate": -0.302, "pivot": [-1.25, 24.74312, 10.45592], "rotation": [31, 0, 0], "uv": [50, 192]},
						{"origin": [0.7, 23.03969, 2.15798], "size": [1.1, 1.6, 9.6], "inflate": -0.3, "uv": [0, 273]},
						{"origin": [-1.8, 23.03969, 2.15798], "size": [1.1, 1.6, 9.6], "inflate": -0.3, "uv": [90, 272]},
						{"origin": [-1.3, 23.03969, -1.84202], "size": [2.6, 3.6, 3.6], "inflate": -0.3, "uv": [180, 211]},
						{"origin": [1, 22.58969, -48.54202], "size": [1.25, 1.25, 38], "inflate": -0.0002, "pivot": [1, 23.83969, -29.54202], "rotation": [0, 0, 30], "uv": [0, 78]},
						{"origin": [-2.25, 22.58969, -48.54202], "size": [1.25, 1.25, 38], "inflate": -0.0002, "pivot": [-1, 23.83969, -29.54202], "rotation": [0, 0, -30], "uv": [0, 39]},
						{"origin": [-1, 22.58969, -48.54202], "size": [2, 1.25, 38], "uv": [0, 0]},
						{"origin": [-1.25, 21.33969, 2.45798], "size": [2.5, 2, 12], "uv": [236, 260]},
						{"origin": [1, 20.73969, -1.54202], "size": [1, 4, 4], "uv": [32, 227]},
						{"origin": [-2, 20.73969, -1.54202], "size": [1, 4, 4], "uv": [144, 228]},
						{"origin": [-1.25, 19.23969, -26.54202], "size": [2.5, 1, 13], "uv": [0, 259]},
						{
							"origin": [1.502, 20.71469, -23.54202],
							"size": [0, 1.25, 10],
							"uv": {
								"north": {"uv": [0, 405], "uv_size": [0, 1]},
								"east": {"uv": [148, 511], "uv_size": [10, 1]},
								"south": {"uv": [0, 405], "uv_size": [0, 1]},
								"west": {"uv": [0, 291], "uv_size": [27, 3]},
								"up": {"uv": [0, 405], "uv_size": [0, 10]},
								"down": {"uv": [0, 415], "uv_size": [0, -10]}
							}
						},
						{
							"origin": [-1.502, 20.71469, -23.54202],
							"size": [0, 1.25, 10],
							"uv": {
								"north": {"uv": [0, 317], "uv_size": [0, 1]},
								"east": {"uv": [0, 291], "uv_size": [27, 3]},
								"south": {"uv": [0, 317], "uv_size": [0, 1]},
								"west": {"uv": [210, 450], "uv_size": [10, 1]},
								"up": {"uv": [0, 317], "uv_size": [0, 10]},
								"down": {"uv": [0, 327], "uv_size": [0, -10]}
							}
						},
						{"origin": [-1.5, 20.33969, -28.54202], "size": [3, 2, 21], "uv": [156, 217]},
						{"origin": [-0.5, 20.33969, -46.54202], "size": [1, 3, 18], "uv": [236, 239]},
						{"origin": [-0.5, 20.33969, -46.54202], "size": [1, 3.1, 18], "inflate": -0.0002, "pivot": [-0.5, 20.33969, -37.54202], "rotation": [0, 0, -12.5], "uv": [144, 240]},
						{"origin": [-0.5, 20.33969, -46.54202], "size": [1, 3.1, 18], "inflate": -0.0002, "pivot": [0.5, 20.33969, -37.54202], "rotation": [0, 0, 12.5], "uv": [240, 158]},
						{"origin": [0.48941, 18.92907, -28.54202], "size": [1, 1.415, 21], "inflate": -0.002, "pivot": [1.48941, 20.32907, -18.04202], "rotation": [0, 0, 44.9], "uv": [100, 219]},
						{"origin": [-1.48941, 18.92907, -28.54202], "size": [1, 1.415, 21], "inflate": -0.002, "pivot": [-1.48941, 20.32907, -18.04202], "rotation": [0, 0, -44.9], "uv": [50, 224]},
						{"origin": [0.48941, 22.33532, -10.54202], "size": [1, 1.415, 3], "inflate": -0.002, "pivot": [1.48941, 22.35032, -18.04202], "rotation": [0, 0, -44.9], "uv": [218, 129]},
						{"origin": [-1.48941, 22.33532, -10.54202], "size": [1, 1.415, 3], "inflate": -0.002, "pivot": [-1.48941, 22.35032, -18.04202], "rotation": [0, 0, 44.9], "uv": [210, 129]},
						{"origin": [-0.5, 19.33969, -28.54202], "size": [1, 1, 21], "uv": [204, 217]},
						{"origin": [-1.25, 17.73969, -26.04202], "size": [2.5, 1.5, 2], "uv": [212, 24]},
						{"origin": [-1.25, 17.73969, -26.04202], "size": [2.5, 1.58, 1], "inflate": -0.002, "pivot": [0, 17.73969, -26.04202], "rotation": [18.4, 0, 0], "uv": [234, 79]},
						{"origin": [-1.25, 17.73969, -25.04202], "size": [2.5, 1.58, 1], "inflate": -0.002, "pivot": [0, 17.73969, -24.04202], "rotation": [-18.4, 0, 0], "uv": [94, 235]}
					]
				},
				{
					"name": "railR",
					"parent": "gun",
					"pivot": [-1.77309, 24.33047, -20.79108],
					"rotation": [0, 0, 70],
					"cubes": [
						{"origin": [-6.13469, 23.04389, -11.54202], "size": [2.6, 0, 2], "pivot": [-5.33469, 22.54346, -11.04202], "rotation": [0, 0, -30], "uv": [68, 139]},
						{
							"origin": [-10.74331, 23.25121, -22.89202],
							"size": [10, 1, 3.5],
							"inflate": -0.5,
							"pivot": [-5.74331, 23.75121, -21.04202],
							"rotation": [0, -90, -30],
							"uv": {
								"north": {"uv": [188, 393], "uv_size": [10, 1]},
								"east": {"uv": [110, 298], "uv_size": [4, 1]},
								"south": {"uv": [198, 393], "uv_size": [10, 1]},
								"west": {"uv": [166, 366], "uv_size": [4, 1]},
								"up": {"uv": [0, 301], "uv_size": [26, -6]},
								"down": {"uv": [96, 512], "uv_size": [10, -4]}
							}
						},
						{
							"origin": [-8.22764, 24.628, -40.96702],
							"size": [10, 0, 0.85],
							"pivot": [-3.22764, 24.628, -40.54202],
							"rotation": [0, -90, 0],
							"uv": {
								"north": {"uv": [266, 322], "uv_size": [10, 0]},
								"east": {"uv": [266, 322], "uv_size": [1, 0]},
								"south": {"uv": [266, 322], "uv_size": [10, 0]},
								"west": {"uv": [266, 322], "uv_size": [1, 0]},
								"up": {"uv": [0, 297], "uv_size": [26, -2]},
								"down": {"uv": [412, 512], "uv_size": [10, -1]}
							}
						},
						{"origin": [-4.97398, 23.77693, -48.54202], "size": [1.25, 1.25, 18], "inflate": -0.0002, "pivot": [-3.22764, 23.88661, -29.54202], "rotation": [0, 0, -30], "uv": [240, 179]},
						{"origin": [-5.89454, 22.20565, -30.54202], "size": [2, 1.1, 24], "pivot": [-3.14821, 23.86532, -29.54202], "rotation": [0, 0, -30], "uv": [148, 81]},
						{"origin": [-4.89454, 22.20565, -32.54202], "size": [1, 1.1, 2], "pivot": [-3.14821, 23.86532, -29.54202], "rotation": [0, 0, -30], "uv": [94, 224]},
						{"origin": [-3.89454, 22.20565, -34.54202], "size": [1.25, 1.1, 33], "pivot": [-3.14821, 23.86532, -29.54202], "rotation": [0, 0, -30], "uv": [80, 0]},
						{"origin": [-3.20222, 21.9912, -6.94202], "size": [1, 1.1, 5.4], "inflate": -0.002, "pivot": [-3.20222, 22.4662, -1.54202], "rotation": [0, 21.75, -30], "uv": [202, 75]},
						{"origin": [-2.20544, 21.98934, -6.94054], "size": [1, 1.1, 3.25], "inflate": -0.002, "pivot": [-3.20544, 22.46434, -1.54054], "rotation": [0, 21.75, -30], "uv": [226, 129]},
						{"origin": [-4.97177, 20.98115, -35.01702], "size": [1, 1.1, 4.475], "inflate": -0.0002, "pivot": [-4.97177, 21.53115, -30.54202], "rotation": [0, -26.5, -30], "uv": [132, 34]},
						{"origin": [-4.99898, 24.02693, -30.54202], "size": [1.275, 1, 15], "inflate": -0.002, "pivot": [-3.22764, 23.88661, -29.54202], "rotation": [0, 0, -30], "uv": [252, 24]},
						{"origin": [-7.02398, 23.27693, -30.54202], "size": [1, 1, 15], "inflate": -0.002, "pivot": [-3.22764, 23.88661, -29.54202], "rotation": [0, 0, -30], "uv": [252, 40]},
						{"origin": [-7.02398, 24.02693, -30.54202], "size": [2.05, 1, 15], "pivot": [-3.22764, 23.88661, -29.54202], "rotation": [0, 0, -30], "uv": [156, 195]},
						{"origin": [-6.21053, 20.46045, -30.54202], "size": [1, 1, 24], "inflate": -0.001, "pivot": [-6.21053, 21.46045, -18.54202], "rotation": [0, 0, -75], "uv": [0, 178]},
						{"origin": [-6.21053, 19.88545, -30.54202], "size": [1, 1, 24], "pivot": [-6.21053, 21.46045, -18.54202], "rotation": [0, 0, -75], "uv": [45, 284]},
						{"origin": [-6.10123, 22.12438, -33.94353], "size": [1.25, 1.05, 3.55], "inflate": -0.1505, "pivot": [-6.90123, 22.64938, -30.54353], "rotation": [0, -22.25, -30], "uv": [232, 158]},
						{"origin": [-7.04803, 22.12623, -36.09202], "size": [1.25, 1.05, 5.7], "inflate": -0.1505, "pivot": [-6.89803, 22.65123, -30.54202], "rotation": [0, -22.25, -30], "uv": [156, 211]},
						{"origin": [-6.93469, 21.74346, -15.84202], "size": [1.1, 1.6, 9.6], "inflate": -0.3, "pivot": [-5.33469, 22.54346, -11.04202], "rotation": [0, 0, -30], "uv": [110, 274]},
						{"origin": [-3.83469, 21.71846, -15.84202], "size": [1.1, 1.625, 14.6], "inflate": -0.302, "pivot": [-5.33469, 22.54346, -11.04202], "rotation": [0, 0, -30], "uv": [254, 0]},
						{"origin": [-4.22764, 23.37599, -48.54202], "size": [2, 1.25, 33], "uv": [78, 39]},
						{"origin": [-2.73131, 23.77693, -48.54202], "size": [1.25, 1.25, 33], "inflate": -0.0002, "pivot": [-3.22764, 23.88661, -29.54202], "rotation": [0, 0, 30], "uv": [78, 107]},
						{"origin": [-2.60223, 22.88472, -15.54202], "size": [1.25, 1.5, 3], "pivot": [-1.99888, 23.77222, -5.54202], "rotation": [0, 0, 30], "uv": [232, 162]},
						{"origin": [-2.60223, 22.88472, -6.54202], "size": [1.25, 1.5, 2], "inflate": -0.002, "pivot": [-1.99888, 23.77222, -5.54202], "rotation": [0, 0, 30], "uv": [94, 227]}
					]
				},
				{
					"name": "railRR",
					"parent": "railR",
					"pivot": [-3.22764, 23.88661, -29.54202],
					"cubes": [
						{"origin": [-6.52398, 23.27693, -47.54202], "size": [2, 1, 23], "pivot": [-3.22764, 23.88661, -29.54202], "rotation": [0, 0, -30], "uv": [192, 134]},
						{"origin": [-7.02398, 22.77693, -25.04202], "size": [3.6, 2, 22], "inflate": -0.5, "pivot": [-3.22764, 23.88661, -29.54202], "rotation": [0, 0, -30], "uv": [190, 193]},
						{"origin": [-5.77751, 21.71045, -47.54202], "size": [2.075, 1, 23], "inflate": -0.002, "pivot": [-5.77751, 21.71045, -25.54202], "rotation": [0, 0, -1], "uv": [106, 195]},
						{"origin": [-4.54385, 22.57438, -47.54202], "size": [2.075, 1, 23], "inflate": -0.002, "pivot": [-4.54385, 22.57438, -25.54202], "rotation": [0, 0, -1], "uv": [50, 200]},
						{"origin": [-4.72398, 22.27693, -47.54202], "size": [2, 1, 23], "pivot": [-3.22764, 23.88661, -29.54202], "rotation": [0, 0, -30], "uv": [200, 81]}
					]
				},
				{
					"name": "railL",
					"parent": "gun",
					"pivot": [1.77309, 24.33047, -20.79108],
					"rotation": [0, 0, -70],
					"cubes": [
						{"origin": [3.53469, 23.04389, -11.54202], "size": [2.6, 0, 2], "pivot": [5.33469, 22.54346, -11.04202], "rotation": [0, 0, 30], "uv": [226, 79]},
						{
							"origin": [0.74331, 23.25121, -22.89202],
							"size": [10, 1, 3.5],
							"inflate": -0.5,
							"pivot": [5.74331, 23.75121, -21.04202],
							"rotation": [0, 90, 30],
							"uv": {
								"north": {"uv": [394, 510], "uv_size": [10, 1]},
								"east": {"uv": [344, 510], "uv_size": [4, 1]},
								"south": {"uv": [490, 295], "uv_size": [10, 1]},
								"west": {"uv": [292, 511], "uv_size": [4, 1]},
								"up": {"uv": [26, 301], "uv_size": [-26, -6]},
								"down": {"uv": [502, 397], "uv_size": [10, -4]}
							}
						},
						{
							"origin": [-1.77236, 24.628, -40.96702],
							"size": [10, 0, 0.85],
							"pivot": [3.22764, 24.628, -40.54202],
							"rotation": [0, 90, 0],
							"uv": {
								"north": {"uv": [0, 432], "uv_size": [10, 0]},
								"east": {"uv": [0, 432], "uv_size": [1, 0]},
								"south": {"uv": [0, 432], "uv_size": [10, 0]},
								"west": {"uv": [0, 432], "uv_size": [1, 0]},
								"up": {"uv": [26, 297], "uv_size": [-26, -2]},
								"down": {"uv": [240, 512], "uv_size": [10, -1]}
							}
						},
						{"origin": [3.72398, 23.77693, -48.54202], "size": [1.25, 1.25, 18], "inflate": -0.0002, "pivot": [3.22764, 23.88661, -29.54202], "rotation": [0, 0, 30], "uv": [240, 198]},
						{"origin": [3.89454, 22.20565, -30.54202], "size": [2, 1.1, 24], "pivot": [3.14821, 23.86532, -29.54202], "rotation": [0, 0, 30], "uv": [54, 175]},
						{"origin": [3.89454, 22.20565, -32.54202], "size": [1, 1.1, 2], "pivot": [3.14821, 23.86532, -29.54202], "rotation": [0, 0, 30], "uv": [228, 24]},
						{"origin": [2.64454, 22.20565, -34.54202], "size": [1.25, 1.1, 33], "pivot": [3.14821, 23.86532, -29.54202], "rotation": [0, 0, 30], "uv": [0, 117]},
						{"origin": [2.20222, 21.9912, -6.94202], "size": [1, 1.1, 5.4], "inflate": -0.002, "pivot": [3.20222, 22.4662, -1.54202], "rotation": [0, -21.75, 30], "uv": [168, 211]},
						{"origin": [1.20544, 21.98934, -6.94054], "size": [1, 1.1, 3.25], "inflate": -0.002, "pivot": [3.20544, 22.46434, -1.54054], "rotation": [0, -21.75, 30], "uv": [42, 234]},
						{"origin": [3.97177, 20.98115, -35.01702], "size": [1, 1.1, 4.475], "inflate": -0.0002, "pivot": [4.97177, 21.53115, -30.54202], "rotation": [0, 26.5, 30], "uv": [106, 190]},
						{"origin": [3.72398, 24.02693, -30.54202], "size": [1.275, 1, 15], "inflate": -0.002, "pivot": [3.22764, 23.88661, -29.54202], "rotation": [0, 0, 30], "uv": [252, 56]},
						{"origin": [6.02398, 23.27693, -30.54202], "size": [1, 1, 15], "inflate": -0.002, "pivot": [3.22764, 23.88661, -29.54202], "rotation": [0, 0, 30], "uv": [252, 91]},
						{"origin": [4.97398, 24.02693, -30.54202], "size": [2.05, 1, 15], "pivot": [3.22764, 23.88661, -29.54202], "rotation": [0, 0, 30], "uv": [94, 241]},
						{"origin": [5.21053, 20.46045, -30.54202], "size": [1, 1, 24], "inflate": -0.001, "pivot": [6.21053, 21.46045, -18.54202], "rotation": [0, 0, 75], "uv": [190, 168]},
						{"origin": [5.21053, 19.88545, -30.54202], "size": [1, 1, 24], "pivot": [6.21053, 21.46045, -18.54202], "rotation": [0, 0, 75], "uv": [95, 284]},
						{"origin": [4.85123, 22.12438, -33.94353], "size": [1.25, 1.05, 3.55], "inflate": -0.1505, "pivot": [6.90123, 22.64938, -30.54353], "rotation": [0, 22.25, 30], "uv": [234, 75]},
						{"origin": [5.79803, 22.12623, -36.09202], "size": [1.25, 1.05, 5.7], "inflate": -0.1505, "pivot": [6.89803, 22.65123, -30.54202], "rotation": [0, 22.25, 30], "uv": [214, 75]},
						{"origin": [5.83469, 21.74346, -15.84202], "size": [1.1, 1.6, 9.6], "inflate": -0.3, "pivot": [5.33469, 22.54346, -11.04202], "rotation": [0, 0, 30], "uv": [274, 122]},
						{"origin": [2.73469, 21.71846, -15.84202], "size": [1.1, 1.625, 14.6], "inflate": -0.302, "pivot": [5.33469, 22.54346, -11.04202], "rotation": [0, 0, 30], "uv": [94, 257]},
						{"origin": [2.22764, 23.37599, -48.54202], "size": [2, 1.25, 33], "uv": [78, 73]},
						{"origin": [1.48131, 23.77693, -48.54202], "size": [1.25, 1.25, 33], "inflate": -0.0002, "pivot": [3.22764, 23.88661, -29.54202], "rotation": [0, 0, -30], "uv": [68, 141]},
						{"origin": [1.35223, 22.88472, -15.54202], "size": [1.25, 1.5, 3], "pivot": [1.99888, 23.77222, -5.54202], "rotation": [0, 0, -30], "uv": [234, 129]},
						{"origin": [1.35223, 22.88472, -6.54202], "size": [1.25, 1.5, 2], "inflate": -0.002, "pivot": [1.99888, 23.77222, -5.54202], "rotation": [0, 0, -30], "uv": [94, 230]}
					]
				},
				{
					"name": "railLL",
					"parent": "railL",
					"pivot": [3.22764, 23.88661, -29.54202],
					"cubes": [
						{"origin": [4.52398, 23.27693, -47.54202], "size": [2, 1, 23], "pivot": [3.22764, 23.88661, -29.54202], "rotation": [0, 0, 30], "uv": [202, 27]},
						{"origin": [3.42398, 22.77693, -25.04202], "size": [3.6, 2, 22], "inflate": -0.5, "pivot": [3.22764, 23.88661, -29.54202], "rotation": [0, 0, 30], "uv": [202, 51]},
						{"origin": [3.70251, 21.71045, -47.54202], "size": [2.075, 1, 23], "inflate": -0.002, "pivot": [5.77751, 21.71045, -25.54202], "rotation": [0, 0, 1], "uv": [202, 105]},
						{"origin": [2.46885, 22.57438, -47.54202], "size": [2.075, 1, 23], "inflate": -0.002, "pivot": [4.54385, 22.57438, -25.54202], "rotation": [0, 0, 1], "uv": [0, 203]},
						{"origin": [2.72398, 22.27693, -47.54202], "size": [2, 1, 23], "pivot": [3.22764, 23.88661, -29.54202], "rotation": [0, 0, 30], "uv": [204, 0]}
					]
				},
				{
					"name": "magLid",
					"parent": "gun",
					"pivot": [0, 25.59684, -3.13207],
					"cubes": [
						{"origin": [-1.8, 25.63969, 5.15798], "size": [3.6, 1, 6.6], "inflate": -0.3, "uv": [146, 134]},
						{"origin": [-1.8, 25.03969, -3.84202], "size": [1.1, 1.2, 15.6], "inflate": -0.3, "uv": [250, 75]},
						{"origin": [-1.8, 25.63969, -3.84202], "size": [1.1, 1, 9.6], "inflate": -0.3, "uv": [200, 271]},
						{"origin": [0.7, 25.63969, -3.84202], "size": [1.1, 1, 9.6], "inflate": -0.3, "uv": [264, 271]},
						{"origin": [0.7, 25.03969, -3.84202], "size": [1.1, 1.2, 15.6], "inflate": -0.3, "uv": [248, 217]},
						{"origin": [0.7, 24.43969, -3.84202], "size": [1.1, 1.2, 14.6], "inflate": -0.3, "uv": [252, 107]},
						{"origin": [0.7, 22.0747, 9.03066], "size": [1.1, 1.2, 1.765], "inflate": -0.3002, "pivot": [0, 25.58969, 5.63037], "rotation": [31, 0, 0], "uv": [50, 186]},
						{"origin": [-1.8, 22.0747, 9.03066], "size": [1.1, 1.2, 1.765], "inflate": -0.3002, "pivot": [0, 25.58969, 5.63037], "rotation": [31, 0, 0], "uv": [50, 188]},
						{"origin": [-1.8, 24.43969, -3.84202], "size": [1.1, 1.2, 14.6], "inflate": -0.3, "uv": [64, 246]},
						{"origin": [0, 25.63969, 1.15798], "size": [1.3, 1, 4.6], "inflate": -0.3, "uv": [92, 34]},
						{"origin": [-1.3, 25.63969, 1.15798], "size": [1.3, 1, 4.6], "inflate": -0.3, "uv": [102, 34]},
						{"origin": [-1.3, 25.63969, 3.15798], "size": [2.6, 1, 1.6], "inflate": -0.3, "pivot": [0, 26.33969, 3.45798], "rotation": [20, 0, 0], "uv": [94, 237]}
					]
				},
				{
					"name": "spin",
					"parent": "gun",
					"pivot": [0, 26.53969, 0.45798],
					"cubes": [
						{"origin": [-1, 26.03969, -0.54202], "size": [2, 1, 2], "inflate": -0.3, "pivot": [0, 26.53969, 0.45798], "rotation": [0, -45, 0], "uv": [220, 24]}
					]
				},
				{
					"name": "sight",
					"parent": "gun",
					"pivot": [0, 29.82713, -8.02235],
					"cubes": [
						{"origin": [0.25, 29.32713, -16.02235], "size": [1, 1.3, 12.25], "inflate": -0.25, "uv": [124, 261]},
						{"origin": [-0.75, 29.32713, -16.02235], "size": [1.5, 1, 4.425], "inflate": -0.25, "uv": [112, 34]},
						{"origin": [-0.75, 29.37523, -16.80064], "size": [1.5, 1.25, 1.5], "inflate": -0.25, "pivot": [0, 30.00023, -16.05064], "rotation": [-14.00194, -44.13603, 9.85108], "uv": [50, 196]},
						{"origin": [-0.75, 29.40213, -4.75265], "size": [1.5, 1.25, 1.5], "inflate": -0.25, "pivot": [0, 29.90213, -4.00265], "rotation": [7.05323, 44.78238, 4.98107], "uv": [50, 198]},
						{"origin": [-0.75, 29.32713, -8.19735], "size": [1.5, 1, 4.425], "inflate": -0.25, "uv": [122, 34]},
						{"origin": [-1.25, 29.32713, -16.02235], "size": [1, 1.3, 12.25], "inflate": -0.25, "uv": [150, 261]},
						{"origin": [-1.25, 28.52713, -16.02235], "size": [2.5, 1.3, 1], "inflate": -0.252, "pivot": [0, 29.57713, -15.77235], "rotation": [45, 0, 0], "uv": [42, 238]}
					]
				},
				{
					"name": "sightGlow",
					"parent": "sight",
					"pivot": [0, 31.27713, -16.02235],
					"cubes": [
						{
							"origin": [-0.75, 30.52713, -4.02235],
							"size": [1.5, 1.5, 0],
							"uv": {
								"north": {"uv": [0, 316], "uv_size": [1, 1]},
								"east": {"uv": [0, 316], "uv_size": [0, 1]},
								"south": {"uv": [10, 320], "uv_size": [17, 17]},
								"west": {"uv": [1, 316], "uv_size": [0, 1]},
								"up": {"uv": [0, 316], "uv_size": [1, 0]},
								"down": {"uv": [1, 316], "uv_size": [1, 0]}
							}
						},
						{
							"origin": [-0.75, 30.52713, -16.02235],
							"size": [1.5, 1.5, 0],
							"uv": {
								"north": {"uv": [0, 315], "uv_size": [1, 1]},
								"east": {"uv": [0, 315], "uv_size": [0, 1]},
								"south": {"uv": [10, 303], "uv_size": [17, 17]},
								"west": {"uv": [1, 315], "uv_size": [0, 1]},
								"up": {"uv": [0, 315], "uv_size": [1, 0]},
								"down": {"uv": [1, 315], "uv_size": [1, 0]}
							}
						}
					]
				},
				{
					"name": "glow",
					"parent": "gun",
					"pivot": [0, 28.33969, -3.74202],
					"cubes": [
						{"origin": [2.002, 21.23969, -1.04202], "size": [0, 3, 1], "uv": [7, 302]},
						{
							"origin": [-0.75, 28.845, -4.14202],
							"size": [1.5, 0, 2.875],
							"pivot": [0, 28.33969, -3.74202],
							"rotation": [-45, 0, 0],
							"uv": {
								"north": {"uv": [4, 395], "uv_size": [1, 0]},
								"east": {"uv": [0, 395], "uv_size": [4, 0]},
								"south": {"uv": [9, 395], "uv_size": [1, 0]},
								"west": {"uv": [5, 395], "uv_size": [4, 0]},
								"up": {"uv": [36, 305], "uv_size": [-8, -15]},
								"down": {"uv": [5, 395], "uv_size": [1, -4]}
							}
						}
					]
				},
				{
					"name": "CHARGEMETER",
					"parent": "glow",
					"pivot": [-0.35, 27.9457, -2.66877],
					"rotation": [-45, 0, 0],
					"cubes": [
						{"origin": [-0.85, 27.6457, -4.20627], "size": [1, 0.6, 3.075], "inflate": -0.3, "uv": [35, 300]}
					]
				},
				{
					"name": "_cb_suppressor",
					"parent": "gun",
					"pivot": [0, 24.88969, -18.54202],
					"cubes": [
						{"origin": [-0.5, 24.38969, -43.54202], "size": [1, 1, 1], "uv": [50, 194]}
					]
				},
				{
					"name": "_cb_scope",
					"parent": "gun",
					"pivot": [0, 31.65, 3.35],
					"cubes": [
						{"origin": [-0.5, 29.075, -8.775], "size": [1, 1, 1], "uv": [50, 178]}
					]
				},
				{
					"name": "muzzleflash",
					"parent": "gun",
					"pivot": [0, 24.875, -43.65],
					"cubes": [
						{"origin": [-0.5, 24.375, -44.15], "size": [1, 1, 1], "inflate": -0.4, "uv": [64, 171]}
					]
				},
				{
					"name": "scope",
					"parent": "gun",
					"pivot": [0, 31.278, 2.95],
					"cubes": [
						{"origin": [-0.5, 30.778, 2.45], "size": [1, 1, 1], "inflate": -0.4, "uv": [64, 173]}
					]
				},
				{
					"name": "_camera_",
					"pivot": [10.75, 37, 21]
				}
			]
		}
	]
}