{
	"format_version": "1.12.0",
	"minecraft:geometry": [
		{
			"description": {
				"identifier": "geometry.unknown",
				"texture_width": 256,
				"texture_height": 256,
				"visible_bounds_width": 12,
				"visible_bounds_height": 5,
				"visible_bounds_offset": [0, 0.5, 0]
			},
			"bones": [
				{
					"name": "main",
					"pivot": [0, 20, 0]
				},
				{
					"name": "armL_mag",
					"parent": "main",
					"pivot": [9.5, 6.4, -4.65]
				},
				{
					"name": "leftarm",
					"parent": "armL_mag",
					"pivot": [9.7, 7.3, -11.6],
					"rotation": [-88.07158, 29.60088, 52.64],
					"cubes": [
						{"origin": [5.7, -16.7, -15.6], "size": [8, 24, 8], "uv": [182, 32]}
					]
				},
				{
					"name": "magazine",
					"parent": "armL_mag",
					"pivot": [0, 17.07407, -12.61718],
					"cubes": [
						{"origin": [-1.15, 16.8, -16.8], "size": [2.3, 4, 9], "uv": [218, 83]},
						{"origin": [-1.25, 15.7, -17.025], "size": [2.5, 1.2, 4.075], "inflate": -0.102, "pivot": [0, 15.8, -12.8], "rotation": [-14, 0, 0], "uv": [140, 231]},
						{"origin": [-1.25, 15.7, -13.7], "size": [2.5, 1.2, 1], "inflate": -0.104, "pivot": [0, 15.8, -12.8], "rotation": [-14, 0, 0], "uv": [138, 233]},
						{"origin": [-1.15, 15.8, -12.8], "size": [2.3, 1, 5], "uv": [226, 193]}
					]
				},
				{
					"name": "bullet",
					"parent": "magazine",
					"pivot": [0, 20.8, -12.3],
					"cubes": [
						{"origin": [-0.75, 20.05, -16.8], "size": [1.5, 1.5, 9], "inflate": -0.1, "pivot": [0, 20.8, -12.3], "rotation": [0, 0, 45], "uv": [20, 222]}
					]
				},
				{
					"name": "armR_gun",
					"parent": "main",
					"pivot": [-6, 14, 22]
				},
				{
					"name": "rightarm",
					"parent": "armR_gun",
					"pivot": [-4.74013, 13.78301, 21.43943],
					"rotation": [-92.53852, -9.99039, 0.44067],
					"cubes": [
						{"origin": [-8.74013, -10.21699, 17.43943], "size": [8, 24, 8], "uv": [182, 0]}
					]
				},
				{
					"name": "gun",
					"parent": "armR_gun",
					"pivot": [0.19024, 18.59793, 0.73331],
					"cubes": [
						{"origin": [-1.15, 18.8, -7.8], "size": [2.3, 1, 8.4], "uv": [219, 110]},
						{"origin": [-1.15, 19.8, -6.8], "size": [2.3, 2, 8], "uv": [214, 221]},
						{"origin": [-1.15, 21.3, -3.8], "size": [2.3, 1, 3], "inflate": -0.004, "uv": [216, 131]},
						{"origin": [-1.4, 21.55, -1.05], "size": [1, 1, 3.55], "inflate": -0.252, "pivot": [0, 22.3, -0.8], "rotation": [-9.25, 0, 0], "uv": [24, 237]},
						{"origin": [0.4, 21.55, -1.05], "size": [1, 1, 3.55], "inflate": -0.252, "pivot": [0, 22.3, -0.8], "rotation": [-9.25, 0, 0], "uv": [32, 237]},
						{"origin": [-1.2, 22.74711, -5.1], "size": [2.4, 1.6, 4.6], "inflate": -0.296, "uv": [166, 231]},
						{"origin": [-1.87679, 22.17487, -5.1], "size": [2.4, 1.6, 4.6], "inflate": -0.3, "pivot": [-0.67679, 22.67487, -4.3], "rotation": [0, 0, 60], "uv": [178, 231]},
						{"origin": [-0.52321, 22.17487, -5.1], "size": [2.4, 1.6, 4.6], "inflate": -0.298, "pivot": [0.67679, 22.67487, -4.3], "rotation": [0, 0, -60], "uv": [190, 231]},
						{"origin": [-0.7, 21.49545, -5.1], "size": [1.4, 1, 4.6], "inflate": -0.302, "uv": [230, 231]},
						{"origin": [0.22679, 23.1007, -10.1], "size": [1.4, 1, 9.6], "inflate": -0.302, "pivot": [0.92679, 23.6007, -4.3], "rotation": [0, 0, 60], "uv": [40, 222]},
						{"origin": [0.02679, 22.75429, -11.3], "size": [1.4, 1, 1.8], "inflate": -0.304, "pivot": [1.12679, 23.25429, -9.8], "rotation": [0, 45, 60], "uv": [124, 240]},
						{"origin": [-1.42679, 22.75429, -11.3], "size": [1.4, 1, 1.8], "inflate": -0.304, "pivot": [-1.12679, 23.25429, -9.8], "rotation": [0, -45, -60], "uv": [240, 124]},
						{"origin": [-0.57321, 23.1007, -21.1], "size": [1.4, 1, 17.6], "inflate": -0.3, "pivot": [0.92679, 23.6007, -4.3], "rotation": [0, 0, 60], "uv": [182, 83]},
						{"origin": [0.02679, 24.13993, -22.375], "size": [1.4, 1, 1.875], "inflate": -0.302, "pivot": [0.32679, 24.63993, -20.8], "rotation": [0, -38.75, 60], "uv": [240, 120]},
						{"origin": [-1.42679, 24.13993, -22.375], "size": [1.4, 1, 1.875], "inflate": -0.302, "pivot": [-0.32679, 24.63993, -20.8], "rotation": [0, 38.75, -60], "uv": [240, 122]},
						{"origin": [-0.82679, 23.1007, -21.1], "size": [1.4, 1, 17.6], "inflate": -0.3, "pivot": [-0.92679, 23.6007, -4.3], "rotation": [0, 0, -60], "uv": [182, 101]},
						{"origin": [-1.62679, 23.1007, -10.1], "size": [1.4, 1, 9.6], "inflate": -0.302, "pivot": [-0.92679, 23.6007, -4.3], "rotation": [0, 0, -60], "uv": [222, 63]},
						{"origin": [-0.825, 23.56362, -59.1], "size": [1.4, 1, 44.6], "inflate": -0.3, "pivot": [0, 22.92128, -58.8], "rotation": [0, 0, 60], "uv": [92, 90]},
						{"origin": [0.22679, 23.5007, -57.1], "size": [1.4, 1, 35.6], "inflate": -0.3, "pivot": [0.92679, 23.6007, -40.3], "rotation": [0, 0, 60], "uv": [82, 135]},
						{"origin": [-1.62679, 23.5007, -57.1], "size": [1.4, 1, 35.6], "inflate": -0.3, "pivot": [-0.92679, 23.6007, -40.3], "rotation": [0, 0, -60], "uv": [154, 135]},
						{"origin": [-1.2, 23.34711, -59.1], "size": [2.4, 1, 44.6], "inflate": -0.298, "uv": [0, 90]},
						{"origin": [-0.575, 23.56362, -59.1], "size": [1.4, 1, 44.6], "inflate": -0.3, "pivot": [0, 22.92128, -58.8], "rotation": [0, 0, -60], "uv": [92, 45]},
						{"origin": [-1.325, 21.71195, -59.1], "size": [2.4, 1, 44.6], "inflate": -0.298, "pivot": [0, 22.92128, -58.8], "rotation": [0, 0, 60], "uv": [0, 45]},
						{"origin": [-1.075, 21.71195, -59.1], "size": [2.4, 1, 44.6], "inflate": -0.298, "pivot": [0, 22.92128, -58.8], "rotation": [0, 0, -60], "uv": [0, 0]},
						{"origin": [-0.7, 21.49545, -59.1], "size": [1.4, 1, 44.6], "inflate": -0.3, "uv": [92, 0]},
						{"origin": [-0.8, 23.74711, -21.1], "size": [1.6, 1.3, 17.6], "inflate": -0.298, "uv": [68, 207]},
						{"origin": [-1.15, 19.8, -56.8], "size": [2.3, 2, 39], "inflate": 0.002, "uv": [0, 135]},
						{"origin": [0.35, 21.5, -22.1], "size": [1.1, 1.6, 4.6], "inflate": -0.3, "uv": [60, 233]},
						{"origin": [-1.45, 21.5, -22.1], "size": [1.1, 1.6, 4.6], "inflate": -0.3, "uv": [70, 233]},
						{"origin": [1.525, 18.3, -41.8], "size": [0, 3.5, 10], "uv": [218, 96]},
						{"origin": [-1.42997, 18.36559, -41.8], "size": [0, 1.5, 1], "uv": [227, 107], "mirror": true},
						{"origin": [-1.42998, 19.86547, -41.8], "size": [0, 1.95, 1], "pivot": [-1.42998, 19.86547, -41.3], "rotation": [0, 0, 8], "uv": [227, 105], "mirror": true},
						{"origin": [0.525, 21.8, -41.8], "size": [1, 0, 10], "uv": [172, 221]},
						{"origin": [1.325, 17.275, -35], "size": [0.4, 1.225, 3.4], "inflate": -0.2, "pivot": [1.525, 18.3, -33.3], "rotation": [0, 0, 82.5], "uv": [238, 36]},
						{"origin": [-1.00706, 17.89232, -35.1], "size": [0.6, 1.05, 3.6], "inflate": -0.3, "pivot": [-0.70706, 18.19232, -33.3], "rotation": [0, 0, -76.25], "uv": [238, 40]},
						{"origin": [1.525, 17.025, -41.8], "size": [0, 1.275, 1], "pivot": [1.525, 18.3, -40.3], "rotation": [0, 0, 37.5], "uv": [80, 176]},
						{"origin": [-0.75644, 17.28589, -41.8], "size": [0, 1.275, 1], "pivot": [-0.75644, 17.29839, -41.3], "rotation": [0, 0, -32.25], "uv": [80, 176], "mirror": true},
						{
							"origin": [-0.9, 22.325, -0.795],
							"size": [1.8, 1.8, 0],
							"pivot": [0, 23.225, -0.795],
							"rotation": [0, 0, 45],
							"uv": {
								"north": {"uv": [0, 254], "uv_size": [2, 2]},
								"east": {"uv": [0, 254], "uv_size": [0, 2]},
								"south": {"uv": [1, 243], "uv_size": [8, 8]},
								"west": {"uv": [2, 254], "uv_size": [0, 2]},
								"up": {"uv": [0, 254], "uv_size": [2, 0]},
								"down": {"uv": [2, 254], "uv_size": [2, 0]}
							}
						},
						{"origin": [0.15, 21.8, -56.8], "size": [1, 1, 35], "pivot": [1.15, 21.8, -37.3], "rotation": [0, 0, -50], "uv": [82, 171]},
						{"origin": [-1.15, 21.8, -56.8], "size": [1, 1, 35], "pivot": [-1.15, 21.8, -37.3], "rotation": [0, 0, 50], "uv": [154, 171]},
						{"origin": [-1.4, 18.8, -40.8], "size": [2.8, 1, 2], "inflate": 0.002, "uv": [210, 237]},
						{"origin": [-1.4, 18.3, -40.8], "size": [2.8, 1, 2], "uv": [238, 26]},
						{"origin": [0, 18.8, -42.9], "size": [1.4, 1, 2.1], "pivot": [1.4, 19.05, -40.8], "rotation": [0, 17.5, 0], "uv": [238, 56]},
						{"origin": [0, 18.3, -42.9], "size": [1.4, 1, 2.1], "inflate": -0.002, "pivot": [1.4, 19.05, -40.8], "rotation": [0, 17.5, 0], "uv": [56, 238]},
						{"origin": [0, 18.8, -38.8], "size": [1.4, 1, 2.1], "pivot": [1.4, 19.05, -38.8], "rotation": [0, -17.5, 0], "uv": [62, 238]},
						{"origin": [0, 18.3, -38.8], "size": [1.4, 1, 2.1], "inflate": -0.002, "pivot": [1.4, 19.05, -38.8], "rotation": [0, -17.5, 0], "uv": [238, 59]},
						{"origin": [-1.4, 18.8, -38.8], "size": [1.4, 1, 2.1], "pivot": [-1.4, 19.05, -38.8], "rotation": [0, 17.5, 0], "uv": [238, 99]},
						{"origin": [-1.4, 18.3, -38.8], "size": [1.4, 1, 2.1], "inflate": -0.002, "pivot": [-1.4, 19.05, -38.8], "rotation": [0, 17.5, 0], "uv": [238, 96]},
						{"origin": [-1.4, 18.3, -42.9], "size": [1.4, 1, 2.1], "inflate": -0.002, "pivot": [-1.4, 19.05, -40.8], "rotation": [0, -17.5, 0], "uv": [74, 238]},
						{"origin": [-1.4, 18.8, -42.9], "size": [1.4, 1, 2.1], "pivot": [-1.4, 19.05, -40.8], "rotation": [0, -17.5, 0], "uv": [68, 238]},
						{"origin": [-0.775, 18.3, -42.8], "size": [1.55, 1, 7.5], "inflate": -0.002, "uv": [124, 225]},
						{"origin": [-0.775, 18.8, -42.8], "size": [1.55, 1, 7.5], "uv": [108, 225]},
						{"origin": [-1.15, 18.8, -34.8], "size": [2.3, 1, 15], "uv": [182, 119]},
						{"origin": [-1.15, 18.3, -34.8], "size": [2.3, 1, 14], "inflate": -0.002, "uv": [140, 207]},
						{"origin": [-0.75, 17.3, -58.3], "size": [1.5, 1, 17.5], "uv": [104, 207]},
						{"origin": [-0.75, 17.3, -40.8], "size": [1.5, 1, 1.5], "uv": [240, 211]},
						{"origin": [-0.75, 18.2, -34.8], "size": [1.5, 1, 13], "uv": [172, 207]},
						{"origin": [-0.75, 17.3, -39.3], "size": [1.5, 1, 6], "inflate": -0.002, "pivot": [0, 17.3, -39.3], "rotation": [11.25, 0, 0], "uv": [68, 194]},
						{"origin": [-0.5, 20.6, -58.3], "size": [1, 1.4, 1], "uv": [240, 126]},
						{"origin": [-0.75, 18.3, -58.3], "size": [1.5, 2.3, 1], "uv": [240, 22]},
						{"origin": [-1, 23.8, -58.4], "size": [2, 2.1, 1.2], "inflate": -0.1, "uv": [152, 231]},
						{"origin": [-1, 23.8, -35.9], "size": [2, 1.3, 1.2], "inflate": -0.1, "uv": [240, 12]},
						{"origin": [-1, 23.8, -37.9], "size": [2, 1.3, 1.2], "inflate": -0.1, "uv": [240, 14]},
						{"origin": [0.3, 25.4, -58.7], "size": [1, 1.4, 1.2], "inflate": -0.4, "uv": [128, 240]},
						{"origin": [0.3, 25.4, -58.3], "size": [1, 1.4, 2], "inflate": -0.404, "pivot": [0.8, 26.4, -57.9], "rotation": [-30, 0, 0], "uv": [238, 44]},
						{"origin": [-1.3, 25.4, -58.3], "size": [1, 1.4, 2], "inflate": -0.404, "pivot": [-0.8, 26.4, -57.9], "rotation": [-30, 0, 0], "uv": [238, 47]},
						{"origin": [-1.3, 25.4, -58.7], "size": [1, 1.4, 1.2], "inflate": -0.4, "uv": [240, 128]},
						{"origin": [-0.9, 25.19927, -58.2135], "size": [1.8, 1, 1.75], "inflate": -0.1, "uv": [144, 240]},
						{"origin": [0.2, 25.7, -58.5], "size": [1, 1.4, 1.3], "inflate": -0.4, "uv": [140, 240]},
						{"origin": [-0.5, 25.7, -58.5], "size": [1, 1, 1.5], "inflate": -0.4, "uv": [156, 240]},
						{"origin": [0.2, 25.7, -58], "size": [1, 1.4, 2], "inflate": -0.402, "pivot": [0.7, 26.7, -57.6], "rotation": [-30, 0, 0], "uv": [238, 53]},
						{"origin": [-1.2, 25.7, -58.5], "size": [1, 1.4, 1.3], "inflate": -0.4, "uv": [132, 240]},
						{"origin": [-1.2, 25.7, -58], "size": [1, 1.4, 2], "inflate": -0.402, "pivot": [-0.7, 26.7, -57.6], "rotation": [-30, 0, 0], "uv": [238, 50]},
						{"origin": [-1, 24.9, -57.4], "size": [2, 1, 5.2], "inflate": -0.102, "uv": [226, 199]},
						{"origin": [-1, 24.9, -52.9], "size": [2, 1.3, 18.2], "inflate": -0.1, "uv": [182, 64]},
						{"origin": [-1, 25, -34.8], "size": [2, 1.1, 32], "uv": [0, 176]},
						{"origin": [-0.58839, 25.8341, -3.25], "size": [1, 1.25, 1.1], "inflate": -0.45, "pivot": [-0.08839, 26.4591, -2.7], "rotation": [0, 0, 45], "uv": [176, 240]},
						{"origin": [-0.7841, 25.71161, -3.25], "size": [1.25, 1, 1.1], "inflate": -0.45, "pivot": [-0.1591, 26.21161, -2.7], "rotation": [0, 0, 45], "uv": [180, 240]},
						{"origin": [-0.4659, 25.88839, -3.25], "size": [1.25, 1, 1.1], "inflate": -0.45, "pivot": [0.1591, 26.38839, -2.7], "rotation": [0, 0, 45], "uv": [184, 240]},
						{"origin": [-0.2318, 25.65, -3.25], "size": [1, 1.1, 1.1], "inflate": -0.4502, "uv": [240, 189]},
						{"origin": [-0.3314, 25.65, -3.25], "size": [1, 1, 1.1], "inflate": -0.4502, "uv": [240, 193]},
						{"origin": [-0.6686, 25.65, -3.25], "size": [1, 1, 1.1], "inflate": -0.4502, "uv": [192, 240]},
						{"origin": [-0.76825, 24.5504, -3.25], "size": [1.5365, 2, 1.1], "inflate": -0.4502, "uv": [240, 73]},
						{"origin": [0.1504, 24.5826, -3.2966], "size": [1.3, 1.9, 1.45], "inflate": -0.452, "pivot": [0.0002, 25.4826, -2.6466], "rotation": [-5, 0, 0], "uv": [240, 195]},
						{"origin": [0.1504, 25.55, -3.25], "size": [1.3, 1, 1.45], "inflate": -0.45, "uv": [240, 197]},
						{"origin": [0.1504, 24.55, -3.25], "size": [1.3, 1, 1.36], "inflate": -0.45, "uv": [240, 199]},
						{"origin": [-1.4504, 24.55, -3.25], "size": [1.3, 1, 1.36], "inflate": -0.45, "uv": [240, 201]},
						{"origin": [-1.4504, 25.55, -3.25], "size": [1.3, 1, 1.45], "inflate": -0.45, "uv": [200, 240]},
						{"origin": [-1.45, 24.5826, -3.2966], "size": [1.3, 1.9, 1.45], "inflate": -0.452, "pivot": [0.0002, 25.4826, -2.6466], "rotation": [-5, 0, 0], "uv": [196, 240]},
						{"origin": [-0.7682, 25.65, -3.25], "size": [1, 1.1, 1.1], "inflate": -0.4502, "uv": [240, 191]},
						{"origin": [-0.41161, 25.5159, -3.25], "size": [1, 1.25, 1.1], "inflate": -0.45, "pivot": [0.08839, 26.1409, -2.7], "rotation": [0, 0, 45], "uv": [240, 187]},
						{"origin": [-1.125, 24.3, -12.8], "size": [2.25, 1.3, 1], "inflate": -0.1, "uv": [240, 0]},
						{"origin": [-1.225, 24.2, -12.1], "size": [2.45, 1, 1.8], "inflate": -0.2, "uv": [240, 2]},
						{"origin": [-1.225, 24.2, -12.2], "size": [2.45, 1, 1.9], "inflate": -0.202, "pivot": [0, 25, -10.5], "rotation": [-19.5, 0, 0], "uv": [240, 4]},
						{"origin": [-1.15, 18.3, -20.804], "size": [2.3, 1.1, 4], "inflate": -0.002, "pivot": [0, 18.3, -20.804], "rotation": [20, 0, 0], "uv": [52, 217]},
						{"origin": [-1.15, 18.8, -35.3], "size": [2.3, 1, 1], "inflate": -0.002, "uv": [222, 238]},
						{"origin": [-1.15, 18.3, -35.3], "size": [2.3, 1, 1], "inflate": -0.003, "uv": [238, 219]},
						{"origin": [-1.5, 19.8, -7.8], "size": [3, 2, 1], "uv": [120, 237]},
						{"origin": [-1.15, 19.8, 1.2], "size": [2.3, 2, 1], "uv": [166, 228]},
						{"origin": [-1.15, 18.9, 7.2], "size": [2.3, 3, 10], "uv": [214, 26]},
						{"origin": [-1, 22.9, 7.2], "size": [2, 2, 11], "uv": [0, 209]},
						{"origin": [-2.75, 23.9, 7.2], "size": [1.75, 1, 11], "inflate": -0.002, "pivot": [-1, 24.9, 12.7], "rotation": [0, 0, -60.5], "uv": [214, 39]},
						{"origin": [0.11174, 22.37688, 7.2], "size": [1.75, 1, 11], "inflate": -0.002, "pivot": [1.86174, 23.37688, 18.2], "rotation": [0, 0, 60.5], "uv": [214, 51]},
						{"origin": [0.96174, 22.17688, 7], "size": [1.1, 1.4, 11.4], "inflate": -0.2, "uv": [216, 119]},
						{"origin": [0.96174, 21.17688, 8], "size": [1.1, 1.4, 5.4], "inflate": -0.2, "uv": [228, 211]},
						{"origin": [0.96174, 20.17688, 9], "size": [1.1, 1.4, 3.4], "inflate": -0.2, "uv": [16, 237]},
						{"origin": [0.96174, 22.17688, 7], "size": [1.1, 1.1, 3.225], "inflate": -0.202, "pivot": [1.86174, 22.37688, 7.2], "rotation": [-45, 0, 0], "uv": [0, 237]},
						{"origin": [0.96174, 22.17688, 11.175], "size": [1.1, 1.2, 3.225], "inflate": -0.202, "pivot": [1.86174, 22.37688, 14.2], "rotation": [45, 0, 0], "uv": [8, 237]},
						{"origin": [0.96174, 22.17688, 13], "size": [1.1, 1.1, 5.4], "inflate": -0.203, "pivot": [2.06174, 22.37688, 18.2], "rotation": [10, 0, 0], "uv": [228, 205]},
						{"origin": [-1.15, 13.9, 19.2], "size": [2.3, 10, 2], "inflate": 0.002, "uv": [158, 222]},
						{"origin": [-1.15, 18.9, 21.2], "size": [2.3, 5, 2], "pivot": [0, 23.9, 21.2], "rotation": [-17.5, 0, 0], "uv": [222, 231]},
						{"origin": [-1.15, 13.9, 21.2], "size": [2.3, 5, 1], "inflate": -0.002, "pivot": [0, 13.9, 21.2], "rotation": [5.5, 0, 0], "uv": [166, 222]},
						{"origin": [-1.15, 16.9, 15.2], "size": [2.3, 2, 2], "inflate": -0.002, "uv": [230, 236]},
						{"origin": [-0.5, 16.9, 11.2], "size": [1, 2, 4], "inflate": -0.001, "uv": [202, 231]},
						{"origin": [-0.5, 21.9, 8.2], "size": [1, 1, 8], "uv": [140, 222]},
						{"origin": [-0.5, 13.9, 10.2], "size": [1, 1, 7], "uv": [60, 225]},
						{"origin": [-0.55, 12.3, 15.43284], "size": [1.1, 1.8, 1.1], "inflate": -0.2, "pivot": [0, 13.25, 15.98284], "rotation": [0, -45, 0], "uv": [212, 240]},
						{"origin": [-0.5, 13.9, 17.2], "size": [1, 1, 1.425], "inflate": -0.002, "pivot": [0, 13.9, 17.2], "rotation": [45, 0, 0], "uv": [240, 82]},
						{"origin": [-0.5, 16.4, 10.2], "size": [1, 1, 1], "uv": [240, 80]},
						{"origin": [-0.5, 13.9, 9.2], "size": [1, 3.5, 1], "uv": [136, 237]},
						{"origin": [-0.5, 14.9, 11.2], "size": [1, 1, 8], "inflate": -0.001, "uv": [222, 73]},
						{"origin": [-0.5, 19.9, 17.2], "size": [1, 2, 2], "inflate": -0.001, "uv": [214, 233]},
						{"origin": [-0.5, 16.8, 11.2], "size": [1, 3, 1], "inflate": -0.002, "pivot": [0, 17.4, 11.2], "rotation": [35, 0, 0], "uv": [64, 217]},
						{"origin": [-1.15, 15.4, 11.2], "size": [2.3, 2, 6], "uv": [52, 209]},
						{"origin": [-1, 19.8, 2], "size": [2, 2, 5.4], "inflate": -0.2, "pivot": [0, 20.8, 5.5], "rotation": [0, 0, 45], "uv": [68, 187]},
						{"origin": [-1.15, 12.6, -0.6], "size": [2.3, 7, 4], "inflate": -0.002, "pivot": [0, 15, 0.9], "rotation": [22.5, 0, 0], "uv": [68, 176]},
						{"origin": [-1.15, 11.6, -0.6], "size": [2.3, 1, 5], "pivot": [0, 15, 0.9], "rotation": [22.5, 0, 0], "uv": [226, 187]},
						{"origin": [-0.5, 10.27955, 2.81634], "size": [1, 2, 1], "pivot": [0, 11.77955, 3.31634], "rotation": [30.36119, -40.78947, -20.94102], "uv": [240, 19]},
						{"origin": [-0.8, 11.24672, -0.17604], "size": [1.6, 1, 1.6], "inflate": -0.002, "pivot": [0, 11.74672, 0.62396], "rotation": [30.36119, -40.78947, -20.94102], "uv": [120, 240]},
						{"origin": [-1, 15.66612, -2.28945], "size": [2, 1, 2], "inflate": -0.202, "pivot": [0, 16.36612, -1.28945], "rotation": [30.36119, -40.78947, -20.94102], "uv": [202, 237]},
						{"origin": [-1.35, 19.08267, 1.63204], "size": [2.7, 1.4, 1.025], "inflate": -0.203, "pivot": [0, 19.28267, 1.83204], "rotation": [55, 0, 0], "uv": [238, 217]},
						{"origin": [-1.5, 19.8, -17.8], "size": [3, 2, 1], "uv": [60, 222]},
						{"origin": [-1.5, 19.1, -17.8], "size": [3, 1, 1], "inflate": -0.002, "uv": [234, 229]},
						{"origin": [-1.15, 19.1, -19.8], "size": [2.3, 1, 2], "uv": [238, 29]},
						{"origin": [0.8, 20.5, -17.1], "size": [1, 1.6, 9.6], "inflate": -0.3, "uv": [194, 221]},
						{"origin": [0.8, 21.5, -17.1], "size": [1, 1.66, 12.6], "inflate": -0.3, "pivot": [1.5, 21.8, -13.3], "rotation": [0, 0, -19.25], "uv": [26, 209]},
						{"origin": [-1.8, 21.5, -17.1], "size": [1, 1.66, 12.6], "inflate": -0.3, "pivot": [-1.5, 21.8, -13.3], "rotation": [0, 0, 19.25], "uv": [214, 0]},
						{"origin": [-0.2, 21.5, -5.1], "size": [2, 1.66, 1.6], "inflate": -0.302, "pivot": [1.5, 21.8, -0.3], "rotation": [0, 0, -19.25], "uv": [238, 236]},
						{"origin": [-1.8, 21.5, -5.1], "size": [2, 1.66, 1.6], "inflate": -0.302, "pivot": [-1.5, 21.8, -0.3], "rotation": [0, 0, 19.25], "uv": [238, 238]},
						{"origin": [0.6, 21.5, -18.1], "size": [1.2, 1.66, 1.6], "inflate": -0.3, "pivot": [1.5, 21.8, -13.3], "rotation": [0, 0, -19.25], "uv": [160, 240]},
						{"origin": [0.1, 21.5, -18.1], "size": [1.1, 1.36, 1.6], "inflate": -0.3, "pivot": [1.5, 21.8, -13.3], "rotation": [0, 0, -19.25], "uv": [164, 240]},
						{"origin": [-1.2, 21.5, -18.1], "size": [1.1, 1.36, 1.6], "inflate": -0.3, "pivot": [-1.5, 21.8, -13.3], "rotation": [0, 0, 19.25], "uv": [172, 240]},
						{"origin": [-1.8, 21.5, -18.1], "size": [1.2, 1.66, 1.6], "inflate": -0.3, "pivot": [-1.5, 21.8, -13.3], "rotation": [0, 0, 19.25], "uv": [168, 240]},
						{"origin": [0.8, 19.5, -17.1], "size": [1, 1.6, 1.6], "inflate": -0.3, "uv": [240, 84]},
						{"origin": [0.8, 19.5, -16.5], "size": [1, 1.6, 1], "inflate": -0.303, "pivot": [0.3, 19.8, -15.8], "rotation": [-50, 0, 0], "uv": [240, 88]},
						{"origin": [0.8, 19.49918, -9.09775], "size": [1, 1.6, 1], "inflate": -0.303, "pivot": [0.3, 19.79918, -8.79775], "rotation": [50, 0, 0], "uv": [240, 90]},
						{"origin": [0.8, 20, -16.1], "size": [1, 1.3, 7.6], "inflate": -0.302, "uv": [76, 225]},
						{"origin": [0.8, 20.6, -22.1], "size": [1, 1.4, 4.6], "inflate": -0.298, "uv": [0, 232]},
						{"origin": [0.8, 20.6, -25.5], "size": [1, 1.4, 4], "inflate": -0.3, "pivot": [1.3, 21.7, -21.8], "rotation": [17.75, 0, 0], "uv": [20, 232]},
						{"origin": [0.8, 19.598, -32.498], "size": [1, 1.4, 4], "inflate": -0.3, "pivot": [1.298, 19.898, -28.798], "rotation": [-17.75, 0, 0], "uv": [30, 232]},
						{"origin": [0.077, 18.99301, -45.77279], "size": [1.725, 1, 1.4], "inflate": -0.3, "pivot": [1.502, 19.29301, -45.07279], "rotation": [42.18626, 17.38772, -18.2489], "uv": [240, 207]},
						{"origin": [-0.1, 18.375, -45.025], "size": [1, 1.425, 2.525], "inflate": -0.3, "uv": [150, 238]},
						{"origin": [-0.1, 18.375, -45.325], "size": [1, 1, 1], "inflate": -0.302, "uv": [240, 209]},
						{"origin": [-0.1, 18.375, -45.725], "size": [1, 1.4, 1], "inflate": -0.3, "pivot": [0.4, 18.6875, -45.025], "rotation": [-45, 0, 0], "uv": [208, 240]},
						{"origin": [0.8, 20.6, -47.1], "size": [1, 1.4, 3.6], "inflate": -0.3, "pivot": [1.3, 21.7, -43.8], "rotation": [45, 0, 0], "uv": [112, 237]},
						{"origin": [0.8, 20.6, -44.1], "size": [1, 1.4, 12.6], "inflate": -0.298, "uv": [214, 13]},
						{"origin": [0.8, 19.6, -29.1], "size": [1, 1.4, 4.6], "inflate": -0.298, "uv": [10, 232]},
						{"origin": [0.7, 20.6, -31.5], "size": [1, 1.4, 4], "inflate": -0.302, "pivot": [1.2, 21.7, -27.8], "rotation": [17.75, 0, 0], "uv": [40, 232]},
						{"origin": [0.698, 19.598, -25.498], "size": [1, 1.4, 4], "inflate": -0.302, "pivot": [1.198, 19.898, -21.798], "rotation": [-17.75, 0, 0], "uv": [50, 232]},
						{"origin": [0.7, 20.6, -28.1], "size": [1, 1.4, 3.6], "inflate": -0.3, "uv": [88, 237]},
						{"origin": [0.7, 19.6, -22.1], "size": [1, 1.4, 3], "inflate": -0.302, "pivot": [1.2, 19.9, -21.8], "rotation": [26.25, 0, 0], "uv": [96, 237]},
						{"origin": [0.7, 19.6, -44.1], "size": [1, 1.4, 13.6], "inflate": -0.3, "uv": [200, 207]},
						{"origin": [-0.9, 18.375, -45.9], "size": [1, 1.425, 3.4], "inflate": -0.3, "uv": [104, 237]},
						{"origin": [-0.9, 18.375, -46.25], "size": [1, 1.025, 1], "inflate": -0.3, "uv": [240, 205]},
						{"origin": [-0.90083, 18.15789, -46.38667], "size": [1, 1.4, 1], "inflate": -0.3, "pivot": [-0.40083, 18.85789, -45.58667], "rotation": [-50, 0, 0], "uv": [204, 240]},
						{"origin": [0.7, 19.6, -46.1], "size": [1, 1.4, 2.6], "inflate": -0.302, "pivot": [1.2, 19.9, -43.8], "rotation": [-15, 0, 0], "uv": [238, 102]},
						{"origin": [0.7, 20.09038, -47.8248], "size": [1, 1.4, 2.6], "inflate": -0.3, "pivot": [1.2, 21.19038, -45.5248], "rotation": [42.5, 0, 0], "uv": [238, 105]},
						{"origin": [-1.05307, 19.15963, -47.13991], "size": [2.6, 1, 1.4], "inflate": -0.3, "pivot": [1.24693, 19.85963, -46.33991], "rotation": [40.25057, 14.98328, -16.98216], "uv": [240, 10]},
						{"origin": [0.8, 19.5, -9.1], "size": [1, 1.6, 1.6], "inflate": -0.3, "uv": [240, 86]},
						{"origin": [-1.8, 20.5, -17.1], "size": [1, 1.6, 9.6], "inflate": -0.3, "uv": [0, 222]},
						{"origin": [-1.8, 19.5, -17.1], "size": [1, 1.6, 1.6], "inflate": -0.3, "uv": [240, 118]},
						{"origin": [-1.8, 19.5, -9.1], "size": [1, 1.6, 1.6], "inflate": -0.3, "uv": [240, 116]},
						{"origin": [-1.8, 20, -16.1], "size": [1, 1.3, 7.6], "inflate": -0.302, "uv": [92, 225]},
						{"origin": [-1.8, 19.5, -16.5], "size": [1, 1.6, 1], "inflate": -0.303, "pivot": [-0.3, 19.8, -15.8], "rotation": [-50, 0, 0], "uv": [240, 114]},
						{"origin": [-1.8, 19.49918, -9.09775], "size": [1, 1.6, 1], "inflate": -0.303, "pivot": [-0.3, 19.79918, -8.79775], "rotation": [50, 0, 0], "uv": [240, 112]},
						{"origin": [-1.15, 17.8, -7.3], "size": [2.3, 1, 6.225], "inflate": -0.001, "pivot": [0, 18.8, -7.3], "rotation": [5, 0, 0], "uv": [66, 201]},
						{"origin": [-0.75, 16.93867, -5.41437], "size": [1.5, 1.2, 1], "inflate": -0.002, "pivot": [0, 18.13867, -4.41437], "rotation": [-30, 0, 0], "uv": [240, 92]},
						{"origin": [-0.75, 14.83867, -6.81437], "size": [1.5, 3, 1], "pivot": [0, 17.83867, -6.81437], "rotation": [37.5, 0, 0], "uv": [218, 237]},
						{"origin": [-1.05, 15.15861, -5.28808], "size": [2.1, 1.225, 2.6], "inflate": -0.303, "uv": [128, 237]},
						{"origin": [-0.5, 16.55861, -2.98808], "size": [1, 2, 1], "inflate": -0.303, "pivot": [0, 17.35861, -2.48808], "rotation": [5, 0, 0], "uv": [240, 16]},
						{"origin": [-0.5, 16.75861, -3.18808], "size": [1, 1, 1.4], "inflate": -0.305, "pivot": [0, 17.35861, -2.48808], "rotation": [5, 0, 0], "uv": [240, 110]},
						{"origin": [-0.7, 17.0573, -3.60028], "size": [1.4, 1.3, 1], "inflate": -0.303, "pivot": [0, 17.7073, -3.10028], "rotation": [32.5, 0, 0], "uv": [240, 94]},
						{"origin": [-0.7, 16.11957, -3.44354], "size": [1.4, 1.7, 1], "inflate": -0.305, "pivot": [0, 17.51957, -2.74354], "rotation": [-5, 0, 0], "uv": [240, 108]}
					]
				},
				{
					"name": "rail1",
					"parent": "gun",
					"pivot": [0, 24.1507, -34.6],
					"cubes": [
						{"origin": [-3.07942, 23.1507, -37.6], "size": [2.4, 2, 6], "inflate": -0.5, "pivot": [-1.87942, 24.1507, -34.3], "rotation": [0, 0, -60], "uv": [226, 139]},
						{"origin": [0.67942, 23.1507, -37.6], "size": [2.4, 2, 6], "inflate": -0.5, "pivot": [1.87942, 24.1507, -34.3], "rotation": [0, 0, 60], "uv": [226, 147]}
					]
				},
				{
					"name": "flapRB1",
					"parent": "rail1",
					"pivot": [2.31244, 24.4007, -32.1],
					"rotation": [0, 0, 60],
					"cubes": [
						{"origin": [1.31244, 24.1007, -34.9], "size": [2, 1, 3.1], "inflate": -0.3, "uv": [100, 233]}
					]
				},
				{
					"name": "flapLB1",
					"parent": "rail1",
					"pivot": [-2.31244, 24.4007, -32.1],
					"rotation": [0, 0, -60],
					"cubes": [
						{"origin": [-3.31244, 24.1007, -34.9], "size": [2, 1, 3.1], "inflate": -0.3, "uv": [130, 233]}
					]
				},
				{
					"name": "flabRF1",
					"parent": "rail1",
					"pivot": [2.31244, 24.4007, -37.1],
					"rotation": [0, 0, 60],
					"cubes": [
						{"origin": [1.31244, 24.1007, -37.4], "size": [2, 1, 3.1], "inflate": -0.3, "uv": [110, 233]}
					]
				},
				{
					"name": "flabLF1",
					"parent": "rail1",
					"pivot": [-2.31244, 24.4007, -37.1],
					"rotation": [0, 0, -60],
					"cubes": [
						{"origin": [-3.31244, 24.1007, -37.4], "size": [2, 1, 3.1], "inflate": -0.3, "uv": [120, 233]}
					]
				},
				{
					"name": "rail2",
					"parent": "gun",
					"pivot": [0, 24.1507, -40.6],
					"cubes": [
						{"origin": [-3.07942, 23.1507, -43.6], "size": [2.4, 2, 6], "inflate": -0.5, "pivot": [-1.87942, 24.1507, -40.3], "rotation": [0, 0, -60], "uv": [226, 155]},
						{"origin": [0.67942, 23.1507, -43.6], "size": [2.4, 2, 6], "inflate": -0.5, "pivot": [1.87942, 24.1507, -40.3], "rotation": [0, 0, 60], "uv": [226, 163]}
					]
				},
				{
					"name": "flapRB2",
					"parent": "rail2",
					"pivot": [2.31244, 24.4007, -38.1],
					"rotation": [0, 0, 60],
					"cubes": [
						{"origin": [1.31244, 24.1007, -40.9], "size": [2, 1, 3.1], "inflate": -0.3, "uv": [152, 234]}
					]
				},
				{
					"name": "flapLB2",
					"parent": "rail2",
					"pivot": [-2.31244, 24.4007, -38.1],
					"rotation": [0, 0, -60],
					"cubes": [
						{"origin": [-3.31244, 24.1007, -40.9], "size": [2, 1, 3.1], "inflate": -0.3, "uv": [234, 221]}
					]
				},
				{
					"name": "flabRF2",
					"parent": "rail2",
					"pivot": [2.31244, 24.4007, -43.1],
					"rotation": [0, 0, 60],
					"cubes": [
						{"origin": [1.31244, 24.1007, -43.4], "size": [2, 1, 3.1], "inflate": -0.3, "uv": [234, 225]}
					]
				},
				{
					"name": "flabLF2",
					"parent": "rail2",
					"pivot": [-2.31244, 24.4007, -43.1],
					"rotation": [0, 0, -60],
					"cubes": [
						{"origin": [-3.31244, 24.1007, -43.4], "size": [2, 1, 3.1], "inflate": -0.3, "uv": [140, 236]}
					]
				},
				{
					"name": "rail3",
					"parent": "gun",
					"pivot": [0, 24.1507, -46.6],
					"cubes": [
						{"origin": [-3.07942, 23.1507, -49.6], "size": [2.4, 2, 6], "inflate": -0.5, "pivot": [-1.87942, 24.1507, -46.3], "rotation": [0, 0, -60], "uv": [226, 171]},
						{"origin": [0.67942, 23.1507, -49.6], "size": [2.4, 2, 6], "inflate": -0.5, "pivot": [1.87942, 24.1507, -46.3], "rotation": [0, 0, 60], "uv": [226, 179]}
					]
				},
				{
					"name": "flapRB3",
					"parent": "rail3",
					"pivot": [2.31244, 24.4007, -44.1],
					"rotation": [0, 0, 60],
					"cubes": [
						{"origin": [1.31244, 24.1007, -46.9], "size": [2, 1, 3.1], "inflate": -0.3, "uv": [162, 236]}
					]
				},
				{
					"name": "flapLB3",
					"parent": "rail3",
					"pivot": [-2.31244, 24.4007, -44.1],
					"rotation": [0, 0, -60],
					"cubes": [
						{"origin": [-3.31244, 24.1007, -46.9], "size": [2, 1, 3.1], "inflate": -0.3, "uv": [172, 236]}
					]
				},
				{
					"name": "flabRF3",
					"parent": "rail3",
					"pivot": [2.31244, 24.4007, -49.1],
					"rotation": [0, 0, 60],
					"cubes": [
						{"origin": [1.31244, 24.1007, -49.4], "size": [2, 1, 3.1], "inflate": -0.3, "uv": [182, 236]}
					]
				},
				{
					"name": "flabLF3",
					"parent": "rail3",
					"pivot": [-2.31244, 24.4007, -49.1],
					"rotation": [0, 0, -60],
					"cubes": [
						{"origin": [-3.31244, 24.1007, -49.4], "size": [2, 1, 3.1], "inflate": -0.3, "uv": [192, 236]}
					]
				},
				{
					"name": "charginglever",
					"parent": "gun",
					"pivot": [0, 22.913, -13.55],
					"cubes": [
						{"origin": [0.12803, 22.61009, -15.1], "size": [1.35, 1, 3.6], "inflate": -0.3, "pivot": [1.17851, 23.31071, -14.798], "rotation": [0, 0, 60], "uv": [48, 237]},
						{"origin": [0.26854, 21.95567, -15.1], "size": [2.35, 1, 1.6], "inflate": -0.302, "pivot": [1.44354, 22.45567, -14.3], "rotation": [0, 0, 60], "uv": [240, 6]},
						{"origin": [-2.61854, 21.95567, -15.1], "size": [2.35, 1, 1.6], "inflate": -0.302, "pivot": [-1.44354, 22.45567, -14.3], "rotation": [0, 0, -60], "uv": [240, 8]},
						{"origin": [-0.71905, 23.01618, -15.1], "size": [2.2, 1.5, 3.6], "inflate": -0.302, "pivot": [1.18398, 23.31071, -14.794], "rotation": [0, 0, -60], "uv": [80, 233]},
						{"origin": [-1.47803, 22.61009, -15.1], "size": [1.35, 1, 3.6], "inflate": -0.3, "pivot": [-1.17851, 23.31071, -14.798], "rotation": [0, 0, -60], "uv": [80, 237]},
						{"origin": [-1.48095, 23.01618, -15.1], "size": [2.2, 1.5, 3.6], "inflate": -0.302, "pivot": [-1.18398, 23.31071, -14.794], "rotation": [0, 0, 60], "uv": [90, 233]},
						{"origin": [-1.1, 22.76034, -15.1], "size": [2.2, 1.5, 3.6], "inflate": -0.298, "uv": [228, 217]},
						{"origin": [-0.675, 21.62518, -15.1], "size": [1.35, 1, 3.6], "inflate": -0.3, "uv": [40, 237]}
					]
				},
				{
					"name": "chargehandleL",
					"parent": "charginglever",
					"pivot": [1.80425, 22.23091, -14.5],
					"rotation": [0, 0, 60],
					"cubes": [
						{"origin": [1.00425, 21.93091, -15.8], "size": [1.6, 1, 1.6], "inflate": -0.302, "uv": [188, 240]}
					]
				},
				{
					"name": "chargehandleR",
					"parent": "charginglever",
					"pivot": [-1.80425, 22.23091, -14.5],
					"rotation": [0, 0, -60],
					"cubes": [
						{"origin": [-2.60425, 21.93091, -15.8], "size": [1.6, 1, 1.6], "inflate": -0.302, "uv": [240, 203]}
					]
				},
				{
					"name": "spring",
					"parent": "charginglever",
					"pivot": [0, 22.925, -11.8],
					"cubes": [
						{"origin": [-0.5, 22.425, -11.8], "size": [1, 1, 7], "pivot": [0, 22.925, -8.3], "rotation": [0, 0, 45], "uv": [226, 131]}
					]
				},
				{
					"name": "maglever",
					"parent": "gun",
					"pivot": [0, 18.8, -7.3],
					"cubes": [
						{"origin": [-1, 15.5, -8], "size": [2, 3.6, 1], "inflate": -0.301, "pivot": [0, 18.8, -7.3], "rotation": [5, 0, 0], "uv": [238, 32]}
					]
				},
				{
					"name": "scope",
					"parent": "gun",
					"pivot": [0, 26.3, -2.7],
					"cubes": [
						{"origin": [-0.5, 25.8, -3.2], "size": [1, 1, 1], "inflate": -0.4, "uv": [240, 76]}
					]
				},
				{
					"name": "muzzleflash",
					"parent": "gun",
					"pivot": [0, 22.925, -58.9],
					"cubes": [
						{"origin": [-0.5, 22.425, -59.4], "size": [1, 1, 1], "inflate": -0.4, "uv": [162, 234]}
					]
				},
				{
					"name": "_cb_scope",
					"parent": "gun",
					"pivot": [0, 26.1, -8.8],
					"cubes": [
						{"origin": [-0.5, 25.6, -9.3], "size": [1, 1, 1], "uv": [240, 78]}
					]
				},
				{
					"name": "_camera_",
					"pivot": [8, 30, 4]
				}
			]
		}
	]
}