{
	"format_version": "1.12.0",
	"minecraft:geometry": [
		{
			"description": {
				"identifier": "geometry.unknown",
				"texture_width": 64,
				"texture_height": 64,
				"visible_bounds_width": 8,
				"visible_bounds_height": 4,
				"visible_bounds_offset": [0, 1, 0]
			},
			"bones": [
				{
					"name": "main",
					"pivot": [0, 0, 0]
				},
				{
					"name": "sniperscope",
					"parent": "main",
					"pivot": [0, 10.54207, -1.91288],
					"cubes": [
						{
							"origin": [1.004, 2, -2.5],
							"size": [0, 3.5, 2],
							"uv": {
								"north": {"uv": [56, 2], "uv_size": [0, 4]},
								"east": {"uv": [56, 2], "uv_size": [2, 4]},
								"south": {"uv": [58, 2], "uv_size": [0, 4]},
								"west": {"uv": [4, 2], "uv_size": [15, 21]},
								"up": {"uv": [56, 0], "uv_size": [0, 2]},
								"down": {"uv": [56, 2], "uv_size": [0, -2]}
							}
						},
						{
							"origin": [-1.004, 2, -2.5],
							"size": [0, 3.5, 2],
							"uv": {
								"north": {"uv": [56, 8], "uv_size": [0, 4]},
								"east": {"uv": [4, 2], "uv_size": [15, 21]},
								"south": {"uv": [58, 8], "uv_size": [0, 4]},
								"west": {"uv": [56, 8], "uv_size": [2, 4]},
								"up": {"uv": [56, 6], "uv_size": [0, 2]},
								"down": {"uv": [56, 8], "uv_size": [0, -2]}
							}
						},
						{"origin": [-1, 5, 0], "size": [2, 2, 3], "uv": [10, 45]},
						{"origin": [-1, 0, -2], "size": [2, 1, 8], "uv": [24, 43]},
						{"origin": [0.1, 1, -1], "size": [1, 1, 2], "pivot": [0.6, 1.5, 0.5], "rotation": [0, 0, 45], "uv": [54, 24]},
						{"origin": [-0.7, 1, -18], "size": [1.4, 5, 21], "uv": [5, 5]},
						{"origin": [-0.5, 1.70711, -9.20711], "size": [1, 2, 1], "pivot": [-0.5, 3.70711, -8.70711], "rotation": [42.18626, -17.38772, 18.2489], "uv": [46, 54]},
						{"origin": [-0.5, 1.70711, -9.20711], "size": [1, 2, 1], "pivot": [0.5, 3.70711, -8.70711], "rotation": [42.18626, 17.38772, -18.2489], "uv": [8, 55]},
						{"origin": [-0.5, 4, -5.875], "size": [1, 2, 3.875], "inflate": -0.003, "pivot": [0, 6, -2], "rotation": [-24.5, 0, 0], "uv": [10, 50]},
						{"origin": [-0.5, 5.6119, -14.53017], "size": [1, 2, 9], "inflate": -0.002, "pivot": [0, 7.6119, -5.53017], "rotation": [11.25, 0, 0], "uv": [2, 34]},
						{"origin": [-1, 1, -3], "size": [2, 5, 3], "inflate": 0.002, "uv": [0, 45]},
						{"origin": [-1.5, 1.975, 0], "size": [4, 4, 6], "inflate": 0.002, "pivot": [0, 4.475, 3], "rotation": [0, 0, 45], "uv": [25, 32]},
						{"origin": [-1.9, 1.575, 5.6], "size": [1, 4.8, 1.8], "inflate": -0.4, "pivot": [0, 4.475, 4.5], "rotation": [0, 0, 45], "uv": [20, 45]},
						{"origin": [-1.9, 1.575, 5.6], "size": [4.8, 1, 1.8], "inflate": -0.402, "pivot": [0, 4.475, 4.5], "rotation": [0, 0, 45], "uv": [47, 37]},
						{"origin": [-2.9, 1.575, 5.6], "size": [4.8, 1, 1.8], "inflate": -0.4, "pivot": [0, 4.475, 4.5], "rotation": [0, 0, -45], "uv": [47, 39]},
						{"origin": [0.9, 1.575, 5.6], "size": [1, 4.8, 1.8], "inflate": -0.402, "pivot": [0, 4.475, 4.5], "rotation": [0, 0, -45], "uv": [52, 50]},
						{"origin": [0.5, 0.975, 0], "size": [1, 1, 6], "pivot": [0, 4.475, 3.5], "rotation": [0, 0, 45], "uv": [44, 43]},
						{"origin": [-1.91421, 1.14657, -1.8], "size": [1, 1, 2], "inflate": -0.2, "uv": [54, 12]},
						{"origin": [0.78579, 5.79657, -0.5], "size": [1, 1, 3], "inflate": -0.202, "uv": [44, 50]},
						{"origin": [0.78579, 5.79657, -1.096], "size": [1, 1, 1], "inflate": -0.2, "pivot": [1.58579, 6.59657, -0.296], "rotation": [0, 45, 0], "uv": [32, 56]},
						{"origin": [-1.31074, 5.79657, -1.3437], "size": [1, 1, 1], "inflate": -0.2, "pivot": [-1.11074, 6.59657, -0.5437], "rotation": [0, -45, 0], "uv": [56, 33]},
						{"origin": [-1.31074, 5.79657, -3.3437], "size": [1, 1, 3], "inflate": -0.202, "uv": [18, 52]},
						{"origin": [-1.31074, 2.0192, -5.47507], "size": [1, 1, 2], "inflate": -0.2, "pivot": [-0.81074, 2.2192, -3.67507], "rotation": [30, 0, 0], "uv": [54, 18]},
						{"origin": [-1.31074, 1.2192, -7.96071], "size": [1, 1, 3.1], "inflate": -0.202, "pivot": [-0.81074, 1.4192, -5.06071], "rotation": [-15, 0, 0], "uv": [26, 52]},
						{"origin": [0.31074, 1.2192, -7.96071], "size": [1, 1, 3.1], "inflate": -0.202, "pivot": [0.81074, 1.4192, -5.06071], "rotation": [-15, 0, 0], "uv": [34, 52]},
						{"origin": [-1.31074, 5.7974, -4.9417], "size": [1, 1, 2], "inflate": -0.2, "pivot": [-0.81074, 6.5974, -3.1417], "rotation": [45, 0, 0], "uv": [54, 15]},
						{"origin": [-1.31074, 2.0152, -4.47507], "size": [1, 3.65, 1], "inflate": -0.202, "uv": [0, 53]},
						{"origin": [-0.88848, 5.79657, -0.92026], "size": [2.25, 1, 1], "inflate": -0.202, "uv": [46, 41]},
						{"origin": [0.78579, 5.69657, 1.8], "size": [1, 1.2, 1.2], "inflate": -0.2, "pivot": [1.28579, 6.29657, 2.4], "rotation": [45, 0, 0], "uv": [56, 31]},
						{"origin": [0.43579, 5.19657, -0.3], "size": [1, 1.2, 1.2], "inflate": -0.2, "pivot": [1.28579, 6.29657, 1.4], "rotation": [45, 0, -45], "uv": [56, 35]},
						{"origin": [1.3383, 4.74909, 0.77574], "size": [1, 1, 4], "inflate": -0.202, "pivot": [1.8383, 5.24909, 1.27574], "rotation": [0, 0, -45], "uv": [46, 32]},
						{"origin": [1.12617, 4.66122, 4.37574], "size": [1, 1, 2], "inflate": -0.2, "pivot": [1.62617, 5.46122, 4.57574], "rotation": [-45, 0, -45], "uv": [54, 21]},
						{"origin": [2.49044, 3.59695, 4.90628], "size": [1, 1.5, 1], "inflate": -0.202, "pivot": [2.99044, 4.09695, 5.40628], "rotation": [0, 0, -45], "uv": [12, 55]},
						{"origin": [2.61388, 2.94895, 4.90628], "size": [1, 1.35, 1], "inflate": -0.2, "uv": [16, 56]},
						{"origin": [2.61388, 1.58392, 5.24185], "size": [1, 2, 1], "inflate": -0.202, "pivot": [2.70677, 3.50606, 5.70628], "rotation": [-70, 0, 0], "uv": [20, 56]},
						{"origin": [1.10133, -1.05973, -1.2217], "size": [1, 2.425, 1], "inflate": -0.202, "pivot": [1.87785, 1.1537, -0.42172], "rotation": [-92.7581, 24.9746, -1.1652], "uv": [24, 56]},
						{"origin": [0.31074, 1.2198, -5.86426], "size": [1, 3.475, 1], "inflate": -0.2, "pivot": [0.51074, 1.4198, -5.06426], "rotation": [-93.75003, 0.00003, 0], "uv": [54, 27]},
						{"origin": [1.10137, 0.32949, -0.62261], "size": [1, 1, 1], "inflate": -0.2, "pivot": [1.90137, 1.12949, 0.17739], "rotation": [-92.5024, 0, 0], "uv": [56, 41]},
						{"origin": [1.10137, 0.5347, -0.05879], "size": [1, 1, 1], "inflate": -0.202, "pivot": [1.90137, 1.3347, 0.74121], "rotation": [-70, 0, 0], "uv": [36, 56]},
						{"origin": [2.61461, -1.51544, 3.60273], "size": [1, 4.6, 1], "inflate": -0.2, "pivot": [3.41461, 2.88456, 4.10273], "rotation": [-68.60138, 20.37786, 7.77012], "uv": [4, 53]},
						{"origin": [-1.91421, -0.45343, -1.8], "size": [1, 2, 1], "inflate": -0.202, "pivot": [-1.71421, 1.34657, -1.6], "rotation": [0, 0, -32.5], "uv": [42, 54]}
					]
				},
				{
					"name": "scopepip",
					"parent": "sniperscope",
					"pivot": [0, 3.76789, 3.025],
					"cubes": [
						{"origin": [-2.6, 1.16789, 5.025], "size": [5.2, 5.2, 1], "uv": [44, 0]}
					]
				},
				{
					"name": "scope",
					"parent": "sniperscope",
					"pivot": [0, 3.76789, 11.525],
					"cubes": [
						{"origin": [-0.5, 3.26789, 11.025], "size": [1, 1, 1], "inflate": -0.4, "uv": [28, 56]}
					]
				},
				{
					"name": "_ca_scope",
					"parent": "main",
					"pivot": [0, 0, 0],
					"cubes": [
						{"origin": [-0.5, -0.5, -0.5], "size": [1, 1, 1], "uv": [52, 41]}
					]
				}
			]
		}
	]
}