{
	"format_version": "1.12.0",
	"minecraft:geometry": [
		{
			"description": {
				"identifier": "geometry.unknown",
				"texture_width": 128,
				"texture_height": 128,
				"visible_bounds_width": 8,
				"visible_bounds_height": 5,
				"visible_bounds_offset": [0, 1.5, 0]
			},
			"bones": [
				{
					"name": "main",
					"pivot": [7.625, 19, -1]
				},
				{
					"name": "armL_mag",
					"parent": "main",
					"pivot": [7.625, 21.9, -4.15]
				},
				{
					"name": "leftarm",
					"parent": "armL_mag",
					"pivot": [17.125, 6, 19.15],
					"rotation": [-109.5354, 25.9108, 1.1164],
					"cubes": [
						{"origin": [13.125, -18, 15.15], "size": [8, 24, 8], "uv": [0, 32]}
					]
				},
				{
					"name": "magazine",
					"parent": "armL_mag",
					"pivot": [7.625, 21.9, -4.15],
					"cubes": [
						{
							"origin": [6.125, 22.705, -6.4],
							"size": [3, 0.2, 14],
							"inflate": -0.1,
							"uv": {
								"north": {"uv": [60, 88], "uv_size": [3, 0]},
								"east": {"uv": [47, 88], "uv_size": [13, 0]},
								"south": {"uv": [76, 88], "uv_size": [3, 0]},
								"west": {"uv": [63, 88], "uv_size": [13, 0]},
								"up": {"uv": [39, 88], "uv_size": [7, 33]},
								"down": {"uv": [33, 72], "uv_size": [3, -13]}
							}
						},
						{"origin": [6.125, 20.9, -8.2], "size": [3, 2, 16], "inflate": -0.1, "uv": [32, 18]},
						{"origin": [6.125, 20.475, -9.6], "size": [3, 2.85, 3], "inflate": -0.51, "pivot": [7.625, 21.9, -8.1], "rotation": [0, -45, 0], "uv": [40, 75]}
					]
				},
				{
					"name": "armR_gun",
					"parent": "main",
					"pivot": [7.63061, 18.35629, -1.60735]
				},
				{
					"name": "rightarm",
					"parent": "armR_gun",
					"pivot": [5.875, 14.525, 20.9],
					"rotation": [-92.26109, -2.40852, -0.13117],
					"cubes": [
						{"origin": [1.875, -9.475, 16.9], "size": [8, 24, 8], "uv": [0, 0]}
					]
				},
				{
					"name": "gun",
					"parent": "armR_gun",
					"pivot": [7.63061, 18.35629, -1.60735],
					"cubes": [
						{
							"origin": [9.23, 23, -18.6],
							"size": [0, 3, 11.2],
							"uv": {
								"north": {"uv": [0, 0], "uv_size": [0, 3]},
								"east": {"uv": [18, 68], "uv_size": [0, 0]},
								"south": {"uv": [0, 0], "uv_size": [0, 3]},
								"west": {"uv": [0, 88], "uv_size": [33, 9]},
								"up": {"uv": [0, 0], "uv_size": [0, 11]},
								"down": {"uv": [0, 11], "uv_size": [0, -11]}
							}
						},
						{
							"origin": [6.02, 23, -18.6],
							"size": [0, 3, 11.2],
							"uv": {
								"north": {"uv": [0, 0], "uv_size": [0, 3]},
								"east": {"uv": [0, 97], "uv_size": [33, 9]},
								"south": {"uv": [0, 0], "uv_size": [0, 3]},
								"west": {"uv": [18, 68], "uv_size": [0, 0]},
								"up": {"uv": [0, 0], "uv_size": [0, 11]},
								"down": {"uv": [0, 11], "uv_size": [0, -11]}
							}
						},
						{"origin": [9.2, 22.4, -7.4], "size": [0, 1, 2.075], "uv": [48, 80]},
						{"origin": [6.05, 22.4, -7.4], "size": [0, 1, 2.075], "uv": [76, 84]},
						{"origin": [5.825, 22.1, -12.8], "size": [3.6, 1, 3.2], "inflate": -0.102, "uv": [52, 79]},
						{"origin": [5.925, 22.3, -16.4], "size": [3.4, 1, 3.8], "inflate": -0.102, "uv": [24, 80]},
						{"origin": [6.125, 9.3, -0.05], "size": [3, 8, 4], "pivot": [7.625, 13.8, 0.95], "rotation": [22.5, 0, 0], "uv": [72, 61]},
						{"origin": [6.625, 16.3, -2.7], "size": [2, 4, 5], "uv": [72, 73]},
						{"origin": [6.425, 16.1, 2.1], "size": [2.4, 4.4, 1], "inflate": -0.2, "uv": [64, 82]},
						{"origin": [6.625, 19.3, 1.9], "size": [2, 1.5, 1], "inflate": -0.002, "pivot": [7.625, 19.3, 2.9], "rotation": [-45, 0, 0], "uv": [84, 59]},
						{"origin": [7.125, 16.6, -4.7], "size": [1, 3, 2], "pivot": [7.625, 16.6, -4.7], "rotation": [-5, 0, 0], "uv": [18, 82]},
						{"origin": [6.525, 15.2, -5.6], "size": [2.2, 1, 1.125], "inflate": -0.102, "pivot": [7.625, 15.3, -5.5], "rotation": [45, 0, 0], "uv": [84, 55]},
						{"origin": [6.425, 15.75, -6.5], "size": [2.4, 1.1, 4], "inflate": -0.2, "uv": [52, 74]},
						{"origin": [5.925, 18.5, -9.9], "size": [3.4, 1, 3.4], "inflate": -0.2, "uv": [0, 78]},
						{"origin": [6.425, 15.875, -3], "size": [2.4, 1, 1.4], "inflate": -0.202, "pivot": [7.625, 15.975, -3], "rotation": [45, 0, 0], "uv": [42, 84]},
						{"origin": [6.425, 19.15, -2.9], "size": [2.4, 1, 1.3], "inflate": -0.202, "pivot": [7.625, 20.05, -3], "rotation": [-45, 0, 0], "uv": [84, 51]},
						{"origin": [6.125, 19.3, -16.7], "size": [3, 1, 14], "uv": [32, 36]},
						{"origin": [5.925, 19.1, -2.1], "size": [3.4, 1.3, 1.4], "inflate": -0.198, "pivot": [7.625, 19.3, -2.7], "rotation": [26.5, 0, 0], "uv": [48, 83]},
						{"origin": [5.925, 19.1, -2.9], "size": [3.4, 1.3, 3], "inflate": -0.202, "pivot": [7.625, 19.3, -2.7], "rotation": [26.5, 0, 0], "uv": [12, 78]},
						{"origin": [6.125, 17.3, -18.7], "size": [3, 2, 9], "uv": [28, 64]},
						{"origin": [8.125, 17.3, -18.7], "size": [1, 1, 9], "inflate": -0.002, "pivot": [9.125, 17.3, -14.2], "rotation": [0, 0, -32.5], "uv": [66, 36]},
						{"origin": [8.125, 17.3, -19.2], "size": [1, 1, 1], "inflate": -0.003, "pivot": [9.125, 17.3, -14.7], "rotation": [0, 0, -32.5], "uv": [52, 85]},
						{"origin": [1.92006, 31.72649, -18.7], "size": [1, 1, 9], "inflate": -0.002, "pivot": [-20.725, 17.3, -14.2], "rotation": [0, 0, 32.5], "uv": [70, 18]},
						{"origin": [1.92006, 31.72649, -19.2], "size": [1, 1, 1], "inflate": -0.003, "pivot": [-20.725, 17.3, -14.7], "rotation": [0, 0, 32.5], "uv": [86, 39]},
						{"origin": [6.125, 17.3, -19.2], "size": [3, 2, 1], "inflate": -0.002, "uv": [82, 32]},
						{"origin": [6.025, 19.3, -19.3], "size": [3.2, 3, 3], "uv": [70, 28]},
						{"origin": [6.025, 22.3, -18.6], "size": [3.2, 1, 2.3], "uv": [8, 82]},
						{"origin": [5.825, 22.1, -19.5], "size": [1, 1.4, 1.1], "inflate": -0.2, "uv": [12, 85]},
						{"origin": [8.425, 22.1, -19.5], "size": [1, 1.4, 1.1], "inflate": -0.2, "uv": [48, 85]},
						{"origin": [7.09, 18.3, -19.3], "size": [1.07, 1, 1], "uv": [84, 84]},
						{"origin": [5.825, 22.6, -19.29289], "size": [1, 1.4, 1.2], "inflate": -0.202, "pivot": [6.325, 23.3, -18.59289], "rotation": [-45, 0, 0], "uv": [78, 34]},
						{"origin": [8.425, 22.6, -19.29289], "size": [1, 1.4, 1.2], "inflate": -0.202, "pivot": [8.925, 23.3, -18.59289], "rotation": [-45, 0, 0], "uv": [8, 85]},
						{"origin": [6.025, 23, -18.6], "size": [3.2, 3, 11.2], "inflate": 0.002, "uv": [0, 64]},
						{"origin": [6.025, 23, -7.396], "size": [3.2, 2, 3.1], "inflate": 0.002, "uv": [28, 75]},
						{"origin": [9.125, 23, -6.696], "size": [1, 2, 2], "inflate": -0.1, "uv": [56, 83]},
						{"origin": [9.125, 23, -7.696], "size": [1, 2, 1.2], "inflate": -0.102, "pivot": [10.025, 23.9, -6.596], "rotation": [0, 60, 0], "uv": [80, 84]},
						{"origin": [6.025, 23.99914, -7.70905], "size": [3.2, 1, 3.4], "pivot": [7.625, 24.9, -4.296], "rotation": [-7.5, 0, 0], "uv": [36, 80]},
						{
							"origin": [6.625, 15.3, -13.7],
							"size": [2, 2, 7],
							"uv": {
								"north": {"uv": [79, 7], "uv_size": [2, 2]},
								"east": {"uv": [72, 7], "uv_size": [7, 2]},
								"south": {"uv": [88, 7], "uv_size": [2, 2]},
								"west": {"uv": [81, 7], "uv_size": [7, 2]},
								"up": {"uv": [79, 0], "uv_size": [2, 7]},
								"down": {"uv": [81, 7], "uv_size": [3, -7]}
							}
						},
						{"origin": [6.125, 14.8, -20.425], "size": [3, 3, 7.025], "inflate": -0.3, "pivot": [7.625, 16.3, -17.2], "rotation": [0, 0, 45], "uv": [64, 51]},
						{"origin": [6.2, 16.8, -10.2], "size": [2.85, 2.4, 3.5], "inflate": -0.5, "uv": [80, 46]},
						{"origin": [6.425, 16.8, -8.32929], "size": [2.3, 2.4, 2.3], "inflate": -0.5, "pivot": [7.625, 18, -7.12929], "rotation": [0, -45, 0], "uv": [82, 28]},
						{"origin": [6.625, 15.3, -6.7], "size": [2, 1, 1.2], "inflate": 0.002, "uv": [84, 57]},
						{"origin": [6.125, 20.3, -11.7], "size": [3, 1, 17], "uv": [32, 0]},
						{"origin": [6.925, 19.6, -19.7], "size": [1.4, 1.4, 8], "pivot": [7.625, 20.3, -11.2], "rotation": [0, 0, 45], "uv": [72, 9]},
						{"origin": [5.925, 19.21421, -7.77574], "size": [3.4, 1, 1.25], "inflate": -0.202, "pivot": [7.625, 20.11421, -6.27574], "rotation": [45, 0, 0], "uv": [70, 82]},
						{"origin": [6.425, 15.67846, -7.76841], "size": [2.4, 1.125, 1.675], "inflate": -0.202, "pivot": [7.625, 15.90346, -6.29341], "rotation": [-45, 0, 0], "uv": [84, 53]},
						{"origin": [6.425, 15.75, -2.9], "size": [2.4, 1, 2], "inflate": -0.202, "pivot": [7.625, 15.95, -2.7], "rotation": [17.5, 0, 0], "uv": [64, 61]},
						{"origin": [6.025, 9.15986, 1.6482], "size": [3.2, 1.25, 4.05], "inflate": -0.102, "pivot": [7.625, 9.25986, 1.7482], "rotation": [7.5, 0, 0], "uv": [66, 46]},
						{"origin": [6.125, 10.3, 3.95], "size": [3, 7, 1], "pivot": [7.625, 13.8, 0.95], "rotation": [22.5, 0, 0], "uv": [64, 74]},
						{"origin": [6.625, 17.3, 3.95], "size": [2, 1, 1], "inflate": -0.002, "pivot": [7.625, 13.8, 0.95], "rotation": [22.5, 0, 0], "uv": [70, 84]},
						{"origin": [6.125, 10.67216, 4.98491], "size": [3, 1.425, 1], "inflate": -0.002, "pivot": [7.625, 12.09716, 5.98491], "rotation": [-22.5, 0, 0], "uv": [78, 82]},
						{"origin": [6.125, 11.75378, 4.55865], "size": [3, 5, 1], "inflate": -0.002, "pivot": [7.625, 14.25378, 4.65865], "rotation": [22.5, 0, 0], "uv": [0, 82]},
						{"origin": [6.125, 16.90789, 3.53343], "size": [3, 1, 1], "inflate": -0.002, "pivot": [7.625, 16.90789, 4.53343], "rotation": [62.5, 0, 0], "uv": [70, 34]}
					]
				},
				{
					"name": "slide",
					"parent": "gun",
					"pivot": [7.625, 20.7, -12.8],
					"cubes": [
						{
							"origin": [5.925, 19.2, -16.4],
							"size": [3.4, 3, 7.2],
							"inflate": -0.1,
							"uv": {
								"north": {"uv": [89, 88], "uv_size": [6, 6]},
								"east": {"uv": [75, 88], "uv_size": [14, 6]},
								"south": {"uv": [109, 88], "uv_size": [6, 6]},
								"west": {"uv": [95, 88], "uv_size": [14, 6]},
								"up": {"uv": [89, 74], "uv_size": [6, 14]},
								"down": {"uv": [95, 88], "uv_size": [6, -14]}
							}
						}
					]
				},
				{
					"name": "glow",
					"parent": "gun",
					"pivot": [8.725, 24, -5.646],
					"cubes": [
						{
							"origin": [9.125, 23, -4.893],
							"size": [1, 2, 0.2],
							"inflate": -0.1,
							"uv": {
								"north": {"uv": [127, 0], "uv_size": [1, 2]},
								"east": {"uv": [127, 0], "uv_size": [1, 2]},
								"south": {"uv": [34, 88], "uv_size": [5, 11]},
								"west": {"uv": [127, 0], "uv_size": [1, 2]},
								"up": {"uv": [126, 0], "uv_size": [1, 1]},
								"down": {"uv": [127, 1], "uv_size": [1, -1]}
							}
						}
					]
				},
				{
					"name": "skippy1",
					"parent": "gun",
					"pivot": [7.625, 24.3, -17.05],
					"cubes": [
						{
							"origin": [6.125, 22.8, -17.05],
							"size": [3, 3, 0],
							"uv": {
								"north": {"uv": [27, 84], "uv_size": [3, 3]},
								"east": {"uv": [24, 84], "uv_size": [0, 3]},
								"south": {"uv": [0, 112], "uv_size": [16, 16]},
								"west": {"uv": [27, 84], "uv_size": [0, 3]},
								"up": {"uv": [24, 84], "uv_size": [3, 0]},
								"down": {"uv": [27, 84], "uv_size": [3, 0]}
							}
						}
					]
				},
				{
					"name": "skippy2",
					"parent": "gun",
					"pivot": [7.625, 24.3, -17.05],
					"cubes": [
						{
							"origin": [6.125, 22.8, -17.05],
							"size": [3, 3, 0],
							"uv": {
								"north": {"uv": [33, 84], "uv_size": [3, 3]},
								"east": {"uv": [30, 84], "uv_size": [0, 3]},
								"south": {"uv": [16, 112], "uv_size": [16, 16]},
								"west": {"uv": [33, 84], "uv_size": [0, 3]},
								"up": {"uv": [30, 84], "uv_size": [3, 0]},
								"down": {"uv": [33, 84], "uv_size": [3, 0]}
							}
						}
					]
				},
				{
					"name": "flash",
					"parent": "gun",
					"pivot": [7.625, 24.3, -17.05],
					"cubes": [
						{
							"origin": [6.125, 22.8, -17.05],
							"size": [3, 3, 0],
							"uv": {
								"north": {"uv": [39, 84], "uv_size": [3, 3]},
								"east": {"uv": [36, 84], "uv_size": [0, 3]},
								"south": {"uv": [47, 89], "uv_size": [16, 16]},
								"west": {"uv": [39, 84], "uv_size": [0, 3]},
								"up": {"uv": [36, 84], "uv_size": [3, 0]},
								"down": {"uv": [39, 84], "uv_size": [3, 0]}
							}
						}
					]
				},
				{
					"name": "muzzleflash",
					"parent": "gun",
					"pivot": [7.625, 20.3, -19.8],
					"cubes": [
						{"origin": [7.125, 19.8, -20.3], "size": [1, 1, 1], "inflate": -0.4, "uv": [24, 78]}
					]
				},
				{
					"name": "scope",
					"pivot": [-0.03544, 26.72788, 19.2],
					"cubes": [
						{"origin": [-0.53544, 26.22788, 18.7], "size": [1, 1, 1], "inflate": -0.4, "pivot": [-0.03544, 26.72788, 19.2], "rotation": [0, 0, -50], "uv": [24, 78]}
					]
				},
				{
					"name": "reticle",
					"pivot": [-0.03544, 26.72788, 13.2],
					"rotation": [0, 0, -50],
					"cubes": [
						{"origin": [-0.53544, 26.22788, 12.7], "size": [1, 1, 1], "pivot": [-0.03544, 26.72788, 13.2], "rotation": [0, 0, -50], "uv": [24, 78]}
					]
				},
				{
					"name": "_camera_",
					"pivot": [20.95, 34.8, 33]
				}
			]
		}
	]
}