{
	"format_version": "1.12.0",
	"minecraft:geometry": [
		{
			"description": {
				"identifier": "geometry.unknown",
				"texture_width": 128,
				"texture_height": 128,
				"visible_bounds_width": 8,
				"visible_bounds_height": 4,
				"visible_bounds_offset": [0, 1, 0]
			},
			"bones": [
				{
					"name": "main",
					"pivot": [0, 12.75, 0]
				},
				{
					"name": "armR_gun",
					"parent": "main",
					"pivot": [0, 15.5, -4.5]
				},
				{
					"name": "rightarm",
					"parent": "armR_gun",
					"pivot": [-3.3, 6.8, 20.8],
					"rotation": [-103.71037, -9.9525, -2.98919],
					"cubes": [
						{"origin": [-7.3, -17.2, 16.8], "size": [8, 24, 8], "uv": [24, 24]}
					]
				},
				{
					"name": "gun",
					"parent": "armR_gun",
					"pivot": [0, 15.5, 1.5],
					"cubes": [
						{"origin": [-0.75, 20.7, -7.65], "size": [1.5, 1.2, 2], "inflate": -0.003, "pivot": [0.75, 21.9, -9.05], "rotation": [0, 0, -38.25], "uv": [32, 8]},
						{"origin": [-0.75, 20.7, -7.65], "size": [1.5, 1.2, 2], "inflate": -0.003, "pivot": [-0.75, 21.9, -9.05], "rotation": [0, 0, 38.25], "uv": [32, 11]},
						{"origin": [-0.75, 19.2, -15.45], "size": [1.5, 1.2, 1], "inflate": -0.003, "pivot": [0.75, 20.4, -16.85], "rotation": [0, 0, -38.25], "uv": [19, 38]},
						{"origin": [-0.75, 19.2, -15.45], "size": [1.5, 1.2, 1], "inflate": -0.003, "pivot": [-0.75, 20.4, -16.85], "rotation": [0, 0, 38.25], "uv": [10, 43]},
						{"origin": [-0.55, 21.375, -18], "size": [1.1, 1.1, 3.95], "inflate": -0.4, "uv": [0, 36]},
						{"origin": [-0.55, 21.375, -19.7], "size": [1.1, 1.1, 2.5], "inflate": -0.4, "pivot": [0, 22.075, -17.6], "rotation": [17, 0, 0], "uv": [40, 9]},
						{"origin": [0.05, 21.2, -15.85], "size": [1.1, 1.1, 1.8], "inflate": -0.4, "uv": [0, 46]},
						{"origin": [0.05, 21.2, -19.325], "size": [1.6, 1.1, 1.3], "inflate": -0.4, "pivot": [0.6, 21.9, -18.425], "rotation": [17, 0, 0], "uv": [48, 27]},
						{"origin": [-1.15, 21.2, -15.85], "size": [1.1, 1.1, 1.8], "inflate": -0.4, "uv": [10, 45]},
						{"origin": [0.05, 21.2, -18.825], "size": [1.6, 1.1, 3.775], "inflate": -0.4, "uv": [0, 4]},
						{"origin": [-1.65, 21.2, -18.825], "size": [1.6, 1.1, 3.775], "inflate": -0.4, "uv": [0, 32]},
						{"origin": [-1.65, 21.2, -19.325], "size": [1.6, 1.1, 1.3], "inflate": -0.4, "pivot": [-0.6, 21.9, -18.425], "rotation": [17, 0, 0], "uv": [19, 45]},
						{"origin": [-0.3, 15.5, -15.45], "size": [1.3, 1.075, 9.8], "inflate": -0.003, "pivot": [1, 15.5, -10.65], "rotation": [0, 0, 28], "uv": [48, 17]},
						{"origin": [-1, 15.5, -15.45], "size": [1.3, 1.075, 9.8], "inflate": -0.003, "pivot": [-1, 15.5, -10.65], "rotation": [0, 0, -28], "uv": [47, 47]},
						{"origin": [-1.5, 16.45, -7.65], "size": [3, 4.5, 2], "uv": [67, 36]},
						{"origin": [-1.5, 16.45, -15.45], "size": [3, 3, 1], "uv": [49, 17]},
						{"origin": [-1, 18.4, -5.65], "size": [2, 2, 15], "uv": [32, 0]},
						{"origin": [-1.2, 18.4, -4.95], "size": [2.4, 1, 2], "uv": [13, 38]},
						{"origin": [-1, 17.9, 8.35], "size": [2, 1, 1], "inflate": -0.003, "uv": [41, 3]},
						{"origin": [-1, 16.4, -5.65], "size": [2, 2, 8], "uv": [51, 0]},
						{"origin": [-1, 15.4, -5.65], "size": [2, 1, 5], "uv": [10, 43]},
						{"origin": [-0.75, 15.9, -21.45], "size": [1.5, 3.1, 6], "uv": [0, 60]},
						{"origin": [-0.75, 18.975, -18.85], "size": [1.5, 2.8, 4.4], "inflate": -0.003, "uv": [67, 18]},
						{"origin": [0.05, 21.2, -8.05], "size": [1.1, 1.1, 2.8], "inflate": -0.4, "uv": [32, 17]},
						{"origin": [-0.75, 20.375, -7.65], "size": [1.5, 1.4, 2], "inflate": -0.005, "uv": [32, 20]},
						{"origin": [-1.15, 21.2, -8.05], "size": [1.1, 1.1, 2.8], "inflate": -0.4, "uv": [40, 6]},
						{"origin": [-1.25, 20.375, -18.85], "size": [2.5, 1.375, 3.4], "inflate": -0.005, "uv": [7, 70]},
						{"origin": [-0.6675, 18.97889, -20.91471], "size": [1.335, 3.575, 1], "inflate": -0.003, "pivot": [0.0175, 20.76639, -20.41471], "rotation": [-72.75, 0, 0], "uv": [15, 32]},
						{
							"origin": [0.65, 17.2, -18.45],
							"size": [0.6, 4.275, 1.35],
							"inflate": -0.003,
							"pivot": [0.5, 21.9, -18.45],
							"rotation": [-72.75, 0, 0],
							"uv": {
								"north": {"uv": [41, 18], "uv_size": [1, 4]},
								"east": {"uv": [40, 18], "uv_size": [1, 4]},
								"south": {"uv": [43, 18], "uv_size": [1, 4]},
								"west": {"uv": [42, 18], "uv_size": [1, 4]},
								"up": {"uv": [41, 17], "uv_size": [1, 1]},
								"down": {"uv": [42, 18], "uv_size": [1, -1]}
							}
						},
						{
							"origin": [-1.25, 17.2, -18.45],
							"size": [0.6, 4.275, 1.35],
							"inflate": -0.003,
							"pivot": [-0.5, 21.9, -18.45],
							"rotation": [-72.75, 0, 0],
							"uv": {
								"north": {"uv": [35, 1], "uv_size": [1, 4]},
								"east": {"uv": [34, 1], "uv_size": [1, 4]},
								"south": {"uv": [37, 1], "uv_size": [1, 4]},
								"west": {"uv": [36, 1], "uv_size": [1, 4]},
								"up": {"uv": [35, 0], "uv_size": [1, 1]},
								"down": {"uv": [36, 1], "uv_size": [1, -1]}
							}
						},
						{
							"origin": [-1.25, 18.975, -22.95],
							"size": [0.6, 1.525, 5],
							"uv": {
								"north": {"uv": [71, 66], "uv_size": [1, 1]},
								"east": {"uv": [66, 66], "uv_size": [5, 1]},
								"south": {"uv": [77, 66], "uv_size": [1, 1]},
								"west": {"uv": [72, 66], "uv_size": [5, 1]},
								"up": {"uv": [71, 61], "uv_size": [1, 5]},
								"down": {"uv": [72, 66], "uv_size": [1, -5]}
							}
						},
						{
							"origin": [0.65, 18.975, -22.95],
							"size": [0.6, 1.525, 5],
							"uv": {
								"north": {"uv": [59, 71], "uv_size": [1, 1]},
								"east": {"uv": [54, 71], "uv_size": [5, 1]},
								"south": {"uv": [65, 71], "uv_size": [1, 1]},
								"west": {"uv": [60, 71], "uv_size": [5, 1]},
								"up": {"uv": [59, 66], "uv_size": [1, 5]},
								"down": {"uv": [60, 71], "uv_size": [1, -5]}
							}
						},
						{
							"origin": [0.65, 17.975, -22.95],
							"size": [0.6, 1, 2],
							"inflate": -0.003,
							"pivot": [1.25, 18.975, -21.95],
							"rotation": [0, 0, 30],
							"uv": {
								"north": {"uv": [43, 2], "uv_size": [1, 1]},
								"east": {"uv": [41, 2], "uv_size": [2, 1]},
								"south": {"uv": [46, 2], "uv_size": [1, 1]},
								"west": {"uv": [44, 2], "uv_size": [2, 1]},
								"up": {"uv": [43, 0], "uv_size": [1, 2]},
								"down": {"uv": [44, 2], "uv_size": [1, -2]}
							}
						},
						{
							"origin": [-1.25, 17.975, -22.95],
							"size": [0.6, 1, 2],
							"inflate": -0.003,
							"pivot": [-1.25, 18.975, -21.95],
							"rotation": [0, 0, -30],
							"uv": {
								"north": {"uv": [2, 45], "uv_size": [1, 1]},
								"east": {"uv": [0, 45], "uv_size": [2, 1]},
								"south": {"uv": [5, 45], "uv_size": [1, 1]},
								"west": {"uv": [3, 45], "uv_size": [2, 1]},
								"up": {"uv": [2, 43], "uv_size": [1, 2]},
								"down": {"uv": [3, 45], "uv_size": [1, -2]}
							}
						},
						{"origin": [-0.5, 19.36464, -22.275], "size": [1, 1, 1], "pivot": [0, 19.86464, -21.775], "rotation": [0, 0, -45], "uv": [48, 29]},
						{"origin": [-0.5, 19.86464, -6.625], "size": [1, 1, 1], "pivot": [0, 20.36464, -22.125], "rotation": [0, 0, -45], "uv": [48, 29]},
						{"origin": [-0.8, 18.61, -22.27008], "size": [1.6, 2.1, 1], "uv": [5, 32]},
						{"origin": [-0.5, 15.4, -23.25], "size": [1, 1, 8], "inflate": 0.2, "pivot": [0, 15.9, -18.15], "rotation": [0, 0, -45], "uv": [56, 27]},
						{"origin": [-1, 14.4, -15.15], "size": [2, 2, 9], "uv": [0, 32]},
						{"origin": [-1, 10.9, -4.9], "size": [2, 1, 3], "inflate": 0.1, "uv": [0, 69]},
						{"origin": [-1, 10.94129, -9.99383], "size": [2, 1, 5], "inflate": 0.097, "pivot": [0, 10.94129, -4.99383], "rotation": [-47.5, 0, 0], "uv": [40, 17]},
						{"origin": [0.5, 14.44455, -14.47834], "size": [1, 1, 4], "inflate": -0.15, "pivot": [1, 14.94455, -13.97834], "rotation": [0, 0, -45], "uv": [42, 65]},
						{"origin": [-1.5, 14.44455, -14.47834], "size": [1, 1, 4], "inflate": -0.15, "pivot": [-1, 14.94455, -13.97834], "rotation": [0, 0, 45], "uv": [30, 65]},
						{"origin": [-1.1, 14.44455, -10.62834], "size": [2.2, 1, 3], "uv": [66, 31]},
						{"origin": [-1, 10.9366, -1.7634], "size": [2, 1, 3], "inflate": 0.097, "pivot": [0, 10.9366, -1.7634], "rotation": [30, 0, 0], "uv": [68, 12]},
						{"origin": [-0.5, 12.4366, -3.0134], "size": [1, 1, 3], "pivot": [0, 12.4366, -3.0134], "rotation": [77.5, 0, 0], "uv": [0, 0]},
						{"origin": [-1, 14.4, -6.15], "size": [2, 1, 3.1], "inflate": -0.003, "pivot": [0, 14.4, -6.15], "rotation": [40, 0, 0], "uv": [71, 0]},
						{"origin": [-1, 14.4, -18.05], "size": [2, 1, 2.9], "inflate": -0.003, "pivot": [0, 14.4, -15.15], "rotation": [-22.5, 0, 0], "uv": [48, 23]},
						{"origin": [-1, 15.50978, -22.22925], "size": [2, 1, 4.4], "pivot": [0, 15.50978, -17.82925], "rotation": [-52.5, 0, 0], "uv": [48, 27]},
						{"origin": [-1.25, 6.82259, 0.2412], "size": [2.5, 11, 6], "inflate": 0.05, "pivot": [0, 12.52259, 3.2412], "rotation": [32.5, 0, 0], "uv": [0, 43]},
						{"origin": [-1.25, 11.61411, -0.95319], "size": [2.5, 2, 2], "inflate": 0.048, "pivot": [0, 12.61411, 0.04681], "rotation": [-15, 0, 0], "uv": [51, 0]},
						{"origin": [-1.25, 17.72259, 1.6412], "size": [2.5, 2, 7.65], "inflate": 0.045, "uv": [56, 36]},
						{"origin": [-1.25, 16.72259, 1.6412], "size": [2.5, 3, 3.5], "inflate": 0.048, "pivot": [0, 19.77259, 1.5912], "rotation": [-15, 0, 0], "uv": [67, 45]},
						{"origin": [-0.75, 18.125, -22.95], "size": [1.5, 1, 1.5], "inflate": 0.003, "uv": [19, 43]}
					]
				},
				{
					"name": "slide3",
					"parent": "gun",
					"pivot": [-0.75841, 21.76959, -0.65],
					"cubes": [
						{"origin": [-0.95, 20.375, -5.65], "size": [1.9, 1.4, 5], "inflate": -0.003, "uv": [35, 65]},
						{"origin": [0.45, 20.575, -2.65], "size": [1, 1, 2], "pivot": [0.95, 21.075, -1.15], "rotation": [0, 0, 45], "uv": [24, 3]},
						{"origin": [-1.45, 20.575, -2.65], "size": [1, 1, 2], "pivot": [-0.95, 21.075, -1.15], "rotation": [0, 0, -45], "uv": [24, 0]},
						{"origin": [-1.15, 21.2, -6.05], "size": [1.1, 1.1, 5.8], "inflate": -0.4, "uv": [47, 65]},
						{"origin": [0.05, 21.2, -6.05], "size": [1.1, 1.1, 5.8], "inflate": -0.4, "uv": [66, 25]},
						{"origin": [0.34841, 21.29459, -6.05], "size": [1.035, 1, 5.8], "inflate": -0.4, "pivot": [0.75841, 21.89459, -3.15], "rotation": [0, 0, 32.75], "uv": [23, 65]},
						{"origin": [-1.38341, 21.29459, -6.05], "size": [1.035, 1, 5.8], "inflate": -0.4, "pivot": [-0.75841, 21.89459, -3.15], "rotation": [0, 0, -32.75], "uv": [40, 56]}
					]
				},
				{
					"name": "slide1",
					"parent": "gun",
					"pivot": [0, 20.11509, 9.11015],
					"cubes": [
						{"origin": [-0.95, 19.61509, 3.86015], "size": [1.9, 1, 5.75], "pivot": [0, 20.11509, 9.11015], "rotation": [-2.5, 0, 0], "uv": [34, 0]},
						{"origin": [-0.5, 20.02583, 3.51111], "size": [1, 1, 1], "inflate": -0.2, "pivot": [0, 20.17228, 4.36467], "rotation": [27.5, 0, 0], "uv": [5, 36]},
						{"origin": [-1, 20.02583, 3.51111], "size": [2, 1, 1], "inflate": -0.3, "pivot": [0, 20.17228, 4.36467], "rotation": [27.5, 0, 0], "uv": [40, 12]}
					]
				},
				{
					"name": "slide2",
					"parent": "slide1",
					"pivot": [0, 20.3428, 3.88148],
					"cubes": [
						{"origin": [-0.95, 19.7928, -0.76852], "size": [1.9, 1, 4.75], "inflate": -0.003, "pivot": [0, 20.7928, 4.23148], "rotation": [-11.25, 0, 0], "uv": [68, 7]},
						{"origin": [-0.95, 19.84335, -0.86637], "size": [1.9, 1, 4.75], "inflate": -0.005, "uv": [66, 67]},
						{"origin": [-0.95, 19.34065, -1.54226], "size": [1.9, 1.75, 1.3], "inflate": -0.007, "pivot": [0, 20.34065, -2.14226], "rotation": [22.5, 0, 0], "uv": [19, 34]}
					]
				},
				{
					"name": "chamber",
					"parent": "gun",
					"pivot": [0, 19.3, -11.05],
					"cubes": [
						{"origin": [-1.5, 17.65, -14.45], "size": [3, 3.3, 6.8], "uv": [28, 56]},
						{"origin": [-0.75, 16.7, -14.45], "size": [1.5, 1.2, 6.8], "inflate": -0.003, "pivot": [-0.75, 16.7, -11.05], "rotation": [0, 0, -38.25], "uv": [64, 53]},
						{"origin": [-0.55, 20.75, -14.45], "size": [1.1, 1, 6.8], "inflate": -0.003, "uv": [32, 17]},
						{"origin": [-0.75, 20.7, -14.45], "size": [1.5, 1.2, 6.8], "inflate": -0.003, "pivot": [-0.75, 21.9, -11.05], "rotation": [0, 0, 38.25], "uv": [59, 18]},
						{"origin": [-0.75, 20.7, -14.45], "size": [1.5, 1.2, 6.8], "inflate": -0.003, "pivot": [0.75, 21.9, -11.05], "rotation": [0, 0, -38.25], "uv": [63, 0]},
						{"origin": [-1.15, 21.3, -14.85], "size": [1.1, 1, 7.6], "inflate": -0.4, "uv": [46, 57]},
						{"origin": [0.05, 21.3, -14.85], "size": [1.1, 1, 7.6], "inflate": -0.4, "uv": [58, 45]},
						{"origin": [-0.55, 16.85, -14.45], "size": [1.1, 1, 6.8], "inflate": -0.003, "pivot": [0, 17.35, -11.05], "rotation": [0, 0, -180], "uv": [32, 17]},
						{"origin": [0.05, 16.3, -14.85], "size": [1.1, 1, 7.6], "inflate": -0.4, "pivot": [0.6, 16.8, -11.05], "rotation": [0, 0, -180], "uv": [58, 45]},
						{"origin": [-1.15, 16.3, -14.85], "size": [1.1, 1, 7.6], "inflate": -0.4, "pivot": [-0.6, 16.8, -11.05], "rotation": [0, 0, -180], "uv": [46, 57]},
						{"origin": [-0.75, 16.7, -14.45], "size": [1.5, 1.2, 6.8], "inflate": -0.003, "pivot": [0.75, 16.7, -11.05], "rotation": [0, 0, 38.25], "uv": [8, 63]}
					]
				},
				{
					"name": "magazine2",
					"parent": "gun",
					"pivot": [0, 12.44965, 3.08017],
					"rotation": [32.5, 0, 0],
					"cubes": [
						{"origin": [-0.9, 6.71855, 0.72143], "size": [1.8, 12, 5], "inflate": 0.05, "pivot": [0, 12.19178, 3.09746], "rotation": [0, 0, 0], "uv": [16, 51]},
						{"origin": [-0.9, 16.4783, -2.42803], "size": [1.8, 2.65, 4.2], "inflate": 0.047, "pivot": [0, 12.19178, 3.09746], "rotation": [-32.5, 0, 0], "uv": [13, 32]},
						{"origin": [-1.25, 4.62465, -0.24483], "size": [2.5, 2, 6.5], "inflate": 0.05, "pivot": [0, 12.19787, 3.1312], "rotation": [0, 0, 0], "uv": [24, 0]}
					]
				},
				{
					"name": "bullet2",
					"parent": "magazine2",
					"pivot": [0, 18.72368, 5.66411],
					"rotation": [-32.5, 0, 0],
					"cubes": [
						{"origin": [-0.5, 18.24868, 1.56411], "size": [1, 1, 4], "pivot": [0, 18.74868, 3.56411], "rotation": [0, 0, -45], "uv": [51, 10]}
					]
				},
				{
					"name": "glow",
					"parent": "gun",
					"pivot": [-0.8, 25.2, -21.7],
					"cubes": [
						{"origin": [-0.5, 21.5, -14.998], "size": [1, 1, 1], "inflate": -0.45, "uv": [19, 32]}
					]
				},
				{
					"name": "_cb_suppressor",
					"parent": "gun",
					"pivot": [0.0354, 19.8646, -21.8],
					"cubes": [
						{"origin": [-0.5, 19.3646, -22.275], "size": [1, 1, 1], "uv": [16, 49]}
					]
				},
				{
					"name": "muzzleflash",
					"parent": "gun",
					"pivot": [0, 19.8646, -22.275],
					"cubes": [
						{"origin": [-0.5, 19.3646, -22.775], "size": [1, 1, 1], "inflate": -0.4, "uv": [51, 4]}
					]
				},
				{
					"name": "scope",
					"parent": "gun",
					"pivot": [0, 22.075, 23.975],
					"cubes": [
						{"origin": [-0.5, 21.575, 23.475], "size": [1, 1, 1], "inflate": -0.4, "uv": [20, 49]}
					]
				},
				{
					"name": "armL_mag",
					"parent": "main",
					"pivot": [0, 12.44965, 3.08017],
					"rotation": [32.5, 0, 0]
				},
				{
					"name": "magazine",
					"parent": "armL_mag",
					"pivot": [0, 12.44965, 3.08017],
					"cubes": [
						{"origin": [-0.9, 6.71855, 0.72143], "size": [1.8, 12, 5], "inflate": 0.05, "pivot": [0, 12.19178, 3.09746], "rotation": [0, 0, 0], "uv": [16, 51]},
						{"origin": [-0.9, 16.4783, -2.42803], "size": [1.8, 2.65, 4.2], "inflate": 0.047, "pivot": [0, 12.19178, 3.09746], "rotation": [-32.5, 0, 0], "uv": [13, 32]},
						{"origin": [-1.25, 4.62465, -0.24483], "size": [2.5, 2, 6.5], "inflate": 0.05, "pivot": [0, 12.19787, 3.1312], "rotation": [0, 0, 0], "uv": [24, 0]}
					]
				},
				{
					"name": "bullet",
					"parent": "magazine",
					"pivot": [0, 18.72368, 5.66411],
					"rotation": [-32.5, 0, 0],
					"cubes": [
						{"origin": [-0.5, 18.24868, 1.56411], "size": [1, 1, 4], "pivot": [0, 18.74868, 3.56411], "rotation": [0, 0, -45], "uv": [51, 10]}
					]
				},
				{
					"name": "leftarm",
					"parent": "armL_mag",
					"pivot": [28, -25.55141, 32.136],
					"rotation": [-122.5, 0, 0],
					"cubes": [
						{"origin": [24, -49.55141, 28.136], "size": [8, 24, 8], "uv": [0, 0]}
					]
				},
				{
					"name": "_camera_",
					"pivot": [11.9, 31.1, 42]
				}
			]
		}
	]
}