{
	"format_version": "1.12.0",
	"minecraft:geometry": [
		{
			"description": {
				"identifier": "geometry.unknown",
				"texture_width": 256,
				"texture_height": 256,
				"visible_bounds_width": 8,
				"visible_bounds_height": 6,
				"visible_bounds_offset": [0, 2, 0]
			},
			"bones": [
				{
					"name": "main",
					"pivot": [0, 19, -1]
				},
				{
					"name": "armL_mag",
					"parent": "main",
					"pivot": [0, 16, -17]
				},
				{
					"name": "leftarm",
					"parent": "armL_mag",
					"pivot": [13.7, 8.3, -25.1],
					"rotation": [-123.33841, 14.25496, -28.36063],
					"cubes": [
						{"origin": [9.7, -15.7, -29.1], "size": [8, 24, 8], "uv": [122, 189]}
					]
				},
				{
					"name": "magazine",
					"parent": "armL_mag",
					"pivot": [-0.0058, 16.85522, -17.775],
					"cubes": [
						{"origin": [5, 10.85, -22.65], "size": [2, 2, 10], "inflate": -0.002, "uv": [66, 211]},
						{"origin": [-5, 20.85, -23.65], "size": [8, 2, 12], "uv": [160, 104]},
						{"origin": [1, 21.85, -19.65], "size": [2, 2, 4], "uv": [132, 230]},
						{"origin": [-3, 21.85, -17.65], "size": [2.1, 1, 3], "inflate": -0.002, "pivot": [-3, 22.85, -17.9], "rotation": [0, 0, -45], "uv": [10, 233]},
						{"origin": [-3, 21.85, -20.65], "size": [2.1, 1, 2], "inflate": -0.002, "pivot": [-3, 22.85, -17.9], "rotation": [0, 0, -45], "uv": [236, 27]},
						{"origin": [-1.51508, 23.33492, -20.65], "size": [2.5, 1, 2], "uv": [118, 236]},
						{"origin": [-1.51508, 23.33492, -17.65], "size": [2.5, 1, 3], "uv": [20, 233]},
						{"origin": [3, 20.85, -23.65], "size": [2.825, 2, 12], "inflate": -0.002, "pivot": [3, 22.85, -17.65], "rotation": [0, 0, 45], "uv": [218, 0]},
						{"origin": [-5, 8.85, -23.65], "size": [10, 12, 12], "uv": [46, 187]},
						{"origin": [3.425, 21.15, -23.75], "size": [2, 8, 12.2], "pivot": [3, 22.85, -17.65], "rotation": [0, 0, 45], "uv": [186, 206]}
					]
				},
				{
					"name": "magbelt",
					"parent": "magazine",
					"pivot": [7, 10.85, -17.65],
					"cubes": [
						{
							"origin": [13.57785, 22.21817, -20.65],
							"size": [7, 0, 5],
							"pivot": [13.57785, 22.24317, -17.65],
							"rotation": [0, 0, -120],
							"uv": {
								"north": {"uv": [4, 12], "uv_size": [7, 0]},
								"east": {"uv": [0, 12], "uv_size": [4, 0]},
								"south": {"uv": [4, 12], "uv_size": [7, 0]},
								"west": {"uv": [0, 12], "uv_size": [4, 0]},
								"up": {"uv": [0, 12], "uv_size": [7, 4]},
								"down": {"uv": [0, 10], "uv_size": [14, -10]}
							}
						},
						{"origin": [7, 10.85, -22.65], "size": [7, 2, 10], "pivot": [7, 10.85, -17.65], "rotation": [0, 0, -40], "uv": [210, 30]},
						{"origin": [12.36231, 15.34951, -22.65], "size": [7, 2, 10], "inflate": -0.002, "pivot": [12.36231, 15.34951, -17.65], "rotation": [0, 0, -80], "uv": [210, 42]},
						{"origin": [13.57785, 22.24317, -22.65], "size": [7, 2, 10], "pivot": [13.57785, 22.24317, -17.65], "rotation": [0, 0, -120], "uv": [210, 54]},
						{"origin": [10.07785, 28.30535, -22.65], "size": [7, 2, 10], "inflate": -0.002, "pivot": [10.07785, 28.30535, -17.65], "rotation": [0, 0, -160], "uv": [32, 211]},
						{"origin": [3.5, 30.69949, -22.65], "size": [2, 2, 10], "pivot": [3.5, 30.69949, -17.65], "rotation": [0, 0, -172.5], "uv": [218, 121]}
					]
				},
				{
					"name": "bullet",
					"parent": "magbelt",
					"pivot": [1.3, 30, -17.65],
					"cubes": [
						{"origin": [0.4, 28.9, -21.95], "size": [2, 2, 8], "inflate": -0.35, "pivot": [1.4, 29.9, -17.55], "rotation": [0, 0, 45], "uv": [128, 157]}
					]
				},
				{
					"name": "armR_gun",
					"parent": "main",
					"pivot": [0, 19, -1]
				},
				{
					"name": "rightarm",
					"parent": "armR_gun",
					"pivot": [-5.99774, 13.77541, 21.61358],
					"rotation": [-95.4359, -4.75756, 5.23116],
					"cubes": [
						{"origin": [-7.99774, -10.22459, 17.61358], "size": [8, 24, 8], "uv": [90, 187]}
					]
				},
				{
					"name": "gun",
					"parent": "armR_gun",
					"pivot": [0, 24, -32.625],
					"cubes": [
						{
							"origin": [1.525, 21.35, 14.35],
							"size": [0, 4, 9],
							"uv": {
								"north": {"uv": [9, 36], "uv_size": [0, 3]},
								"east": {"uv": [0, 36], "uv_size": [9, 3]},
								"south": {"uv": [18, 36], "uv_size": [0, 3]},
								"west": {"uv": [14, 6], "uv_size": [18, 8]},
								"up": {"uv": [9, 27], "uv_size": [0, 9]},
								"down": {"uv": [9, 36], "uv_size": [0, -9]}
							}
						},
						{"origin": [-1, 21.35, -11.65], "size": [2, 1, 14], "uv": [0, 207]},
						{"origin": [-1, 21.35, -10.65], "size": [2, 1, 13], "inflate": -0.002, "pivot": [0, 21.35, -10.65], "rotation": [-55, 0, 0], "uv": [214, 206]},
						{"origin": [-1, 12.8123, 0.68782], "size": [2, 5.2, 4], "inflate": -0.002, "pivot": [0, 12.3123, 2.48782], "rotation": [22.5, 0, 0], "uv": [82, 228]},
						{"origin": [-1, 11.8123, -1.31218], "size": [2, 1, 6], "inflate": -0.002, "pivot": [0, 12.3123, 2.48782], "rotation": [22.5, 0, 0], "uv": [66, 223]},
						{"origin": [-1, 10.39616, -3.20658], "size": [2, 1, 2.375], "inflate": -0.004, "pivot": [0, 10.39616, -0.83158], "rotation": [-7.5, 0, 0], "uv": [192, 118]},
						{"origin": [-1, 23.90409, -7.94307], "size": [2, 2, 1.2], "inflate": -0.002, "pivot": [0, 22.90409, -11.74307], "rotation": [-55, 0, 0], "uv": [176, 230]},
						{"origin": [-1, 20.35, -9.65], "size": [2, 1, 12], "uv": [218, 14]},
						{"origin": [-1, 17.15, -0.65], "size": [2, 3.2, 3], "uv": [50, 231]},
						{"origin": [-1, 18.15, -0.65], "size": [2, 2.2, 1], "inflate": -0.004, "pivot": [0, 20.35, -0.65], "rotation": [-22.5, 0, 0], "uv": [60, 231]},
						{"origin": [-1, 17.55, -3.05], "size": [2, 1, 3], "inflate": -0.002, "uv": [112, 77]},
						{"origin": [-1, 17.55, -3.05], "size": [2, 1, 3], "inflate": -0.004, "pivot": [0, 17.55, -3.05], "rotation": [-22.5, 0, 0], "uv": [122, 77]},
						{"origin": [-1, 20.35, 2.35], "size": [2, 2, 3], "inflate": -0.002, "pivot": [0, 20.35, 2.35], "rotation": [47.5, 0, 0], "uv": [100, 35]},
						{"origin": [-0.5, 18.44239, -2.85901], "size": [1, 2, 2.25], "inflate": -0.004, "pivot": [0, 19.44239, -2.10901], "rotation": [-2.5, 0, 0], "uv": [64, 182]},
						{"origin": [-2, 26, -47.15], "size": [4, 4, 23], "pivot": [0, 28, -38.65], "rotation": [0, 0, 45], "uv": [160, 77]},
						{"origin": [-2, 31, -45.65], "size": [1, 1, 1], "pivot": [0, 30, -38.15], "rotation": [0, 0, 45], "uv": [179, 95]},
						{"origin": [-0.7, 30.12132, -45.65], "size": [1.4, 2, 1], "inflate": -0.002, "uv": [179, 97]},
						{"origin": [1, 26, -22.15], "size": [1, 3, 8.5], "pivot": [0, 28, -26.15], "rotation": [0, 0, 45], "uv": [128, 176]},
						{"origin": [-2, 27, -22.15], "size": [0, 2, 8.5], "pivot": [0, 28, -26.15], "rotation": [0, 0, -45], "uv": [54, 161]},
						{"origin": [-2, 30.82132, -24.15], "size": [4, 1, 12.5], "uv": [214, 66]},
						{"origin": [-2, 26, -13.65], "size": [4, 4, 2], "pivot": [0, 28, -26.15], "rotation": [0, 0, -45], "uv": [108, 230]},
						{"origin": [-1, 27, -14.65], "size": [2, 2, 2], "pivot": [0, 28, -26.15], "rotation": [0, 0, -45], "uv": [60, 236]},
						{"origin": [-2, 26, -24.15], "size": [4, 4, 2], "pivot": [0, 28, -26.15], "rotation": [0, 0, -45], "uv": [120, 230]},
						{"origin": [-2, 27, -22.15], "size": [0, 1, 8.5], "pivot": [0, 28, -26.15], "rotation": [0, 0, 45], "uv": [34, 223]},
						{"origin": [1, 26, -22.15], "size": [1, 2, 8.5], "pivot": [0, 28, -26.15], "rotation": [0, 0, -45], "uv": [220, 196]},
						{"origin": [-1.5, 22.35, -11.65], "size": [3, 8, 36], "uv": [0, 81]},
						{"origin": [0, 28.22868, 14.35], "size": [2, 2, 7], "inflate": -0.002, "pivot": [1.5, 28.72868, 6.35], "rotation": [0, 0, 45], "uv": [214, 220]},
						{"origin": [0.91421, 25.43579, -11.65], "size": [2, 3, 33], "inflate": -0.002, "pivot": [2.91421, 28.43579, 6.35], "rotation": [0, 0, 30], "uv": [78, 121]},
						{"origin": [0.91421, 28.43579, -11.65], "size": [2, 1, 33], "uv": [148, 121]},
						{"origin": [0.91421, 28.43579, -11.55], "size": [3, 2, 4], "pivot": [2.41421, 29.43579, -9.55], "rotation": [0, 0, -10], "uv": [94, 228]},
						{"origin": [0.91421, 26.58579, -11.55], "size": [3, 2, 4], "pivot": [2.41421, 27.58579, -9.55], "rotation": [0, 0, 15], "uv": [214, 229]},
						{"origin": [-2, 28.22868, 14.35], "size": [2, 2, 7], "inflate": -0.002, "pivot": [-1.5, 28.72868, 6.35], "rotation": [0, 0, -45], "uv": [110, 221]},
						{"origin": [-0.91079, 27.43579, 12.35], "size": [3.825, 2, 2], "inflate": -0.002, "pivot": [2.91421, 29.43579, -8.15], "rotation": [0, 0, 55.6], "uv": [142, 77]},
						{"origin": [0.93921, 27.43579, -2.65], "size": [1.975, 2, 15], "inflate": -0.002, "pivot": [2.91421, 29.43579, -10.15], "rotation": [0, 0, 55.6], "uv": [188, 189]},
						{"origin": [-2.91421, 27.43579, -2.65], "size": [1.975, 2, 15], "inflate": -0.002, "pivot": [-2.91421, 29.43579, -10.15], "rotation": [0, 0, -55.6], "uv": [200, 104]},
						{"origin": [-2.91421, 27.43579, 12.35], "size": [3.825, 2, 2], "inflate": -0.002, "pivot": [-2.91421, 29.43579, -8.15], "rotation": [0, 0, -55.6], "uv": [32, 207]},
						{"origin": [-2.91421, 28.43579, -11.65], "size": [2, 1, 33], "uv": [148, 155]},
						{"origin": [-2.91421, 25.43579, -11.65], "size": [2, 3, 33], "inflate": -0.002, "pivot": [-2.91421, 28.43579, 6.35], "rotation": [0, 0, -30], "uv": [0, 125]},
						{"origin": [-1.75, 30.1, -11.9], "size": [3.5, 1, 36.5], "inflate": -0.25, "uv": [84, 40]},
						{"origin": [-1.5, 20.35, 24.35], "size": [3, 11, 1], "uv": [70, 125]},
						{"origin": [-0.75, 30.85, 14.35], "size": [1.5, 1, 10], "uv": [218, 155]},
						{"origin": [-1, 31.05, -2.65], "size": [2, 1.1, 15], "uv": [154, 189]},
						{"origin": [-1.5, 31.4, 2.35], "size": [3, 1.1, 2], "uv": [218, 27]},
						{"origin": [1.5, 31.4, 3.35], "size": [2, 1.1, 1], "inflate": -0.002, "pivot": [1.5, 31.9, 4.35], "rotation": [0, 20, 0], "uv": [128, 187]},
						{"origin": [-3.5, 31.4, 3.35], "size": [2, 1.1, 1], "inflate": -0.002, "pivot": [-1.5, 31.9, 4.35], "rotation": [0, -20, 0], "uv": [134, 187]},
						{"origin": [-0.75, 31.6, 12.35], "size": [1.5, 1, 2], "uv": [44, 232]},
						{"origin": [-0.91079, 27.43579, -11.65], "size": [3.825, 2, 9], "inflate": -0.002, "pivot": [2.91421, 29.43579, -26.15], "rotation": [0, 0, 55.6], "uv": [218, 144]},
						{"origin": [-0.75, 31.6, -5.65], "size": [1.5, 1, 3], "uv": [152, 77]},
						{"origin": [-2.91421, 27.43579, -11.65], "size": [3.825, 2, 9], "inflate": -0.002, "pivot": [-2.91421, 29.43579, -26.15], "rotation": [0, 0, -55.6], "uv": [218, 133]},
						{"origin": [-0.25, 30.6, 14.35], "size": [1, 1.25, 10], "pivot": [0.75, 31.85, 6.35], "rotation": [0, 0, -36.8], "uv": [218, 166]},
						{"origin": [-0.25, 31.1, 24.35], "size": [1, 1.25, 1], "inflate": -0.002, "pivot": [0.75, 32.35, 7.35], "rotation": [0, 0, -36.8], "uv": [114, 219]},
						{"origin": [-0.75, 31.1, 24.35], "size": [1, 1.25, 1], "inflate": -0.002, "pivot": [-0.75, 32.35, 7.35], "rotation": [0, 0, 36.8], "uv": [118, 219]},
						{"origin": [-0.75, 31.35, 24.35], "size": [1.5, 1, 1], "uv": [110, 219]},
						{"origin": [-0.75, 30.6, 14.35], "size": [1, 1.25, 10], "pivot": [-0.75, 31.85, 6.35], "rotation": [0, 0, 36.8], "uv": [218, 177]},
						{"origin": [-1.5, 20.35, 12.35], "size": [3, 2, 12], "uv": [214, 79]},
						{"origin": [-1.5, 20.35, 5.35], "size": [3, 2, 7], "inflate": -0.002, "pivot": [0, 20.35, 12.35], "rotation": [-17.5, 0, 0], "uv": [128, 167]},
						{"origin": [-1, 24.35, -45.65], "size": [2, 1, 34], "uv": [88, 0]},
						{"origin": [-1, 23.325, -14.65], "size": [2, 1.025, 3], "uv": [232, 224]},
						{"origin": [-1, 23.325, -23.65], "size": [2, 1.025, 3], "uv": [176, 233]},
						{"origin": [-1, 23.325, -20.65], "size": [2, 0, 6], "uv": [198, 226]},
						{"origin": [-1, 24.35, -42.65], "size": [2, 1, 4], "inflate": 0.2, "uv": [88, 35]},
						{"origin": [-1, 11.35, -42.65], "size": [2, 9, 1], "pivot": [0, 23.35, -40.65], "rotation": [0, 0, -30], "uv": [70, 137]},
						{"origin": [-1, 11.35, -39.65], "size": [2, 9, 1], "pivot": [0, 23.35, -40.65], "rotation": [0, 0, -30], "uv": [70, 147]},
						{"origin": [-1, 11.35, -41.65], "size": [2, 1, 2], "pivot": [0, 23.35, -40.65], "rotation": [0, 0, -30], "uv": [126, 236]},
						{"origin": [-1, 15.35, -41.65], "size": [2, 1, 2], "pivot": [0, 23.35, -40.65], "rotation": [0, 0, -30], "uv": [134, 236]},
						{"origin": [-0.5, 20.35, -42.65], "size": [1, 3, 4], "pivot": [0, 23.35, -40.65], "rotation": [0, 0, -30], "uv": [156, 230]},
						{"origin": [-0.56699, 20.55, -42.65], "size": [1, 3.05, 4], "inflate": -0.002, "pivot": [0.43301, 23.6, -40.65], "rotation": [0, 0, -39.25], "uv": [0, 231]},
						{"origin": [-0.43301, 20.05, -42.65], "size": [1, 3.05, 4], "inflate": -0.002, "pivot": [-0.43301, 23.1, -40.65], "rotation": [0, 0, -20.75], "uv": [166, 230]},
						{"origin": [-0.5, 23.15, -43.15], "size": [1, 1, 5], "pivot": [0, 23.65, -40.65], "rotation": [0, 0, -45], "uv": [228, 229]},
						{"origin": [-1, 31.825, -44.65], "size": [2, 1.5, 39], "uv": [78, 81]},
						{"origin": [-1, 33.325, -22.65], "size": [2, 2, 14], "uv": [154, 205]},
						{"origin": [-1, 33.325, -8.65], "size": [2, 1, 3], "uv": [198, 232]},
						{"origin": [-1.6, 33.9, -45.65], "size": [3.2, 3, 3], "uv": [66, 230]},
						{"origin": [-2.625, 34.275, -45.85], "size": [1.225, 2.25, 3.4], "inflate": -0.2, "uv": [82, 223]},
						{"origin": [-1.6, 35.9, -45.65], "size": [1, 1, 3], "inflate": -0.002, "pivot": [-1.6, 36.9, -44.15], "rotation": [0, 0, 55], "uv": [94, 234]},
						{"origin": [-2.6, 33.9, -45.65], "size": [1, 1, 3], "inflate": -0.002, "pivot": [-1.6, 33.9, -44.15], "rotation": [0, 0, 35], "uv": [208, 235]},
						{"origin": [1.4, 34.275, -45.85], "size": [1.225, 2.25, 3.4], "inflate": -0.2, "uv": [186, 233]},
						{"origin": [0.6, 35.9, -45.65], "size": [1, 1, 3], "inflate": -0.002, "pivot": [1.6, 36.9, -44.15], "rotation": [0, 0, -55], "uv": [224, 235]},
						{"origin": [1.6, 33.9, -45.65], "size": [1, 1, 3], "inflate": -0.002, "pivot": [1.6, 33.9, -44.15], "rotation": [0, 0, -35], "uv": [216, 235]},
						{"origin": [-2.5, 33.325, -44.65], "size": [5, 2, 22], "uv": [0, 161]},
						{"origin": [-2.5, 33.325, -24.05], "size": [5, 2.85, 1.4], "inflate": -0.002, "pivot": [0, 33.325, -22.65], "rotation": [-45, 0, 0], "uv": [100, 77]},
						{"origin": [-2.5, 34.325, -8.65], "size": [5, 1, 3], "uv": [84, 77]},
						{"origin": [-2.5, 34.325, -8.65], "size": [2, 1.4, 3], "inflate": -0.002, "pivot": [-2.5, 34.325, -7.15], "rotation": [0, 0, 26.5], "uv": [132, 77]},
						{"origin": [-2.88816, 33.94081, -6.05], "size": [3, 1.5, 2.8], "inflate": -0.4, "pivot": [-2.38816, 34.19081, -5.15], "rotation": [0, 0, 26.5], "uv": [172, 118]},
						{"origin": [-2.5, 33.325, -44.65], "size": [2.425, 1, 22], "inflate": -0.002, "pivot": [-2.5, 33.325, -27.15], "rotation": [0, 0, 20], "uv": [162, 53]},
						{"origin": [0.075, 33.325, -44.65], "size": [2.425, 1, 22], "inflate": -0.002, "pivot": [2.5, 33.325, -27.15], "rotation": [0, 0, -20], "uv": [162, 30]},
						{"origin": [-2.5, 35.325, -44.65], "size": [5, 1, 39], "uv": [0, 0]},
						{"origin": [-0.425, 34.325, -5.65], "size": [2.925, 2, 2], "uv": [232, 235]},
						{"origin": [-0.425, 35.325, -4.15], "size": [1, 1, 1], "pivot": [0.075, 35.825, -3.65], "rotation": [0, 0, 45], "uv": [10, 231]},
						{"origin": [1.075, 34.925, -3.65], "size": [1, 1, 2], "pivot": [1.575, 35.425, -3.15], "rotation": [0, 0, 45], "uv": [44, 235]},
						{"origin": [-1.425, 38.925, -3.9], "size": [1, 1, 3], "inflate": -0.002, "pivot": [-0.925, 39.425, -2.9], "rotation": [7.5, -55, 0], "uv": [68, 236]},
						{"origin": [-2.99258, 39.18125, -1.80237], "size": [1, 1, 1], "pivot": [-2.49258, 40.18125, -1.80237], "rotation": [-32.5, -55, 0], "uv": [60, 234]},
						{"origin": [-3.89666, 38.64395, -0.90904], "size": [1, 1, 1], "inflate": -0.002, "pivot": [-2.89666, 39.64395, -0.90904], "rotation": [-60.49323, -69.261, 31.26205], "uv": [102, 234]},
						{"origin": [-4.73865, 38.14108, -0.73533], "size": [1, 1, 1], "pivot": [-3.73865, 39.14108, -0.73533], "rotation": [-92.99323, -69.261, 31.26205], "uv": [30, 236]},
						{"origin": [-5.2098, 36.28731, -0.94473], "size": [1, 1, 2], "pivot": [-4.2138, 37.28331, -0.94873], "rotation": [-150.49323, -69.261, 31.26205], "uv": [148, 236]},
						{"origin": [-3.63224, 34.7843, -2.4963], "size": [1, 1, 1], "inflate": -0.002, "pivot": [-3.63624, 35.7803, -2.5003], "rotation": [-119.44676, -78.44647, -0.89603], "uv": [26, 237]},
						{"origin": [0.96887, 34.5436, -7.52541], "size": [1, 1, 4.5], "pivot": [1.46887, 34.5436, -3.02541], "rotation": [-161.94676, -78.44647, -0.89603], "uv": [120, 35]},
						{"origin": [2.19856, 32.73234, -5.67548], "size": [1, 1, 3], "inflate": -0.002, "pivot": [2.20056, 32.73434, -3.67748], "rotation": [-114.44676, -78.44647, -0.89603], "uv": [102, 236]},
						{"origin": [2.61735, 31.8291, -3.76098], "size": [1, 1, 4], "pivot": [2.61935, 31.8311, -3.76298], "rotation": [-11.33619, -21.94173, -111.50356], "uv": [130, 35]},
						{"origin": [3.88608, 30.75383, -0.12311], "size": [1, 1, 4], "inflate": -0.002, "pivot": [3.88808, 30.75583, -0.12511], "rotation": [3.66381, -21.94173, -111.50356], "uv": [140, 35]},
						{"origin": [5.05277, 26.88937, 0.83022], "size": [1, 1, 3], "pivot": [5.05477, 26.89137, 3.82822], "rotation": [3.4028, 3.0123, -109.95389], "uv": [110, 236]},
						{"origin": [2.73108, 30.10413, -7.70565], "size": [1, 1, 5], "inflate": -0.002, "pivot": [3.73308, 30.10613, -2.70765], "rotation": [-2.78945, -1.95743, -114.28049], "uv": [144, 230]},
						{"origin": [4.04631, 29.34175, -3.27481], "size": [1, 1, 4], "pivot": [4.04831, 29.34375, -3.27281], "rotation": [-3.37988, -34.41323, -112.46417], "uv": [150, 35]},
						{"origin": [5.27385, 26.80221, -0.16035], "size": [1, 1, 1], "inflate": -0.002, "pivot": [5.27585, 26.80421, 0.83765], "rotation": [4.12012, -34.41323, -112.46417], "uv": [50, 237]},
						{"origin": [2.85501, 30.13536, 3.95323], "size": [1, 1, 2], "pivot": [3.85701, 30.13736, 3.95123], "rotation": [7.20423, -61.79365, -116.48912], "uv": [194, 236]},
						{"origin": [3.41045, 28.45847, 4.89106], "size": [1, 1, 2], "inflate": -0.002, "pivot": [4.41245, 28.46047, 4.88906], "rotation": [173.60354, -57.85665, 75.28945], "uv": [200, 236]},
						{"origin": [-5.21515, 37.2621, -0.75382], "size": [1, 1, 1], "inflate": -0.002, "pivot": [-4.21515, 38.2621, -0.75382], "rotation": [-122.99323, -69.261, 31.26205], "uv": [22, 237]},
						{"origin": [-0.82607, 38.79447, -4.05909], "size": [1, 1, 1], "pivot": [0.17393, 39.29447, -3.05909], "rotation": [4.57471, -20.17171, 4.57471], "uv": [194, 233]},
						{"origin": [1.22145, 35.27855, -1.65], "size": [1, 1, 1], "inflate": -0.002, "pivot": [1.22145, 35.77855, -1.65], "rotation": [0, 45, 45], "uv": [14, 231]},
						{"origin": [1.72145, 34.77855, -0.94289], "size": [1, 1, 1], "inflate": -0.004, "pivot": [1.72145, 35.27855, -0.94289], "rotation": [-180, 67.5, -135], "uv": [78, 233]},
						{"origin": [2.09298, 34.11412, -1.78752], "size": [1, 1, 4], "pivot": [2.59298, 35.11412, -1.78752], "rotation": [160, 67.5, -135], "uv": [110, 35]},
						{"origin": [2.94584, 30.82651, -3.68788], "size": [1, 1, 2], "inflate": -0.002, "pivot": [3.94584, 31.82651, -3.68788], "rotation": [20.02919, 67.53317, 82.20354], "uv": [76, 236]},
						{"origin": [3.85823, 29.20232, -2.97124], "size": [1, 1, 2], "pivot": [4.85823, 30.20232, -2.97124], "rotation": [10.02919, 67.53317, 82.20354], "uv": [142, 236]},
						{"origin": [5.39836, 27.82505, -1.29452], "size": [1, 1, 2], "inflate": -0.002, "pivot": [5.39836, 28.82505, -1.29452], "rotation": [173.79524, 51.99375, -111.97447], "uv": [10, 237]},
						{"origin": [5.7786, 26.29848, -2.51457], "size": [1, 1, 1], "pivot": [5.7806, 27.29648, -2.51657], "rotation": [176.17939, -2.83674, -106.88886], "uv": [54, 237]},
						{"origin": [5.7005, 26.32637, -3.51113], "size": [1, 1, 4], "inflate": -0.002, "pivot": [5.7025, 27.32437, -3.51313], "rotation": [148.67939, -2.83674, -106.88886], "uv": [54, 182]},
						{"origin": [2.85383, 26.61176, -6.40143], "size": [1, 1, 2], "pivot": [2.85583, 26.60976, -6.40343], "rotation": [178.67939, -2.83674, -106.88886], "uv": [16, 237]},
						{"origin": [-2.8, 35.075, -5.95], "size": [2.675, 1.55, 2.6], "inflate": -0.3, "uv": [228, 27]},
						{"origin": [-1.325, 34.675, -5.95], "size": [1.2, 1, 2.6], "inflate": -0.3, "uv": [208, 232]},
						{"origin": [-1.75, 33.325, -20.65], "size": [3.5, 2, 2], "uv": [232, 113]},
						{"origin": [-1.75, 33.325, -11.65], "size": [3.5, 2, 2], "uv": [232, 117]},
						{"origin": [-1.75, 36.325, -42.65], "size": [3.5, 2, 39], "uv": [0, 40]},
						{"origin": [-2.5, 36.575, -8.65], "size": [5, 2.5, 8], "uv": [214, 93]},
						{"origin": [-0.91, 36.175, -1.05], "size": [3.81, 1, 1.8], "inflate": -0.4, "uv": [46, 185]},
						{"origin": [-2.9, 38.475, -1.05], "size": [5.8, 1, 1.8], "inflate": -0.4, "uv": [160, 118]},
						{"origin": [-2.5, 36.575, -3.65], "size": [2, 1, 3], "inflate": -0.002, "pivot": [-2.5, 36.575, -4.15], "rotation": [0, 0, 20], "uv": [232, 220]},
						{"origin": [-2.9, 36.175, -1.05], "size": [2.8, 1, 1.8], "inflate": -0.4, "pivot": [-2.5, 36.575, -4.15], "rotation": [0, 0, 20], "uv": [122, 187]},
						{"origin": [-1.1, 36.375, -1.05], "size": [1, 1.45, 1.8], "inflate": -0.4002, "pivot": [-2.5, 36.575, -4.15], "rotation": [0, 0, 20], "uv": [182, 224]},
						{"origin": [1.5, 37.575, -8.65], "size": [1, 1.5, 8], "inflate": -0.002, "pivot": [2.5, 39.075, -4.15], "rotation": [0, 0, -33.5], "uv": [128, 221]},
						{"origin": [1.5, 36.575, -8.65], "size": [1, 1.5, 8], "inflate": -0.002, "pivot": [2.5, 36.575, -4.15], "rotation": [0, 0, 33.5], "uv": [146, 221]},
						{"origin": [1.9, 37.175, -1.05], "size": [1, 2.3, 1.8], "inflate": -0.4002, "pivot": [2.5, 39.075, -3.55], "rotation": [0, 0, -33.5], "uv": [182, 221]},
						{"origin": [1.9, 36.175, -1.05], "size": [1, 2.3, 1.8], "inflate": -0.4004, "pivot": [2.5, 36.575, -3.55], "rotation": [0, 0, 33.5], "uv": [42, 207]},
						{"origin": [-2.9, 37.175, -1.05], "size": [1, 2.3, 1.8], "inflate": -0.4002, "pivot": [-2.5, 39.075, -3.55], "rotation": [0, 0, 33.5], "uv": [30, 233]},
						{"origin": [-2.9, 36.175, -1.05], "size": [1, 2.3, 1.8], "inflate": -0.4004, "pivot": [-2.5, 36.575, -3.55], "rotation": [0, 0, -33.5], "uv": [78, 230]},
						{"origin": [-2.5, 36.575, -8.65], "size": [1, 1.5, 8], "inflate": -0.002, "pivot": [-2.5, 36.575, -4.15], "rotation": [0, 0, -33.5], "uv": [0, 222]},
						{"origin": [-2.5, 37.575, -8.65], "size": [1, 1.5, 8], "inflate": -0.002, "pivot": [-2.5, 39.075, -4.15], "rotation": [0, 0, 33.5], "uv": [164, 221]},
						{"origin": [-1.75, 38.885, -10.65], "size": [3.5, 1, 7], "uv": [220, 188]},
						{"origin": [-1.25, 38.31, -10.15], "size": [2.5, 1.075, 6], "uv": [182, 226]},
						{"origin": [-1.75, 35.5, -42.65], "size": [3.5, 2.825, 2], "pivot": [0, 38.325, -42.65], "rotation": [-45, 0, 0], "uv": [232, 109]},
						{"origin": [0.75, 36.175, -42.65], "size": [1, 2.15, 28], "inflate": -0.002, "pivot": [1.75, 38.325, -25.15], "rotation": [0, 0, -20.5], "uv": [70, 157]},
						{"origin": [-1.75, 36.175, -42.65], "size": [1, 2.15, 28], "inflate": -0.002, "pivot": [-1.75, 38.325, -25.15], "rotation": [0, 0, 20.5], "uv": [160, 0]},
						{"origin": [1.50295, 36.31115, -14.65], "size": [1, 2.15, 4], "inflate": -0.002, "pivot": [2.50295, 36.31115, -4.65], "rotation": [0, 0, -10.5], "uv": [34, 232]},
						{"origin": [-2.50295, 36.31115, -14.65], "size": [1, 2.15, 4], "inflate": -0.002, "pivot": [-2.50295, 36.31115, -4.65], "rotation": [0, 0, 10.5], "uv": [232, 103]},
						{"origin": [1.13318, 36.18529, -10.65], "size": [1, 3.65, 7], "inflate": -0.002, "pivot": [1.63318, 38.26029, -7.15], "rotation": [0, 0, -10.5], "uv": [54, 172]},
						{"origin": [-1.84456, 35.53159, -10.648], "size": [1, 4.275, 1.4], "inflate": -0.002, "pivot": [-1.34456, 39.80659, -10.648], "rotation": [-69.5, 0, 10.5], "uv": [210, 66]},
						{"origin": [0.84456, 35.53159, -10.648], "size": [1, 4.275, 1.4], "inflate": -0.002, "pivot": [1.34456, 39.80659, -10.648], "rotation": [-69.5, 0, -10.5], "uv": [210, 71]},
						{"origin": [-2.50295, 36.31115, -10.65], "size": [1, 3.65, 7], "inflate": -0.002, "pivot": [-2.50295, 36.31115, -2.65], "rotation": [0, 0, 10.5], "uv": [18, 223]},
						{"origin": [-2.98816, 34.89081, -6.05], "size": [3.125, 1.5, 2.8], "inflate": -0.4002, "pivot": [-2.38816, 35.14081, -5.15], "rotation": [0, 0, 26.5], "uv": [182, 118]},
						{"origin": [-1, 30.825, -44.65], "size": [2, 1, 21], "uv": [0, 185]}
					]
				},
				{
					"name": "bullet_receiver",
					"parent": "gun",
					"pivot": [3, 30.12132, -17.9],
					"cubes": [
						{"origin": [-1.4, 29.42132, -22.15], "size": [2.8, 1.4, 8.5], "inflate": -0.002, "uv": [90, 219]}
					]
				},
				{
					"name": "glow",
					"parent": "gun",
					"pivot": [1.525, 23.85, 18.85],
					"cubes": [
						{
							"origin": [1.525, 22.35, 14.35],
							"size": [0, 2, 2],
							"uv": {
								"north": {"uv": [9, 36], "uv_size": [0, 3]},
								"east": {"uv": [0, 36], "uv_size": [9, 3]},
								"south": {"uv": [18, 36], "uv_size": [0, 3]},
								"west": {"uv": [14, 2], "uv_size": [4, 4]},
								"up": {"uv": [9, 27], "uv_size": [0, 9]},
								"down": {"uv": [9, 36], "uv_size": [0, -9]}
							}
						},
						{"origin": [-2.5, 37.575, -1.6], "size": [1, 1.5, 1], "inflate": -0.002, "pivot": [-2.5, 39.075, -4.1], "rotation": [0, 0, 33.5], "uv": [14, 20]},
						{"origin": [-2.5, 36.575, -1.6], "size": [1, 1.5, 1], "inflate": -0.004, "pivot": [-2.5, 36.575, -4.1], "rotation": [0, 0, -33.5], "uv": [14, 23]},
						{"origin": [1.5, 36.575, -1.6], "size": [1, 1.5, 1], "inflate": -0.004, "pivot": [2.5, 36.575, -4.1], "rotation": [0, 0, 33.5], "uv": [0, 23]},
						{"origin": [1.5, 37.575, -1.6], "size": [1, 1.5, 1], "inflate": -0.002, "pivot": [2.5, 39.075, -4.1], "rotation": [0, 0, -33.5], "uv": [0, 20]},
						{"origin": [-2.5, 36.575, -1.6], "size": [2, 1, 1], "inflate": -0.002, "pivot": [-2.5, 36.575, -4.1], "rotation": [0, 0, 20], "uv": [8, 25]},
						{
							"origin": [-2.5, 36.575, -1.595],
							"size": [5, 2.5, 1],
							"uv": {
								"north": {"uv": [0, 13], "uv_size": [5, 2]},
								"east": {"uv": [0, 13], "uv_size": [0, 2]},
								"south": {"uv": [4, 20], "uv_size": [10, 5]},
								"west": {"uv": [5, 13], "uv_size": [0, 2]},
								"up": {"uv": [0, 13], "uv_size": [5, 0]},
								"down": {"uv": [5, 13], "uv_size": [5, 0]}
							}
						}
					]
				},
				{
					"name": "scopepip",
					"parent": "main",
					"pivot": [0, 37.82428, -0.708],
					"cubes": [
						{"origin": [-3.625, 34.19928, -1.208], "size": [7.25, 7.25, 1], "inflate": -0.3, "uv": [50, 223]}
					]
				},
				{
					"name": "muzzleflash",
					"parent": "main",
					"pivot": [0, 28, -47.175],
					"cubes": [
						{"origin": [-0.5, 27.5, -47.675], "size": [1, 1, 1], "inflate": -0.4, "uv": [140, 187]}
					]
				},
				{
					"name": "scope",
					"parent": "main",
					"pivot": [0, 37.825, -3.05],
					"cubes": [
						{"origin": [-0.5, 37.325, -3.55], "size": [1, 1, 1], "inflate": -0.4, "uv": [144, 187]}
					]
				},
				{
					"name": "_camera_",
					"pivot": [15.5, 41.75, 11]
				}
			]
		}
	]
}