{
	"format_version": "1.12.0",
	"minecraft:geometry": [
		{
			"description": {
				"identifier": "geometry.unknown",
				"texture_width": 256,
				"texture_height": 256,
				"visible_bounds_width": 8,
				"visible_bounds_height": 4,
				"visible_bounds_offset": [0, 1, 0]
			},
			"bones": [
				{
					"name": "main",
					"pivot": [11.25866, 25.53, -0.71]
				},
				{
					"name": "armR_gun",
					"parent": "main",
					"pivot": [11.36316, 24.98901, 0.85938]
				},
				{
					"name": "rightarm",
					"parent": "armR_gun",
					"pivot": [7.96699, 20.02, 20.9],
					"rotation": [-92.27806, -7.4046, 0.06753],
					"cubes": [
						{"origin": [3.96699, -3.98, 16.9], "size": [8, 24, 8], "uv": [172, 0]}
					]
				},
				{
					"name": "gun",
					"parent": "armR_gun",
					"pivot": [11.36316, 24.98901, 0.85938],
					"cubes": [
						{
							"origin": [9.76699, 28.08028, -5.31988],
							"size": [3, 3.4, 9.4],
							"inflate": -0.194,
							"uv": {
								"north": {"uv": [135, 138], "uv_size": [3, 3]},
								"east": {"uv": [0, 174], "uv_size": [22, 8]},
								"south": {"uv": [147, 138], "uv_size": [3, 3]},
								"west": {"uv": [0, 174], "uv_size": [22, 8]},
								"up": {"uv": [135, 129], "uv_size": [3, 9]},
								"down": {"uv": [138, 138], "uv_size": [3, -9]}
							}
						},
						{"origin": [10.31755, 29.78898, 5.88012], "size": [1, 1.4, 4], "inflate": -0.002, "pivot": [11.26699, 30.40528, 8.38012], "rotation": [0, 0, 26.5], "uv": [156, 32]},
						{"origin": [11.21643, 29.78898, 5.88012], "size": [1, 1.4, 4], "inflate": -0.002, "pivot": [11.26699, 30.40528, 8.38012], "rotation": [0, 0, -26.5], "uv": [134, 158]},
						{"origin": [10.76699, 30.53028, 5.88012], "size": [1, 1, 4], "uv": [144, 158]},
						{"origin": [10.14199, 29.28028, 5.88012], "size": [2.25, 1, 4], "uv": [152, 70]},
						{"origin": [10.14199, 28.28028, 5.88012], "size": [2.25, 1, 2], "uv": [142, 163]},
						{"origin": [10.14199, 29.28028, 7.48012], "size": [2.25, 1, 1.4], "inflate": -0.002, "pivot": [11.26699, 29.28028, 8.88012], "rotation": [45, 0, 0], "uv": [166, 57]},
						{"origin": [9.76699, 17.14319, -1.19139], "size": [3, 10.4, 4.6], "inflate": -0.204, "pivot": [11.26699, 21.34319, 2.10861], "rotation": [35, 0, 0], "uv": [66, 100]},
						{"origin": [9.76699, 16.04595, 1.34282], "size": [3, 2.3, 1.6], "inflate": -0.202, "pivot": [11.26699, 18.74595, 0.14282], "rotation": [-30, 0, 0], "uv": [20, 161]},
						{"origin": [9.76699, 14.89139, 1.99421], "size": [3, 1.4, 5.025], "pivot": [11.26699, 14.89139, 1.99421], "rotation": [40, 0, 0], "uv": [110, 15]},
						{"origin": [9.76699, 14.89139, -1.00579], "size": [3, 1.1, 3], "inflate": -0.002, "uv": [88, 75]},
						{"origin": [10.26699, 15.68342, 0.99556], "size": [2, 1.2, 5], "inflate": -0.002, "pivot": [11.26699, 17.08342, 3.87056], "rotation": [45, 0, 0], "uv": [74, 152]},
						{"origin": [10.26699, 14.88342, 1.99556], "size": [2, 1, 3], "pivot": [11.26699, 17.08342, 3.87056], "rotation": [45, 0, 0], "uv": [110, 75]},
						{"origin": [10.26699, 13.73073, -3.42724], "size": [2, 1.15, 8.625], "inflate": 0.002, "uv": [148, 75]},
						{"origin": [10.26699, 12.88073, -14.80224], "size": [2, 2, 13], "inflate": -0.002, "pivot": [11.26699, 14.88073, -1.80224], "rotation": [-55, 0, 0], "uv": [110, 0]},
						{"origin": [9.96699, 20.06646, -8.88591], "size": [2.6, 4.725, 1.2], "inflate": -0.3, "pivot": [11.26699, 24.69146, -8.18591], "rotation": [35, 0, 0], "uv": [78, 114]},
						{"origin": [9.96699, 23.49708, -7.82015], "size": [2.6, 1.25, 2.025], "inflate": -0.302, "pivot": [11.26699, 24.00958, -7.22015], "rotation": [25, 0, 0], "uv": [164, 70]},
						{"origin": [9.96699, 21.08073, -6.40224], "size": [2.6, 1.2, 4.8], "inflate": -0.302, "pivot": [11.26699, 21.38073, -4.30224], "rotation": [15, 0, 0], "uv": [26, 128]},
						{"origin": [10.76699, 22.48073, -4.50224], "size": [1, 2, 2], "inflate": -0.002, "pivot": [11.26699, 24.38073, -4.50224], "rotation": [-10, 0, 0], "uv": [120, 75]},
						{"origin": [10.26699, 13.73073, 5.19776], "size": [2, 1.1, 4.075], "inflate": -0.002, "pivot": [11.26699, 13.73073, 5.19776], "rotation": [62.5, 0, 0], "uv": [66, 114]},
						{"origin": [10.26699, 17.42878, 6.94476], "size": [2, 1.05, 2.35], "pivot": [11.26699, 17.42878, 7.04476], "rotation": [112.5, 0, 0], "uv": [88, 162]},
						{"origin": [10.26699, 19.50751, 6.18372], "size": [2, 1, 2], "inflate": -0.002, "pivot": [11.26699, 19.50751, 6.18372], "rotation": [167.5, 0, 0], "uv": [108, 162]},
						{"origin": [9.76699, 29.08028, -16.31988], "size": [3, 2.4, 22.4], "inflate": -0.198, "uv": [0, 31]},
						{"origin": [9.76699, 26.08028, -25.31988], "size": [3, 1.175, 9.4], "inflate": -0.198, "uv": [66, 21]},
						{"origin": [8.76699, 26.83028, -25.31988], "size": [5, 2.4, 9.4], "inflate": -0.198, "uv": [126, 41]},
						{"origin": [9.76699, 28.83028, -25.31988], "size": [3, 2.7, 9.4], "inflate": -0.198, "uv": [96, 131]},
						{"origin": [11.94199, 28.03028, -25.31988], "size": [1.825, 1.2, 9.4], "inflate": -0.2, "pivot": [13.56699, 29.03028, -20.61988], "rotation": [0, 0, 44.75], "uv": [50, 142]},
						{"origin": [12.11699, 26.83472, -25.31988], "size": [1.65, 1.2, 9.4], "inflate": -0.2, "pivot": [13.56699, 27.03472, -20.61988], "rotation": [0, 0, -37], "uv": [70, 142]},
						{"origin": [8.76699, 26.83472, -25.31988], "size": [1.65, 1.2, 9.4], "inflate": -0.2, "pivot": [8.96699, 27.03472, -20.61988], "rotation": [0, 0, 37], "uv": [142, 141]},
						{"origin": [8.76699, 28.03028, -25.31988], "size": [1.825, 1.2, 9.4], "inflate": -0.2, "pivot": [8.96699, 29.03028, -20.61988], "rotation": [0, 0, -44.75], "uv": [90, 142]},
						{"origin": [9.76699, 31.08028, -25.31988], "size": [3, 1.4, 30.4], "inflate": -0.198, "uv": [0, 0]},
						{"origin": [9.26699, 31.28028, -30.11988], "size": [4, 5, 19], "uv": [50, 31]},
						{"origin": [9.26699, 30.28028, -30.11988], "size": [4, 1, 11], "uv": [96, 119]},
						{"origin": [10.76699, 34.03028, -22.86988], "size": [1, 2.5, 12], "uv": [0, 120]},
						{"origin": [12.51699, 32.78028, -17.86988], "size": [1, 2, 7], "uv": [50, 133]},
						{"origin": [10.36734, 32.78177, -11.86988], "size": [2.15, 1.125, 1], "inflate": -0.002, "pivot": [12.51734, 32.78177, -11.36988], "rotation": [0, 0, 35.5], "uv": [62, 166]},
						{"origin": [9.95932, 33.68274, -11.86988], "size": [2.15, 1.1, 1], "inflate": -0.002, "pivot": [12.80932, 32.58274, -11.36988], "rotation": [0, 0, 35.5], "uv": [166, 63]},
						{
							"origin": [9.76699, 29.98028, -33.81988],
							"size": [3, 6, 0],
							"uv": {
								"north": {"uv": [143, 92], "uv_size": [4, 6]},
								"east": {"uv": [144, 92], "uv_size": [0, 6]},
								"south": {"uv": [147, 92], "uv_size": [3, 6]},
								"west": {"uv": [147, 92], "uv_size": [0, 6]},
								"up": {"uv": [144, 92], "uv_size": [3, 0]},
								"down": {"uv": [147, 92], "uv_size": [3, 0]}
							}
						},
						{
							"origin": [9.76699, 35.98028, -33.81988],
							"size": [3, 0, 2.4],
							"uv": {
								"north": {"uv": [152, 112], "uv_size": [3, 0]},
								"east": {"uv": [150, 112], "uv_size": [2, 0]},
								"south": {"uv": [157, 112], "uv_size": [3, 0]},
								"west": {"uv": [155, 112], "uv_size": [2, 0]},
								"up": {"uv": [151, 110], "uv_size": [4, 2]},
								"down": {"uv": [155, 112], "uv_size": [3, -2]}
							}
						},
						{
							"origin": [9.76699, 29.98028, -33.81988],
							"size": [3, 0, 9],
							"uv": {
								"north": {"uv": [142, 24], "uv_size": [3, 0]},
								"east": {"uv": [133, 24], "uv_size": [9, 0]},
								"south": {"uv": [154, 24], "uv_size": [3, 0]},
								"west": {"uv": [145, 24], "uv_size": [9, 0]},
								"up": {"uv": [142, 15], "uv_size": [3, 9]},
								"down": {"uv": [145, 24], "uv_size": [4, -9]}
							}
						},
						{"origin": [9.26699, 35.28028, -31.41988], "size": [4, 1, 1.3], "uv": [140, 13]},
						{"origin": [11.21699, 35.28028, -31.41988], "size": [2.05, 1, 6.3], "inflate": -0.002, "pivot": [13.26699, 36.28028, -30.76988], "rotation": [0, 0, 12.5], "uv": [126, 151]},
						{"origin": [9.26699, 35.28028, -31.41988], "size": [2.05, 1, 6.3], "inflate": -0.002, "pivot": [9.26699, 36.28028, -30.76988], "rotation": [0, 0, -12.5], "uv": [142, 151]},
						{"origin": [9.26699, 35.28028, -30.81988], "size": [4, 1, 1], "inflate": -0.002, "pivot": [11.26699, 35.28028, -30.81988], "rotation": [-45, 0, 0], "uv": [150, 13]},
						{"origin": [9.76699, 31.08028, 4.50512], "size": [3, 1.4, 1], "inflate": -0.2, "uv": [164, 152]},
						{"origin": [9.76699, 29.28028, 4.38012], "size": [3, 3.2, 1.125], "inflate": -0.2, "pivot": [11.26699, 32.28028, 5.30512], "rotation": [47, 0, 0], "uv": [160, 13]},
						{"origin": [9.76699, 27.24665, 5.55557], "size": [3, 3.325, 2], "inflate": -0.202, "pivot": [11.26699, 30.37165, 7.35557], "rotation": [-25.25, 0, 0], "uv": [126, 15]},
						{"origin": [9.76699, 29.08028, -7.31988], "size": [3, 1.4, 1.4], "inflate": -0.204, "pivot": [11.26699, 29.28028, -7.11988], "rotation": [-50, 0, 0], "uv": [164, 73]},
						{"origin": [9.76699, 25.90972, -8.51988], "size": [3, 2, 2.3], "inflate": -0.202, "pivot": [11.26699, 27.70972, -7.11988], "rotation": [55, 0, 0], "uv": [100, 75]},
						{"origin": [9.76699, 25.90972, -6.61988], "size": [3, 2, 1.5], "inflate": -0.202, "pivot": [11.26699, 27.70972, -7.11988], "rotation": [55, 0, 0], "uv": [134, 163]},
						{"origin": [9.76699, 27.53028, -6.31988], "size": [3, 2.4, 12.4], "inflate": -0.2, "uv": [96, 41]},
						{"origin": [9.76699, 27.527, 5.308], "size": [3, 1, 1], "inflate": -0.204, "uv": [150, 164]},
						{"origin": [9.76699, 25.08028, -6.31988], "size": [3, 3.4, 10.4], "inflate": -0.196, "uv": [124, 99]},
						{"origin": [9.76699, 26.08028, -6.91988], "size": [3, 2.4, 1], "inflate": -0.196, "uv": [162, 147]},
						{"origin": [9.76699, 27.48028, 3.50512], "size": [3, 1, 1], "inflate": -0.198, "uv": [164, 150]},
						{"origin": [9.76699, 25.08028, 2.68012], "size": [3, 3, 1.4], "inflate": -0.202, "pivot": [11.26699, 25.28028, 3.88012], "rotation": [-20, 0, 0], "uv": [146, 37]},
						{"origin": [9.76699, 27.52348, 3.96937], "size": [3, 1.125, 1], "inflate": -0.196, "pivot": [11.26699, 27.72348, 4.76937], "rotation": [40, 0, 0], "uv": [116, 164]},
						{"origin": [9.76699, 24.08028, -25.31988], "size": [3, 2.4, 19.4], "inflate": -0.198, "uv": [66, 0]},
						{"origin": [9.76699, 25.98028, -16.31988], "size": [3, 1, 10.4], "inflate": -0.2, "uv": [128, 52]},
						{"origin": [9.76699, 24.08028, -6.31988], "size": [3, 1.4, 7.4], "inflate": -0.2, "uv": [148, 84]},
						{"origin": [9.76699, 24.08028, 0.68012], "size": [3, 1.4, 2.4], "inflate": -0.202, "pivot": [11.26699, 24.28028, 0.88012], "rotation": [45, 0, 0], "uv": [108, 159]}
					]
				},
				{
					"name": "spin",
					"parent": "gun",
					"pivot": [11.26699, 32.78028, -30.11988],
					"cubes": [
						{"origin": [9.46699, 30.98028, -34.11988], "size": [3.6, 3.6, 4.4], "inflate": -0.4, "pivot": [11.26699, 32.78028, -30.11988], "rotation": [0, 0, 45], "uv": [152, 63]}
					]
				},
				{
					"name": "redbit",
					"parent": "gun",
					"pivot": [12.23574, 29.30528, -10.36988],
					"cubes": [
						{"origin": [12.16699, 28.88028, -11.51988], "size": [1, 1.1, 2.8], "inflate": -0.4, "uv": [50, 166]},
						{"origin": [12.16699, 28.88028, -9.51988], "size": [1, 1.1, 1.8], "inflate": -0.402, "pivot": [12.56699, 29.43028, -9.11988], "rotation": [0, 35, 0], "uv": [166, 123]},
						{"origin": [12.73906, 28.88028, -9.00151], "size": [2, 1.1, 1.1], "inflate": -0.4, "uv": [166, 59]},
						{"origin": [12.73906, 30.88028, -9.00151], "size": [2, 1.1, 1.1], "inflate": -0.4, "uv": [166, 61]},
						{"origin": [13.63906, 29.18028, -9.00151], "size": [1.1, 2.5, 1.1], "inflate": -0.4, "uv": [84, 166]},
						{"origin": [12.73906, 29.18028, -9.00151], "size": [1.1, 2.5, 1.1], "inflate": -0.4, "uv": [166, 112]},
						{"origin": [9.56699, 28.68028, -11.51988], "size": [3.6, 1, 1.8], "inflate": -0.4, "uv": [88, 165]}
					]
				},
				{
					"name": "FLAPL",
					"parent": "gun",
					"pivot": [13.08781, 26.67363, -22.61988],
					"cubes": [
						{"origin": [12.88781, 26.47091, -24.31988], "size": [1, 0.4, 3.4], "inflate": -0.2, "pivot": [13.08781, 26.67363, -22.61988], "rotation": [0, 0, -37], "uv": [26, 164]},
						{"origin": [13.36899, 26.83028, -24.31988], "size": [0.4, 2.4, 6.4], "inflate": -0.198, "uv": [88, 152]},
						{"origin": [12.76699, 28.832, -21.31988], "size": [1, 0.4, 3.4], "inflate": -0.2, "pivot": [13.56699, 29.03028, -20.61988], "rotation": [0, 0, 44.75], "uv": [18, 164]}
					]
				},
				{
					"name": "FLAPR",
					"parent": "gun",
					"pivot": [9.44617, 26.67363, -22.61988],
					"cubes": [
						{"origin": [8.64617, 26.47091, -24.31988], "size": [1, 0.4, 3.4], "inflate": -0.2, "pivot": [9.44617, 26.67363, -22.61988], "rotation": [0, 0, 37], "uv": [34, 164]},
						{"origin": [8.76499, 26.83028, -24.31988], "size": [0.4, 2.4, 6.4], "inflate": -0.198, "uv": [20, 153]},
						{"origin": [8.76699, 28.832, -21.31988], "size": [1, 0.4, 3.4], "inflate": -0.2, "pivot": [8.96699, 29.03028, -20.61988], "rotation": [0, 0, -44.75], "uv": [42, 164]}
					]
				},
				{
					"name": "stock1",
					"parent": "gun",
					"pivot": [11.26699, 30.13968, 15.38012],
					"cubes": [
						{"origin": [10.76699, 30.28028, 5.88012], "size": [1, 1, 19], "uv": [96, 21]},
						{"origin": [10.54589, 29.86775, 5.88012], "size": [1, 1.125, 19], "inflate": -0.002, "pivot": [11.26699, 30.66703, 15.38012], "rotation": [0, 0, 26.5], "uv": [0, 100]},
						{"origin": [10.98809, 29.86775, 5.88012], "size": [1, 1.125, 19], "inflate": -0.002, "pivot": [11.26699, 30.66703, 15.38012], "rotation": [0, 0, -26.5], "uv": [84, 99]},
						{"origin": [10.26699, 28.03028, 5.88012], "size": [2, 2, 19], "inflate": -0.002, "uv": [0, 79]},
						{"origin": [10.26699, 29.28028, 5.88012], "size": [2, 1, 19], "uv": [84, 79]}
					]
				},
				{
					"name": "stock2",
					"parent": "stock1",
					"pivot": [11.26699, 25.28028, 28.88012],
					"cubes": [
						{"origin": [10.26699, 26.28028, 13.88012], "size": [2, 2.1, 1], "inflate": -0.006, "pivot": [11.26699, 26.28028, 13.88012], "rotation": [15, 0, 0], "uv": [108, 165]},
						{"origin": [10.26699, 26.28028, 13.88012], "size": [2, 2, 18], "inflate": -0.004, "uv": [88, 55]},
						{"origin": [10.26699, 25.28028, 28.88012], "size": [2, 1, 2], "inflate": -0.004, "uv": [162, 144]},
						{"origin": [10.26699, 25.28028, 27.45512], "size": [2, 1, 1.425], "inflate": -0.006, "pivot": [11.26699, 25.28028, 28.88012], "rotation": [-45, 0, 0], "uv": [120, 139]}
					]
				},
				{
					"name": "stock3",
					"parent": "stock2",
					"pivot": [11.26699, 26.26942, 32.88861],
					"cubes": [
						{"origin": [9.76699, 23.08028, 30.18012], "size": [3, 3.4, 6.4], "inflate": -0.198, "uv": [148, 112]},
						{"origin": [9.76699, 15.08028, 32.18012], "size": [1.25, 8.4, 3.4], "inflate": -0.198, "uv": [100, 152]},
						{"origin": [9.76699, 9.08028, 33.18012], "size": [1.25, 6.4, 2.4], "inflate": -0.198, "uv": [120, 131]},
						{"origin": [9.76699, 22.08028, 32.18012], "size": [1.25, 1.825, 1.4], "inflate": -0.2, "pivot": [11.26699, 22.28028, 32.38012], "rotation": [45, 0, 0], "uv": [166, 68]},
						{"origin": [9.76699, 14.08028, 33.18012], "size": [1.25, 1.825, 1.4], "inflate": -0.2, "pivot": [11.26699, 14.28028, 33.38012], "rotation": [45, 0, 0], "uv": [114, 166]},
						{"origin": [11.51699, 14.08028, 33.18012], "size": [1.25, 1.825, 1.4], "inflate": -0.2, "pivot": [11.26699, 14.28028, 33.38012], "rotation": [45, 0, 0], "uv": [166, 115]},
						{"origin": [11.51699, 9.08028, 33.18012], "size": [1.25, 6.4, 2.4], "inflate": -0.198, "uv": [44, 143]},
						{"origin": [11.51699, 15.08028, 32.18012], "size": [1.25, 8.4, 3.4], "inflate": -0.198, "uv": [32, 153]},
						{"origin": [11.51699, 22.08028, 32.18012], "size": [1.25, 1.825, 1.4], "inflate": -0.2, "pivot": [11.26699, 22.28028, 32.38012], "rotation": [45, 0, 0], "uv": [166, 117]},
						{"origin": [11.51699, 11.08028, 35.18012], "size": [1.25, 4.4, 2], "inflate": -0.196, "uv": [160, 17]},
						{"origin": [9.76699, 11.08028, 35.18012], "size": [1.25, 4.4, 2], "inflate": -0.196, "uv": [60, 160]},
						{"origin": [9.76699, 12.43534, 37.03218], "size": [3, 7.35, 1.5], "inflate": -0.198, "pivot": [11.26699, 11.98534, 38.33218], "rotation": [15, 0, 0], "uv": [52, 158]},
						{"origin": [9.76699, 15.08028, 35.18012], "size": [3, 8.4, 1.4], "inflate": -0.196, "uv": [12, 154]},
						{"origin": [11.51699, 9.08028, 34.58012], "size": [1.25, 2.725, 1], "inflate": -0.2, "pivot": [11.26699, 9.28028, 35.38012], "rotation": [-40, 0, 0], "uv": [80, 100]},
						{"origin": [9.76699, 9.08028, 34.58012], "size": [1.25, 2.725, 1], "inflate": -0.2, "pivot": [11.26699, 9.28028, 35.38012], "rotation": [-40, 0, 0], "uv": [40, 153]},
						{"origin": [9.76699, 11.40528, 34.58012], "size": [3, 2.4, 1], "inflate": -0.2, "pivot": [11.26699, 9.28028, 35.38012], "rotation": [-40, 0, 0], "uv": [42, 167]},
						{"origin": [11.51699, 9.08028, 33.88012], "size": [1.25, 4.725, 1.1], "inflate": -0.2, "pivot": [11.26699, 9.28028, 35.38012], "rotation": [-40, 0, 0], "uv": [80, 105]},
						{"origin": [9.76699, 9.08028, 33.88012], "size": [1.25, 4.725, 1.1], "inflate": -0.2, "pivot": [11.26699, 9.28028, 35.38012], "rotation": [-40, 0, 0], "uv": [20, 144]},
						{"origin": [9.76699, 28.08028, 30.18012], "size": [3, 1.4, 6.4], "inflate": -0.198, "uv": [126, 92]},
						{"origin": [9.96699, 29.08028, 29.88012], "size": [2.6, 1.2, 2], "pivot": [11.26699, 29.90528, 30.88012], "rotation": [50, 0, 0], "uv": [162, 141]},
						{"origin": [10.76699, 29.88028, 31.28012], "size": [1, 1.3, 2.4], "pivot": [11.26699, 30.98028, 32.88012], "rotation": [-27.5, 0, 0], "uv": [166, 29]},
						{"origin": [9.906, 29.78772, 29.88012], "size": [1, 1.125, 2], "inflate": -0.002, "pivot": [10.96699, 29.90528, 30.88012], "rotation": [46.84425, -19.98703, 17.76972], "uv": [166, 20]},
						{"origin": [11.62798, 29.78772, 29.88012], "size": [1, 1.125, 2], "inflate": -0.002, "pivot": [11.56699, 29.90528, 30.88012], "rotation": [46.84425, 19.98703, -17.76972], "uv": [166, 23]},
						{"origin": [10.46699, 30.28028, 29.88012], "size": [1.6, 1, 2], "pivot": [11.26699, 29.90528, 30.88012], "rotation": [50, 0, 0], "uv": [166, 26]},
						{"origin": [9.76699, 29.08028, 31.18012], "size": [3, 1.4, 5.4], "inflate": -0.198, "uv": [44, 152]},
						{"origin": [9.76699, 26.08028, 30.18012], "size": [3, 2.4, 6.4], "inflate": -0.198, "uv": [150, 129]}
					]
				},
				{
					"name": "barrel",
					"parent": "gun",
					"pivot": [11.26699, 28.03028, -30.8189],
					"cubes": [
						{"origin": [10.26699, 27.03028, -28.11988], "size": [2, 2, 19], "inflate": -0.3, "pivot": [11.26699, 28.03028, -12.61988], "rotation": [0, 0, 45], "uv": [42, 79]},
						{"origin": [9.76699, 27.03028, -33.61988], "size": [3, 2, 6.75], "uv": [148, 121]},
						{"origin": [10.26699, 27.03028, -34.61988], "size": [2, 2, 1], "uv": [166, 17]},
						{"origin": [11.26699, 27.03028, -34.61988], "size": [1, 2, 1.12], "inflate": -0.002, "pivot": [12.26699, 28.03028, -34.61988], "rotation": [0, 26.5, 0], "uv": [80, 110]},
						{"origin": [10.26699, 27.03028, -34.61988], "size": [1, 2, 1.12], "inflate": -0.002, "pivot": [10.26699, 28.03028, -34.61988], "rotation": [0, -26.5, 0], "uv": [20, 149]},
						{"origin": [10.26699, 27.03028, -34.925], "size": [2, 2, 1.575], "inflate": -0.3, "pivot": [11.26699, 28.03028, -19.41988], "rotation": [0, 0, 45], "uv": [6, 166]}
					]
				},
				{
					"name": "muzzleflash",
					"parent": "barrel",
					"pivot": [11.26699, 28.03, -34.71],
					"cubes": [
						{"origin": [10.76699, 27.53, -35.21], "size": [1, 1, 1], "inflate": -0.4, "uv": [0, 0]}
					]
				},
				{
					"name": "assembly1",
					"parent": "gun",
					"pivot": [11.26699, 19.28635, -17.1814],
					"cubes": [
						{"origin": [9.26699, 19.08028, -0.06988], "size": [4, 1.4, 1], "inflate": -0.202, "pivot": [11.26699, 26.28028, -9.61988], "rotation": [-55, 0, 0], "uv": [88, 160]},
						{"origin": [9.26699, 19.08028, -9.81988], "size": [1.2, 7.4, 10.4], "inflate": -0.2, "pivot": [11.26699, 26.28028, -9.61988], "rotation": [-55, 0, 0], "uv": [126, 75]},
						{"origin": [12.06699, 19.08028, -9.81988], "size": [1.2, 7.4, 10.4], "inflate": -0.2, "pivot": [11.26699, 26.28028, -9.61988], "rotation": [-55, 0, 0], "uv": [126, 112]},
						{
							"origin": [12.87199, 19.78028, -7.81988],
							"size": [0.4, 1.6, 8.4],
							"inflate": -0.2,
							"pivot": [11.26699, 26.28028, -9.61988],
							"rotation": [-55, 0, 0],
							"uv": {
								"north": {"uv": [8, 254], "uv_size": [0, 2]},
								"east": {"uv": [0, 254], "uv_size": [8, 2]},
								"south": {"uv": [16, 254], "uv_size": [0, 2]},
								"west": {"uv": [0, 169], "uv_size": [27, 4]},
								"up": {"uv": [0, 248], "uv_size": [0, 8]},
								"down": {"uv": [8, 254], "uv_size": [0, -8]}
							}
						},
						{
							"origin": [9.26199, 19.78028, -7.81988],
							"size": [0.4, 1.6, 8.4],
							"inflate": -0.2,
							"pivot": [11.26699, 26.28028, -9.61988],
							"rotation": [-55, 0, 0],
							"uv": {
								"north": {"uv": [8, 254], "uv_size": [0, 2]},
								"east": {"uv": [0, 169], "uv_size": [27, 4]},
								"south": {"uv": [16, 254], "uv_size": [0, 2]},
								"west": {"uv": [8, 254], "uv_size": [-8, 2]},
								"up": {"uv": [0, 248], "uv_size": [0, 8]},
								"down": {"uv": [8, 254], "uv_size": [0, -8]}
							}
						},
						{"origin": [12.06699, 25.13641, -9.58031], "size": [1.2, 1, 2], "inflate": -0.2, "pivot": [12.66699, 25.63641, -8.80531], "rotation": [-55, 0, 0], "uv": [166, 54]},
						{"origin": [12.06699, 23.66885, -8.77165], "size": [1.2, 1.5, 1], "inflate": -0.202, "uv": [166, 125]},
						{"origin": [9.26699, 25.13641, -9.58031], "size": [1.2, 1, 2], "inflate": -0.2, "pivot": [9.86699, 25.63641, -8.80531], "rotation": [-55, 0, 0], "uv": [56, 166]},
						{"origin": [9.26699, 23.66885, -8.77165], "size": [1.2, 1.5, 1], "inflate": -0.202, "uv": [126, 166]},
						{"origin": [10.06699, 19.08028, -8.81988], "size": [2.4, 1, 9.4], "inflate": -0.2, "pivot": [11.26699, 26.28028, -9.61988], "rotation": [-55, 0, 0], "uv": [120, 141]},
						{"origin": [12.06699, 20.57628, -18.31988], "size": [1.2, 2.4, 5.4], "inflate": -0.196, "uv": [0, 154]},
						{"origin": [12.06699, 20.58028, -18.81988], "size": [1.2, 3.5, 2.4], "inflate": -0.2, "pivot": [12.66699, 20.78028, -18.61988], "rotation": [35, 0, 0], "uv": [6, 161]},
						{"origin": [12.06699, 16.58028, -13.86988], "size": [1, 2, 3], "inflate": -0.202, "uv": [160, 0]},
						{"origin": [12.06699, 16.58028, -13.86988], "size": [1, 6, 2.2], "inflate": -0.198, "pivot": [12.56699, 16.78028, -13.66988], "rotation": [35, 0, 0], "uv": [82, 158]},
						{"origin": [12.06699, 22.07628, -18.31988], "size": [1.2, 1.4, 5.4], "inflate": -0.198, "uv": [154, 44]},
						{"origin": [12.06699, 22.07628, -18.81988], "size": [1.2, 1.4, 1], "inflate": -0.198, "uv": [118, 166]},
						{"origin": [12.06699, 20.57628, -18.81988], "size": [1.2, 2.4, 1], "inflate": -0.196, "uv": [68, 166]},
						{"origin": [9.26699, 22.07628, -18.81988], "size": [1.2, 1.4, 1], "inflate": -0.198, "uv": [122, 166]},
						{"origin": [9.26699, 20.57628, -18.81988], "size": [1.2, 2.4, 1], "inflate": -0.196, "uv": [80, 166]},
						{"origin": [9.26699, 20.58028, -18.81988], "size": [1.2, 3.5, 2.4], "inflate": -0.2, "pivot": [9.86699, 20.78028, -18.61988], "rotation": [35, 0, 0], "uv": [96, 163]},
						{"origin": [9.46699, 16.58028, -13.86988], "size": [1, 6, 2.2], "inflate": -0.198, "pivot": [9.96699, 16.78028, -13.66988], "rotation": [35, 0, 0], "uv": [158, 151]},
						{"origin": [9.46699, 16.58028, -13.86988], "size": [1, 2, 3], "inflate": -0.202, "uv": [160, 5]},
						{"origin": [9.26699, 20.57628, -18.31988], "size": [1.2, 2.4, 5.4], "inflate": -0.196, "uv": [154, 37]},
						{"origin": [9.26699, 22.07628, -18.31988], "size": [1.2, 1.4, 5.4], "inflate": -0.198, "uv": [40, 158]},
						{"origin": [12.06699, 13.58028, -9.61988], "size": [1.2, 2, 6], "inflate": -0.198, "uv": [26, 120]},
						{"origin": [12.06699, 22.08028, 0.18012], "size": [1.2, 2.4, 2.4], "inflate": -0.2, "pivot": [11.26699, 26.28028, -9.61988], "rotation": [-55, 0, 0], "uv": [164, 154]},
						{"origin": [12.06699, 20.08028, 0.18012], "size": [1.2, 2.4, 1.4], "inflate": -0.2, "pivot": [11.26699, 26.28028, -9.61988], "rotation": [-55, 0, 0], "uv": [28, 161]},
						{"origin": [12.06699, 24.08028, 0.18012], "size": [1.2, 2.4, 3.4], "inflate": -0.2, "pivot": [11.26699, 26.28028, -9.61988], "rotation": [-55, 0, 0], "uv": [118, 159]},
						{"origin": [12.06699, 13.58028, -4.01588], "size": [1.2, 1, 2.875], "inflate": -0.196, "pivot": [11.26699, 13.78028, -3.81588], "rotation": [48.25, 0, 0], "uv": [166, 32]},
						{"origin": [9.26699, 13.58028, -9.61988], "size": [1.2, 2, 6], "inflate": -0.198, "uv": [60, 152]},
						{"origin": [9.26699, 13.58028, -4.01588], "size": [1.2, 1, 2.875], "inflate": -0.196, "pivot": [11.26699, 13.78028, -3.81588], "rotation": [48.25, 0, 0], "uv": [166, 35]},
						{"origin": [9.26699, 24.08028, 0.18012], "size": [1.2, 2.4, 3.4], "inflate": -0.2, "pivot": [11.26699, 26.28028, -9.61988], "rotation": [-55, 0, 0], "uv": [154, 159]},
						{"origin": [9.26699, 22.08028, 0.18012], "size": [1.2, 2.4, 2.4], "inflate": -0.2, "pivot": [11.26699, 26.28028, -9.61988], "rotation": [-55, 0, 0], "uv": [102, 163]},
						{"origin": [9.26699, 20.08028, 0.18012], "size": [1.2, 2.4, 1.4], "inflate": -0.2, "pivot": [11.26699, 26.28028, -9.61988], "rotation": [-55, 0, 0], "uv": [166, 65]},
						{"origin": [9.26699, 23.08028, -31.31988], "size": [1.2, 3.4, 21.4], "inflate": -0.196, "uv": [44, 55]},
						{"origin": [10.06699, 24.08028, -31.31988], "size": [2.4, 2.4, 6.4], "inflate": -0.196, "uv": [110, 151]},
						{"origin": [9.26699, 23.08028, -10.31988], "size": [4, 3.4, 1.4], "inflate": -0.198, "uv": [136, 37]},
						{"origin": [9.26699, 25.48028, -9.69088], "size": [4, 1, 1], "inflate": -0.198, "uv": [160, 139]},
						{"origin": [12.06699, 23.08028, -31.31988], "size": [1.2, 3.4, 21.4], "inflate": -0.196, "uv": [0, 55]}
					]
				},
				{
					"name": "assembly2",
					"parent": "assembly1",
					"pivot": [11.26699, 20.28028, -19.11988],
					"cubes": [
						{"origin": [9.76699, 15.28028, -25.11988], "size": [3, 11, 12], "inflate": 0.002, "uv": [66, 119]}
					]
				},
				{
					"name": "assembly3",
					"parent": "assembly1",
					"pivot": [11.26699, 23.78473, -29.60964],
					"cubes": [
						{"origin": [12.06699, 19.10528, -19.81988], "size": [1.2, 3.7, 2.4], "inflate": -0.202, "pivot": [12.66699, 17.78028, -20.31988], "rotation": [35, 0, 0], "uv": [162, 159]},
						{"origin": [12.06699, 17.05528, -15.06988], "size": [1.2, 2.425, 1.5], "inflate": -0.2, "pivot": [12.56699, 13.78028, -15.26988], "rotation": [35, 0, 0], "uv": [72, 166]},
						{"origin": [12.06699, 16.37628, -26.06988], "size": [1.2, 4.4, 9.4], "inflate": -0.196, "uv": [136, 24]},
						{"origin": [12.06699, 16.37628, -17.06988], "size": [1.2, 1.4, 2], "inflate": -0.196, "uv": [166, 38]},
						{"origin": [12.06699, 16.37628, -15.46188], "size": [1.2, 1.4, 1.4], "inflate": -0.198, "pivot": [12.66699, 16.57628, -15.26188], "rotation": [45, 0, 0], "uv": [166, 119]},
						{"origin": [12.06699, 16.05528, -13.96988], "size": [1.2, 4.425, 1.5], "inflate": -0.2, "pivot": [12.56699, 13.78028, -15.26988], "rotation": [35, 0, 0], "uv": [166, 41]},
						{"origin": [12.06699, 20.37628, -26.06988], "size": [1.2, 1.1, 5.4], "inflate": -0.198, "uv": [154, 50]},
						{"origin": [12.06699, 12.37628, -26.06988], "size": [1.2, 4.4, 4.4], "inflate": -0.196, "uv": [110, 142]},
						{"origin": [12.06699, 12.37628, -25.06988], "size": [1.2, 5.4, 3.4], "inflate": -0.198, "pivot": [12.66699, 12.57628, -21.86988], "rotation": [-35, 0, 0], "uv": [74, 158]},
						{"origin": [9.26699, 22.07628, -30.06988], "size": [4, 1.4, 1.825], "inflate": -0.198, "pivot": [12.66699, 22.27628, -29.86988], "rotation": [-45, 0, 0], "uv": [160, 110]},
						{"origin": [12.06699, 21.07628, -29.06988], "size": [1.2, 1.4, 8.4], "inflate": -0.196, "uv": [150, 92]},
						{"origin": [12.06699, 22.07628, -30.06988], "size": [1.2, 1.4, 9.4], "inflate": -0.196, "uv": [24, 143]},
						{"origin": [9.26699, 12.37628, -25.06988], "size": [1.2, 5.4, 3.4], "inflate": -0.198, "pivot": [9.86699, 12.57628, -21.86988], "rotation": [-35, 0, 0], "uv": [126, 158]},
						{"origin": [9.26699, 12.37628, -26.06988], "size": [1.2, 4.4, 4.4], "inflate": -0.196, "uv": [156, 24]},
						{"origin": [9.26699, 22.07628, -30.06988], "size": [1.2, 1.4, 9.4], "inflate": -0.196, "uv": [0, 144]},
						{"origin": [9.26699, 20.37628, -26.06988], "size": [1.2, 1.1, 5.4], "inflate": -0.198, "uv": [154, 56]},
						{"origin": [9.26699, 19.10528, -19.81988], "size": [1.2, 3.7, 2.4], "inflate": -0.202, "pivot": [9.86699, 17.78028, -20.31988], "rotation": [35, 0, 0], "uv": [12, 163]},
						{"origin": [9.26699, 21.07628, -29.06988], "size": [1.2, 1.4, 8.4], "inflate": -0.196, "uv": [150, 101]},
						{"origin": [9.26699, 16.37628, -26.06988], "size": [1.2, 4.4, 9.4], "inflate": -0.196, "uv": [140, 0]},
						{"origin": [9.26699, 16.37628, -17.06988], "size": [1.2, 1.4, 2], "inflate": -0.196, "uv": [166, 46]},
						{"origin": [9.26699, 17.05528, -15.06988], "size": [1.2, 2.425, 1.5], "inflate": -0.2, "pivot": [9.96699, 13.78028, -15.26988], "rotation": [35, 0, 0], "uv": [76, 166]},
						{"origin": [9.26699, 16.05528, -13.96988], "size": [1.2, 4.425, 1.5], "inflate": -0.2, "pivot": [9.96699, 13.78028, -15.26988], "rotation": [35, 0, 0], "uv": [166, 49]},
						{"origin": [9.26699, 16.37628, -15.46188], "size": [1.2, 1.4, 1.4], "inflate": -0.198, "pivot": [9.86699, 16.57628, -15.26188], "rotation": [45, 0, 0], "uv": [166, 121]},
						{"origin": [10.06699, 12.37628, -26.06988], "size": [2.4, 9.4, 1.4], "inflate": -0.196, "uv": [90, 21]},
						{"origin": [9.26699, 22.07228, -31.32388], "size": [4, 1.4, 1.65], "inflate": -0.2, "uv": [160, 137]},
						{"origin": [10.06699, 21.07628, -29.06988], "size": [2.4, 1.4, 3.4], "inflate": -0.196, "uv": [150, 137]},
						{"origin": [9.26699, 22.07228, -32.12388], "size": [4, 2.4, 1.2], "inflate": -0.202, "pivot": [11.26699, 22.27228, -31.12388], "rotation": [-23.5, 0, 0], "uv": [160, 10]},
						{"origin": [10.84199, 14.37628, -26.06988], "size": [2.425, 5.4, 1.4], "inflate": -0.2, "pivot": [13.06699, 17.07628, -25.86988], "rotation": [0, -27.5, 0], "uv": [66, 160]},
						{"origin": [9.26699, 14.37628, -26.06988], "size": [2.425, 5.4, 1.4], "inflate": -0.202, "pivot": [9.46699, 17.07628, -25.86988], "rotation": [0, 27.5, 0], "uv": [0, 161]}
					]
				},
				{
					"name": "armL_mag",
					"parent": "main",
					"pivot": [11.26699, 13.88086, -19.11703]
				},
				{
					"name": "leftarm",
					"parent": "armL_mag",
					"pivot": [27.71699, 14.14784, -10.90308],
					"rotation": [-99.80931, 37.59591, -4.12454],
					"cubes": [
						{"origin": [23.71699, -9.85216, -14.90308], "size": [8, 24, 8], "uv": [172, 32]}
					]
				},
				{
					"name": "magazine",
					"parent": "armL_mag",
					"pivot": [11.26699, 13.88086, -19.11703],
					"cubes": [
						{"origin": [9.76699, 2.88028, -24.11988], "size": [3, 23, 10], "uv": [40, 100]},
						{"origin": [9.76699, 1.88028, -24.11988], "size": [3, 1, 9], "uv": [26, 133]},
						{"origin": [9.76699, 1.88028, -24.11988], "size": [3, 1, 9], "inflate": -0.002, "pivot": [11.26699, 1.88028, -24.11988], "rotation": [-2.5, 0, 0], "uv": [0, 134]},
						{"origin": [9.76699, 1.48771, -15.12845], "size": [3, 1, 1.725], "inflate": -0.002, "pivot": [11.26699, 1.48771, -15.12845], "rotation": [54, 0, 0], "uv": [158, 164]}
					]
				},
				{
					"name": "bullet",
					"parent": "magazine",
					"pivot": [11.26699, 25.88028, -19.11988],
					"cubes": [
						{"origin": [10.26699, 24.88028, -24.11988], "size": [2, 2, 10], "inflate": -0.4, "pivot": [11.26699, 25.88028, -19.11988], "rotation": [0, 0, 45], "uv": [128, 63]}
					]
				},
				{
					"name": "scope",
					"pivot": [0.00866, 34.53, 5.29],
					"rotation": [0, 0, -60],
					"cubes": [
						{"origin": [-0.49134, 34.03, 4.79], "size": [1, 1, 1], "inflate": -0.4, "pivot": [0.00866, 34.53, 5.29], "rotation": [0, 0, -60], "uv": [0, 0]}
					]
				},
				{
					"name": "reticle",
					"pivot": [0.00866, 34.53, -0.71],
					"rotation": [0, 0, -60],
					"cubes": [
						{"origin": [-0.49134, 34.03, -1.21], "size": [1, 1, 1], "pivot": [0.00866, 34.53, -0.71], "rotation": [0, 0, -60], "uv": [0, 0]}
					]
				},
				{
					"name": "_camera_",
					"pivot": [22.76699, 41.495, 17]
				}
			]
		}
	]
}