{
	"format_version": "1.12.0",
	"minecraft:geometry": [
		{
			"description": {
				"identifier": "geometry.unknown",
				"texture_width": 256,
				"texture_height": 256,
				"visible_bounds_width": 8,
				"visible_bounds_height": 5,
				"visible_bounds_offset": [0, 1.5, 0]
			},
			"bones": [
				{
					"name": "main",
					"pivot": [0, 20, 0]
				},
				{
					"name": "armR_gun",
					"parent": "main",
					"pivot": [0, 20, 0]
				},
				{
					"name": "gun",
					"parent": "armR_gun",
					"pivot": [1, 11, -1],
					"cubes": [
						{
							"origin": [0.95, 27.67936, -3.26884],
							"size": [0, 1.5, 2],
							"pivot": [0.71921, 28.77936, -1.76884],
							"rotation": [0, 0, -32.5],
							"uv": {
								"north": {"uv": [2, 255], "uv_size": [0, 1]},
								"east": {"uv": [0, 255], "uv_size": [2, 1]},
								"south": {"uv": [4, 255], "uv_size": [0, 1]},
								"west": {"uv": [64, 170], "uv_size": [6, 1]},
								"up": {"uv": [2, 253], "uv_size": [0, 2]},
								"down": {"uv": [2, 255], "uv_size": [0, -2]}
							}
						},
						{
							"origin": [-0.95, 27.67936, -3.26884],
							"size": [0, 1.5, 2],
							"pivot": [-0.71921, 28.77936, -1.76884],
							"rotation": [0, 0, 32.5],
							"uv": {
								"north": {"uv": [2, 255], "uv_size": [0, 1]},
								"east": {"uv": [76, 170], "uv_size": [-6, 1]},
								"south": {"uv": [4, 255], "uv_size": [0, 1]},
								"west": {"uv": [2, 255], "uv_size": [-2, 1]},
								"up": {"uv": [2, 253], "uv_size": [0, 2]},
								"down": {"uv": [2, 255], "uv_size": [0, -2]}
							}
						},
						{"origin": [-1.25, 28.98485, -9.52084], "size": [2.5, 1, 8.5], "inflate": -0.25, "uv": [20, 128]},
						{"origin": [-0.75, 28.98485, -15.52084], "size": [1.5, 1, 6.5], "inflate": -0.25, "uv": [148, 0]},
						{"origin": [-0.65, 23.82127, -15.64431], "size": [1.3, 1.3, 0], "pivot": [0, 24.47127, -12.14431], "rotation": [0, 0, 45], "uv": [52, 159]},
						{"origin": [-1, 23.67253, -54.66884], "size": [2, 2, 21.25], "inflate": -0.25, "pivot": [0, 24.67253, -18.66884], "rotation": [0, 0, 45], "uv": [52, 55]},
						{"origin": [0, 26.17253, -40.66884], "size": [1, 1, 3], "pivot": [0, 27.17253, -16.91884], "rotation": [0, 0, 45], "uv": [142, 158]},
						{"origin": [-1.5, 19.77253, -15.96884], "size": [3, 1.075, 2.05], "inflate": -0.005, "uv": [146, 18]},
						{"origin": [-1.5, 19.77253, -15.66884], "size": [1, 3.2, 8.4], "uv": [128, 10]},
						{"origin": [-1.5, 16.97253, -8.26884], "size": [1, 1, 3], "uv": [68, 158]},
						{"origin": [-1.5, 22.57253, -15.66884], "size": [1, 1, 8.4], "inflate": -0.002, "uv": [20, 137]},
						{"origin": [-1.8, 25.27253, -15.96884], "size": [3.6, 1, 9], "inflate": -0.3, "uv": [66, 22]},
						{"origin": [-1.5, 13.57253, 2.73116], "size": [3, 7, 4], "inflate": -0.002, "pivot": [0, 17.47253, 4.73116], "rotation": [32.5, 0, 0], "uv": [114, 138]},
						{"origin": [-1.5, 11.97253, 4.73116], "size": [3, 5, 5], "uv": [98, 138]},
						{"origin": [-1.5, 18.97253, 0.73116], "size": [3, 3, 5], "uv": [144, 145]},
						{"origin": [-1.5, 20.87253, 3.23116], "size": [3, 2, 1], "inflate": -0.002, "pivot": [0, 18.97253, 4.73116], "rotation": [-42.5, 0, 0], "uv": [8, 160]},
						{"origin": [-1.5, 21.97253, -7.26884], "size": [3, 4, 15], "inflate": 0.002, "uv": [102, 93]},
						{"origin": [-1.5, 22.97253, 7.73116], "size": [3, 3, 1], "inflate": 0.002, "uv": [0, 159]},
						{"origin": [-1, 22.77253, 9.23116], "size": [2, 3.7, 2], "inflate": -0.3, "pivot": [0, 24.62253, 10.23116], "rotation": [0, -45, 0], "uv": [156, 81]},
						{"origin": [-1.55, 24.97253, 8.43116], "size": [3.1, 1, 2.1], "inflate": -0.3, "uv": [156, 78]},
						{"origin": [-1.325, 24.97253, 9.10616], "size": [2.375, 1, 2.375], "inflate": -0.302, "pivot": [0, 25.47253, 10.43116], "rotation": [0, -45, 0], "uv": [54, 160]},
						{"origin": [-1.325, 23.37253, 9.10616], "size": [2.375, 1, 2.375], "inflate": -0.302, "pivot": [0, 23.87253, 10.43116], "rotation": [0, -45, 0], "uv": [98, 160]},
						{"origin": [-1.55, 23.37253, 8.43116], "size": [3.1, 1, 2.1], "inflate": -0.3, "uv": [156, 86]},
						{"origin": [1, 24.77253, -7.46884], "size": [1, 1, 9.4], "inflate": -0.202, "pivot": [1.5, 25.27253, -2.76884], "rotation": [0, 0, 45], "uv": [88, 127]},
						{"origin": [1.12426, 23.67253, -7.46884], "size": [1, 1.8, 1], "inflate": -0.2, "uv": [124, 149]},
						{"origin": [1.12426, 23.67253, -16.46884], "size": [1, 1.8, 1], "inflate": -0.2, "uv": [14, 150]},
						{"origin": [1, 23.37253, -7.46884], "size": [1, 1, 6.4], "inflate": -0.202, "pivot": [1.5, 23.87253, -2.76884], "rotation": [0, 0, 45], "uv": [88, 117]},
						{"origin": [1, 24.77253, -17.46884], "size": [1, 1, 2], "inflate": -0.202, "pivot": [1.5, 25.27253, -12.76884], "rotation": [0, 0, 45], "uv": [162, 110]},
						{"origin": [1, 23.37253, -17.46884], "size": [1, 1, 2], "inflate": -0.202, "pivot": [1.5, 23.87253, -12.76884], "rotation": [0, 0, 45], "uv": [76, 162]},
						{"origin": [-2, 24.77253, -7.46884], "size": [1, 1, 9.4], "inflate": -0.202, "pivot": [-1.5, 25.27253, -2.76884], "rotation": [0, 0, -45], "uv": [0, 128]},
						{"origin": [-2.12426, 23.67253, -7.46884], "size": [1, 1.8, 1], "inflate": -0.2, "uv": [124, 151]},
						{"origin": [-2, 23.37253, -7.46884], "size": [1, 1, 6.4], "inflate": -0.202, "pivot": [-1.5, 23.87253, -2.76884], "rotation": [0, 0, -45], "uv": [82, 146]},
						{"origin": [-2, 24.77253, -17.46884], "size": [1, 1, 2], "inflate": -0.202, "pivot": [-1.5, 25.27253, -12.76884], "rotation": [0, 0, -45], "uv": [162, 116]},
						{"origin": [-2.12426, 23.67253, -16.46884], "size": [1, 1.8, 1], "inflate": -0.2, "uv": [150, 50]},
						{"origin": [-2, 23.37253, -17.46884], "size": [1, 1, 2], "inflate": -0.202, "pivot": [-1.5, 23.87253, -12.76884], "rotation": [0, 0, -45], "uv": [162, 113]},
						{"origin": [-1.5, 23.97253, -33.66884], "size": [3, 2, 16], "uv": [102, 75]},
						{"origin": [-1, 23.49753, -37.66884], "size": [2, 2.5, 1], "inflate": -0.005, "uv": [162, 119]},
						{"origin": [0.7, 23.77253, -44.86884], "size": [1, 2.4, 11.4], "inflate": -0.2, "uv": [102, 114]},
						{"origin": [0.7, 22.54753, -44.86884], "size": [1, 1.625, 11.4], "inflate": -0.202, "pivot": [1.5, 23.97253, -41.16884], "rotation": [0, 0, 34.75], "uv": [126, 41]},
						{"origin": [-1.7, 22.54753, -44.86884], "size": [1, 1.625, 11.4], "inflate": -0.202, "pivot": [-1.5, 23.97253, -41.16884], "rotation": [0, 0, -34.75], "uv": [126, 114]},
						{"origin": [-1, 22.77253, -44.86884], "size": [2, 1, 11.4], "inflate": -0.2, "uv": [100, 41]},
						{"origin": [-1.7, 23.77253, -44.86884], "size": [1, 2.4, 11.4], "inflate": -0.2, "uv": [64, 117]},
						{"origin": [0.7, 23.77253, -44.86884], "size": [1, 2.4, 7.4], "inflate": -0.206, "pivot": [0, 25.97253, -44.66884], "rotation": [16.25, 0, 0], "uv": [140, 82]},
						{"origin": [-1.7, 23.77253, -44.86884], "size": [1, 2.4, 7.4], "inflate": -0.206, "pivot": [0, 25.97253, -44.66884], "rotation": [16.25, 0, 0], "uv": [140, 73]},
						{"origin": [-1.5, 21.97253, -17.66884], "size": [3, 4, 2], "inflate": 0.002, "uv": [12, 154]},
						{"origin": [-1.5, 26.97253, -15.66884], "size": [3, 1, 2.1], "uv": [148, 7]},
						{"origin": [-1.8, 26.67253, -13.86884], "size": [3.6, 1, 6.9], "inflate": -0.3, "uv": [144, 138]},
						{"origin": [-1.8, 26.67253, -7.56884], "size": [3.6, 1, 1.6], "inflate": -0.3, "uv": [162, 44]},
						{"origin": [-1.8, 27.07253, -13.86484], "size": [3.6, 1.2, 1.15], "inflate": -0.3, "uv": [162, 16]},
						{"origin": [0.8, 27.67253, -13.86484], "size": [1, 1.6, 1.15], "inflate": -0.3, "pivot": [1.5, 27.97253, -13.21484], "rotation": [0, 0, -32.5], "uv": [128, 166]},
						{"origin": [-1.8, 27.07253, -11.76484], "size": [3.6, 1.2, 1.65], "inflate": -0.3, "uv": [162, 46]},
						{"origin": [0.8, 27.67253, -11.76484], "size": [1, 1.6, 1.65], "inflate": -0.3, "pivot": [1.5, 27.97253, -11.11484], "rotation": [0, 0, -32.5], "uv": [132, 166]},
						{"origin": [-1.8, 27.07253, -9.16484], "size": [3.6, 1.2, 1.15], "inflate": -0.3, "uv": [162, 48]},
						{"origin": [0.8, 27.67253, -9.16484], "size": [1, 1.6, 1.15], "inflate": -0.3, "pivot": [1.5, 27.97253, -8.71484], "rotation": [0, 0, -32.5], "uv": [56, 167]},
						{"origin": [-1.8, 27.07253, -8.61484], "size": [3.6, 1.2, 1.125], "inflate": -0.3, "uv": [68, 162]},
						{"origin": [0.8, 27.67253, -8.61484], "size": [1, 1.6, 1.125], "inflate": -0.3, "pivot": [1.5, 27.97253, -8.31484], "rotation": [0, 0, -32.5], "uv": [60, 167]},
						{"origin": [-1.8, 27.67253, -11.76484], "size": [1, 1.6, 1.65], "inflate": -0.3, "pivot": [-1.5, 27.97253, -11.11484], "rotation": [0, 0, 32.5], "uv": [82, 167]},
						{"origin": [-1.8, 27.67253, -8.61484], "size": [1, 1.6, 1.125], "inflate": -0.3, "pivot": [-1.5, 27.97253, -8.31484], "rotation": [0, 0, 32.5], "uv": [72, 167]},
						{"origin": [-1.8, 27.67253, -9.16484], "size": [1, 1.6, 1.15], "inflate": -0.3, "pivot": [-1.5, 27.97253, -8.71484], "rotation": [0, 0, 32.5], "uv": [68, 167]},
						{"origin": [-1.8, 27.67253, -13.86484], "size": [1, 1.6, 1.15], "inflate": -0.3, "pivot": [-1.5, 27.97253, -13.21484], "rotation": [0, 0, 32.5], "uv": [64, 167]},
						{"origin": [-1.5, 26.97253, -6.26884], "size": [3, 1, 6], "inflate": 0.002, "uv": [56, 139]},
						{"origin": [-1.5, 26.97253, -0.99384], "size": [3, 1, 1], "inflate": -0.002, "uv": [162, 10]},
						{"origin": [-0.7, 27.93485, -7.27084], "size": [1.4, 1.3, 6], "inflate": 0.002, "uv": [128, 147]},
						{"origin": [-0.7, 28.23485, -17.67084], "size": [1.4, 1, 2], "uv": [150, 162]},
						{"origin": [-0.7, 28.23485, -19.72084], "size": [1.4, 1, 2.05], "pivot": [0, 29.23485, -17.67084], "rotation": [11.75, 0, 0], "uv": [22, 163]},
						{"origin": [0, 28.53485, -20.02084], "size": [1, 1, 2.65], "inflate": -0.302, "pivot": [0.7, 29.23485, -17.67084], "rotation": [11.83576, -6.85261, -1.43233], "uv": [28, 163]},
						{"origin": [-1, 28.53485, -20.02084], "size": [1, 1, 2.65], "inflate": -0.302, "pivot": [-0.7, 29.23485, -17.67084], "rotation": [11.83576, 6.85261, 1.43233], "uv": [34, 163]},
						{"origin": [-0.7, 28.23485, -15.67084], "size": [1.4, 1, 8.4], "uv": [138, 21]},
						{"origin": [-1.5, 25.97253, -3.26884], "size": [3, 1, 4], "inflate": 0.002, "uv": [150, 39]},
						{"origin": [-1.5, 24.97253, -0.81884], "size": [3, 1, 2.825], "pivot": [0, 25.97253, 2.00616], "rotation": [-45, 0, 0], "uv": [154, 70]},
						{"origin": [-0.7, 23.97253, 0.68116], "size": [1.4, 2, 3.825], "inflate": -0.002, "pivot": [0, 25.97253, 4.50616], "rotation": [-55, 0, 0], "uv": [156, 73]},
						{"origin": [-0.7, 25.10578, -1.51277], "size": [1.4, 4, 3.825], "uv": [80, 130]},
						{"origin": [-0.7, 24.97253, -2.61884], "size": [1.4, 1, 1.8], "pivot": [0, 25.97253, 2.00616], "rotation": [-45, 0, 0], "uv": [166, 26]},
						{"origin": [-0.7, 28.24289, -1.2642], "size": [1.4, 1, 1.975], "inflate": -0.002, "pivot": [0.7, 29.24289, -1.2642], "rotation": [-47.53177, 16.54599, -17.28272], "uv": [28, 166]},
						{"origin": [-0.7, 28.24289, -1.2642], "size": [1.4, 1, 1.975], "inflate": -0.002, "pivot": [-0.7, 29.24289, -1.2642], "rotation": [-47.53177, -16.54599, 17.28272], "uv": [166, 28]},
						{"origin": [-1.5, 26.97253, -38.66884], "size": [3, 1, 23], "uv": [0, 32]},
						{"origin": [0, 27.67253, -34.96884], "size": [1.15, 1.6, 7.6], "inflate": -0.3, "uv": [146, 10]},
						{"origin": [-1.15, 27.67253, -39.96884], "size": [2.3, 1.6, 5.6], "inflate": -0.3, "uv": [96, 148]},
						{"origin": [-1.15, 27.67253, -27.96884], "size": [2.3, 1.6, 3.6], "inflate": -0.3, "uv": [150, 122]},
						{"origin": [-1.15, 27.67253, -34.96884], "size": [1.15, 1.6, 7.6], "inflate": -0.3, "uv": [18, 146]},
						{"origin": [-1.15, 27.67253, -24.96884], "size": [1.15, 1.6, 4.6], "inflate": -0.3, "uv": [124, 154]},
						{"origin": [0, 27.67253, -24.96884], "size": [1.15, 1.6, 4.6], "inflate": -0.3, "uv": [92, 154]},
						{"origin": [0, 27.47253, -24.96884], "size": [1.15, 1.8, 1.6], "inflate": -0.3, "pivot": [0.85, 28.97253, -24.16884], "rotation": [0, 0, -32.5], "uv": [12, 163]},
						{"origin": [0, 27.47253, -34.96884], "size": [1.15, 1.8, 1.6], "inflate": -0.3, "pivot": [0.85, 28.97253, -24.16884], "rotation": [0, 0, -32.5], "uv": [166, 22]},
						{"origin": [-1.15, 27.47253, -34.96884], "size": [1.15, 1.8, 1.6], "inflate": -0.3, "pivot": [-0.85, 28.97253, -24.16884], "rotation": [0, 0, 32.5], "uv": [166, 24]},
						{"origin": [-1.15, 27.47253, -24.96884], "size": [1.15, 1.8, 1.6], "inflate": -0.3, "pivot": [-0.85, 28.97253, -24.16884], "rotation": [0, 0, 32.5], "uv": [24, 166]},
						{"origin": [-0.05579, 27.67936, -15.66884], "size": [1, 1, 2.1], "pivot": [0.71921, 28.77936, -1.76884], "rotation": [0, 0, -32.5], "uv": [162, 137]},
						{"origin": [-1.4, 26.97253, -13.26884], "size": [2.8, 1, 2], "inflate": -0.002, "uv": [160, 145]},
						{"origin": [-0.15802, 27.73701, -13.26884], "size": [1, 1, 2], "pivot": [0.71698, 28.81201, 0.63116], "rotation": [0, 0, -32.5], "uv": [12, 165]},
						{"origin": [-0.84198, 27.73701, -13.26884], "size": [1, 1, 2], "pivot": [-0.71698, 28.81201, 0.63116], "rotation": [0, 0, 32.5], "uv": [162, 164]},
						{"origin": [-0.15802, 27.73701, -10.66884], "size": [1, 1, 2], "pivot": [0.71698, 28.81201, 3.23116], "rotation": [0, 0, -32.5], "uv": [138, 165]},
						{"origin": [-1.4, 26.97253, -10.66884], "size": [2.8, 1, 2], "inflate": -0.002, "uv": [160, 148]},
						{"origin": [-0.84198, 27.73701, -10.66884], "size": [1, 1, 2], "pivot": [-0.71698, 28.81201, 3.23116], "rotation": [0, 0, 32.5], "uv": [76, 165]},
						{"origin": [-0.15802, 27.73701, -8.01884], "size": [1, 1, 2], "pivot": [0.71698, 28.81201, 5.88116], "rotation": [0, 0, -32.5], "uv": [150, 165]},
						{"origin": [-1.4, 26.97253, -8.01884], "size": [2.8, 1, 2], "inflate": -0.002, "uv": [162, 0]},
						{"origin": [-0.84198, 27.73701, -8.01884], "size": [1, 1, 2], "pivot": [-0.71698, 28.81201, 5.88116], "rotation": [0, 0, 32.5], "uv": [144, 165]},
						{"origin": [-0.94421, 27.67936, -15.66884], "size": [1, 1, 2.1], "pivot": [-0.71921, 28.77936, -1.76884], "rotation": [0, 0, 32.5], "uv": [138, 162]},
						{"origin": [-0.05579, 27.67936, -6.26884], "size": [1, 1, 5], "inflate": 0.002, "pivot": [0.71921, 28.77936, -1.76884], "rotation": [0, 0, -32.5], "uv": [150, 116]},
						{"origin": [0.24421, 28.37936, -7.56884], "size": [1, 1.1, 6.6], "inflate": -0.302, "pivot": [0.71921, 28.77936, -1.76884], "rotation": [0, 0, -32.5], "uv": [146, 126]},
						{"origin": [-0.30595, 28.11261, -2.26884], "size": [1, 1.125, 1], "inflate": -0.005, "pivot": [0.69405, 29.23761, -1.26884], "rotation": [40, 0, -32.5], "uv": [166, 30]},
						{"origin": [-0.69405, 28.11261, -2.26884], "size": [1, 1.125, 1], "inflate": -0.005, "pivot": [-0.69405, 29.23761, -1.26884], "rotation": [40, 0, 32.5], "uv": [32, 166]},
						{"origin": [0.24421, 28.37936, -15.96884], "size": [1, 1.1, 8.9999], "inflate": -0.302, "pivot": [0.71921, 28.77936, -1.76884], "rotation": [0, 0, -32.5], "uv": [80, 137]},
						{"origin": [-0.94421, 27.67936, -6.26884], "size": [1, 1, 5], "inflate": 0.002, "pivot": [-0.71921, 28.77936, -1.76884], "rotation": [0, 0, 32.5], "uv": [150, 110]},
						{"origin": [-0.94421, 27.67936, -19.66884], "size": [1, 1, 4], "pivot": [-0.71921, 28.77936, -16.16884], "rotation": [0, 0, 32.5], "uv": [102, 155]},
						{"origin": [-0.05579, 27.67936, -19.66884], "size": [1, 1, 4], "pivot": [0.71921, 28.77936, -16.16884], "rotation": [0, 0, -32.5], "uv": [154, 153]},
						{"origin": [-0.05579, 28.17936, -17.66884], "size": [1, 1, 2], "inflate": -0.002, "pivot": [0.71921, 28.77936, -16.16884], "rotation": [0, 0, -32.5], "uv": [162, 140]},
						{"origin": [-0.30595, 28.23761, -19.71884], "size": [1, 1, 2.05], "inflate": -0.005, "pivot": [0.69405, 29.23761, -17.66884], "rotation": [13.75, 0, -32.5], "uv": [0, 163]},
						{"origin": [-0.69405, 28.23761, -19.71884], "size": [1, 1, 2.05], "inflate": -0.005, "pivot": [-0.69405, 29.23761, -17.66884], "rotation": [13.75, 0, 32.5], "uv": [6, 163]},
						{"origin": [-0.94421, 28.17936, -17.66884], "size": [1, 1, 2], "inflate": -0.002, "pivot": [-0.71921, 28.77936, -16.16884], "rotation": [0, 0, 32.5], "uv": [144, 162]},
						{"origin": [-1.24421, 28.37936, -15.96884], "size": [1, 1.1, 8.999], "inflate": -0.302, "pivot": [-0.71921, 28.77936, -1.76884], "rotation": [0, 0, 32.5], "uv": [0, 138]},
						{"origin": [-1.24421, 28.37936, -7.56884], "size": [1, 1.1, 6.6], "inflate": -0.302, "pivot": [-0.71921, 28.77936, -1.76884], "rotation": [0, 0, 32.5], "uv": [0, 147]},
						{"origin": [-1.5, 25.57253, -38.66884], "size": [3, 1.4, 1], "inflate": -0.002, "pivot": [0, 26.97253, -38.66884], "rotation": [45, 0, 0], "uv": [162, 3]},
						{"origin": [-1.5, 25.97253, -37.66884], "size": [3, 1, 4], "uv": [146, 133]},
						{"origin": [-1.25, 25.87253, -33.76884], "size": [2.5, 1.2, 31], "inflate": -0.1, "uv": [0, 0]},
						{"origin": [0.5, 19.77253, -15.66884], "size": [1, 3.2, 8.4], "uv": [108, 127]},
						{"origin": [0.5, 16.97253, -8.26884], "size": [1, 4, 2], "inflate": -0.005, "pivot": [0, 16.97253, -8.26884], "rotation": [30, 0, 0], "uv": [74, 139]},
						{"origin": [-1.5, 16.97253, -8.26884], "size": [1, 4, 2], "inflate": -0.005, "pivot": [0, 16.97253, -8.26884], "rotation": [30, 0, 0], "uv": [74, 139], "mirror": true},
						{"origin": [-1.25, 16.97253, -5.46884], "size": [2.5, 3, 1], "pivot": [0, 16.97253, -5.46884], "rotation": [22.5, 0, 0], "uv": [62, 160]},
						{"origin": [-1.25, 18.12685, -6.19301], "size": [2.5, 2, 1], "inflate": 0.002, "pivot": [0, 20.12685, -5.69301], "rotation": [45, 0, 0], "uv": [46, 75]},
						{"origin": [-1.25, 19.97253, -5.46884], "size": [2.5, 3, 6], "pivot": [0, 16.97253, -5.46884], "rotation": [22.5, 0, 0], "uv": [128, 138]},
						{"origin": [-0.7, 20.42295, -1.14973], "size": [1.4, 2, 1.2], "inflate": -0.2, "pivot": [0, 22.42295, -0.14973], "rotation": [5, 0, 0], "uv": [14, 147]},
						{"origin": [-0.7, 19.2298, -0.99285], "size": [1.4, 1.6, 1.2], "inflate": -0.202, "pivot": [0, 20.6298, 0.00715], "rotation": [-12.5, 0, 0], "uv": [56, 137]},
						{"origin": [-1.5, 17.97253, -6.56884], "size": [3, 4, 1.1], "inflate": 0.002, "pivot": [0, 16.97253, -5.46884], "rotation": [22.5, 0, 0], "uv": [156, 34]},
						{"origin": [-1.5, 20.97253, -5.46884], "size": [3, 2, 4], "inflate": -0.002, "pivot": [0, 16.97253, -5.46884], "rotation": [22.5, 0, 0], "uv": [110, 149]},
						{"origin": [0.5, 16.97253, -8.26884], "size": [1, 1, 3], "uv": [76, 158]},
						{"origin": [-1.5, 16.97253, -5.26884], "size": [3, 1, 1], "uv": [160, 151]},
						{"origin": [-1.25, 16.97253, -4.26884], "size": [2.5, 1, 6.1], "inflate": -0.002, "pivot": [0, 16.97253, -4.26884], "rotation": [18, 0, 0], "uv": [34, 146]},
						{"origin": [0.5, 22.57253, -15.66884], "size": [1, 1, 8.4], "inflate": -0.002, "uv": [38, 137]},
						{"origin": [-1.5, 19.19753, -17.66884], "size": [3, 2.775, 2], "inflate": -0.002, "pivot": [0, 21.97253, -17.66884], "rotation": [37.5, 0, 0], "uv": [138, 110]},
						{"origin": [-1.725, 26.60578, -38.08723], "size": [3.45, 2, 2], "inflate": -0.2, "pivot": [0, 27.60578, -37.08723], "rotation": [-45, 0, 0], "uv": [156, 30]},
						{"origin": [-1.725, 23.40578, 5.21277], "size": [3.45, 2, 2], "inflate": -0.2, "pivot": [0, 24.40578, 6.21277], "rotation": [-45, 0, 0], "uv": [156, 30]}
					]
				},
				{
					"name": "sights_up",
					"parent": "gun",
					"pivot": [-1, 26.10578, 2.31223]
				},
				{
					"name": "front",
					"parent": "sights_up",
					"pivot": [0, 29.31685, -39.09667],
					"cubes": [
						{"origin": [-1.5, 29.40578, -43.13723], "size": [1, 1, 1], "inflate": -0.2, "uv": [166, 98]},
						{"origin": [-1.525, 28.70578, -39.68723], "size": [3.05, 1.2, 1.2], "inflate": -0.2, "pivot": [0, 29.30578, -39.08723], "rotation": [-45, 0, 0], "uv": [162, 14]},
						{"origin": [-1.5, 29.00578, -40.08723], "size": [1, 1, 1.2], "inflate": -0.2, "uv": [100, 166]},
						{"origin": [-1.5, 28.30578, -39.56223], "size": [1, 1.1, 1.475], "inflate": -0.205, "pivot": [-1, 29.20578, -38.28723], "rotation": [-60, 0, 0], "uv": [166, 100]},
						{"origin": [-1.5, 28.40578, -40.08723], "size": [1, 1, 2], "inflate": -0.2, "uv": [70, 164]},
						{"origin": [-1.5, 28.40578, -43.44723], "size": [1, 1, 2.16], "inflate": -0.202, "pivot": [-1, 28.60578, -41.48723], "rotation": [-34.5, 0, 0], "uv": [164, 71]},
						{"origin": [-1.5, 28.40578, -41.68723], "size": [1, 1, 2], "inflate": -0.2, "uv": [164, 74]},
						{"origin": [-1.5, 30.00578, -41.53723], "size": [1, 1, 3], "inflate": -0.202, "pivot": [-1, 30.80578, -41.33723], "rotation": [-15, 0, 0], "uv": [90, 159]},
						{"origin": [0.5, 30.00578, -41.53723], "size": [1, 1, 3], "inflate": -0.202, "pivot": [1, 30.80578, -41.33723], "rotation": [-15, 0, 0], "uv": [122, 159]},
						{"origin": [0.5, 30.00578, -43.13723], "size": [1, 1, 2], "inflate": -0.2, "uv": [164, 81]},
						{"origin": [-0.7, 29.80578, -42.93723], "size": [1.4, 1, 1.1], "inflate": -0.4, "uv": [166, 102]},
						{"origin": [-1, 29.50578, -43.13723], "size": [2, 1, 1.5], "inflate": -0.3, "uv": [166, 20]},
						{"origin": [0.5, 29.40578, -43.13723], "size": [1, 1, 1], "inflate": -0.2, "uv": [104, 166]},
						{"origin": [0.5, 29.00578, -40.08723], "size": [1, 1, 1.2], "inflate": -0.2, "uv": [166, 104]},
						{"origin": [0.5, 28.30578, -39.56223], "size": [1, 1.1, 1.475], "inflate": -0.205, "pivot": [1, 29.20578, -38.28723], "rotation": [-60, 0, 0], "uv": [166, 106]},
						{"origin": [0.5, 28.40578, -40.08723], "size": [1, 1, 2], "inflate": -0.2, "uv": [82, 164]},
						{"origin": [0.5, 28.40578, -43.44723], "size": [1, 1, 2.16], "inflate": -0.202, "pivot": [1, 28.60578, -41.48723], "rotation": [-34.5, 0, 0], "uv": [164, 153]},
						{"origin": [0.5, 28.40578, -41.68723], "size": [1, 1, 2], "inflate": -0.2, "uv": [156, 164]},
						{"origin": [-1.5, 30.00578, -43.13723], "size": [1, 1, 2], "inflate": -0.2, "uv": [164, 156]},
						{"origin": [-0.5, 30.00578, -42.88723], "size": [1, 1.275, 1], "inflate": -0.4, "pivot": [0, 30.61828, -42.38723], "rotation": [0, -45, 0], "uv": [108, 166]}
					]
				},
				{
					"name": "glow_copperhead",
					"parent": "front",
					"pivot": [0, 30.66828, -42.38723],
					"cubes": [
						{"origin": [-0.6, 30.25578, -42.98723], "size": [1.2, 1.1, 1.2], "inflate": -0.498, "pivot": [0, 30.66828, -42.38723], "rotation": [0, -45, 0], "uv": [166, 108]}
					]
				},
				{
					"name": "rear",
					"parent": "sights_up",
					"pivot": [0, 29.32885, 0.69505],
					"cubes": [
						{"origin": [-1.5, 30.00578, 2.73723], "size": [1, 1, 2], "inflate": -0.2, "uv": [164, 62]},
						{"origin": [0.5, 28.40578, 1.28723], "size": [1, 1, 2], "inflate": -0.2, "uv": [164, 53]},
						{"origin": [0.5, 28.40578, 2.88723], "size": [1, 1, 2.16], "inflate": -0.202, "pivot": [1, 28.60578, 3.08723], "rotation": [34.5, 0, 0], "uv": [164, 59]},
						{"origin": [0.5, 28.40578, -0.31277], "size": [1, 1, 2], "inflate": -0.2, "uv": [58, 164]},
						{"origin": [0.5, 28.30578, -0.31277], "size": [1, 1.1, 1.475], "inflate": -0.205, "pivot": [1, 29.20578, -0.11277], "rotation": [60, 0, 0], "uv": [40, 166]},
						{"origin": [0.5, 29.00578, 0.48723], "size": [1, 1, 1.2], "inflate": -0.2, "uv": [36, 166]},
						{"origin": [0.5, 29.40578, 3.73723], "size": [1, 1, 1], "inflate": -0.2, "uv": [166, 32]},
						{"origin": [-1, 29.50578, 3.23723], "size": [2, 1, 1.5], "inflate": -0.3, "uv": [166, 18]},
						{"origin": [-0.1, 29.80578, 3.23723], "size": [1.1, 1.3, 1], "inflate": -0.4, "uv": [166, 77]},
						{"origin": [-1, 29.80578, 3.23723], "size": [1.1, 1.3, 1], "inflate": -0.4, "uv": [166, 79]},
						{"origin": [-0.1, 30.30578, 3.23723], "size": [1, 1, 1], "inflate": -0.4, "uv": [166, 88]},
						{"origin": [-0.1, 30.28078, 3.23723], "size": [1, 1.025, 1], "inflate": -0.402, "pivot": [0.5, 30.90578, 3.73723], "rotation": [0, 0, -26.75], "uv": [166, 90]},
						{"origin": [-0.1, 30.00578, 3.23723], "size": [1, 1.3, 1], "inflate": -0.402, "pivot": [0.3, 30.90578, 3.73723], "rotation": [0, 0, 15.25], "uv": [166, 92]},
						{"origin": [-0.9, 30.00578, 3.23723], "size": [1, 1.3, 1], "inflate": -0.402, "pivot": [-0.3, 30.90578, 3.73723], "rotation": [0, 0, -15.25], "uv": [166, 94]},
						{"origin": [-0.9, 30.28078, 3.23723], "size": [1, 1.025, 1], "inflate": -0.402, "pivot": [-0.5, 30.90578, 3.73723], "rotation": [0, 0, 26.75], "uv": [92, 166]},
						{"origin": [-0.9, 30.30578, 3.23723], "size": [1, 1, 1], "inflate": -0.4, "uv": [88, 166]},
						{"origin": [-0.7, 29.80578, 3.23723], "size": [1.4, 1.1, 1], "inflate": -0.4, "uv": [166, 86]},
						{"origin": [0.5, 30.00578, 2.73723], "size": [1, 1, 2], "inflate": -0.2, "uv": [164, 56]},
						{"origin": [0.5, 30.00578, 0.13723], "size": [1, 1, 3], "inflate": -0.202, "pivot": [1, 30.80578, 2.93723], "rotation": [15, 0, 0], "uv": [38, 159]},
						{"origin": [-1.5, 30.00578, 0.13723], "size": [1, 1, 3], "inflate": -0.202, "pivot": [-1, 30.80578, 2.93723], "rotation": [15, 0, 0], "uv": [46, 159]},
						{"origin": [-1.5, 28.40578, 1.28723], "size": [1, 1, 2], "inflate": -0.2, "uv": [164, 68]},
						{"origin": [-1.5, 28.40578, 2.88723], "size": [1, 1, 2.16], "inflate": -0.202, "pivot": [-1, 28.60578, 3.08723], "rotation": [34.5, 0, 0], "uv": [164, 65]},
						{"origin": [-1.5, 28.40578, -0.31277], "size": [1, 1, 2], "inflate": -0.2, "uv": [64, 164]},
						{"origin": [-1.5, 28.30578, -0.31277], "size": [1, 1.1, 1.475], "inflate": -0.205, "pivot": [-1, 29.20578, -0.11277], "rotation": [60, 0, 0], "uv": [52, 166]},
						{"origin": [-1.5, 29.00578, 0.48723], "size": [1, 1, 1.2], "inflate": -0.2, "uv": [48, 166]},
						{"origin": [-1.525, 28.70578, 0.08723], "size": [3.05, 1.2, 1.2], "inflate": -0.2, "pivot": [0, 29.30578, 0.68723], "rotation": [45, 0, 0], "uv": [162, 12]},
						{"origin": [-1.5, 29.40578, 3.73723], "size": [1, 1, 1], "inflate": -0.2, "uv": [44, 166]}
					]
				},
				{
					"name": "glow_copperhead2",
					"parent": "rear",
					"pivot": [0.4, 30.80578, 3.73723],
					"cubes": [
						{"origin": [-0.15, 30.25578, 3.239], "size": [1.1, 1.1, 1.2], "inflate": -0.6, "pivot": [0.4, 30.80578, 3.73723], "rotation": [0, 0, 45], "uv": [96, 166]},
						{"origin": [-0.95, 30.25578, 3.239], "size": [1.1, 1.1, 1.2], "inflate": -0.6, "pivot": [-0.4, 30.80578, 3.73723], "rotation": [0, 0, 45], "uv": [166, 96]}
					]
				},
				{
					"name": "sights_down",
					"parent": "gun",
					"pivot": [-1, 26.10578, 2.31223]
				},
				{
					"name": "front2",
					"parent": "sights_down",
					"pivot": [0, 29.31685, -39.09667],
					"rotation": [45, 0, 0],
					"cubes": [
						{"origin": [-1.5, 29.40578, -43.13723], "size": [1, 1, 1], "inflate": -0.2, "uv": [166, 98]},
						{"origin": [-1.525, 28.70578, -39.68723], "size": [3.05, 1.2, 1.2], "inflate": -0.2, "pivot": [0, 29.30578, -39.08723], "rotation": [-45, 0, 0], "uv": [162, 14]},
						{"origin": [-1.5, 29.00578, -40.08723], "size": [1, 1, 1.2], "inflate": -0.2, "uv": [100, 166]},
						{"origin": [-1.5, 28.30578, -39.56223], "size": [1, 1.1, 1.475], "inflate": -0.205, "pivot": [-1, 29.20578, -38.28723], "rotation": [-60, 0, 0], "uv": [166, 100]},
						{"origin": [-1.5, 28.40578, -40.08723], "size": [1, 1, 2], "inflate": -0.2, "uv": [70, 164]},
						{"origin": [-1.5, 28.40578, -43.44723], "size": [1, 1, 2.16], "inflate": -0.202, "pivot": [-1, 28.60578, -41.48723], "rotation": [-34.5, 0, 0], "uv": [164, 71]},
						{"origin": [-1.5, 28.40578, -41.68723], "size": [1, 1, 2], "inflate": -0.2, "uv": [164, 74]},
						{"origin": [-1.5, 30.00578, -41.53723], "size": [1, 1, 3], "inflate": -0.202, "pivot": [-1, 30.80578, -41.33723], "rotation": [-15, 0, 0], "uv": [90, 159]},
						{"origin": [0.5, 30.00578, -41.53723], "size": [1, 1, 3], "inflate": -0.202, "pivot": [1, 30.80578, -41.33723], "rotation": [-15, 0, 0], "uv": [122, 159]},
						{"origin": [0.5, 30.00578, -43.13723], "size": [1, 1, 2], "inflate": -0.2, "uv": [164, 81]},
						{"origin": [-0.7, 29.80578, -42.93723], "size": [1.4, 1, 1.1], "inflate": -0.4, "uv": [166, 102]},
						{"origin": [-1, 29.50578, -43.13723], "size": [2, 1, 1.5], "inflate": -0.3, "uv": [166, 20]},
						{"origin": [0.5, 29.40578, -43.13723], "size": [1, 1, 1], "inflate": -0.2, "uv": [104, 166]},
						{"origin": [0.5, 29.00578, -40.08723], "size": [1, 1, 1.2], "inflate": -0.2, "uv": [166, 104]},
						{"origin": [0.5, 28.30578, -39.56223], "size": [1, 1.1, 1.475], "inflate": -0.205, "pivot": [1, 29.20578, -38.28723], "rotation": [-60, 0, 0], "uv": [166, 106]},
						{"origin": [0.5, 28.40578, -40.08723], "size": [1, 1, 2], "inflate": -0.2, "uv": [82, 164]},
						{"origin": [0.5, 28.40578, -43.44723], "size": [1, 1, 2.16], "inflate": -0.202, "pivot": [1, 28.60578, -41.48723], "rotation": [-34.5, 0, 0], "uv": [164, 153]},
						{"origin": [0.5, 28.40578, -41.68723], "size": [1, 1, 2], "inflate": -0.2, "uv": [156, 164]},
						{"origin": [-1.5, 30.00578, -43.13723], "size": [1, 1, 2], "inflate": -0.2, "uv": [164, 156]},
						{"origin": [-0.5, 30.00578, -42.88723], "size": [1, 1.275, 1], "inflate": -0.4, "pivot": [0, 30.61828, -42.38723], "rotation": [0, -45, 0], "uv": [108, 166]}
					]
				},
				{
					"name": "glow_copperhead3",
					"parent": "front2",
					"pivot": [0, 30.66828, -42.38723],
					"cubes": [
						{"origin": [-0.6, 30.25578, -42.98723], "size": [1.2, 1.1, 1.2], "inflate": -0.498, "pivot": [0, 30.66828, -42.38723], "rotation": [0, -45, 0], "uv": [166, 108]}
					]
				},
				{
					"name": "rear2",
					"parent": "sights_down",
					"pivot": [0, 29.32885, 0.69505],
					"rotation": [-45, 0, 0],
					"cubes": [
						{"origin": [-1.5, 30.00578, 2.73723], "size": [1, 1, 2], "inflate": -0.2, "uv": [164, 62]},
						{"origin": [0.5, 28.40578, 1.28723], "size": [1, 1, 2], "inflate": -0.2, "uv": [164, 53]},
						{"origin": [0.5, 28.40578, 2.88723], "size": [1, 1, 2.16], "inflate": -0.202, "pivot": [1, 28.60578, 3.08723], "rotation": [34.5, 0, 0], "uv": [164, 59]},
						{"origin": [0.5, 28.40578, -0.31277], "size": [1, 1, 2], "inflate": -0.2, "uv": [58, 164]},
						{"origin": [0.5, 28.30578, -0.31277], "size": [1, 1.1, 1.475], "inflate": -0.205, "pivot": [1, 29.20578, -0.11277], "rotation": [60, 0, 0], "uv": [40, 166]},
						{"origin": [0.5, 29.00578, 0.48723], "size": [1, 1, 1.2], "inflate": -0.2, "uv": [36, 166]},
						{"origin": [0.5, 29.40578, 3.73723], "size": [1, 1, 1], "inflate": -0.2, "uv": [166, 32]},
						{"origin": [-1, 29.50578, 3.23723], "size": [2, 1, 1.5], "inflate": -0.3, "uv": [166, 18]},
						{"origin": [-0.1, 29.80578, 3.23723], "size": [1.1, 1.3, 1], "inflate": -0.4, "uv": [166, 77]},
						{"origin": [-1, 29.80578, 3.23723], "size": [1.1, 1.3, 1], "inflate": -0.4, "uv": [166, 79]},
						{"origin": [-0.1, 30.30578, 3.23723], "size": [1, 1, 1], "inflate": -0.4, "uv": [166, 88]},
						{"origin": [-0.1, 30.28078, 3.23723], "size": [1, 1.025, 1], "inflate": -0.402, "pivot": [0.5, 30.90578, 3.73723], "rotation": [0, 0, -26.75], "uv": [166, 90]},
						{"origin": [-0.1, 30.00578, 3.23723], "size": [1, 1.3, 1], "inflate": -0.402, "pivot": [0.3, 30.90578, 3.73723], "rotation": [0, 0, 15.25], "uv": [166, 92]},
						{"origin": [-0.9, 30.00578, 3.23723], "size": [1, 1.3, 1], "inflate": -0.402, "pivot": [-0.3, 30.90578, 3.73723], "rotation": [0, 0, -15.25], "uv": [166, 94]},
						{"origin": [-0.9, 30.28078, 3.23723], "size": [1, 1.025, 1], "inflate": -0.402, "pivot": [-0.5, 30.90578, 3.73723], "rotation": [0, 0, 26.75], "uv": [92, 166]},
						{"origin": [-0.9, 30.30578, 3.23723], "size": [1, 1, 1], "inflate": -0.4, "uv": [88, 166]},
						{"origin": [-0.7, 29.80578, 3.23723], "size": [1.4, 1.1, 1], "inflate": -0.4, "uv": [166, 86]},
						{"origin": [0.5, 30.00578, 2.73723], "size": [1, 1, 2], "inflate": -0.2, "uv": [164, 56]},
						{"origin": [0.5, 30.00578, 0.13723], "size": [1, 1, 3], "inflate": -0.202, "pivot": [1, 30.80578, 2.93723], "rotation": [15, 0, 0], "uv": [38, 159]},
						{"origin": [-1.5, 30.00578, 0.13723], "size": [1, 1, 3], "inflate": -0.202, "pivot": [-1, 30.80578, 2.93723], "rotation": [15, 0, 0], "uv": [46, 159]},
						{"origin": [-1.5, 28.40578, 1.28723], "size": [1, 1, 2], "inflate": -0.2, "uv": [164, 68]},
						{"origin": [-1.5, 28.40578, 2.88723], "size": [1, 1, 2.16], "inflate": -0.202, "pivot": [-1, 28.60578, 3.08723], "rotation": [34.5, 0, 0], "uv": [164, 65]},
						{"origin": [-1.5, 28.40578, -0.31277], "size": [1, 1, 2], "inflate": -0.2, "uv": [64, 164]},
						{"origin": [-1.5, 28.30578, -0.31277], "size": [1, 1.1, 1.475], "inflate": -0.205, "pivot": [-1, 29.20578, -0.11277], "rotation": [60, 0, 0], "uv": [52, 166]},
						{"origin": [-1.5, 29.00578, 0.48723], "size": [1, 1, 1.2], "inflate": -0.2, "uv": [48, 166]},
						{"origin": [-1.525, 28.70578, 0.08723], "size": [3.05, 1.2, 1.2], "inflate": -0.2, "pivot": [0, 29.30578, 0.68723], "rotation": [45, 0, 0], "uv": [162, 12]},
						{"origin": [-1.5, 29.40578, 3.73723], "size": [1, 1, 1], "inflate": -0.2, "uv": [44, 166]}
					]
				},
				{
					"name": "glow_copperhead4",
					"parent": "rear2",
					"pivot": [0.4, 30.80578, 3.73723],
					"cubes": [
						{"origin": [-0.15, 30.25578, 3.239], "size": [1.1, 1.1, 1.2], "inflate": -0.6, "pivot": [0.4, 30.80578, 3.73723], "rotation": [0, 0, 45], "uv": [96, 166]},
						{"origin": [-0.95, 30.25578, 3.239], "size": [1.1, 1.1, 1.2], "inflate": -0.6, "pivot": [-0.4, 30.80578, 3.73723], "rotation": [0, 0, 45], "uv": [166, 96]}
					]
				},
				{
					"name": "GRIP",
					"parent": "gun",
					"pivot": [0, 20.97253, -13.66884],
					"cubes": [
						{"origin": [-2.5, 22.97253, -35.66884], "size": [1, 2, 18], "uv": [64, 78]},
						{"origin": [1.5, 22.97253, -35.66884], "size": [1, 2, 18], "uv": [98, 55]},
						{"origin": [-2.5, 22.97253, -39.66884], "size": [1, 1, 4], "uv": [154, 50]},
						{"origin": [-1.5, 22.97253, -39.66884], "size": [3, 1, 1], "uv": [162, 5]},
						{"origin": [1.5, 22.97253, -39.66884], "size": [1, 1, 4], "uv": [22, 154]},
						{"origin": [1.5, 22.97253, -39.66884], "size": [1, 1, 4.125], "inflate": -0.002, "pivot": [2, 23.97253, -39.66884], "rotation": [14, 0, 0], "uv": [154, 55]},
						{"origin": [-2.5, 22.97253, -39.66884], "size": [1, 1, 4.125], "inflate": -0.002, "pivot": [-2, 23.97253, -39.66884], "rotation": [14, 0, 0], "uv": [154, 60]},
						{"origin": [-1, 20.97253, -39.66884], "size": [2, 1, 22], "uv": [52, 32]},
						{"origin": [-1, 18.97253, -18.66884], "size": [2, 2, 1], "uv": [164, 159]},
						{"origin": [-1, 20.97253, -41.66884], "size": [2, 2, 3], "pivot": [0, 20.97253, -39.66884], "rotation": [-45, 0, 0], "uv": [154, 65]},
						{"origin": [-0.5, 19.97253, -41.66884], "size": [1, 1, 3], "pivot": [0, 20.97253, -39.66884], "rotation": [-45, 0, 0], "uv": [150, 158]},
						{"origin": [0, 22.97253, -39.66884], "size": [2.5, 1, 21], "inflate": -0.002, "pivot": [2.5, 22.97253, -35.66884], "rotation": [0, 0, -53.25], "uv": [0, 56]},
						{"origin": [0.3, 23.97253, -39.66884], "size": [1.5, 1, 1], "inflate": -0.002, "pivot": [2.5, 22.97253, -35.66884], "rotation": [0, 0, -53.25], "uv": [14, 152]},
						{"origin": [-1.8, 23.97253, -39.66884], "size": [1.5, 1, 1], "inflate": -0.002, "pivot": [-2.5, 22.97253, -35.66884], "rotation": [0, 0, 53.25], "uv": [138, 160]},
						{"origin": [-2.5, 22.97253, -39.66884], "size": [2.5, 1, 21], "inflate": -0.002, "pivot": [-2.5, 22.97253, -35.66884], "rotation": [0, 0, 53.25], "uv": [66, 0]},
						{"origin": [-1.775, 22.97253, -18.66884], "size": [4.275, 1, 1], "inflate": -0.002, "pivot": [2.5, 22.97253, -17.66884], "rotation": [0, 0, -69.5], "uv": [138, 39]},
						{"origin": [-2.5, 22.97253, -18.66884], "size": [4.275, 1, 1], "inflate": -0.002, "pivot": [-2.5, 22.97253, -17.66884], "rotation": [0, 0, 69.5], "uv": [140, 91]},
						{"origin": [1.075, 23.97253, -35.66884], "size": [1.425, 1, 18], "inflate": -0.002, "pivot": [2.5, 24.97253, -28.16884], "rotation": [0, 0, 45], "uv": [64, 98]},
						{"origin": [-2.5, 23.97253, -35.66884], "size": [1.425, 1, 18], "inflate": -0.002, "pivot": [-2.5, 24.97253, -28.16884], "rotation": [0, 0, -45], "uv": [100, 22]}
					]
				},
				{
					"name": "DECAL",
					"parent": "GRIP",
					"pivot": [2.5, 22.97253, -35.66884],
					"cubes": [
						{
							"origin": [2.502, 22.97253, -35.66884],
							"size": [0, 2, 16],
							"uv": {
								"north": {"uv": [16, 252], "uv_size": [0, 2]},
								"east": {"uv": [0, 252], "uv_size": [16, 2]},
								"south": {"uv": [32, 252], "uv_size": [0, 2]},
								"west": {"uv": [1, 174], "uv_size": [47, 5]},
								"up": {"uv": [16, 236], "uv_size": [0, 16]},
								"down": {"uv": [16, 252], "uv_size": [0, -16]}
							}
						},
						{
							"origin": [-6.24791, 21.97096, -28.91884],
							"size": [16, 0, 2.5],
							"pivot": [1.75209, 21.97096, -27.66884],
							"rotation": [0, 90, -53.25],
							"uv": {
								"north": {"uv": [0, 256], "uv_size": [16, 0]},
								"east": {"uv": [-2, 256], "uv_size": [2, 0]},
								"south": {"uv": [18, 256], "uv_size": [16, 0]},
								"west": {"uv": [16, 256], "uv_size": [2, 0]},
								"up": {"uv": [0, 254], "uv_size": [16, 2]},
								"down": {"uv": [48, 184], "uv_size": [-47, -5]}
							}
						},
						{
							"origin": [-9.75209, 21.97096, -28.91884],
							"size": [16, 0, 2.5],
							"pivot": [-1.75209, 21.97096, -27.66884],
							"rotation": [0, -90, 53.25],
							"uv": {
								"north": {"uv": [32, 256], "uv_size": [16, 0]},
								"east": {"uv": [30, 256], "uv_size": [2, 0]},
								"south": {"uv": [50, 256], "uv_size": [16, 0]},
								"west": {"uv": [48, 256], "uv_size": [2, 0]},
								"up": {"uv": [32, 254], "uv_size": [16, 2]},
								"down": {"uv": [48, 184], "uv_size": [-47, -5]}
							}
						},
						{
							"origin": [-2.502, 22.97253, -35.66884],
							"size": [0, 2, 16],
							"uv": {
								"north": {"uv": [48, 252], "uv_size": [0, 2]},
								"east": {"uv": [1, 174], "uv_size": [47, 5]},
								"south": {"uv": [64, 252], "uv_size": [0, 2]},
								"west": {"uv": [48, 252], "uv_size": [16, 2]},
								"up": {"uv": [48, 236], "uv_size": [0, 16]},
								"down": {"uv": [48, 252], "uv_size": [0, -16]}
							}
						}
					]
				},
				{
					"name": "barrel2D",
					"parent": "gun",
					"pivot": [0, 24.67253, -23.16884],
					"cubes": [
						{"origin": [-1, 23.67253, -58.66884], "size": [2, 2, 4.5], "inflate": -0.25, "pivot": [0, 24.67253, -23.16884], "rotation": [0, 0, 45], "uv": [150, 44]}
					]
				},
				{
					"name": "stock1",
					"parent": "gun",
					"pivot": [0, 24.62253, 10.23116],
					"cubes": [
						{"origin": [-1.325, 25.67253, 12.60616], "size": [2.375, 1, 2.375], "inflate": -0.302, "pivot": [0, 26.17253, 13.93116], "rotation": [0, -45, 0], "uv": [106, 160]},
						{"origin": [-1.325, 22.67747, 12.60616], "size": [2.375, 1, 2.375], "inflate": -0.302, "pivot": [0, 23.17747, 13.93116], "rotation": [0, -45, 0], "uv": [160, 125]},
						{"origin": [-1.55, 22.67747, 12.03116], "size": [3.1, 1, 2], "inflate": -0.3, "uv": [158, 7]},
						{"origin": [-1.55, 22.85247, 10.78116], "size": [3.1, 1, 2], "inflate": -0.302, "pivot": [0, 23.67747, 11.63116], "rotation": [-12.5, 0, 0], "uv": [156, 107]},
						{"origin": [-1.55, 22.97747, 11.33116], "size": [3.1, 1, 2], "inflate": -0.305, "pivot": [0, 23.67747, 11.63116], "rotation": [-12.5, 0, 0], "uv": [156, 104]},
						{"origin": [-1.55, 25.67253, 12.03116], "size": [3.1, 1, 2], "inflate": -0.3, "uv": [156, 89]},
						{"origin": [-1.55, 25.37253, 11.33116], "size": [3.1, 1, 2], "inflate": -0.305, "pivot": [0, 25.67253, 11.63116], "rotation": [12.5, 0, 0], "uv": [156, 95]},
						{"origin": [-1.55, 25.49753, 10.78116], "size": [3.1, 1, 2], "inflate": -0.302, "pivot": [0, 25.67253, 11.63116], "rotation": [12.5, 0, 0], "uv": [156, 98]},
						{"origin": [-1.55, 22.97747, 9.93116], "size": [3.1, 1, 2], "inflate": -0.3, "uv": [156, 101]},
						{"origin": [-1.325, 22.97747, 9.10616], "size": [2.375, 1, 2.375], "inflate": -0.302, "pivot": [0, 23.47747, 10.43116], "rotation": [0, -45, 0], "uv": [160, 122]},
						{"origin": [-1.325, 25.37253, 9.10616], "size": [2.375, 1, 2.375], "inflate": -0.302, "pivot": [0, 25.87253, 10.43116], "rotation": [0, -45, 0], "uv": [114, 160]},
						{"origin": [-1.55, 25.37253, 9.93116], "size": [3.1, 1, 2], "inflate": -0.3, "uv": [156, 92]}
					]
				},
				{
					"name": "stock2",
					"parent": "stock1",
					"pivot": [0, 24.62253, 13.73116],
					"cubes": [
						{"origin": [-1, 22.27253, 12.73116], "size": [2, 4.7, 2], "inflate": -0.3, "pivot": [0, 24.62253, 13.73116], "rotation": [0, -45, 0], "uv": [134, 154]},
						{"origin": [-1, 21.97253, 23.73116], "size": [2, 1, 3], "pivot": [0, 21.97253, 26.73116], "rotation": [-20, 0, 0], "uv": [156, 18]},
						{"origin": [-1, 23.97253, 24.43116], "size": [2, 2, 1], "pivot": [0, 24.97253, 23.73116], "rotation": [-135, 0, 0], "uv": [96, 163]},
						{"origin": [-1, 23.97253, 24.43116], "size": [2, 2, 1], "pivot": [0, 24.97253, 23.73116], "rotation": [-45, 0, 0], "uv": [52, 163]},
						{"origin": [-1, 23.97253, 22.03116], "size": [2, 2, 1], "pivot": [0, 24.97253, 23.73116], "rotation": [-135, 0, 0], "uv": [102, 163]},
						{"origin": [-1, 23.97253, 22.03116], "size": [2, 2, 1], "pivot": [0, 24.97253, 23.73116], "rotation": [-45, 0, 0], "uv": [90, 163]},
						{"origin": [-1, 23.97253, 24.73116], "size": [2, 2, 1], "inflate": 0.002, "uv": [40, 163]},
						{"origin": [-1, 23.97253, 25.03116], "size": [2, 2, 1], "pivot": [0, 24.97253, 26.73116], "rotation": [-45, 0, 0], "uv": [108, 163]},
						{"origin": [-1, 23.97253, 27.43116], "size": [2, 2, 1], "pivot": [0, 24.97253, 26.73116], "rotation": [-135, 0, 0], "uv": [126, 163]},
						{"origin": [-1, 23.97253, 27.43116], "size": [2, 2, 1], "pivot": [0, 24.97253, 26.73116], "rotation": [-45, 0, 0], "uv": [120, 163]},
						{"origin": [-1, 23.97253, 25.03116], "size": [2, 2, 1], "pivot": [0, 24.97253, 26.73116], "rotation": [-135, 0, 0], "uv": [114, 163]},
						{"origin": [-1, 23.97253, 27.73116], "size": [2, 2, 1], "inflate": 0.002, "uv": [46, 163]},
						{"origin": [-1, 23.97253, 30.43116], "size": [2, 2, 1], "pivot": [0, 24.97253, 29.73116], "rotation": [-45, 0, 0], "uv": [164, 37]},
						{"origin": [-1, 23.97253, 28.03116], "size": [2, 2, 1], "pivot": [0, 24.97253, 29.73116], "rotation": [-135, 0, 0], "uv": [164, 34]},
						{"origin": [-1, 23.97253, 28.03116], "size": [2, 2, 1], "pivot": [0, 24.97253, 29.73116], "rotation": [-45, 0, 0], "uv": [132, 163]},
						{"origin": [-1, 23.97253, 30.43116], "size": [2, 2, 1], "pivot": [0, 24.97253, 29.73116], "rotation": [-135, 0, 0], "uv": [164, 40]},
						{"origin": [-1, 22.97253, 22.73116], "size": [2, 1, 8], "inflate": 0.002, "uv": [60, 130]},
						{"origin": [-1, 21.97253, 27.73116], "size": [2, 1, 4], "pivot": [0, 21.97253, 27.73116], "rotation": [-25, 0, 0], "uv": [80, 153]},
						{"origin": [-1, 14.97253, 32.73116], "size": [2, 8, 2], "pivot": [0, 21.97253, 33.73116], "rotation": [15, 0, 0], "uv": [90, 22]},
						{"origin": [-1, 16.97253, 31.73116], "size": [2, 6, 1], "pivot": [0, 21.97253, 33.73116], "rotation": [15, 0, 0], "uv": [46, 68]},
						{"origin": [-1, 21.97253, 26.73116], "size": [2, 1, 7], "inflate": 0.002, "uv": [138, 102]},
						{"origin": [-1, 21.97253, 33.73116], "size": [2, 5, 1], "inflate": 0.002, "uv": [158, 158]},
						{"origin": [-1, 22.97253, 30.73116], "size": [2, 4, 3], "inflate": 0.002, "uv": [58, 153]},
						{"origin": [-1, 25.97253, 22.73116], "size": [2, 1, 8], "inflate": 0.002, "uv": [40, 128]},
						{"origin": [-1, 22.97253, 14.73116], "size": [2, 4, 8], "inflate": 0.002, "uv": [126, 126]},
						{"origin": [-1, 23.37253, 13.73116], "size": [2, 2.6, 1], "inflate": 0.002, "uv": [164, 50]},
						{"origin": [-1.25, 24.47253, 28.93116], "size": [2.5, 1, 4], "inflate": -0.2, "uv": [68, 153]}
					]
				},
				{
					"name": "charging_handle",
					"parent": "gun",
					"pivot": [0, 25.07253, -9.66884],
					"cubes": [
						{"origin": [0.225, 23.52253, -15.66884], "size": [1, 2.1, 8.4], "inflate": -0.002, "uv": [136, 53]},
						{"origin": [-1.225, 23.52253, -15.66884], "size": [1, 2.1, 8.4], "inflate": -0.002, "uv": [136, 63]},
						{"origin": [-3.25, 25.87253, -29.76884], "size": [6.5, 1.2, 1.2], "inflate": -0.102, "uv": [88, 124]},
						{"origin": [3.05, 25.87253, -29.76884], "size": [1.5, 1.2, 1.2], "inflate": -0.1, "pivot": [3.15, 26.47253, -28.66884], "rotation": [0, 20, 0], "uv": [112, 166]},
						{"origin": [-4.55, 25.87253, -29.76884], "size": [1.5, 1.2, 1.2], "inflate": -0.1, "pivot": [-3.15, 26.47253, -28.66884], "rotation": [0, -20, 0], "uv": [116, 166]},
						{"origin": [-1.35, 25.87253, -29.76884], "size": [2.7, 1.2, 2.2], "inflate": -0.1, "uv": [160, 134]}
					]
				},
				{
					"name": "bolt",
					"parent": "gun",
					"pivot": [0, 24.97253, -7.56884],
					"cubes": [
						{"origin": [-0.89198, 27.73701, -9.56884], "size": [1, 1, 8.3], "pivot": [-0.76698, 28.81201, 0.33116], "rotation": [0, 0, 32.5], "uv": [138, 93]},
						{"origin": [-0.10802, 27.73701, -9.56884], "size": [1, 1, 8.3], "pivot": [0.76698, 28.81201, 0.33116], "rotation": [0, 0, -32.5], "uv": [138, 30]},
						{"origin": [-1.45, 25.97253, -9.56884], "size": [2.9, 2, 8.3], "uv": [128, 0]}
					]
				},
				{
					"name": "bullet2",
					"parent": "gun",
					"pivot": [0, 24.52127, -13.11931],
					"cubes": [
						{"origin": [-0.5, 23.97127, -15.61931], "size": [1, 1, 5], "pivot": [0, 24.47127, -12.11931], "rotation": [0, 0, 45], "uv": [46, 153]}
					]
				},
				{
					"name": "_cb_scope",
					"parent": "gun",
					"pivot": [0, 29.7, -5.275],
					"cubes": [
						{"origin": [-0.5, 29.2, -5.775], "size": [1, 1, 1], "uv": [60, 128]}
					]
				},
				{
					"name": "_cb_suppressor",
					"parent": "gun",
					"pivot": [0, 24.67253, -53.91884],
					"cubes": [
						{"origin": [-0.5, 24.17253, -54.41884], "size": [1, 1, 1], "uv": [124, 166]}
					]
				},
				{
					"name": "muzzleflash",
					"parent": "gun",
					"pivot": [0, 24.67253, -58.44384],
					"cubes": [
						{"origin": [-0.5, 24.17253, -58.94384], "size": [1, 1, 1], "inflate": -0.4, "uv": [120, 166]}
					]
				},
				{
					"name": "scope",
					"parent": "gun",
					"pivot": [0, 30.8058, 14.95],
					"cubes": [
						{"origin": [-0.5, 30.3058, 14.45], "size": [1, 1, 1], "inflate": -0.4, "uv": [136, 73]}
					]
				},
				{
					"name": "rightarm",
					"parent": "armR_gun",
					"pivot": [-7.3, 12.8, 24.8],
					"rotation": [-101.8111, -12.4, -2.4698],
					"cubes": [
						{"origin": [-11.3, -11.2, 20.8], "size": [8, 24, 8], "uv": [0, 78]}
					]
				},
				{
					"name": "armL_mag",
					"parent": "main",
					"pivot": [0, 13.38435, -6.94241],
					"rotation": [30, 0, 0]
				},
				{
					"name": "leftarm",
					"parent": "armL_mag",
					"pivot": [8.7, 11.09904, -14.18013],
					"rotation": [-115.27736, 61.3747, 40.31289],
					"cubes": [
						{"origin": [4.7, -12.90096, -18.18013], "size": [8, 24, 8], "uv": [32, 78]}
					]
				},
				{
					"name": "magazine",
					"parent": "armL_mag",
					"pivot": [0, 13.38435, -6.94241],
					"cubes": [
						{"origin": [-1.4, 4.98057, -5.48114], "size": [2.8, 11.25, 1], "inflate": -0.202, "uv": [46, 56]},
						{"origin": [-1.4, 4.98057, -6.88114], "size": [2.8, 1, 3], "inflate": -0.2, "uv": [156, 26]},
						{"origin": [-1.4, 8.98057, -7.88114], "size": [2.8, 1, 4], "inflate": -0.2, "uv": [142, 153]},
						{"origin": [-1.4, 12.98057, -7.88114], "size": [2.8, 1, 4], "inflate": -0.2, "uv": [0, 154]},
						{"origin": [-1.4, 16.48596, -7.2163], "size": [2.8, 4, 1], "inflate": -0.202, "uv": [16, 160]},
						{"origin": [-1.4, 15.23057, -7.23114], "size": [2.8, 1, 2.75], "inflate": -0.2, "pivot": [0, 16.03057, -4.68114], "rotation": [-30, 0, 0], "uv": [160, 131]},
						{"origin": [-1.4, 19.48596, -9.2163], "size": [2.8, 1, 3], "inflate": -0.2, "pivot": [0, 20.28596, -6.4163], "rotation": [-30, 0, 0], "uv": [156, 22]},
						{"origin": [-1, 5.98057, -9.78114], "size": [2, 16, 6], "uv": [112, 0]},
						{"origin": [-1, 6.58057, -10.28114], "size": [2, 1, 1], "inflate": -0.002, "pivot": [0, 7.08057, -9.78114], "rotation": [45, 0, 0], "uv": [0, 166]},
						{"origin": [-1, 13.58057, -10.28114], "size": [2, 1, 1], "inflate": -0.002, "pivot": [0, 14.08057, -9.78114], "rotation": [45, 0, 0], "uv": [6, 166]},
						{"origin": [-1, 20.58057, -10.28114], "size": [2, 1, 1], "inflate": -0.002, "pivot": [0, 21.08057, -9.78114], "rotation": [45, 0, 0], "uv": [18, 166]},
						{"origin": [-1, 4.98057, -7.78114], "size": [2, 1, 2], "uv": [160, 128]},
						{"origin": [-1, 21.98057, -7.78114], "size": [2, 1, 2], "uv": [130, 160]},
						{"origin": [-1, 3.98057, -5.78114], "size": [2, 2, 2], "uv": [22, 159]},
						{"origin": [-1, 21.98057, -9.78114], "size": [2, 2, 2], "uv": [30, 159]},
						{"origin": [-1, 3.68057, -4.78114], "size": [2, 1, 1], "inflate": -0.002, "uv": [162, 143]},
						{"origin": [-1, 4.68057, -6.78114], "size": [2, 1, 1], "inflate": -0.002, "uv": [150, 91]},
						{"origin": [-1, 22.68057, -7.78114], "size": [2, 1, 1], "inflate": -0.002, "uv": [164, 162]},
						{"origin": [-1, 23.28057, -9.78114], "size": [2, 1, 1], "inflate": -0.002, "uv": [164, 84]},
						{"origin": [-1, 5.68634, -5.37921], "size": [2, 1, 6.35], "inflate": 0.002, "pivot": [0, 14.04756, -7.03114], "rotation": [-30, 0, 0], "uv": [50, 146]},
						{"origin": [-0.5, 4.68634, -3.37921], "size": [1, 1, 4.35], "inflate": 0.002, "pivot": [0, 14.04756, -7.03114], "rotation": [-30, 0, 0], "uv": [112, 155]},
						{"origin": [-1, 21.40877, -15.03306], "size": [2, 1, 6.35], "inflate": 0.002, "pivot": [0, 13.04756, -7.03114], "rotation": [-30, 0, 0], "uv": [66, 146]}
					]
				},
				{
					"name": "bullet",
					"parent": "magazine",
					"pivot": [0, 23.50176, -6.50431],
					"rotation": [-30, 0, 0],
					"cubes": [
						{"origin": [-0.5, 23.00176, -9.00431], "size": [1, 1, 5], "pivot": [0, 23.50176, -6.50431], "rotation": [0, 0, 45], "uv": [46, 153]}
					]
				},
				{
					"name": "_camera_",
					"pivot": [10, 35, 21]
				}
			]
		}
	]
}