{
	"format_version": "1.12.0",
	"minecraft:geometry": [
		{
			"description": {
				"identifier": "geometry.unknown",
				"texture_width": 64,
				"texture_height": 64,
				"visible_bounds_width": 8,
				"visible_bounds_height": 4,
				"visible_bounds_offset": [0, 1, 0]
			},
			"bones": [
				{
					"name": "main",
					"pivot": [0, 0, 0]
				},
				{
					"name": "longscope",
					"parent": "main",
					"pivot": [0, -0.5, 0],
					"cubes": [
						{
							"origin": [-1.65, 1.15, -5.002],
							"size": [3, 3, 0],
							"pivot": [0, 2.5, 3.5],
							"rotation": [0, 0, 45],
							"uv": {
								"north": {"uv": [25, 25], "uv_size": [7, 7]},
								"east": {"uv": [6, 23], "uv_size": [0, 3]},
								"south": {"uv": [9, 23], "uv_size": [3, 3]},
								"west": {"uv": [9, 23], "uv_size": [0, 3]},
								"up": {"uv": [6, 23], "uv_size": [3, 0]},
								"down": {"uv": [9, 23], "uv_size": [3, 0]}
							}
						},
						{
							"origin": [-1.652, 1.15, -0.5],
							"size": [0, 1, 3],
							"pivot": [0, 2.5, 3.5],
							"rotation": [0, 0, 45],
							"uv": {
								"north": {"uv": [19, 24], "uv_size": [0, 1]},
								"east": {"uv": [0, 33], "uv_size": [30, 8]},
								"south": {"uv": [22, 24], "uv_size": [0, 1]},
								"west": {"uv": [19, 24], "uv_size": [3, 1]},
								"up": {"uv": [19, 21], "uv_size": [0, 3]},
								"down": {"uv": [19, 24], "uv_size": [0, -3]}
							}
						},
						{
							"origin": [-2.1233, 1.71213, -0.5],
							"size": [0, 1, 3],
							"pivot": [-2.12132, 2.71213, 1],
							"rotation": [0, 0, -45],
							"uv": {
								"north": {"uv": [3, 25], "uv_size": [0, 1]},
								"east": {"uv": [0, 41], "uv_size": [30, 8]},
								"south": {"uv": [6, 25], "uv_size": [0, 1]},
								"west": {"uv": [3, 25], "uv_size": [3, 1]},
								"up": {"uv": [3, 22], "uv_size": [0, 3]},
								"down": {"uv": [3, 25], "uv_size": [0, -3]}
							}
						},
						{"origin": [-1, 0, -2.5], "size": [2, 2, 5], "uv": [0, 9]},
						{"origin": [-1.65, 1.15, -1.5], "size": [3, 3, 6], "pivot": [0, 2.5, 3.5], "rotation": [0, 0, 45], "uv": [0, 0]},
						{"origin": [1.12886, 2.88388, 2.75], "size": [1, 1, 1], "inflate": -0.2, "pivot": [1.37886, 3.38388, 3.5], "rotation": [0, -45, 45], "uv": [0, 28]},
						{"origin": [-0.07825, 3.59099, 3.25], "size": [1, 1, 1], "inflate": -0.2, "pivot": [0.67175, 4.09099, 3.5], "rotation": [0, -45, 45], "uv": [4, 30]},
						{"origin": [-1.65, 1.15, -5], "size": [3, 3, 2], "pivot": [0, 2.5, 3.5], "rotation": [0, 0, 45], "uv": [14, 14]},
						{"origin": [-1.9, 0.9, -3.5], "size": [3.5, 3.5, 2], "pivot": [0, 2.5, 3.5], "rotation": [0, 0, 45], "uv": [14, 9]},
						{"origin": [-2.2, 1.85, 1.8], "size": [1, 1.6, 1], "inflate": -0.3, "pivot": [0, 2.5, 3.5], "rotation": [0, 0, 45], "uv": [26, 2]},
						{"origin": [-1.94957, 3.6617, 1.7], "size": [1.2, 1, 1], "inflate": -0.4, "pivot": [-1.44957, 4.1617, 2.2], "rotation": [0, 0, 45], "uv": [4, 26]},
						{"origin": [-2.24957, 3.9617, -3.3], "size": [1.4, 1, 1], "inflate": -0.4, "uv": [26, 4]},
						{"origin": [-2.04957, 3.3617, -3.3], "size": [1.4, 1, 1], "inflate": -0.4, "uv": [26, 6]},
						{"origin": [-2.24957, 3.3617, -3.3], "size": [1, 1.4, 1], "inflate": -0.4, "uv": [8, 26]},
						{"origin": [-1.64957, 3.5617, -3.3], "size": [1, 1.4, 1], "inflate": -0.4, "uv": [0, 30]},
						{"origin": [-1.9, 0.4133, -4.5], "size": [2.325, 2.325, 1], "pivot": [0, 0.8383, 3.5], "rotation": [0, 0, 45], "uv": [8, 16]},
						{"origin": [-1.9, 2.075, -4.5], "size": [2.325, 2.325, 1], "pivot": [0, 2.5, 3.5], "rotation": [0, 0, 45], "uv": [22, 21]},
						{"origin": [1.35, 1.95, 1.5], "size": [1, 1.4, 3], "pivot": [0, 2.5, 3.5], "rotation": [0, 0, 45], "uv": [0, 16]},
						{"origin": [0.76777, 0.24437, 0], "size": [1, 1.4, 1.5], "inflate": -0.002, "pivot": [1.76777, 0.94437, 1.5], "rotation": [0, 45, 45], "uv": [8, 30]},
						{"origin": [1.6, 1.9, -5.5], "size": [1, 1, 3], "pivot": [0, 2.5, 3.5], "rotation": [0, 0, 45], "uv": [18, 0]},
						{"origin": [0.76777, 0.09081, -2.5], "size": [1, 1, 1.425], "inflate": -0.002, "pivot": [1.76777, 0.59081, -2.5], "rotation": [0, -45, 45], "uv": [26, 0]},
						{"origin": [-1.76777, 0.09081, -2.5], "size": [1, 1, 1.425], "inflate": -0.002, "pivot": [-1.76777, 0.59081, -2.5], "rotation": [0, 45, -45], "uv": [0, 26]},
						{"origin": [-2.6, 1.9, -5.5], "size": [1, 1, 3], "pivot": [0, 2.5, 3.5], "rotation": [0, 0, -45], "uv": [18, 4]},
						{"origin": [0.91569, 0.35, 4.1], "size": [1, 1.6, 1], "inflate": -0.4, "pivot": [0.56569, 2.5, 5.6], "rotation": [0, 0, 45], "uv": [24, 16]},
						{"origin": [0.91569, 1.15, 4.1], "size": [2, 1, 1], "inflate": -0.4, "pivot": [0.56569, 2.5, 5.6], "rotation": [0, 0, 45], "uv": [24, 10]},
						{"origin": [0.91569, 2.35, 4.1], "size": [2, 1, 1], "inflate": -0.4, "pivot": [0.56569, 2.5, 5.6], "rotation": [0, 0, 45], "uv": [24, 8]},
						{"origin": [1.91569, 1.35, 4.1], "size": [1, 1.8, 1], "inflate": -0.4, "pivot": [0.56569, 2.5, 5.6], "rotation": [0, 0, 45], "uv": [4, 28]},
						{"origin": [0.91569, 2.55, 4.1], "size": [1, 1.4, 1], "inflate": -0.4, "pivot": [0.56569, 2.5, 5.6], "rotation": [0, 0, 45], "uv": [24, 18]},
						{"origin": [-3.24142, 0.37365, 4.1], "size": [3.6, 1, 1], "inflate": -0.4, "pivot": [-0.14142, 0.87365, 4.6], "rotation": [0, 0, 45], "uv": [16, 19]},
						{"origin": [-3.24142, 0.57365, 4.1], "size": [1, 3.6, 1], "inflate": -0.4, "pivot": [-0.14142, 0.87365, 4.6], "rotation": [0, 0, 45], "uv": [12, 23]},
						{"origin": [-3.04142, 3.17365, 4.1], "size": [3.6, 1, 1], "inflate": -0.4, "pivot": [-0.14142, 0.87365, 4.6], "rotation": [0, 0, 45], "uv": [0, 20]}
					]
				},
				{
					"name": "scopepip",
					"parent": "longscope",
					"pivot": [0, 2.712, 4.025],
					"cubes": [
						{"origin": [-1.85, 0.687, 3.525], "size": [3.875, 3.875, 1], "uv": [8, 19]}
					]
				},
				{
					"name": "_ca_scope",
					"parent": "main",
					"pivot": [0, 0, 0],
					"cubes": [
						{"origin": [-0.5, -0.5, -0.5], "size": [1, 1, 1], "uv": [24, 14]}
					]
				},
				{
					"name": "scope",
					"pivot": [0, 2.712, 5.25],
					"cubes": [
						{"origin": [-0.5, 2.212, 4.75], "size": [1, 1, 1], "inflate": -0.4, "uv": [24, 12]}
					]
				}
			]
		}
	]
}