{
	"format_version": "1.12.0",
	"minecraft:geometry": [
		{
			"description": {
				"identifier": "geometry.unknown",
				"texture_width": 64,
				"texture_height": 64,
				"visible_bounds_width": 8,
				"visible_bounds_height": 4,
				"visible_bounds_offset": [0, 1, 0]
			},
			"bones": [
				{
					"name": "main",
					"pivot": [0, 0, 0]
				},
				{
					"name": "longscope",
					"parent": "main",
					"pivot": [0, 0.5, 0],
					"cubes": [
						{
							"origin": [1.34673, 1.62173, -7],
							"size": [1.2, 0.4, 6],
							"inflate": -0.2,
							"pivot": [1.94673, 1.82173, -4],
							"rotation": [0, 0, 45],
							"uv": {
								"north": {"uv": [18, 13], "uv_size": [6, 1]},
								"east": {"uv": [32, 12], "uv_size": [1, 1]},
								"south": {"uv": [28, 20], "uv_size": [6, 1]},
								"west": {"uv": [26, 32], "uv_size": [1, 1]},
								"up": {"uv": [59, 0], "uv_size": [5, 40]},
								"down": {"uv": [32, 12], "uv_size": [6, -1]}
							}
						},
						{
							"origin": [-0.0875, 1.65433, 3.24269],
							"size": [0.175, 0, 1],
							"pivot": [0, 1.65433, 3.74269],
							"rotation": [-90, -60, 90],
							"uv": {
								"north": {"uv": [0, 0], "uv_size": [1, 0]},
								"east": {"uv": [0, 0], "uv_size": [1, 0]},
								"south": {"uv": [0, 0], "uv_size": [1, 0]},
								"west": {"uv": [0, 0], "uv_size": [1, 0]},
								"up": {"uv": [59, 0], "uv_size": [5, 27]},
								"down": {"uv": [32, 32], "uv_size": [1, -1]}
							}
						},
						{
							"origin": [-0.5, 1.2519, -8.80727],
							"size": [1, 2, 0],
							"pivot": [0, 2.2519, -8.80727],
							"rotation": [0, -15, -90],
							"uv": {
								"north": {"uv": [55, 5], "uv_size": [-13, 25]},
								"east": {"uv": [0, 0], "uv_size": [0, 1]},
								"south": {"uv": [0, 0], "uv_size": [0, 0]},
								"west": {"uv": [0, 0], "uv_size": [0, 1]},
								"up": {"uv": [0, 0], "uv_size": [2, 0]},
								"down": {"uv": [0, 0], "uv_size": [2, 0]}
							}
						},
						{"origin": [-0.6, 1.49178, -8.43652], "size": [1.2, 1, 1.2], "inflate": 0.002, "pivot": [0, 1.99178, -7.83652], "rotation": [-20.75357, -43.07952, 14.51082], "uv": [13, 24]},
						{"origin": [-0.5, 1.48953, 2.34916], "size": [1, 1, 1], "inflate": -0.198, "pivot": [0, 1.98953, 2.84916], "rotation": [-69.24643, 43.07952, 14.51082], "uv": [9, 24]},
						{"origin": [0.7, 0.74378, 0.09019], "size": [1, 1, 2.2], "inflate": -0.298, "pivot": [1.2, 1.04378, 1.99019], "rotation": [-30, 0, 0], "uv": [28, 13]},
						{"origin": [0.7, 1.54378, 0.30455], "size": [1, 1, 1], "inflate": -0.3, "uv": [24, 30]},
						{"origin": [-1.35155, 1.54378, 0.82296], "size": [2.3, 1, 1], "inflate": -0.3, "uv": [28, 27]},
						{"origin": [-2.17154, 1.53274, 0.82263], "size": [1.425, 1, 1], "inflate": -0.3, "pivot": [-1.07154, 2.23274, 1.32263], "rotation": [0, 0, -45], "uv": [0, 32]},
						{"origin": [-2.45533, 0.44896, 0.3], "size": [1.5, 1, 1], "inflate": -0.302, "pivot": [-2.15533, 1.14896, 1], "rotation": [0, -35.5, -45], "uv": [32, 0]},
						{"origin": [-4.45533, 0.44896, 0.3], "size": [2.6, 1, 1], "inflate": -0.3, "pivot": [-2.15533, 1.14896, 1], "rotation": [0, -90, -45], "uv": [28, 29]},
						{"origin": [-0.2, 1.54378, 0.30455], "size": [1.5, 1, 1], "inflate": -0.302, "pivot": [1, 1.84378, 0.60455], "rotation": [0, 45, 0], "uv": [28, 31]},
						{"origin": [-1.5, 0, -3], "size": [3, 1, 6], "inflate": -0.002, "uv": [0, 0]},
						{"origin": [-1, 0.5, 3], "size": [2, 1, 1], "uv": [28, 16]},
						{"origin": [-1, 0.5, 2.875], "size": [2, 1, 1.125], "inflate": -0.002, "pivot": [0, 0.5, 4], "rotation": [26.5, 0, 0], "uv": [28, 18]},
						{"origin": [-1.5, 0.5, 1.8], "size": [1, 1, 2.2], "pivot": [0, 1.5, 4], "rotation": [-30, 0, 0], "uv": [16, 27]},
						{"origin": [-0.5, 0.5, 2.9], "size": [1, 1, 1.1], "pivot": [0, 1.5, 4], "rotation": [-30, 0, 0], "uv": [8, 30]},
						{"origin": [-0.5, 1.29635, 2.40093], "size": [1, 1, 1], "pivot": [0, 1.79635, 2.90093], "rotation": [-75, 0, 0], "uv": [12, 30]},
						{"origin": [0.5, 0.5, 1.8], "size": [1, 1, 2.2], "pivot": [0, 1.5, 4], "rotation": [-30, 0, 0], "uv": [22, 27]},
						{"origin": [-1, 1, -2], "size": [2, 1, 5], "uv": [18, 7]},
						{"origin": [-1, 1.25, -7], "size": [2, 1, 5], "inflate": -0.003, "uv": [0, 21]},
						{"origin": [-1, 1.25, -9], "size": [2, 1, 2], "pivot": [0, 1.25, -7], "rotation": [-15, 0, 0], "uv": [8, 27]},
						{"origin": [-1, 1.76764, -8.93185], "size": [2, 1, 2.075], "inflate": -0.002, "pivot": [0, 1.76764, -8.93185], "rotation": [-21.75, 0, 0], "uv": [0, 27]},
						{"origin": [0.7, 1.55, -7.3], "size": [1.15, 1, 5.6], "inflate": -0.304, "pivot": [1, 2.25, -4.5], "rotation": [0, 0, 26.75], "uv": [14, 21]},
						{"origin": [0.975, 0.85, -7.2], "size": [1.3, 1.3, 6.4], "inflate": -0.2, "pivot": [1.625, 1.5, -4.5], "rotation": [0, 0, 45], "uv": [0, 14]},
						{"origin": [-2.625, 1.1, -7.2], "size": [1.55, 1.55, 6.4], "inflate": -0.2, "pivot": [-1.625, 1.75, -4.5], "rotation": [0, 0, -45], "uv": [14, 14]},
						{"origin": [-1.85, 1.55, -7.3], "size": [1.15, 1, 5.6], "inflate": -0.304, "pivot": [-1, 2.25, -4.5], "rotation": [0, 0, -26.75], "uv": [26, 21]},
						{"origin": [-1.5, 1, -7], "size": [3, 1, 6], "inflate": -0.002, "uv": [0, 7]},
						{"origin": [-1.75, 1, -7], "size": [1, 1, 6], "inflate": -0.004, "uv": [18, 0]}
					]
				},
				{
					"name": "saika_holographic",
					"parent": "longscope",
					"pivot": [0, 4, 2.275],
					"cubes": [
						{"origin": [-0.5, 1.48953, 2.24916], "size": [1, 1, 1], "inflate": -0.295, "pivot": [0, 1.98953, 2.84916], "rotation": [-69.24643, 43.07952, 14.51082], "uv": [16, 30]},
						{"origin": [-0.6, 1.79178, -8.43652], "size": [1.2, 1, 1.2], "inflate": -0.295, "pivot": [0, 1.99178, -7.83652], "rotation": [-20.75357, -43.07952, 14.51082], "uv": [20, 30]},
						{
							"origin": [-1, 3, -7.7],
							"size": [2, 2, 0],
							"uv": {
								"north": {"uv": [64, 50], "uv_size": [0, 0]},
								"east": {"uv": [0, 0], "uv_size": [0, 2]},
								"south": {"uv": [40, 37], "uv_size": [9, 9]},
								"west": {"uv": [0, 0], "uv_size": [0, 2]},
								"up": {"uv": [0, 0], "uv_size": [2, 0]},
								"down": {"uv": [0, 0], "uv_size": [2, 0]}
							}
						},
						{
							"origin": [-1, 3, -8.7],
							"size": [2, 2, 0],
							"uv": {
								"north": {"uv": [64, 64], "uv_size": [0, 0]},
								"east": {"uv": [0, 0], "uv_size": [0, 2]},
								"south": {"uv": [40, 51], "uv_size": [9, 9]},
								"west": {"uv": [0, 0], "uv_size": [0, 2]},
								"up": {"uv": [0, 0], "uv_size": [2, 0]},
								"down": {"uv": [0, 0], "uv_size": [2, 0]}
							}
						},
						{
							"origin": [-1, 3, -9.7],
							"size": [2, 2, 0],
							"uv": {
								"north": {"uv": [64, 64], "uv_size": [0, 0]},
								"east": {"uv": [0, 0], "uv_size": [0, 2]},
								"south": {"uv": [40, 51], "uv_size": [9, 9]},
								"west": {"uv": [0, 0], "uv_size": [0, 2]},
								"up": {"uv": [0, 0], "uv_size": [2, 0]},
								"down": {"uv": [0, 0], "uv_size": [2, 0]}
							}
						},
						{
							"origin": [-3, 3, 2.775],
							"size": [6, 2, 0],
							"uv": {
								"north": {"uv": [64, 50], "uv_size": [0, 0]},
								"east": {"uv": [0, 0], "uv_size": [0, 2]},
								"south": {"uv": [0, 37], "uv_size": [39, 13]},
								"west": {"uv": [0, 0], "uv_size": [0, 2]},
								"up": {"uv": [0, 0], "uv_size": [6, 0]},
								"down": {"uv": [0, 0], "uv_size": [6, 0]}
							}
						},
						{
							"origin": [-3, 3, 1.775],
							"size": [6, 2, 0],
							"uv": {
								"north": {"uv": [64, 64], "uv_size": [0, 0]},
								"east": {"uv": [0, 0], "uv_size": [0, 2]},
								"south": {"uv": [0, 51], "uv_size": [39, 13]},
								"west": {"uv": [0, 0], "uv_size": [0, 2]},
								"up": {"uv": [0, 0], "uv_size": [6, 0]},
								"down": {"uv": [0, 0], "uv_size": [6, 0]}
							}
						},
						{
							"origin": [-3, 3, 0.775],
							"size": [6, 2, 0],
							"uv": {
								"north": {"uv": [64, 64], "uv_size": [0, 0]},
								"east": {"uv": [0, 0], "uv_size": [0, 2]},
								"south": {"uv": [0, 51], "uv_size": [39, 13]},
								"west": {"uv": [0, 0], "uv_size": [0, 2]},
								"up": {"uv": [0, 0], "uv_size": [6, 0]},
								"down": {"uv": [0, 0], "uv_size": [6, 0]}
							}
						}
					]
				},
				{
					"name": "scope",
					"parent": "longscope",
					"pivot": [0, 4, 8.55],
					"cubes": [
						{"origin": [-0.5, 3.5, 8.05], "size": [1, 1, 1], "inflate": -0.4, "uv": [0, 30]}
					]
				},
				{
					"name": "reticle",
					"parent": "longscope",
					"pivot": [0, 4, 2.775],
					"cubes": [
						{"origin": [-0.5, 3.5, 2.275], "size": [1, 1, 1], "uv": [32, 2]}
					]
				},
				{
					"name": "_ca_scope",
					"parent": "main",
					"pivot": [0, 0, 0],
					"cubes": [
						{"origin": [-0.5, -0.5, -0.5], "size": [1, 1, 1], "uv": [4, 30]}
					]
				}
			]
		}
	]
}