{
	"format_version": "1.12.0",
	"minecraft:geometry": [
		{
			"description": {
				"identifier": "geometry.unknown",
				"texture_width": 256,
				"texture_height": 256,
				"visible_bounds_width": 9,
				"visible_bounds_height": 6,
				"visible_bounds_offset": [0, 2, 0]
			},
			"bones": [
				{
					"name": "main",
					"pivot": [0, 20, 1]
				},
				{
					"name": "armL_mag",
					"parent": "main",
					"pivot": [0, 15.4, 21.35]
				},
				{
					"name": "leftarm",
					"parent": "armL_mag",
					"pivot": [9.7, 0.3, -17.1],
					"rotation": [-132.8109, 23.28187, -13.33397],
					"cubes": [
						{"origin": [5.7, -23.7, -21.1], "size": [8, 24, 8], "uv": [0, 191]}
					]
				},
				{
					"name": "magazine",
					"parent": "armL_mag",
					"pivot": [0, 18.57827, 21.47877],
					"cubes": [
						{"origin": [-2.5, 7.5, 10.75], "size": [5, 14.2, 18.2], "inflate": -0.1, "uv": [132, 162]},
						{"origin": [0.9, 24.6, 15.85], "size": [1, 1, 13], "uv": [160, 118]},
						{"origin": [-1.9, 24.6, 15.85], "size": [1, 1, 13], "uv": [110, 217]},
						{"origin": [-2, 21.5, 10.75], "size": [4, 3.2, 18.2], "inflate": -0.1, "uv": [178, 162]},
						{"origin": [0.9, 21.55, 10.85], "size": [1, 3.05, 18], "inflate": -0.002, "pivot": [1.9, 24.6, 19.85], "rotation": [0, 0, -9.5], "uv": [194, 141]},
						{"origin": [-1.9, 21.55, 10.85], "size": [1, 3.05, 18], "inflate": -0.002, "pivot": [-1.9, 24.6, 19.85], "rotation": [0, 0, 9.5], "uv": [210, 183]},
						{"origin": [-2.5, 6.5, 27.75], "size": [5, 1.2, 1.2], "inflate": -0.1, "uv": [238, 232]},
						{"origin": [-2.5, 6.74097, 10.96429], "size": [5, 1.2, 17.23], "inflate": -0.102, "pivot": [0, 10.85, 23.86507], "rotation": [-3.375, 0, 0], "uv": [194, 40]}
					]
				},
				{
					"name": "bullet",
					"parent": "magazine",
					"pivot": [0, 21.6, 21.35],
					"cubes": [
						{"origin": [-1, 23.6, 11.85], "size": [2, 2, 16], "pivot": [0, 24.6, 21.35], "rotation": [0, 0, 45], "uv": [156, 215]}
					]
				},
				{
					"name": "armR_gun",
					"parent": "main",
					"pivot": [-6, 14, 22]
				},
				{
					"name": "rightarm",
					"parent": "armR_gun",
					"pivot": [-5.99774, 12.77541, 19.61358],
					"rotation": [-95.22362, -4.98982, 2.73293],
					"cubes": [
						{"origin": [-8.04442, -10.81618, 15.58162], "size": [8, 24, 8], "pivot": [-2.99774, 0.77541, 16.61358], "rotation": [0, 3, -2.5], "uv": [178, 183]}
					]
				},
				{
					"name": "gun",
					"parent": "armR_gun",
					"pivot": [0.12158, 15.97204, 0.6053],
					"cubes": [
						{
							"origin": [1.49554, 29.20895, 15.85],
							"size": [0, 1.54, 6],
							"pivot": [1.49554, 31.10895, 15.35],
							"rotation": [0, 0, -26.5],
							"uv": {
								"north": {"uv": [0, 59], "uv_size": [0, 1]},
								"east": {"uv": [0, 18], "uv_size": [6, 1]},
								"south": {"uv": [6, 59], "uv_size": [0, 1]},
								"west": {"uv": [0, 6], "uv_size": [30, 7]},
								"up": {"uv": [0, 53], "uv_size": [0, 6]},
								"down": {"uv": [0, 59], "uv_size": [0, -6]}
							}
						},
						{"origin": [1.25, 33.7, -16.15], "size": [1, 1, 2], "pivot": [1.25, 34.7, -15.15], "rotation": [0, 0, -22.5], "uv": [188, 124]},
						{"origin": [1.59462, 33.96746, -16.15], "size": [1, 1, 6], "inflate": -0.002, "pivot": [2.09462, 33.96746, -16.15], "rotation": [-12.5, 0, -22.5], "uv": [236, 22]},
						{"origin": [2.09126, 32.76848, -10.29613], "size": [1, 1, 6], "pivot": [2.59126, 32.76848, -10.29613], "rotation": [12.5, 0, -22.5], "uv": [236, 29]},
						{"origin": [2.09126, 32.76848, 0.70387], "size": [1, 1, 3], "pivot": [2.59126, 32.76848, 0.70387], "rotation": [0, 0, -22.5], "uv": [222, 242]},
						{"origin": [2.0532, 32.95982, 2.70387], "size": [1, 2, 1], "inflate": -0.002, "pivot": [3.0532, 32.95982, 3.20387], "rotation": [0, 0, 10], "uv": [84, 107]},
						{"origin": [1.59462, 33.96746, -5.15], "size": [1, 1, 6], "inflate": -0.002, "pivot": [2.09462, 33.96746, -5.15], "rotation": [-12.5, 0, -22.5], "uv": [236, 235]},
						{"origin": [-1.5, 7.1, -0.65], "size": [3, 12, 5], "uv": [110, 165]},
						{"origin": [-1.5, 10.1, 4.35], "size": [3, 5, 1.25], "uv": [58, 140]},
						{"origin": [-1.5, 14.9, 3.15], "size": [3, 4.2, 1.2], "inflate": -0.002, "pivot": [0, 19.1, 4.35], "rotation": [17.25, 0, 0], "uv": [58, 146]},
						{"origin": [-1.5, 7.1, 3.15], "size": [3, 3.25, 1.2], "inflate": -0.002, "pivot": [0, 7.1, 4.35], "rotation": [-22.5, 0, 0], "uv": [58, 151]},
						{"origin": [-1.5, 26.4, -57.7], "size": [3, 3, 61], "inflate": -0.1, "pivot": [0, 27.9, -28.7], "rotation": [0, 0, 45], "uv": [0, 0]},
						{"origin": [-0.5, 30.4, -8.7], "size": [1, 1, 4], "pivot": [0, 30.9, -26.7], "rotation": [0, 0, 45], "uv": [240, 176]},
						{"origin": [-0.5, 27.4, -63.355], "size": [1, 1, 1], "inflate": 0.25, "pivot": [0, 27.9, -34.375], "rotation": [0, 0, 45], "uv": [84, 112]},
						{"origin": [-2, 26.4, -63.6], "size": [4, 3, 6], "uv": [110, 182]},
						{"origin": [-2, 24.1, 30.85], "size": [4, 5, 31], "uv": [88, 64]},
						{"origin": [-1.25, 23.1, 55.3], "size": [2.5, 1, 2.5], "pivot": [0, 23.6, 56.55], "rotation": [0, -45, 0], "uv": [16, 243]},
						{"origin": [-1, 29.1, 30.85], "size": [2, 2, 31], "uv": [0, 107]},
						{"origin": [-1.00446, 28.85895, 30.85], "size": [2, 2.24, 31], "inflate": -0.002, "pivot": [0.99554, 31.10895, 46.35], "rotation": [0, 0, -26.5], "uv": [128, 0]},
						{"origin": [0.49554, 28.85895, 2.85], "size": [1, 2.24, 28], "inflate": -0.002, "pivot": [1.49554, 31.10895, 15.35], "rotation": [0, 0, -26.5], "uv": [0, 140]},
						{"origin": [-1.49554, 28.85895, 2.85], "size": [1, 2.24, 28], "inflate": -0.002, "pivot": [-1.49554, 31.10895, 15.35], "rotation": [0, 0, 26.5], "uv": [158, 63]},
						{"origin": [-0.99554, 28.85895, 30.85], "size": [2, 2.24, 31], "inflate": -0.002, "pivot": [-0.99554, 31.10895, 46.35], "rotation": [0, 0, 26.5], "uv": [66, 132]},
						{"origin": [-1.5, 29.1, 2.85], "size": [3, 2, 28], "uv": [132, 132]},
						{"origin": [-2.5, 27.1, 2.85], "size": [5, 2, 5], "uv": [214, 111]},
						{"origin": [-2.5, 25.1, 2.85], "size": [5, 2, 28], "uv": [128, 33]},
						{"origin": [-2.5, 24.1, 27.85], "size": [5, 1, 3], "uv": [66, 128]},
						{"origin": [-2.5, 7.1, 27.85], "size": [5, 17, 4], "uv": [66, 107]},
						{"origin": [-2.5, 23.1, 31.85], "size": [5, 1, 3], "uv": [194, 58]},
						{"origin": [-2.5, 14.1, 31.85], "size": [5, 9, 3], "inflate": -0.002, "pivot": [0, 23.1, 34.85], "rotation": [-20, 0, 0], "uv": [138, 217]},
						{"origin": [-2.5, 24.30711, 27.35], "size": [5, 1.4, 1], "inflate": -0.002, "pivot": [0, 24.80711, 27.85], "rotation": [45, 0, 0], "uv": [182, 241]},
						{"origin": [-2.5, 22.1, -8.15], "size": [5, 3, 17], "uv": [32, 191]},
						{"origin": [-2.5, 19.1, 5.85], "size": [5, 3, 1], "uv": [238, 224]},
						{"origin": [-2.5, 19.1, 5.85], "size": [5, 8, 1], "inflate": -0.002, "pivot": [0, 19.1, 6.85], "rotation": [-40, 0, 0], "uv": [46, 170]},
						{"origin": [-2.5, 20.50638, 3.88528], "size": [5, 6, 1.325], "inflate": -0.002, "pivot": [0, 18.33138, 6.21028], "rotation": [-40, 0, 0], "uv": [58, 170]},
						{"origin": [-2.5, 21.4, 5.85], "size": [5, 1, 1], "inflate": -0.001, "pivot": [0, 21.4, 5.85], "rotation": [45, 0, 0], "uv": [138, 229]},
						{"origin": [-1.5, 22.1, -29.15], "size": [3, 3, 18], "uv": [76, 191]},
						{"origin": [-1.8, 19.5, -25.55], "size": [3.6, 1, 1], "pivot": [0, 20.5, -24.55], "rotation": [45, 0, 0], "uv": [58, 163]},
						{"origin": [-1.7, 20.4, -29.05], "size": [3.4, 1.5, 1.5], "pivot": [0, 21.9, -28.05], "rotation": [45, 0, 0], "uv": [48, 243]},
						{"origin": [-1.5, 25.1, -28.15], "size": [3, 2, 4], "uv": [14, 237]},
						{"origin": [1.50391, 25.09207, -28.15], "size": [1.64, 1, 4], "inflate": -0.002, "pivot": [1.49391, 25.09207, -26.15], "rotation": [0, 0, -52.5], "uv": [152, 239]},
						{"origin": [-3.14391, 25.09207, -28.15], "size": [1.64, 1, 4], "inflate": -0.002, "pivot": [-1.49391, 25.09207, -26.15], "rotation": [0, 0, 52.5], "uv": [162, 239]},
						{"origin": [-3.14391, 29.70793, -28.15], "size": [1.64, 1, 4], "inflate": -0.002, "pivot": [-1.49391, 30.70793, -26.15], "rotation": [0, 0, -52.5], "uv": [132, 240]},
						{"origin": [1.50391, 29.70793, -28.15], "size": [1.64, 1, 4], "inflate": -0.002, "pivot": [1.49391, 30.70793, -26.15], "rotation": [0, 0, 52.5], "uv": [172, 239]},
						{"origin": [1.50391, 29.70793, -5.15], "size": [1.64, 1, 7], "inflate": -0.002, "pivot": [1.49391, 30.70793, -3.15], "rotation": [0, 0, 52.5], "uv": [232, 149]},
						{"origin": [1.50391, 30.20793, -9.15], "size": [2.64, 1, 5], "inflate": -0.002, "pivot": [1.49391, 30.70793, -3.15], "rotation": [0, 0, 52.5], "uv": [221, 236]},
						{"origin": [1.17918, 29.54945, -19.15], "size": [1.64, 1, 10], "inflate": -0.002, "pivot": [1.99918, 30.04945, -15.15], "rotation": [0, 0, 52.5], "uv": [216, 224]},
						{"origin": [1.81712, 29.13511, -11.24834], "size": [1, 1, 2.5], "inflate": -0.004, "pivot": [2.31712, 29.63511, -10.74834], "rotation": [0, 25, 52.5], "uv": [188, 118]},
						{"origin": [-3.14391, 29.70793, -5.15], "size": [1.64, 1, 7], "inflate": -0.002, "pivot": [-1.49391, 30.70793, -3.15], "rotation": [0, 0, -52.5], "uv": [232, 141]},
						{"origin": [-3.14391, 25.09207, -5.15], "size": [1.64, 1, 7], "inflate": -0.002, "pivot": [-1.49391, 25.09207, -3.15], "rotation": [0, 0, 52.5], "uv": [232, 133]},
						{"origin": [1.50391, 25.09207, -5.15], "size": [1.64, 1, 7], "inflate": -0.002, "pivot": [1.49391, 25.09207, -3.15], "rotation": [0, 0, -52.5], "uv": [232, 125]},
						{"origin": [-1.5, 28.7, -28.15], "size": [3, 2, 4], "uv": [238, 36]},
						{"origin": [-1.5, 30.7, -28.15], "size": [3, 2, 1], "uv": [238, 242]},
						{"origin": [-1.5, 30.2, -27.85], "size": [3, 1, 1], "inflate": -0.002, "pivot": [0, 30.7, -27.15], "rotation": [45, 0, 0], "uv": [56, 243]},
						{"origin": [-1.5, 30, -25.65], "size": [3, 1, 1], "inflate": -0.002, "pivot": [0, 30.7, -25.15], "rotation": [45, 0, 0], "uv": [78, 243]},
						{"origin": [-1.5, 32.2, -25.45], "size": [3, 1, 1], "inflate": -0.002, "pivot": [0, 32.7, -25.15], "rotation": [45, 0, 0], "uv": [94, 243]},
						{"origin": [-1.5, 32.4, -27.65], "size": [3, 1, 1], "inflate": -0.002, "pivot": [0, 32.7, -27.15], "rotation": [45, 0, 0], "uv": [86, 243]},
						{"origin": [-1.5, 30.7, -25.15], "size": [3, 2, 1], "uv": [0, 243]},
						{"origin": [-1.5, 30.7, -25.15], "size": [3, 1.25, 1], "inflate": -0.002, "pivot": [0, 30.7, -24.15], "rotation": [-35, 0, 0], "uv": [102, 243]},
						{"origin": [-1.5, 30.7, -4.95], "size": [3, 1.25, 1], "inflate": -0.002, "pivot": [0, 30.7, -4.95], "rotation": [35, 0, 0], "uv": [182, 243]},
						{"origin": [-1.5, 31.7, -24.15], "size": [3, 2, 41], "uv": [0, 64]},
						{"origin": [-1.5, 30.7, 2.85], "size": [3, 1, 24], "uv": [160, 93]},
						{"origin": [-1.5, 31.7, 16.85], "size": [3, 1, 6], "uv": [232, 118]},
						{"origin": [-1.5, 33.7, -7.15], "size": [3, 1, 20], "uv": [0, 170]},
						{"origin": [-2.5, 34.7, -21.15], "size": [5, 1.3, 31], "uv": [88, 100]},
						{"origin": [2.10355, 34.65, -7.15], "size": [1.5, 1.5, 13], "pivot": [2.85355, 35.4, 2.35], "rotation": [0, 0, 45], "uv": [222, 162]},
						{"origin": [2.10355, 34.65, 8.85], "size": [1.5, 1.5, 3], "pivot": [2.85355, 35.4, 2.35], "rotation": [0, 0, 45], "uv": [110, 212]},
						{"origin": [-3.35355, 34.65, -2.15], "size": [1.25, 1.25, 13], "pivot": [-2.85355, 35.4, 2.35], "rotation": [0, 0, -45], "uv": [0, 223]},
						{"origin": [-1.5, 33.5, 12.85], "size": [3, 1.2, 14.3], "inflate": -0.0002, "pivot": [0, 34.7, 12.85], "rotation": [-11, 0, 0], "uv": [216, 58]},
						{"origin": [-1.5, 32.7, -24.15], "size": [3, 1, 17.03], "inflate": -0.002, "pivot": [0, 33.7, -24.15], "rotation": [3.35, 0, 0], "uv": [70, 212]},
						{"origin": [-1.5, 32.7, -28.15], "size": [3, 1, 4], "uv": [230, 88]},
						{"origin": [0.8, 33.4, -28.45], "size": [1, 2, 2.75], "inflate": -0.3, "uv": [126, 165]},
						{"origin": [-1.8, 33.4, -28.45], "size": [1, 2, 2.75], "inflate": -0.3, "uv": [126, 169]},
						{"origin": [-1.8, 33.4, -26.3], "size": [1, 1.2, 1.4], "inflate": -0.3, "uv": [84, 116]},
						{"origin": [-1.1, 33.3, -28.15], "size": [2.2, 1, 2.95], "inflate": -0.0002, "uv": [8, 243]},
						{"origin": [0.8, 33.4, -26.3], "size": [1, 1.2, 1.4], "inflate": -0.3, "uv": [84, 114]},
						{"origin": [-1.5, 28.7, -5.15], "size": [3, 3, 8], "uv": [70, 230]},
						{"origin": [-1.5, 25.1, -5.15], "size": [3, 2, 7], "uv": [132, 231]},
						{"origin": [-2.5, 21.1, -11.15], "size": [5, 4, 3], "uv": [234, 111]},
						{"origin": [-2.5, 19.1, -11.15], "size": [5, 2, 2], "uv": [232, 157]},
						{"origin": [-2.5, 26.4, -28.15], "size": [5, 3, 4], "inflate": 0.002, "uv": [222, 176]},
						{"origin": [-2.5, 26.4, -5.15], "size": [5, 3, 7], "inflate": 0.002, "uv": [192, 224]},
						{"origin": [-1.5, 20.1, -29.15], "size": [3, 2, 18], "uv": [194, 0]},
						{"origin": [1.5, 20.1, -29.175], "size": [1, 5, 18.025], "inflate": -0.002, "pivot": [2.5, 20.1, -11.15], "rotation": [0, 3.175, 0], "uv": [118, 194]},
						{"origin": [0.50167, 20.1, -29.14733], "size": [1, 2, 18.025], "inflate": -0.004, "pivot": [1.50167, 20.1, -29.14733], "rotation": [-5.75, 3.175, 0], "uv": [210, 204]},
						{"origin": [-1.50167, 20.1, -29.14733], "size": [1, 2, 18.025], "inflate": -0.004, "pivot": [-1.50167, 20.1, -29.14733], "rotation": [-5.75, -3.175, 0], "uv": [32, 211]},
						{"origin": [-2.5, 20.1, -29.175], "size": [1, 5, 18.025], "inflate": -0.002, "pivot": [-2.5, 20.1, -11.15], "rotation": [0, -3.175, 0], "uv": [194, 118]},
						{"origin": [-1.5, 18.09445, -29.25282], "size": [3, 2, 18.05], "inflate": -0.002, "pivot": [0, 18.09445, -9.25282], "rotation": [-5.75, 0, 0], "uv": [194, 20]},
						{"origin": [-2.5, 18.09194, -11.25281], "size": [5, 2, 2], "inflate": -0.002, "pivot": [1, 18.09194, -9.25281], "rotation": [-5.75, 0, 0], "uv": [156, 211]},
						{"origin": [-2.5, 19.1, -11.15], "size": [5, 4, 2], "inflate": -0.001, "pivot": [0, 19.1, -9.15], "rotation": [-35, 0, 0], "uv": [0, 237]},
						{"origin": [-2, 19.1, -9.15], "size": [4, 3, 15], "uv": [214, 93]},
						{"origin": [-1.5, 16.1, -7.75], "size": [3, 3.2, 1], "inflate": -0.2, "pivot": [0, 19.1, -7.55], "rotation": [5, 0, 0], "uv": [58, 159]},
						{"origin": [-1.5, 15.06065, -7.50596], "size": [3, 1.45, 1], "inflate": -0.202, "pivot": [0, 16.31065, -7.30596], "rotation": [47, 0, 0], "uv": [24, 244]},
						{"origin": [-1.5, 15.06065, -1.99404], "size": [3, 1.45, 1], "inflate": -0.202, "pivot": [0, 16.31065, -1.19404], "rotation": [-47, 0, 0], "uv": [32, 244]},
						{"origin": [-1.5, 16.1, -1.75], "size": [3, 3.2, 1], "inflate": -0.2, "pivot": [0, 19.1, -0.95], "rotation": [-5, 0, 0], "uv": [170, 211]},
						{"origin": [-1, 16.1, -3.45], "size": [2, 3.2, 1], "inflate": -0.2, "pivot": [0, 19.1, -2.65], "rotation": [-20, 0, 0], "uv": [126, 177]},
						{"origin": [-1.5, 15.4, -6.75], "size": [3, 1, 5], "inflate": -0.2, "uv": [236, 0]},
						{"origin": [-2.25, 20, -3.95], "size": [4.5, 1.5, 2], "uv": [46, 188]},
						{"origin": [-2.25, 20.25, 1.2], "size": [4.5, 1, 1], "pivot": [0, 20.75, 1.7], "rotation": [45, 0, 0], "uv": [204, 242]},
						{"origin": [1.45, 20.25, 1.9], "size": [1, 1, 2], "inflate": -0.202, "uv": [188, 121]},
						{"origin": [-2.5, 27.1, 17.85], "size": [1, 2, 13], "uv": [216, 73]},
						{"origin": [1.5, 27.1, 28.85], "size": [1, 2, 2], "uv": [82, 128]}
					]
				},
				{
					"name": "muzzleflash",
					"parent": "gun",
					"pivot": [0, 27.9, -63.625],
					"cubes": [
						{"origin": [-0.5, 27.4, -64.125], "size": [1, 1, 1], "inflate": -0.4, "uv": [84, 110]}
					]
				},
				{
					"name": "scope",
					"parent": "gun",
					"pivot": [5.7, 32.8, 10.575],
					"cubes": [
						{"origin": [5.2, 32.3, 10.075], "size": [1, 1, 1], "inflate": -0.4, "uv": [84, 120]}
					]
				},
				{
					"name": "mag_lever",
					"parent": "gun",
					"pivot": [0, 23.67193, 9.45243],
					"cubes": [
						{"origin": [-2, 19.67193, 9.35243], "size": [4, 4, 1], "inflate": -0.002, "pivot": [0, 23.67193, 9.45243], "rotation": [-5, 0, 0], "uv": [68, 241]}
					]
				},
				{
					"name": "charging_lever",
					"parent": "gun",
					"pivot": [2.5, 28.1, 8.85],
					"cubes": [
						{"origin": [-0.5, 27.1, 7.85], "size": [3, 2, 1], "uv": [230, 242]},
						{"origin": [-1.5, 26.4, 7.75], "size": [3, 3, 23.1], "inflate": -0.102, "pivot": [0, 27.9, 19.85], "rotation": [0, 0, 45], "uv": [58, 165]}
					]
				},
				{
					"name": "bullet2",
					"parent": "charging_lever",
					"pivot": [0, 27.675, 21.35],
					"cubes": [
						{"origin": [-1, 26.675, 11.85], "size": [2, 2, 16], "pivot": [0, 27.675, 21.35], "rotation": [0, 0, 45], "uv": [156, 215]}
					]
				},
				{
					"name": "lever",
					"parent": "charging_lever",
					"pivot": [2.5, 28.1, 8.85],
					"rotation": [0, 90, 0],
					"cubes": [
						{"origin": [2.5, 27.1, 8.85], "size": [6, 2, 1], "inflate": -0.002, "uv": [118, 191]}
					]
				},
				{
					"name": "front_handle",
					"parent": "gun",
					"pivot": [0, 21.93228, -27.87522],
					"cubes": [
						{"origin": [-1.5, 6.40098, -34.4267], "size": [3, 12, 5], "pivot": [0, 12.40098, -31.9267], "rotation": [-25, 0, 0], "uv": [156, 194]},
						{"origin": [-1.5, 19.45896, -35.41147], "size": [3, 2, 5], "pivot": [0, 12.45896, -31.91147], "rotation": [-25, 0, 0], "uv": [188, 234]},
						{"origin": [-1.5, 20.83901, -29.36502], "size": [3, 2, 2], "pivot": [0, 21.83901, -28.36502], "rotation": [-25, 0, 0], "uv": [114, 241]},
						{"origin": [-1.5, 16.78628, -32.12522], "size": [3, 2.5, 5], "inflate": -0.002, "uv": [204, 235]},
						{"origin": [-1.5, 19.28228, -32.12522], "size": [3, 1, 4], "inflate": -0.002, "uv": [216, 88]}
					]
				},
				{
					"name": "scope_rotate",
					"parent": "gun",
					"pivot": [2.85355, 35.4, 2.35],
					"cubes": [
						{"origin": [1.5, 36, -4.15], "size": [1, 4, 9], "uv": [28, 231]},
						{"origin": [1.8, 35.7, 4.55], "size": [1, 4.6, 5.6], "inflate": -0.3, "uv": [236, 6]},
						{"origin": [1.2, 39.3, 4.55], "size": [1.2, 1, 5.6], "inflate": -0.3, "uv": [238, 42]},
						{"origin": [1.2, 35.7, 4.55], "size": [1.2, 1, 5.6], "inflate": -0.3, "uv": [238, 48]},
						{"origin": [0, 36.1, -4.15], "size": [1.5, 3.8, 9], "uv": [48, 231]},
						{"origin": [-0.25, 38.05, -0.65], "size": [1, 1.25, 1.25], "pivot": [0.25, 38.55, 0.1], "rotation": [-45, 0, 0], "uv": [84, 118]},
						{"origin": [-2.825, 39.3, 4.55], "size": [4.625, 1, 5.6], "inflate": -0.3002, "pivot": [1.5, 40.3, 7.35], "rotation": [0, 0, -3.5], "uv": [152, 233]},
						{"origin": [-2.8, 35.7, 4.55], "size": [4.6, 1, 5.6], "inflate": -0.3002, "pivot": [1.5, 35.7, 7.35], "rotation": [0, 0, 3.5], "uv": [170, 233]},
						{"origin": [0, 39, -4.15], "size": [1.5, 1, 9], "inflate": -0.0002, "pivot": [1.5, 40, 2.35], "rotation": [0, 0, -3.5], "uv": [112, 231]},
						{"origin": [0, 36, -4.15], "size": [1.5, 1, 9], "inflate": -0.0002, "pivot": [1.5, 36, 2.35], "rotation": [0, 0, 3.5], "uv": [92, 231]},
						{"origin": [-2.8, 35.95, 4.55], "size": [1, 4.1, 5.6], "inflate": -0.3, "uv": [46, 179]},
						{"origin": [-2.4, 36.1, 4.55], "size": [4.8, 3.8, 5.4], "inflate": -0.3, "uv": [192, 215]},
						{"origin": [-1.2, 36.45, 1.85], "size": [1, 1, 3], "pivot": [-0.7, 36.95, 2.85], "rotation": [0, 0, -45], "uv": [58, 155]},
						{"origin": [0.41069, 34.82117, 5.85], "size": [3, 1.5, 3], "pivot": [2.86469, 35.42452, 7.35], "rotation": [0, 0, 60], "uv": [238, 228]},
						{"origin": [1.36939, 34.78509, 5.85], "size": [1, 1.5, 3], "inflate": -0.0002, "pivot": [2.8234, 35.78844, 7.35], "rotation": [0, 0, 45], "uv": [214, 242]},
						{"origin": [2.10355, 34.65, 5.85], "size": [1.5, 1.5, 3], "pivot": [2.85355, 35.4, 5.35], "rotation": [0, 0, 45], "uv": [124, 241]}
					]
				},
				{
					"name": "SCOPEGLOW",
					"parent": "scope_rotate",
					"pivot": [0, 38, 9.55],
					"cubes": [
						{
							"origin": [0.25, 36.1, -4.16],
							"size": [2, 3.8, 0],
							"uv": {
								"north": {"uv": [43, 6], "uv_size": [3, 5]},
								"east": {"uv": [0, 3], "uv_size": [0, 3]},
								"south": {"uv": [2, 3], "uv_size": [2, 3]},
								"west": {"uv": [2, 3], "uv_size": [0, 3]},
								"up": {"uv": [0, 3], "uv_size": [2, 0]},
								"down": {"uv": [2, 3], "uv_size": [2, 0]}
							}
						},
						{
							"origin": [-2.4, 36.1, 9.45],
							"size": [4.8, 3.8, 0.6],
							"inflate": -0.3,
							"uv": {
								"north": {"uv": [0, 0], "uv_size": [4, 3]},
								"east": {"uv": [0, 0], "uv_size": [0, 3]},
								"south": {"uv": [30, 6], "uv_size": [13, 9]},
								"west": {"uv": [4, 0], "uv_size": [0, 3]},
								"up": {"uv": [0, 0], "uv_size": [4, 0]},
								"down": {"uv": [4, 0], "uv_size": [4, 0]}
							}
						}
					]
				},
				{
					"name": "scopepip",
					"parent": "scope_rotate",
					"pivot": [0, 38, 9.55],
					"rotation": [0, 0, -180],
					"cubes": [
						{"origin": [-2.4, 35.6, 9.075], "size": [4.8, 4.8, 1], "inflate": -0.3, "uv": [67, 0]}
					]
				},
				{
					"name": "_camera_",
					"pivot": [13, 30.3, 20]
				}
			]
		}
	]
}