{
	"format_version": "1.21.20",
	"minecraft:geometry": [
		{
			"description": {
				"identifier": "geometry.unknown",
				"texture_width": 256,
				"texture_height": 256,
				"visible_bounds_width": 8,
				"visible_bounds_height": 5,
				"visible_bounds_offset": [0, 1.5, 0]
			},
			"bones": [
				{
					"name": "main",
					"pivot": [0, 17, -2.2]
				},
				{
					"name": "armL_mag",
					"parent": "main",
					"pivot": [0, 17.55499, -9.40526]
				},
				{
					"name": "magazine",
					"parent": "armL_mag",
					"pivot": [0, 17.55499, -9.40526],
					"cubes": [
						{"origin": [-1.5, 15.55499, -12.90526], "size": [3, 4, 7], "uv": [96, 91]},
						{"origin": [0.75, 19.30499, -13.15526], "size": [1, 1.5, 7.5], "inflate": -0.252, "pivot": [1.5, 19.55499, -9.40526], "rotation": [0, 0, -45], "uv": [60, 111]},
						{"origin": [-1.75, 19.30499, -13.15526], "size": [1, 1.5, 7.5], "inflate": -0.252, "pivot": [-1.5, 19.55499, -9.40526], "rotation": [0, 0, 45], "uv": [76, 111]},
						{"origin": [-1.75, 13.55499, -13.23026], "size": [3.5, 1, 6.5], "inflate": -0.002, "pivot": [0, 13.55499, -6.73026], "rotation": [-8.85, 0, 0], "uv": [104, 73]},
						{"origin": [-1.75, 13.55499, -6.73026], "size": [3.5, 1, 1.075], "uv": [122, 78]},
						{"origin": [-1.75, 15.05499, -9.94026], "size": [3.5, 1, 1], "inflate": -0.005, "pivot": [0, 16.05499, -9.94026], "rotation": [-45, 0, 0], "uv": [124, 115]},
						{"origin": [-1.75, 15.05499, -9.94026], "size": [3.5, 1, 4.285], "inflate": -0.002, "uv": [84, 119]},
						{"origin": [-1.75, 14.55499, -13.15526], "size": [3.5, 1, 7.5], "uv": [76, 47]}
					]
				},
				{
					"name": "bullet",
					"parent": "magazine",
					"pivot": [0, 19.55499, -9.40526],
					"cubes": [
						{"origin": [-0.6, 19.15499, -12.40526], "size": [1, 1, 6], "pivot": [0, 19.55499, -9.40526], "rotation": [0, 0, 45], "uv": [42, 119]}
					]
				},
				{
					"name": "leftarm",
					"parent": "armL_mag",
					"pivot": [20, 0, 20],
					"cubes": [
						{"origin": [16, -24, 16], "size": [8, 24, 8], "uv": [0, 45]}
					]
				},
				{
					"name": "armR_gun",
					"parent": "main",
					"pivot": [0, 17, -2.2]
				},
				{
					"name": "malorian",
					"parent": "armR_gun",
					"pivot": [0, 17, -2.2],
					"cubes": [
						{"origin": [-1.5, 15.01521, 2.58893], "size": [3, 1, 4.175], "pivot": [0, 11.01521, 5.31393], "rotation": [16.25, 0, 0], "uv": [56, 119]},
						{"origin": [-1.5, 15.86521, 2.58893], "size": [3, 1, 2.075], "inflate": -0.002, "pivot": [0, 11.01521, 5.31393], "rotation": [16.25, 0, 0], "uv": [104, 88]},
						{"origin": [-1.5, 7.01521, 2.58893], "size": [3, 8, 5.225], "pivot": [0, 11.01521, 5.31393], "rotation": [16.25, 0, 0], "uv": [104, 12]},
						{"origin": [-1.5, 15.55499, 0.59474], "size": [3, 1, 5], "inflate": 0.002, "uv": [108, 112]},
						{"origin": [-1.5, 18.55499, -0.40526], "size": [3, 2, 6], "uv": [104, 65]},
						{"origin": [0.8, 20.25499, -0.70526], "size": [1, 1.6, 8.6], "inflate": -0.3, "uv": [104, 47]},
						{"origin": [0.8, 20.35499, 7.29474], "size": [1, 1.5, 2.836], "inflate": -0.302, "pivot": [1.3, 21.55499, 7.59474], "rotation": [-26.55, 0, 0], "uv": [34, 126]},
						{"origin": [-1.8, 20.25499, -0.70526], "size": [1, 1.6, 8.6], "inflate": -0.3, "uv": [104, 56]},
						{"origin": [-1.8, 20.35499, 7.29474], "size": [1, 1.5, 2.836], "inflate": -0.302, "pivot": [-1.3, 21.55499, 7.59474], "rotation": [-26.55, 0, 0], "uv": [40, 126]},
						{"origin": [-1.5, 19.55499, 5.59474], "size": [3, 1, 4], "uv": [70, 119]},
						{"origin": [-1, 16.55499, 0.59474], "size": [2, 2, 5], "inflate": 0.002, "uv": [14, 118]},
						{"origin": [-1.5, 15.12999, 4.59474], "size": [3, 1.425, 1], "inflate": -0.005, "pivot": [0, 16.55499, 5.59474], "rotation": [45, 0, 0], "uv": [40, 100]},
						{"origin": [-1.5, 18.55499, 4.59474], "size": [3, 1.425, 1], "inflate": -0.002, "pivot": [0, 18.55499, 5.59474], "rotation": [-45, 0, 0], "uv": [32, 110]},
						{"origin": [-1.3, 15.91342, -1.06313], "size": [2.6, 1.325, 2], "inflate": -0.302, "pivot": [0, 16.93842, 0.43687], "rotation": [65.5, 0, 0], "uv": [56, 124]},
						{"origin": [-1.3, 15.73488, 0.13503], "size": [2.6, 1.5, 3.3], "inflate": -0.3, "pivot": [0, 16.93488, 0.43503], "rotation": [117.5, 0, 0], "uv": [66, 19]},
						{"origin": [-1.4, 20.25499, -0.70526], "size": [1, 1.2, 9.375], "inflate": -0.3, "uv": [20, 100]},
						{"origin": [-1.4, 20.35499, 8.24474], "size": [1, 1.15, 1.961], "inflate": -0.302, "pivot": [-1.3, 21.55499, 8.36974], "rotation": [-26.55, 0, 0], "uv": [28, 85]},
						{"origin": [0.4, 20.35499, 8.24474], "size": [1, 1.15, 1.961], "inflate": -0.302, "pivot": [1.3, 21.55499, 8.36974], "rotation": [-26.55, 0, 0], "uv": [28, 83]},
						{"origin": [0.4, 20.25499, -0.70526], "size": [1, 1.2, 9.375], "inflate": -0.3, "uv": [0, 100]},
						{"origin": [-0.5, 16.05499, -2.20526], "size": [1, 2.2, 2], "uv": [112, 125]},
						{"origin": [-1.5, 18.55499, -5.40526], "size": [3, 2, 5], "uv": [32, 112]},
						{"origin": [1, 20.55499, -3.55526], "size": [1, 1, 2.3], "inflate": -0.15, "pivot": [1.5, 21.05499, -2.40526], "rotation": [0, 0, 45], "uv": [26, 128]},
						{"origin": [-2, 20.55499, -3.55526], "size": [1, 1, 2.3], "inflate": -0.15, "pivot": [-1.5, 21.05499, -2.40526], "rotation": [0, 0, -45], "uv": [128, 102]},
						{"origin": [0.8, 20.25499, -13.70526], "size": [1, 1.6, 13.6], "inflate": -0.3, "uv": [32, 74]},
						{"origin": [-1.8, 20.25499, -13.70526], "size": [1, 1.6, 13.6], "inflate": -0.3, "uv": [76, 33]},
						{"origin": [-1.5, 18.55499, -21.40526], "size": [3, 3, 8], "uv": [52, 91]},
						{"origin": [1.5, 18.30499, -22.40526], "size": [2, 2, 8], "inflate": -0.2, "pivot": [2.5, 19.55499, -18.40526], "rotation": [0, 0, 45], "uv": [94, 102]},
						{"origin": [1.11612, 16.87821, -21.40526], "size": [1, 1, 5], "pivot": [1.61612, 17.37821, -18.90526], "rotation": [0, 0, 45], "uv": [120, 80]},
						{"origin": [0.91612, 17.37821, -20.40526], "size": [1.4, 2, 4], "inflate": -0.002, "uv": [60, 74]},
						{"origin": [-0.6, 19.95499, -27.60526], "size": [1.2, 1.2, 6.4], "inflate": -0.198, "pivot": [0, 20.55499, -24.40526], "rotation": [0, 0, -45], "uv": [108, 118]},
						{"origin": [-1.7, 18.75499, -27.60526], "size": [3.4, 1, 6.4], "inflate": -0.2, "uv": [84, 12]},
						{"origin": [-1.7, 18.75499, -22.60526], "size": [3.4, 1, 1.475], "inflate": -0.202, "pivot": [0, 18.95499, -22.40526], "rotation": [-21.75, 0, 0], "uv": [26, 126]},
						{"origin": [0.8, 19.25499, -27.70526], "size": [1, 2.6, 6.6], "inflate": -0.3, "uv": [60, 102]},
						{"origin": [-1.8, 19.25499, -27.70526], "size": [1, 2.6, 6.6], "inflate": -0.3, "uv": [114, 102]},
						{"origin": [1.2, 18.25499, -13.70526], "size": [1, 3.6, 8.6], "inflate": -0.3, "uv": [104, 25]},
						{"origin": [1.2, 17.25499, -9.70526], "size": [1, 1.6, 4.6], "inflate": -0.3, "uv": [122, 26]},
						{"origin": [-2.2, 18.25499, -13.70526], "size": [1, 3.6, 8.6], "inflate": -0.3, "uv": [104, 36]},
						{"origin": [-2.2, 17.25499, -9.70526], "size": [1, 1.6, 4.6], "inflate": -0.3, "uv": [122, 46]},
						{"origin": [-1.8, 17.25499, -6.10526], "size": [3.6, 3.6, 1], "inflate": -0.3, "uv": [96, 47]},
						{"origin": [-1.8, 18.25499, -13.70526], "size": [3.6, 2.6, 1], "inflate": -0.3, "uv": [52, 88]},
						{"origin": [1.2, 17.25499, -13.80526], "size": [1.1, 1.6, 4.7], "inflate": -0.3, "uv": [122, 31]},
						{"origin": [1.2, 16.25499, -9.70526], "size": [1.1, 1.6, 4.7], "inflate": -0.3, "uv": [60, 86]},
						{"origin": [-1.8, 16.25499, -6.10526], "size": [3.6, 1.6, 1.1], "inflate": -0.3, "uv": [114, 110]},
						{"origin": [-1.3, 15.25499, -5.70526], "size": [2.6, 3.6, 1.2], "inflate": -0.3, "uv": [106, 125]},
						{"origin": [-1.3, 15.25499, -5.70526], "size": [2.6, 1.2, 3.2], "inflate": -0.302, "pivot": [0, 15.55499, -5.40526], "rotation": [-15, 0, 0], "uv": [46, 19]},
						{"origin": [-1.3, 14.58251, -3.19726], "size": [2.6, 1.2, 3], "inflate": -0.3, "uv": [32, 51]},
						{"origin": [-1.3, 17.95499, -5.10526], "size": [2.6, 1.2, 5], "inflate": -0.302, "uv": [116, 96]},
						{"origin": [-1.3, 16.63842, -2.11313], "size": [2.6, 1.2, 2.85], "inflate": -0.302, "pivot": [0, 16.93842, 0.43687], "rotation": [65.5, 0, 0], "uv": [124, 4]},
						{"origin": [-1.3, 16.63488, 0.13503], "size": [2.6, 1.2, 3.3], "inflate": -0.3, "pivot": [0, 16.93488, 0.43503], "rotation": [117.5, 0, 0], "uv": [56, 19]},
						{"origin": [-1.3, 17.25499, -5.60526], "size": [2.6, 1.625, 1.1], "inflate": -0.305, "pivot": [0, 17.55499, -4.80526], "rotation": [-45, 0, 0], "uv": [128, 86]},
						{"origin": [1.2, 16.25499, -11.10526], "size": [1.1, 2, 2], "inflate": -0.302, "pivot": [1.75, 16.55499, -9.40526], "rotation": [-45, 0, 0], "uv": [94, 125]},
						{"origin": [-2.3, 17.25499, -13.80526], "size": [1.1, 1.6, 4.7], "inflate": -0.3, "uv": [122, 41]},
						{"origin": [-1.8, 17.25499, -13.80526], "size": [3.6, 1.6, 1.1], "inflate": -0.3, "uv": [120, 86]},
						{"origin": [-2.3, 16.25499, -11.10526], "size": [1.1, 2, 2], "inflate": -0.302, "pivot": [-1.75, 16.55499, -9.40526], "rotation": [-45, 0, 0], "uv": [100, 125]},
						{"origin": [-2.3, 16.25499, -9.70526], "size": [1.1, 1.6, 4.7], "inflate": -0.3, "uv": [122, 36]}
					]
				},
				{
					"name": "magazine2",
					"parent": "malorian",
					"pivot": [0, 17.55499, -9.40526],
					"cubes": [
						{"origin": [-1.5, 15.55499, -12.90526], "size": [3, 4, 7], "uv": [96, 91]},
						{"origin": [0.75, 19.30499, -13.15526], "size": [1, 1.5, 7.5], "inflate": -0.252, "pivot": [1.5, 19.55499, -9.40526], "rotation": [0, 0, -45], "uv": [60, 111]},
						{"origin": [-1.75, 19.30499, -13.15526], "size": [1, 1.5, 7.5], "inflate": -0.252, "pivot": [-1.5, 19.55499, -9.40526], "rotation": [0, 0, 45], "uv": [76, 111]},
						{"origin": [-1.75, 13.55499, -13.23026], "size": [3.5, 1, 6.5], "inflate": -0.002, "pivot": [0, 13.55499, -6.73026], "rotation": [-8.85, 0, 0], "uv": [104, 73]},
						{"origin": [-1.75, 13.55499, -6.73026], "size": [3.5, 1, 1.075], "uv": [122, 78]},
						{"origin": [-1.75, 15.05499, -9.94026], "size": [3.5, 1, 1], "inflate": -0.005, "pivot": [0, 16.05499, -9.94026], "rotation": [-45, 0, 0], "uv": [124, 115]},
						{"origin": [-1.75, 15.05499, -9.94026], "size": [3.5, 1, 4.285], "inflate": -0.002, "uv": [84, 119]},
						{"origin": [-1.75, 14.55499, -13.15526], "size": [3.5, 1, 7.5], "uv": [76, 47]}
					]
				},
				{
					"name": "bullet2",
					"parent": "magazine2",
					"pivot": [0, 19.55499, -9.40526],
					"cubes": [
						{"origin": [-0.6, 19.15499, -12.40526], "size": [1, 1, 6], "pivot": [0, 19.55499, -9.40526], "rotation": [0, 0, 45], "uv": [42, 119]}
					]
				},
				{
					"name": "slide",
					"parent": "malorian",
					"pivot": [0, 22.18767, -10.15526],
					"cubes": [
						{
							"origin": [0.81283, 22.58335, 3.29474],
							"size": [0.6, 2.2, 3.6],
							"inflate": -0.3,
							"pivot": [1.1179, 22.84795, 4.34474],
							"rotation": [0, 0, -18.25],
							"uv": {
								"north": {"uv": [3, 3], "uv_size": [0, 2]},
								"east": {"uv": [0, 3], "uv_size": [3, 2]},
								"south": {"uv": [6, 3], "uv_size": [0, 2]},
								"west": {"uv": [39, 132], "uv_size": [9, 2]},
								"up": {"uv": [3, 0], "uv_size": [0, 3]},
								"down": {"uv": [3, 3], "uv_size": [0, -3]}
							}
						},
						{
							"origin": [0.802, 21.17999, 3.29474],
							"size": [0.6, 2, 3.6],
							"inflate": -0.3,
							"uv": {
								"north": {"uv": [3, 3], "uv_size": [0, 2]},
								"east": {"uv": [0, 3], "uv_size": [3, 2]},
								"south": {"uv": [6, 3], "uv_size": [0, 2]},
								"west": {"uv": [41, 134], "uv_size": [9, 2]},
								"up": {"uv": [3, 0], "uv_size": [0, 3]},
								"down": {"uv": [3, 3], "uv_size": [0, -3]}
							}
						},
						{
							"origin": [-1.41283, 22.58335, 3.29474],
							"size": [0.6, 2.2, 3.6],
							"inflate": -0.3,
							"pivot": [-1.1179, 22.84795, 4.34474],
							"rotation": [0, 0, 18.25],
							"uv": {
								"north": {"uv": [0, 3], "uv_size": [0, 2]},
								"east": {"uv": [39, 132], "uv_size": [9, 2]},
								"south": {"uv": [3, 3], "uv_size": [0, 2]},
								"west": {"uv": [0, 3], "uv_size": [3, 2]},
								"up": {"uv": [0, 0], "uv_size": [0, 3]},
								"down": {"uv": [0, 3], "uv_size": [0, -3]}
							}
						},
						{
							"origin": [-1.402, 21.17999, 3.29474],
							"size": [0.6, 2, 3.6],
							"inflate": -0.3,
							"uv": {
								"north": {"uv": [0, 3], "uv_size": [0, 2]},
								"east": {"uv": [39, 134], "uv_size": [9, 2]},
								"south": {"uv": [3, 3], "uv_size": [0, 2]},
								"west": {"uv": [0, 3], "uv_size": [3, 2]},
								"up": {"uv": [0, 0], "uv_size": [0, 3]},
								"down": {"uv": [0, 3], "uv_size": [0, -3]}
							}
						},
						{"origin": [-1.4, 20.85499, 0.29474], "size": [1, 1.625, 3.6], "inflate": -0.3, "uv": [122, 122]},
						{"origin": [-1, 23.50499, 0.19474], "size": [2, 1.3, 6.8], "inflate": -0.4, "uv": [92, 112]},
						{"origin": [-1.4, 21.87999, 5.29474], "size": [1, 1.3, 1.6], "inflate": -0.3, "uv": [24, 90]},
						{"origin": [-1.4, 21.87999, 3.29474], "size": [2.8, 1.3, 2.6], "inflate": -0.3, "uv": [72, 124]},
						{"origin": [-1.46993, 22.21538, 5.29474], "size": [1, 2.2, 1.6], "inflate": -0.302, "pivot": [0, 22.47999, 4.34474], "rotation": [0, 0, 18.25], "uv": [28, 77]},
						{"origin": [0.46993, 22.21538, 5.29474], "size": [1, 2.2, 1.6], "inflate": -0.302, "pivot": [0, 22.47999, 4.34474], "rotation": [0, 0, -18.25], "uv": [28, 80]},
						{"origin": [0.14493, 22.21538, 3.29474], "size": [1.325, 2.2, 2.6], "inflate": -0.302, "pivot": [0, 22.47999, 3.34474], "rotation": [0, 0, -18.25], "uv": [6, 126]},
						{"origin": [-1.46993, 22.21538, 3.29474], "size": [1.325, 2.2, 2.6], "inflate": -0.302, "pivot": [0, 22.47999, 3.34474], "rotation": [0, 0, 18.25], "uv": [0, 126]},
						{"origin": [0.4, 21.87999, 5.29474], "size": [1, 1.3, 1.6], "inflate": -0.3, "uv": [24, 96]},
						{"origin": [0.4, 20.85499, 0.29474], "size": [1, 1.625, 3.6], "inflate": -0.3, "uv": [124, 0]},
						{"origin": [0.4, 20.85499, -6.70526], "size": [1, 1, 7.6], "inflate": -0.302, "uv": [16, 110]},
						{"origin": [-1.4, 20.85499, -6.70526], "size": [1, 1, 7.6], "inflate": -0.302, "uv": [0, 110]},
						{"origin": [0.4, 20.85499, 5.29474], "size": [1, 1.625, 1.6], "inflate": -0.3, "uv": [104, 129]},
						{"origin": [-1.4, 20.85499, 5.29474], "size": [1, 1.625, 1.6], "inflate": -0.3, "uv": [100, 129]},
						{"origin": [-1.4, 20.85499, 3.29474], "size": [2.8, 1.625, 2.6], "inflate": -0.3, "uv": [80, 124]},
						{"origin": [0.325, 21.87999, 6.29474], "size": [1.075, 1.3, 1.075], "inflate": -0.3, "pivot": [1.1, 22.09874, 6.59474], "rotation": [0, -45, 0], "uv": [88, 129]},
						{"origin": [0.325, 20.85499, 6.29474], "size": [1.075, 1.625, 1.075], "inflate": -0.3, "pivot": [1.1, 22.09874, 6.59474], "rotation": [0, -45, 0], "uv": [46, 129]},
						{"origin": [-1.4, 21.87999, 6.29474], "size": [1.075, 1.3, 1.075], "inflate": -0.3, "pivot": [-1.1, 22.09874, 6.59474], "rotation": [0, 45, 0], "uv": [96, 129]},
						{"origin": [-1.4, 20.85499, 6.29474], "size": [1.075, 1.625, 1.075], "inflate": -0.3, "pivot": [-1.1, 22.09874, 6.59474], "rotation": [0, 45, 0], "uv": [92, 129]},
						{"origin": [-0.9, 20.35499, -6.60526], "size": [1.8, 1, 13.4], "inflate": -0.2, "uv": [76, 19]},
						{"origin": [-0.9, 20.95499, 0.39474], "size": [1.8, 1, 6.4], "inflate": -0.2, "uv": [28, 119]},
						{"origin": [-0.9, 20.95499, -6.60526], "size": [1.8, 1, 2.4], "inflate": -0.202, "uv": [82, 127]},
						{"origin": [-1.05, 21.80499, -6.40526], "size": [2.1, 2.1, 2], "inflate": 0.002, "pivot": [0, 22.85499, -23.20526], "rotation": [0, 0, -45], "uv": [122, 70]},
						{"origin": [0.94524, 21.46737, -18.40526], "size": [1, 1.275, 11], "inflate": -0.002, "pivot": [1.94524, 22.74237, -7.90526], "rotation": [0, 0, 20.5], "uv": [28, 88]},
						{"origin": [-1.94524, 21.46737, -18.40526], "size": [1, 1.275, 11], "inflate": -0.002, "pivot": [-1.94524, 22.74237, -7.90526], "rotation": [0, 0, -20.5], "uv": [84, 0]},
						{"origin": [0.8, 21.25499, -7.70526], "size": [1, 1.6, 3.6], "inflate": -0.3, "uv": [122, 74]},
						{"origin": [-1.4, 21.25499, -6.70526], "size": [2.8, 1.6, 2.6], "inflate": -0.3, "uv": [64, 124]},
						{"origin": [-1.8, 21.25499, -7.70526], "size": [1, 1.6, 3.6], "inflate": -0.3, "uv": [122, 118]},
						{"origin": [-1.8, 22.15499, -6.70526], "size": [1, 1, 2.6], "inflate": -0.302, "uv": [52, 127]},
						{"origin": [0.8, 22.15499, -6.70526], "size": [1, 1, 2.6], "inflate": -0.302, "uv": [124, 126]},
						{"origin": [-0.3, 21.80499, 5.89474], "size": [1.4, 1.35, 1], "inflate": -0.305, "pivot": [0, 22.85499, 2.11974], "rotation": [0, 0, -45], "uv": [24, 98]},
						{"origin": [0.15255, 21.56102, 5.89474], "size": [1, 1, 1], "inflate": -0.308, "pivot": [0.45255, 22.26102, 6.39474], "rotation": [0, 0, -90], "uv": [38, 129]},
						{"origin": [-1.15255, 21.56102, 5.89474], "size": [1, 1, 1], "inflate": -0.308, "pivot": [-0.45255, 22.26102, 6.39474], "rotation": [0, 0, 90], "uv": [42, 129]},
						{"origin": [-1.1, 21.80499, 5.89474], "size": [1.4, 1.35, 1], "inflate": -0.305, "pivot": [0, 22.85499, 2.11974], "rotation": [0, 0, 45], "uv": [48, 100]},
						{"origin": [-1, 22.35499, 5.89474], "size": [2, 1, 1], "inflate": -0.3, "uv": [128, 108]}
					]
				},
				{
					"name": "rotatingBit",
					"parent": "slide",
					"pivot": [0, 22.85499, -1.00446],
					"cubes": [
						{
							"origin": [-0.75, 22.10499, -4.40526],
							"size": [1.5, 1, 2],
							"inflate": 0.002,
							"uv": {
								"north": {"uv": [0, 2], "uv_size": [1, 1]},
								"east": {"uv": [22, 138], "uv_size": [8, 4]},
								"south": {"uv": [3, 2], "uv_size": [1, 1]},
								"west": {"uv": [21, 138], "uv_size": [8, 4]},
								"up": {"uv": [0, 0], "uv_size": [1, 2]},
								"down": {"uv": [1, 2], "uv_size": [1, -2]}
							}
						},
						{"origin": [-0.75, 22.10499, -4.40526], "size": [1.5, 1.5, 4], "uv": [122, 61]},
						{"origin": [0, 22.85499, -4.40526], "size": [1.05, 1.05, 4], "inflate": 0.002, "pivot": [0, 22.85499, -21.20526], "rotation": [0, 0, -45], "uv": [122, 51]},
						{"origin": [0, 21.37006, -4.40126], "size": [1.05, 1.05, 4], "inflate": 0.002, "pivot": [0, 21.37006, -21.20126], "rotation": [0, 0, -45], "uv": [122, 56]},
						{"origin": [-1.05, 21.80499, -0.40526], "size": [2.1, 2.1, 1], "inflate": 0.002, "pivot": [0, 22.85499, 0.09474], "rotation": [0, 0, -45], "uv": [58, 127]},
						{"origin": [-1.025, 21.82999, 0.29474], "size": [2.05, 2.05, 6.575], "inflate": -0.3, "pivot": [0, 22.85499, 3.09474], "rotation": [0, 0, -45], "uv": [108, 0]}
					]
				},
				{
					"name": "glow_malorian",
					"parent": "rotatingBit",
					"pivot": [0, 21.63648, 4.16974],
					"cubes": [
						{"origin": [0, 22.65927, 5.47], "size": [1, 1, 1.4], "inflate": -0.3, "pivot": [0, 22.65927, 4.16974], "rotation": [0, 0, -45], "uv": [24, 92]},
						{"origin": [0, 21.63648, 5.47], "size": [1, 1, 1.4], "inflate": -0.3, "pivot": [0, 21.63648, 4.16974], "rotation": [0, 0, -45], "uv": [24, 94]}
					]
				},
				{
					"name": "slide2",
					"parent": "malorian",
					"pivot": [0, 23.15843, -20.98964],
					"cubes": [
						{
							"origin": [1.105, 22.80499, -25.90526],
							"size": [0, 1, 6],
							"pivot": [1.1, 24.55499, -20.90526],
							"rotation": [0, 0, -25],
							"uv": {
								"north": {"uv": [0, 5], "uv_size": [0, 1]},
								"east": {"uv": [1, 1], "uv_size": [-1, 5]},
								"south": {"uv": [5, 5], "uv_size": [0, 1]},
								"west": {"uv": [1, 132], "uv_size": [37, 5]},
								"up": {"uv": [0, 0], "uv_size": [0, 5]},
								"down": {"uv": [0, 5], "uv_size": [0, -5]}
							}
						},
						{
							"origin": [-1.105, 22.80499, -25.90526],
							"size": [0, 1, 6],
							"pivot": [-1.1, 24.55499, -20.90526],
							"rotation": [0, 0, 25],
							"uv": {
								"north": {"uv": [0, 5], "uv_size": [0, 1]},
								"east": {"uv": [1, 132], "uv_size": [37, 5]},
								"south": {"uv": [5, 5], "uv_size": [0, 1]},
								"west": {"uv": [0, 5], "uv_size": [5, 1]},
								"up": {"uv": [0, 0], "uv_size": [0, 5]},
								"down": {"uv": [0, 5], "uv_size": [0, -5]}
							}
						},
						{
							"origin": [-1.105, 22.80499, -13.40526],
							"size": [0, 1, 7],
							"pivot": [-1.1, 24.55499, -6.90526],
							"rotation": [0, 0, 25],
							"uv": {
								"north": {"uv": [0, 7], "uv_size": [0, 1]},
								"east": {"uv": [0, 142], "uv_size": [21, 3]},
								"south": {"uv": [7, 7], "uv_size": [0, 1]},
								"west": {"uv": [0, 7], "uv_size": [7, 1]},
								"up": {"uv": [0, 0], "uv_size": [0, 7]},
								"down": {"uv": [0, 7], "uv_size": [0, -7]}
							}
						},
						{
							"origin": [1.105, 22.80499, -13.40526],
							"size": [0, 1, 7],
							"pivot": [1.1, 24.55499, -6.90526],
							"rotation": [0, 0, -25],
							"uv": {
								"north": {"uv": [7, 7], "uv_size": [0, 1]},
								"east": {"uv": [0, 7], "uv_size": [7, 1]},
								"south": {"uv": [14, 7], "uv_size": [0, 1]},
								"west": {"uv": [0, 138], "uv_size": [21, 3]},
								"up": {"uv": [7, 0], "uv_size": [0, 7]},
								"down": {"uv": [7, 7], "uv_size": [0, -7]}
							}
						},
						{
							"origin": [-0.5, 16.05499, -1.95526],
							"size": [1, 2.2, 1],
							"inflate": 0.002,
							"uv": {
								"north": {"uv": [1, 2], "uv_size": [1, 2]},
								"east": {"uv": [22, 141], "uv_size": [7, -3], "uv_rotation": 270},
								"south": {"uv": [4, 2], "uv_size": [1, 2]},
								"west": {"uv": [22, 138], "uv_size": [7, 3], "uv_rotation": 270},
								"up": {"uv": [0, 17], "uv_size": [1, 2]},
								"down": {"uv": [2, 2], "uv_size": [1, -2]}
							}
						},
						{"origin": [-1.1, 19.55499, -27.40526], "size": [2.2, 2, 6], "uv": [104, 80]},
						{"origin": [-1.1, 22.55499, -27.40526], "size": [2.2, 2, 21], "inflate": 0.002, "uv": [0, 0]},
						{"origin": [-1.1, 21.55499, -18.40526], "size": [2.2, 1, 12], "inflate": 0.002, "uv": [0, 77]},
						{"origin": [-1.1, 21.55499, -27.40526], "size": [2.2, 1, 9], "inflate": 0.002, "uv": [74, 91]},
						{"origin": [-1.8, 21.25499, -27.70526], "size": [3.6, 1, 9.6], "inflate": -0.305, "uv": [0, 90]},
						{"origin": [0.1, 22.55499, -22.40526], "size": [1, 2, 16], "pivot": [1.1, 24.55499, -16.90526], "rotation": [0, 0, -25], "uv": [70, 55]},
						{"origin": [0.1, 22.55499, -27.40526], "size": [1, 1, 5], "pivot": [1.1, 24.55499, -20.90526], "rotation": [0, 0, -25], "uv": [32, 45]},
						{"origin": [0.1, 23.05499, -27.40526], "size": [1, 1, 5], "inflate": -0.002, "pivot": [1.1, 24.55499, -20.90526], "rotation": [0, 0, -25], "uv": [48, 112]},
						{"origin": [0.1, 23.55499, -24.45526], "size": [1, 1, 2.05], "inflate": -0.005, "pivot": [1.1, 24.55499, -22.40526], "rotation": [14.25, 0, -25], "uv": [46, 126]},
						{"origin": [0.94524, 21.46737, -27.40526], "size": [1, 1.275, 9], "inflate": -0.002, "pivot": [1.94524, 22.74237, -16.90526], "rotation": [0, 0, 20.5], "uv": [74, 101]},
						{"origin": [-1.1, 23.55499, -24.45526], "size": [1, 1, 2.05], "inflate": -0.005, "pivot": [-1.1, 24.55499, -22.40526], "rotation": [14.25, 0, 25], "uv": [118, 126]},
						{"origin": [-1.1, 22.55499, -22.40526], "size": [1, 2, 16], "pivot": [-1.1, 24.55499, -16.90526], "rotation": [0, 0, 25], "uv": [70, 73]},
						{"origin": [-1.94524, 21.46737, -27.40526], "size": [1, 1.275, 9], "inflate": -0.002, "pivot": [-1.94524, 22.74237, -16.90526], "rotation": [0, 0, -20.5], "uv": [40, 102]},
						{"origin": [-1.1, 22.55499, -27.40526], "size": [1, 1, 5], "pivot": [-1.1, 24.55499, -20.90526], "rotation": [0, 0, 25], "uv": [120, 14]},
						{"origin": [-1.1, 23.05499, -27.40526], "size": [1, 1, 5], "inflate": -0.002, "pivot": [-1.1, 24.55499, -20.90526], "rotation": [0, 0, 25], "uv": [120, 8]},
						{"origin": [0.3, 24.25499, -24.70526], "size": [1.1, 1, 18.6], "inflate": -0.3, "uv": [46, 0]},
						{"origin": [0.3, 24.25499, -27.73026], "size": [1.1, 1, 3.625], "inflate": -0.302, "pivot": [0.85, 24.95499, -24.40526], "rotation": [7.5, 0, 0], "uv": [96, 51]},
						{"origin": [-1.4, 24.25499, -27.73026], "size": [1.1, 1, 3.625], "inflate": -0.302, "pivot": [-0.85, 24.95499, -24.40526], "rotation": [7.5, 0, 0], "uv": [122, 66]},
						{"origin": [-1.4, 24.25499, -24.70526], "size": [1.1, 1, 18.6], "inflate": -0.3, "uv": [32, 55]},
						{"origin": [-0.7, 22.15499, -27.43026], "size": [1.4, 1.4, 21.5], "pivot": [0, 22.85499, -24.23026], "rotation": [0, 0, -45], "uv": [0, 23]}
					]
				},
				{
					"name": "sights",
					"parent": "slide2",
					"pivot": [-0.55, 18.17414, 0.3099],
					"cubes": [
						{"origin": [-1, 23.95499, -24.40526], "size": [2, 1, 3.3], "inflate": -0.3, "uv": [108, 8]},
						{"origin": [-0.5, 24.25499, -24.10526], "size": [1, 1.9, 1.6], "inflate": -0.3, "uv": [108, 129]},
						{"origin": [-0.5, 24.25499, -23.10526], "size": [1, 1.3, 1.1], "inflate": -0.3, "uv": [112, 129]},
						{"origin": [-0.5025, 24.77549, -23.49502], "size": [1.005, 1.39, 1], "inflate": -0.305, "pivot": [0.0025, 25.85049, -22.79502], "rotation": [39.75, 0, 0], "uv": [124, 129]},
						{"origin": [-0.5025, 25.15499, -24.11233], "size": [1.005, 1.01, 1], "inflate": -0.305, "pivot": [0.0025, 25.85499, -23.81233], "rotation": [-45, 0, 0], "uv": [120, 129]},
						{"origin": [-0.5, 24.17414, -24.3901], "size": [1, 1.7, 1], "inflate": -0.302, "uv": [116, 129]},
						{"origin": [-0.9, 24.25499, -8.70526], "size": [1.8, 1.3, 2.6], "inflate": -0.302, "uv": [64, 127]},
						{"origin": [-0.6, 24.55499, -7.95526], "size": [1.2, 1, 1.2], "inflate": -0.3, "pivot": [0, 25.05499, -7.35526], "rotation": [0, -45, 0], "uv": [130, 68]},
						{"origin": [-1.425, 24.35499, -6.70526], "size": [2.85, 1.3, 1.3], "inflate": -0.3, "pivot": [0, 24.85499, -6.40526], "rotation": [2.5, 0, 0], "uv": [32, 129]},
						{"origin": [-1.525, 24.15499, -6.10526], "size": [1.55, 1.775, 1], "inflate": -0.4, "pivot": [0, 24.85499, -6.40526], "rotation": [2.5, 0, 0], "uv": [4, 130]},
						{"origin": [-0.025, 24.15499, -6.10526], "size": [1.55, 1.775, 1], "inflate": -0.4, "pivot": [0, 24.85499, -6.40526], "rotation": [2.5, 0, 0], "uv": [50, 130]},
						{"origin": [-0.775, 24.15499, -6.10526], "size": [1.55, 1.6, 1], "inflate": -0.4, "pivot": [-0.75, 24.85499, -6.40526], "rotation": [2.5, 0, 0], "uv": [54, 130]},
						{"origin": [-0.025, 25.12999, -6.10526], "size": [1.25, 1.1, 1], "inflate": -0.4, "pivot": [0, 24.85499, -6.40526], "rotation": [2.5, 0, 0], "uv": [8, 130]},
						{"origin": [0.2, 25.03895, -6.14855], "size": [1.025, 1.225, 1], "inflate": -0.402, "pivot": [0.825, 25.86395, -5.64855], "rotation": [1.76833, 1.76749, -44.97272], "uv": [12, 130]},
						{"origin": [-1.225, 25.03895, -6.14855], "size": [1.025, 1.225, 1], "inflate": -0.402, "pivot": [-0.825, 25.86395, -5.64855], "rotation": [1.76833, -1.76749, 44.97272], "uv": [20, 130]},
						{"origin": [-1.225, 25.12999, -6.10526], "size": [1.25, 1.1, 1], "inflate": -0.4, "pivot": [0, 24.85499, -6.40526], "rotation": [2.5, 0, 0], "uv": [16, 130]},
						{"origin": [0.2, 24.65499, -8.70526], "size": [1.2, 1, 2.6], "inflate": -0.3, "uv": [70, 127]},
						{"origin": [-1.4, 24.65499, -8.70526], "size": [1.2, 1, 2.6], "inflate": -0.3, "uv": [76, 127]}
					]
				},
				{
					"name": "glow_malorian2",
					"parent": "sights",
					"pivot": [0, 26.00114, -22.77706],
					"cubes": [
						{"origin": [-0.5, 25.15588, -23.70315], "size": [1, 1.1, 1.3], "inflate": -0.4, "uv": [128, 129]},
						{"origin": [-0.5, 24.90114, -23.49], "size": [1, 1.405, 1], "inflate": -0.4, "pivot": [0, 26.00114, -22.77706], "rotation": [39.75, 0, 0], "uv": [0, 130]},
						{"origin": [-0.78, 24.75, -6.103], "size": [1.56, 1, 1], "inflate": -0.4, "pivot": [-0.745, 24.85499, -6.40526], "rotation": [2.5, 0, 0], "uv": [58, 130]},
						{"origin": [-0.98, 24.75, -6.103], "size": [1, 1.475, 1], "inflate": -0.4, "pivot": [-0.75, 24.85499, -6.40526], "rotation": [2.5, 0, 0], "uv": [62, 130]},
						{"origin": [-0.02, 24.75, -6.103], "size": [1, 1.475, 1], "inflate": -0.4, "pivot": [0.75, 24.85499, -6.40526], "rotation": [2.5, 0, 0], "uv": [66, 130]}
					]
				},
				{
					"name": "glow_malorian3",
					"parent": "malorian",
					"pivot": [1.61612, 17.37821, -18.90526],
					"cubes": [
						{"origin": [1.8, 18.60499, -22.40526], "size": [1.4, 1.4, 1], "inflate": -0.198, "pivot": [2.5, 19.55499, -18.40526], "rotation": [0, 0, 45], "uv": [130, 66]},
						{"origin": [1.11612, 16.87821, -21.60526], "size": [1, 1, 5.4], "inflate": -0.198, "pivot": [1.61612, 17.37821, -18.90526], "rotation": [0, 0, 45], "uv": [122, 20]},
						{"origin": [-1.5, 19.55499, 1.59474], "size": [3, 1, 1], "inflate": 0.002, "uv": [74, 130]}
					]
				},
				{
					"name": "scope",
					"parent": "malorian",
					"pivot": [0, 25.85, 22],
					"cubes": [
						{"origin": [-0.5, 25.35, 21.5], "size": [1, 1, 1], "inflate": -0.3, "uv": [70, 130]}
					]
				},
				{
					"name": "muzzleflash",
					"parent": "malorian",
					"pivot": [0, 22.85499, -27.45526],
					"cubes": [
						{"origin": [-0.5, 22.35499, -27.95526], "size": [1, 1, 1], "inflate": -0.3, "uv": [130, 70]}
					]
				},
				{
					"name": "rightarm",
					"parent": "armR_gun",
					"pivot": [-2.3, 10.525, 22.9],
					"rotation": [-102.26218, -1.93345, 1.21225],
					"cubes": [
						{"origin": [-6.3, -13.475, 18.9], "size": [8, 24, 8], "pivot": [-2.3, 10.525, 22.9], "rotation": [0, 0, -2.5], "uv": [44, 23]}
					]
				},
				{
					"name": "_camera_",
					"pivot": [12.25, 31, 32]
				}
			]
		}
	]
}