{
	"format_version": "1.21.20",
	"minecraft:geometry": [
		{
			"description": {
				"identifier": "geometry.unknown",
				"texture_width": 256,
				"texture_height": 256,
				"visible_bounds_width": 7,
				"visible_bounds_height": 3.5,
				"visible_bounds_offset": [0, 1.25, 0]
			},
			"bones": [
				{
					"name": "main",
					"pivot": [0, 20, 0]
				},
				{
					"name": "armR_gun",
					"parent": "main",
					"pivot": [0, 20, 0]
				},
				{
					"name": "gun",
					"parent": "armR_gun",
					"pivot": [0, 24.6725, -5.41078],
					"cubes": [
						{
							"origin": [0.95, 27.67936, -3.26884],
							"size": [0, 1.5, 2],
							"pivot": [0.71921, 28.77936, -1.76884],
							"rotation": [0, 0, -32.5],
							"uv": {
								"north": {"uv": [2, 255], "uv_size": [0, 1]},
								"east": {"uv": [0, 255], "uv_size": [2, 1]},
								"south": {"uv": [4, 255], "uv_size": [0, 1]},
								"west": {"uv": [64, 170], "uv_size": [6, 1]},
								"up": {"uv": [2, 253], "uv_size": [0, 2]},
								"down": {"uv": [2, 255], "uv_size": [0, -2]}
							}
						},
						{
							"origin": [-0.95, 27.67936, -3.26884],
							"size": [0, 1.5, 2],
							"pivot": [-0.71921, 28.77936, -1.76884],
							"rotation": [0, 0, 32.5],
							"uv": {
								"north": {"uv": [2, 255], "uv_size": [0, 1]},
								"east": {"uv": [76, 170], "uv_size": [-6, 1]},
								"south": {"uv": [4, 255], "uv_size": [0, 1]},
								"west": {"uv": [2, 255], "uv_size": [-2, 1]},
								"up": {"uv": [2, 253], "uv_size": [0, 2]},
								"down": {"uv": [2, 255], "uv_size": [0, -2]}
							}
						},
						{"origin": [-0.65, 23.82127, -15.64431], "size": [1.3, 1.3, 0], "pivot": [0, 24.47127, -12.14431], "rotation": [0, 0, 45], "uv": [52, 159]},
						{"origin": [-1, 23.67253, -40.66884], "size": [2, 2, 7.25], "inflate": -0.25, "pivot": [0, 24.67253, -37.04384], "rotation": [0, 0, 45], "uv": [66, 69]},
						{"origin": [0, 26.17253, -35.66884], "size": [1, 1, 3], "pivot": [0, 27.17253, -11.91884], "rotation": [0, 0, 45], "uv": [142, 158]},
						{"origin": [0.675, 22.97253, -15.66884], "size": [1, 3, 8.4], "inflate": -0.002, "uv": [64, 98]},
						{"origin": [1.675, 22.97253, -10.66884], "size": [1, 2, 3.4], "inflate": -0.002, "uv": [82, 105]},
						{"origin": [0.575, 22.97253, -15.66884], "size": [1.1, 3, 5.125], "inflate": -0.004, "pivot": [1.675, 24.47253, -15.66884], "rotation": [0, 11.25, 0], "uv": [82, 97]},
						{"origin": [-1.5, 19.77253, -15.96884], "size": [3, 1.075, 2.05], "inflate": -0.005, "uv": [146, 18]},
						{"origin": [-1.5, 19.77253, -15.66884], "size": [1, 3.2, 8.4], "uv": [128, 10]},
						{"origin": [-1.5, 16.97253, -8.26884], "size": [1, 1, 3], "uv": [68, 158]},
						{"origin": [-1.5, 22.57253, -15.66884], "size": [1, 1, 8.4], "inflate": -0.002, "uv": [20, 137]},
						{"origin": [-1.8, 25.27253, -15.96884], "size": [3.6, 1, 9], "inflate": -0.3, "uv": [66, 22]},
						{"origin": [-1.5, 13.57253, 2.73116], "size": [3, 7, 4], "inflate": -0.002, "pivot": [0, 17.47253, 4.73116], "rotation": [32.5, 0, 0], "uv": [114, 138]},
						{"origin": [-1.5, 11.97253, 4.73116], "size": [3, 5, 5], "uv": [98, 138]},
						{"origin": [-1.5, 18.97253, 0.73116], "size": [3, 3, 5], "uv": [144, 145]},
						{"origin": [-1.5, 20.87253, 3.23116], "size": [3, 2, 1], "inflate": -0.002, "pivot": [0, 18.97253, 4.73116], "rotation": [-42.5, 0, 0], "uv": [8, 160]},
						{"origin": [-1.5, 21.97253, -7.26884], "size": [3, 4, 15], "inflate": 0.002, "uv": [102, 93]},
						{"origin": [-1.5, 22.97253, 7.73116], "size": [3, 3, 1], "inflate": 0.002, "uv": [0, 159]},
						{"origin": [-1, 22.77253, 9.23116], "size": [2, 3.7, 2], "inflate": -0.3, "pivot": [0, 24.62253, 10.23116], "rotation": [0, -45, 0], "uv": [156, 81]},
						{"origin": [-1.55, 24.97253, 8.43116], "size": [3.1, 1, 2.1], "inflate": -0.3, "uv": [156, 78]},
						{"origin": [-1.325, 24.97253, 9.10616], "size": [2.375, 1, 2.375], "inflate": -0.302, "pivot": [0, 25.47253, 10.43116], "rotation": [0, -45, 0], "uv": [54, 160]},
						{"origin": [-1.325, 23.37253, 9.10616], "size": [2.375, 1, 2.375], "inflate": -0.302, "pivot": [0, 23.87253, 10.43116], "rotation": [0, -45, 0], "uv": [98, 160]},
						{"origin": [-1.55, 23.37253, 8.43116], "size": [3.1, 1, 2.1], "inflate": -0.3, "uv": [156, 86]},
						{"origin": [1, 24.77253, -7.46884], "size": [1, 1, 9.4], "inflate": -0.202, "pivot": [1.5, 25.27253, -2.76884], "rotation": [0, 0, 45], "uv": [88, 127]},
						{"origin": [1.12426, 23.67253, -7.46884], "size": [1, 1.8, 1], "inflate": -0.2, "uv": [124, 149]},
						{"origin": [1.12426, 23.67253, -16.46884], "size": [1, 1.8, 1], "inflate": -0.2, "uv": [14, 150]},
						{"origin": [1, 23.37253, -7.46884], "size": [1, 1, 6.4], "inflate": -0.202, "pivot": [1.5, 23.87253, -2.76884], "rotation": [0, 0, 45], "uv": [88, 117]},
						{"origin": [1, 24.77253, -17.46884], "size": [1, 1, 2], "inflate": -0.202, "pivot": [1.5, 25.27253, -12.76884], "rotation": [0, 0, 45], "uv": [162, 110]},
						{"origin": [1, 23.37253, -17.46884], "size": [1, 1, 2], "inflate": -0.202, "pivot": [1.5, 23.87253, -12.76884], "rotation": [0, 0, 45], "uv": [76, 162]},
						{"origin": [-2, 24.77253, -7.46884], "size": [1, 1, 9.4], "inflate": -0.202, "pivot": [-1.5, 25.27253, -2.76884], "rotation": [0, 0, -45], "uv": [0, 128]},
						{"origin": [-2.12426, 23.67253, -7.46884], "size": [1, 1.8, 1], "inflate": -0.2, "uv": [124, 151]},
						{"origin": [-2, 23.37253, -7.46884], "size": [1, 1, 6.4], "inflate": -0.202, "pivot": [-1.5, 23.87253, -2.76884], "rotation": [0, 0, -45], "uv": [82, 146]},
						{"origin": [-2, 24.77253, -17.46884], "size": [1, 1, 2], "inflate": -0.202, "pivot": [-1.5, 25.27253, -12.76884], "rotation": [0, 0, -45], "uv": [162, 116]},
						{"origin": [-2.12426, 23.67253, -16.46884], "size": [1, 1.8, 1], "inflate": -0.2, "uv": [150, 50]},
						{"origin": [-2, 23.37253, -17.46884], "size": [1, 1, 2], "inflate": -0.202, "pivot": [-1.5, 23.87253, -12.76884], "rotation": [0, 0, -45], "uv": [162, 113]},
						{"origin": [-2, 24.77253, -15.86884], "size": [1, 1, 8.8], "inflate": -0.202, "pivot": [-1.5, 25.27253, -11.16884], "rotation": [0, 0, -45], "uv": [64, 88]},
						{"origin": [-2.12426, 23.67253, -15.86884], "size": [1, 1.8, 8.8], "inflate": -0.2, "uv": [81, 88]},
						{"origin": [-2, 23.37253, -15.86884], "size": [1, 1, 8.8], "inflate": -0.202, "pivot": [-1.5, 23.87253, -11.16884], "rotation": [0, 0, -45], "uv": [72, 79]},
						{"origin": [-1.5, 23.97253, -33.66884], "size": [3, 2, 16], "uv": [102, 75]},
						{"origin": [-2, 24.12253, -31.66884], "size": [4, 1.7, 3], "inflate": -0.15, "uv": [64, 109]},
						{"origin": [-2, 24.12253, -28.66884], "size": [4, 1.7, 3], "inflate": -0.15, "uv": [64, 109]},
						{"origin": [-2, 24.12253, -25.66884], "size": [4, 1.7, 3], "inflate": -0.15, "uv": [64, 109]},
						{"origin": [0.675, 23.77253, -38.86884], "size": [1, 3.4, 5.4], "inflate": -0.2, "uv": [108, 119]},
						{"origin": [0.675, 22.54753, -38.86884], "size": [1, 1.625, 5.4], "inflate": -0.202, "pivot": [1.475, 23.97253, -41.16884], "rotation": [0, 0, 34.75], "uv": [132, 47]},
						{"origin": [-1.675, 22.54753, -38.86884], "size": [1, 1.625, 5.4], "inflate": -0.202, "pivot": [-1.475, 23.97253, -41.16884], "rotation": [0, 0, -34.75], "uv": [132, 120]},
						{"origin": [-0.975, 22.77253, -38.86884], "size": [1.95, 1, 5.4], "inflate": -0.2, "uv": [107, 47]},
						{"origin": [-1.675, 23.77253, -38.86884], "size": [1, 3.4, 5.4], "inflate": -0.2, "uv": [70, 122]},
						{"origin": [0.675, 26.77253, -37.86884], "size": [1, 1.4, 3.4], "inflate": -0.2, "uv": [116, 120]},
						{"origin": [-1.675, 26.77253, -37.86884], "size": [1, 1.4, 3.4], "inflate": -0.2, "uv": [78, 123]},
						{"origin": [0.675, 26.77253, -39.29384], "size": [1, 1.4, 1.825], "inflate": -0.202, "pivot": [0, 27.97253, -37.66884], "rotation": [45, 0, 0], "uv": [121, 121]},
						{"origin": [-1.675, 26.77253, -39.29384], "size": [1, 1.4, 1.825], "inflate": -0.202, "pivot": [0, 27.97253, -37.66884], "rotation": [45, 0, 0], "uv": [83, 124]},
						{"origin": [-1.5, 21.97253, -17.66884], "size": [3, 4, 2], "inflate": 0.002, "uv": [12, 154]},
						{"origin": [-1.5, 26.97253, -15.66884], "size": [3, 1, 2.1], "uv": [148, 7]},
						{"origin": [-1.8, 26.67253, -13.86884], "size": [3.6, 1, 6.9], "inflate": -0.3, "uv": [144, 138]},
						{"origin": [-1.8, 26.67253, -7.56884], "size": [3.6, 1, 1.6], "inflate": -0.3, "uv": [162, 44]},
						{"origin": [-1.8, 27.07253, -13.86484], "size": [3.6, 1.2, 1.15], "inflate": -0.3, "uv": [162, 16]},
						{"origin": [0.8, 27.67253, -13.86484], "size": [1, 1.6, 1.15], "inflate": -0.3, "pivot": [1.5, 27.97253, -13.21484], "rotation": [0, 0, -32.5], "uv": [128, 166]},
						{"origin": [-1.8, 27.07253, -11.76484], "size": [3.6, 1.2, 1.65], "inflate": -0.3, "uv": [162, 46]},
						{"origin": [0.8, 27.67253, -11.76484], "size": [1, 1.6, 1.65], "inflate": -0.3, "pivot": [1.5, 27.97253, -11.11484], "rotation": [0, 0, -32.5], "uv": [132, 166]},
						{"origin": [-1.8, 27.07253, -9.16484], "size": [3.6, 1.2, 1.15], "inflate": -0.3, "uv": [162, 48]},
						{"origin": [0.8, 27.67253, -9.16484], "size": [1, 1.6, 1.15], "inflate": -0.3, "pivot": [1.5, 27.97253, -8.71484], "rotation": [0, 0, -32.5], "uv": [56, 167]},
						{"origin": [-1.8, 27.07253, -8.61484], "size": [3.6, 1.2, 1.125], "inflate": -0.3, "uv": [68, 162]},
						{"origin": [0.8, 27.67253, -8.61484], "size": [1, 1.6, 1.125], "inflate": -0.3, "pivot": [1.5, 27.97253, -8.31484], "rotation": [0, 0, -32.5], "uv": [60, 167]},
						{"origin": [-1.8, 27.67253, -11.76484], "size": [1, 1.6, 1.65], "inflate": -0.3, "pivot": [-1.5, 27.97253, -11.11484], "rotation": [0, 0, 32.5], "uv": [82, 167]},
						{"origin": [-1.8, 27.67253, -8.61484], "size": [1, 1.6, 1.125], "inflate": -0.3, "pivot": [-1.5, 27.97253, -8.31484], "rotation": [0, 0, 32.5], "uv": [72, 167]},
						{"origin": [-1.8, 27.67253, -9.16484], "size": [1, 1.6, 1.15], "inflate": -0.3, "pivot": [-1.5, 27.97253, -8.71484], "rotation": [0, 0, 32.5], "uv": [68, 167]},
						{"origin": [-1.8, 27.67253, -13.86484], "size": [1, 1.6, 1.15], "inflate": -0.3, "pivot": [-1.5, 27.97253, -13.21484], "rotation": [0, 0, 32.5], "uv": [64, 167]},
						{"origin": [-1.5, 26.97253, -6.26884], "size": [3, 1, 6], "inflate": 0.002, "uv": [56, 139]},
						{"origin": [-1.5, 26.97253, -0.99384], "size": [3, 1, 1], "inflate": -0.002, "uv": [162, 10]},
						{"origin": [-0.7, 27.93485, -7.27084], "size": [1.4, 1.3, 6], "inflate": 0.002, "uv": [128, 147]},
						{"origin": [-0.7, 28.23485, -17.67084], "size": [1.4, 1, 2], "uv": [150, 162]},
						{"origin": [-0.7, 28.23485, -19.72084], "size": [1.4, 1, 2.05], "pivot": [0, 29.23485, -17.67084], "rotation": [11.75, 0, 0], "uv": [22, 163]},
						{"origin": [0, 28.53485, -20.02084], "size": [1, 1, 2.65], "inflate": -0.302, "pivot": [0.7, 29.23485, -17.67084], "rotation": [11.83576, -6.85261, -1.43233], "uv": [28, 163]},
						{"origin": [-1, 28.53485, -20.02084], "size": [1, 1, 2.65], "inflate": -0.302, "pivot": [-0.7, 29.23485, -17.67084], "rotation": [11.83576, 6.85261, 1.43233], "uv": [34, 163]},
						{"origin": [-0.7, 28.23485, -15.67084], "size": [1.4, 1, 8.4], "uv": [138, 21]},
						{"origin": [-1.5, 25.97253, -3.26884], "size": [3, 1, 4], "inflate": 0.002, "uv": [150, 39]},
						{"origin": [-1.5, 24.97253, -0.81884], "size": [3, 1, 2.825], "pivot": [0, 25.97253, 2.00616], "rotation": [-45, 0, 0], "uv": [154, 70]},
						{"origin": [-0.7, 23.97253, 0.68116], "size": [1.4, 2, 3.825], "inflate": -0.002, "pivot": [0, 25.97253, 4.50616], "rotation": [-55, 0, 0], "uv": [156, 73]},
						{"origin": [-0.7, 25.10578, -1.51277], "size": [1.4, 4, 3.825], "uv": [80, 130]},
						{"origin": [-0.7, 24.97253, -2.61884], "size": [1.4, 1, 1.8], "pivot": [0, 25.97253, 2.00616], "rotation": [-45, 0, 0], "uv": [166, 26]},
						{"origin": [-0.7, 28.24289, -1.2642], "size": [1.4, 1, 1.975], "inflate": -0.002, "pivot": [0.7, 29.24289, -1.2642], "rotation": [-47.53177, 16.54599, -17.28272], "uv": [28, 166]},
						{"origin": [-0.7, 28.24289, -1.2642], "size": [1.4, 1, 1.975], "inflate": -0.002, "pivot": [-0.7, 29.24289, -1.2642], "rotation": [-47.53177, -16.54599, 17.28272], "uv": [166, 28]},
						{"origin": [-1.5, 26.97253, -34.66884], "size": [3, 1, 19], "uv": [4, 36]},
						{"origin": [-2.75, 27.97253, -30.66884], "size": [5.5, 1.25, 9], "uv": [69, 171]},
						{"origin": [-2.35, 27.67253, -21.96884], "size": [1, 1.85, 4.6], "inflate": -0.3, "uv": [95, 69]},
						{"origin": [1.35, 26.77253, -19.96884], "size": [1, 2.75, 2.6], "inflate": -0.3, "uv": [97, 83], "mirror": true},
						{"origin": [1.35, 26.77253, -17.96884], "size": [1, 1.675, 10.9], "inflate": -0.3, "uv": [105, 63], "mirror": true},
						{"origin": [0.95, 26.74753, -16.09384], "size": [1.425, 1.725, 1.9], "inflate": -0.298, "uv": [118, 69], "mirror": true},
						{"origin": [1.35, 24.64753, -9.72884], "size": [1, 2.725, 2.66], "inflate": -0.3, "uv": [113, 59], "mirror": true},
						{"origin": [-2.35, 28.92253, -19.96884], "size": [1, 1.85, 2.6], "inflate": -0.302, "pivot": [-2.05, 29.22253, -19.66884], "rotation": [0, 0, 65], "uv": [97, 74]},
						{"origin": [-1.22, 29.0528, -19.96684], "size": [2.44, 1, 2.6], "inflate": -0.302, "uv": [96, 77]},
						{"origin": [1.35, 28.92253, -19.96884], "size": [1, 1.85, 2.6], "inflate": -0.302, "pivot": [2.05, 29.22253, -19.66884], "rotation": [0, 0, -65], "uv": [97, 80], "mirror": true},
						{"origin": [-1.5, 29.22253, -33.66884], "size": [1.25, 1, 12], "uv": [118, 169]},
						{"origin": [-1.5, 29.22253, -33.66884], "size": [3.2, 1, 12], "inflate": -0.002, "pivot": [-1.5, 30.22253, -27.66884], "rotation": [0, 0, -38.75], "uv": [134, 171]},
						{"origin": [1, 30.22253, -33.66884], "size": [1.25, 2, 12], "uv": [91, 169]},
						{"origin": [1, 29.22253, -33.66884], "size": [1.25, 1, 8], "uv": [32, 187]},
						{"origin": [1.25, 29.39753, -33.69384], "size": [2, 2, 8.025], "inflate": 0.002, "pivot": [2.25, 30.39753, -27.69384], "rotation": [0, 0, 45], "uv": [0, 187]},
						{"origin": [0.45, 30.29753, -33.79384], "size": [1, 1, 1], "inflate": -0.1, "pivot": [1.35, 31.29753, -27.81884], "rotation": [0, 0, 45], "uv": [4, 193]},
						{"origin": [1.36421, 29.39753, -33.66884], "size": [2.3, 1, 8], "inflate": -0.002, "pivot": [3.66421, 30.39753, -29.66884], "rotation": [0, 0, 52.25], "uv": [20, 186]},
						{"origin": [0.65, 30.22253, -25.66884], "size": [1.6, 1, 4], "inflate": -0.002, "pivot": [2.25, 30.22253, -27.66884], "rotation": [0, 0, -38.75], "uv": [9, 182]},
						{"origin": [-0.25, 29.22253, -33.66884], "size": [1.25, 2, 12], "uv": [105, 182]},
						{"origin": [1.15, 27.97253, -30.66884], "size": [1.6, 1, 9], "inflate": -0.002, "pivot": [2.75, 27.97253, -26.16884], "rotation": [0, 0, -38.75], "uv": [60, 182]},
						{"origin": [-2.75, 27.97253, -30.66884], "size": [1.6, 1, 9], "inflate": -0.002, "pivot": [-2.75, 27.97253, -26.16884], "rotation": [0, 0, 38.75], "uv": [80, 182], "mirror": true},
						{"origin": [0, 27.67253, -34.96884], "size": [1.15, 1.6, 7.6], "inflate": -0.3, "uv": [146, 10]},
						{"origin": [-1.15, 27.67253, -27.96884], "size": [2.3, 1.6, 3.6], "inflate": -0.3, "uv": [150, 122]},
						{"origin": [-1.15, 27.67253, -34.96884], "size": [1.15, 1.6, 7.6], "inflate": -0.3, "uv": [18, 146]},
						{"origin": [-1.15, 27.67253, -24.96884], "size": [1.15, 1.6, 4.6], "inflate": -0.3, "uv": [124, 154]},
						{"origin": [0, 27.67253, -24.96884], "size": [1.15, 1.6, 4.6], "inflate": -0.3, "uv": [92, 154]},
						{"origin": [-0.05579, 27.67936, -15.66884], "size": [1, 1, 2.1], "pivot": [0.71921, 28.77936, -1.76884], "rotation": [0, 0, -32.5], "uv": [162, 137]},
						{"origin": [-1.4, 26.97253, -13.26884], "size": [2.8, 1, 2], "inflate": -0.002, "uv": [160, 145]},
						{"origin": [-0.15802, 27.73701, -13.26884], "size": [1, 1, 2], "pivot": [0.71698, 28.81201, 0.63116], "rotation": [0, 0, -32.5], "uv": [12, 165]},
						{"origin": [-0.84198, 27.73701, -13.26884], "size": [1, 1, 2], "pivot": [-0.71698, 28.81201, 0.63116], "rotation": [0, 0, 32.5], "uv": [162, 164]},
						{"origin": [-0.15802, 27.73701, -10.66884], "size": [1, 1, 2], "pivot": [0.71698, 28.81201, 3.23116], "rotation": [0, 0, -32.5], "uv": [138, 165]},
						{"origin": [-1.4, 26.97253, -10.66884], "size": [2.8, 1, 2], "inflate": -0.002, "uv": [160, 148]},
						{"origin": [-0.84198, 27.73701, -10.66884], "size": [1, 1, 2], "pivot": [-0.71698, 28.81201, 3.23116], "rotation": [0, 0, 32.5], "uv": [76, 165]},
						{"origin": [-0.15802, 27.73701, -8.01884], "size": [1, 1, 2], "pivot": [0.71698, 28.81201, 5.88116], "rotation": [0, 0, -32.5], "uv": [150, 165]},
						{"origin": [-1.4, 26.97253, -8.01884], "size": [2.8, 1, 2], "inflate": -0.002, "uv": [162, 0]},
						{"origin": [-0.84198, 27.73701, -8.01884], "size": [1, 1, 2], "pivot": [-0.71698, 28.81201, 5.88116], "rotation": [0, 0, 32.5], "uv": [144, 165]},
						{"origin": [-0.94421, 27.67936, -15.66884], "size": [1, 1, 2.1], "pivot": [-0.71921, 28.77936, -1.76884], "rotation": [0, 0, 32.5], "uv": [138, 162]},
						{"origin": [-0.05579, 27.67936, -6.26884], "size": [1, 1, 5], "inflate": 0.002, "pivot": [0.71921, 28.77936, -1.76884], "rotation": [0, 0, -32.5], "uv": [150, 116]},
						{"origin": [0.24421, 28.37936, -7.56884], "size": [1, 1.1, 6.6], "inflate": -0.302, "pivot": [0.71921, 28.77936, -1.76884], "rotation": [0, 0, -32.5], "uv": [146, 126]},
						{"origin": [-0.30595, 28.11261, -2.26884], "size": [1, 1.125, 1], "inflate": -0.005, "pivot": [0.69405, 29.23761, -1.26884], "rotation": [40, 0, -32.5], "uv": [166, 30]},
						{"origin": [-0.69405, 28.11261, -2.26884], "size": [1, 1.125, 1], "inflate": -0.005, "pivot": [-0.69405, 29.23761, -1.26884], "rotation": [40, 0, 32.5], "uv": [32, 166]},
						{"origin": [0.24421, 28.37936, -15.96884], "size": [1, 1.1, 8.9999], "inflate": -0.302, "pivot": [0.71921, 28.77936, -1.76884], "rotation": [0, 0, -32.5], "uv": [80, 137]},
						{"origin": [-0.94421, 27.67936, -6.26884], "size": [1, 1, 5], "inflate": 0.002, "pivot": [-0.71921, 28.77936, -1.76884], "rotation": [0, 0, 32.5], "uv": [150, 110]},
						{"origin": [-0.94421, 27.67936, -19.66884], "size": [1, 1, 4], "pivot": [-0.71921, 28.77936, -16.16884], "rotation": [0, 0, 32.5], "uv": [102, 155]},
						{"origin": [-0.05579, 27.67936, -19.66884], "size": [1, 1, 4], "pivot": [0.71921, 28.77936, -16.16884], "rotation": [0, 0, -32.5], "uv": [154, 153]},
						{"origin": [-0.05579, 28.17936, -17.66884], "size": [1, 1, 2], "inflate": -0.002, "pivot": [0.71921, 28.77936, -16.16884], "rotation": [0, 0, -32.5], "uv": [162, 140]},
						{"origin": [-0.30595, 28.23761, -19.71884], "size": [1, 1, 2.05], "inflate": -0.005, "pivot": [0.69405, 29.23761, -17.66884], "rotation": [13.75, 0, -32.5], "uv": [0, 163]},
						{"origin": [-0.69405, 28.23761, -19.71884], "size": [1, 1, 2.05], "inflate": -0.005, "pivot": [-0.69405, 29.23761, -17.66884], "rotation": [13.75, 0, 32.5], "uv": [6, 163]},
						{"origin": [-0.94421, 28.17936, -17.66884], "size": [1, 1, 2], "inflate": -0.002, "pivot": [-0.71921, 28.77936, -16.16884], "rotation": [0, 0, 32.5], "uv": [144, 162]},
						{"origin": [-1.24421, 28.37936, -15.96884], "size": [1, 1.1, 8.999], "inflate": -0.302, "pivot": [-0.71921, 28.77936, -1.76884], "rotation": [0, 0, 32.5], "uv": [0, 138]},
						{"origin": [-1.24421, 28.37936, -7.56884], "size": [1, 1.1, 6.6], "inflate": -0.302, "pivot": [-0.71921, 28.77936, -1.76884], "rotation": [0, 0, 32.5], "uv": [0, 147]},
						{"origin": [-1.5, 25.57253, -34.66884], "size": [3, 1.4, 1], "inflate": -0.002, "pivot": [0, 26.97253, -34.66884], "rotation": [45, 0, 0], "uv": [162, 3]},
						{"origin": [-1.5, 25.97253, -33.66884], "size": [3, 1, 4], "uv": [146, 133]},
						{"origin": [-1.25, 25.87253, -33.76884], "size": [2.5, 1.2, 31], "inflate": -0.1, "uv": [0, 0]},
						{"origin": [0.5, 19.77253, -15.66884], "size": [1, 3.2, 8.4], "uv": [108, 127]},
						{"origin": [0.5, 16.97253, -8.26884], "size": [1, 4, 2], "inflate": -0.005, "pivot": [0, 16.97253, -8.26884], "rotation": [30, 0, 0], "uv": [74, 139]},
						{"origin": [-1.5, 16.97253, -8.26884], "size": [1, 4, 2], "inflate": -0.005, "pivot": [0, 16.97253, -8.26884], "rotation": [30, 0, 0], "uv": [74, 139], "mirror": true},
						{"origin": [-1.25, 16.97253, -5.46884], "size": [2.5, 3, 1], "pivot": [0, 16.97253, -5.46884], "rotation": [22.5, 0, 0], "uv": [62, 160]},
						{"origin": [-1.25, 18.12685, -6.19301], "size": [2.5, 2, 1], "inflate": 0.002, "pivot": [0, 20.12685, -5.69301], "rotation": [45, 0, 0], "uv": [46, 75]},
						{"origin": [-1.25, 19.97253, -5.46884], "size": [2.5, 3, 6], "pivot": [0, 16.97253, -5.46884], "rotation": [22.5, 0, 0], "uv": [128, 138]},
						{"origin": [-0.7, 20.42295, -1.14973], "size": [1.4, 2, 1.2], "inflate": -0.2, "pivot": [0, 22.42295, -0.14973], "rotation": [5, 0, 0], "uv": [14, 147]},
						{"origin": [-0.7, 19.2298, -0.99285], "size": [1.4, 1.6, 1.2], "inflate": -0.202, "pivot": [0, 20.6298, 0.00715], "rotation": [-12.5, 0, 0], "uv": [56, 137]},
						{"origin": [-1.5, 17.97253, -6.56884], "size": [3, 4, 1.1], "inflate": 0.002, "pivot": [0, 16.97253, -5.46884], "rotation": [22.5, 0, 0], "uv": [156, 34]},
						{"origin": [-1.5, 20.97253, -5.46884], "size": [3, 2, 4], "inflate": -0.002, "pivot": [0, 16.97253, -5.46884], "rotation": [22.5, 0, 0], "uv": [110, 149]},
						{"origin": [0.5, 16.97253, -8.26884], "size": [1, 1, 3], "uv": [76, 158]},
						{"origin": [-1.5, 16.97253, -5.26884], "size": [3, 1, 1], "uv": [160, 151]},
						{"origin": [-1.25, 16.97253, -4.26884], "size": [2.5, 1, 6.1], "inflate": -0.002, "pivot": [0, 16.97253, -4.26884], "rotation": [18, 0, 0], "uv": [34, 146]},
						{"origin": [0.5, 22.57253, -15.66884], "size": [1, 1, 8.4], "inflate": -0.002, "uv": [38, 137]},
						{"origin": [-1.5, 19.19753, -17.66884], "size": [3, 2.775, 2], "inflate": -0.002, "pivot": [0, 21.97253, -17.66884], "rotation": [37.5, 0, 0], "uv": [138, 110]},
						{"origin": [-1.725, 26.60578, -33.58723], "size": [3.45, 2, 2], "inflate": -0.2, "pivot": [0, 27.60578, -32.58723], "rotation": [-45, 0, 0], "uv": [156, 30]},
						{"origin": [-1.725, 23.40578, 5.21277], "size": [3.45, 2, 2], "inflate": -0.2, "pivot": [0, 24.40578, 6.21277], "rotation": [-45, 0, 0], "uv": [156, 30]}
					]
				},
				{
					"name": "sights_down",
					"parent": "gun",
					"pivot": [-1, 26.10578, 2.31223]
				},
				{
					"name": "front2",
					"parent": "sights_down",
					"pivot": [0, 29.31685, -35.09667],
					"rotation": [45, 0, 0],
					"cubes": [
						{"origin": [-1.5, 29.40578, -39.13723], "size": [1, 1, 1], "inflate": -0.2, "uv": [166, 98]},
						{"origin": [-1.525, 28.70578, -35.68723], "size": [3.05, 1.2, 1.2], "inflate": -0.2, "pivot": [0, 29.30578, -35.08723], "rotation": [-45, 0, 0], "uv": [162, 14]},
						{"origin": [-1.5, 29.00578, -36.08723], "size": [1, 1, 1.2], "inflate": -0.2, "uv": [100, 166]},
						{"origin": [-1.5, 28.30578, -35.56223], "size": [1, 1.1, 1.475], "inflate": -0.205, "pivot": [-1, 29.20578, -34.28723], "rotation": [-60, 0, 0], "uv": [166, 100]},
						{"origin": [-1.5, 28.40578, -36.08723], "size": [1, 1, 2], "inflate": -0.2, "uv": [70, 164]},
						{"origin": [-1.5, 28.40578, -39.44723], "size": [1, 1, 2.16], "inflate": -0.202, "pivot": [-1, 28.60578, -37.48723], "rotation": [-34.5, 0, 0], "uv": [164, 71]},
						{"origin": [-1.5, 28.40578, -37.68723], "size": [1, 1, 2], "inflate": -0.2, "uv": [164, 74]},
						{"origin": [-1.5, 30.00578, -37.53723], "size": [1, 1, 3], "inflate": -0.202, "pivot": [-1, 30.80578, -37.33723], "rotation": [-15, 0, 0], "uv": [90, 159]},
						{"origin": [0.5, 30.00578, -37.53723], "size": [1, 1, 3], "inflate": -0.202, "pivot": [1, 30.80578, -37.33723], "rotation": [-15, 0, 0], "uv": [122, 159]},
						{"origin": [0.5, 30.00578, -39.13723], "size": [1, 1, 2], "inflate": -0.2, "uv": [164, 81]},
						{"origin": [-0.7, 29.80578, -38.93723], "size": [1.4, 1, 1.1], "inflate": -0.4, "uv": [166, 102]},
						{"origin": [-1, 29.50578, -39.13723], "size": [2, 1, 1.5], "inflate": -0.3, "uv": [166, 20]},
						{"origin": [0.5, 29.40578, -39.13723], "size": [1, 1, 1], "inflate": -0.2, "uv": [104, 166]},
						{"origin": [0.5, 29.00578, -36.08723], "size": [1, 1, 1.2], "inflate": -0.2, "uv": [166, 104]},
						{"origin": [0.5, 28.30578, -35.56223], "size": [1, 1.1, 1.475], "inflate": -0.205, "pivot": [1, 29.20578, -34.28723], "rotation": [-60, 0, 0], "uv": [166, 106]},
						{"origin": [0.5, 28.40578, -36.08723], "size": [1, 1, 2], "inflate": -0.2, "uv": [82, 164]},
						{"origin": [0.5, 28.40578, -39.44723], "size": [1, 1, 2.16], "inflate": -0.202, "pivot": [1, 28.60578, -37.48723], "rotation": [-34.5, 0, 0], "uv": [164, 153]},
						{"origin": [0.5, 28.40578, -37.68723], "size": [1, 1, 2], "inflate": -0.2, "uv": [156, 164]},
						{"origin": [-1.5, 30.00578, -39.13723], "size": [1, 1, 2], "inflate": -0.2, "uv": [164, 156]},
						{"origin": [-0.5, 30.00578, -38.88723], "size": [1, 1.275, 1], "inflate": -0.4, "pivot": [0, 30.61828, -38.38723], "rotation": [0, -45, 0], "uv": [108, 166]}
					]
				},
				{
					"name": "glow_copperhead3",
					"parent": "front2",
					"pivot": [0, 30.66828, -38.38723],
					"cubes": [
						{"origin": [-0.6, 30.25578, -38.98723], "size": [1.2, 1.1, 1.2], "inflate": -0.498, "pivot": [0, 30.66828, -38.38723], "rotation": [0, -45, 0], "uv": [166, 108]}
					]
				},
				{
					"name": "rear2",
					"parent": "sights_down",
					"pivot": [0, 29.32885, 0.69505],
					"rotation": [-45, 0, 0],
					"cubes": [
						{"origin": [-1.5, 30.00578, 2.73723], "size": [1, 1, 2], "inflate": -0.2, "uv": [164, 62]},
						{"origin": [0.5, 28.40578, 1.28723], "size": [1, 1, 2], "inflate": -0.2, "uv": [164, 53]},
						{"origin": [0.5, 28.40578, 2.88723], "size": [1, 1, 2.16], "inflate": -0.202, "pivot": [1, 28.60578, 3.08723], "rotation": [34.5, 0, 0], "uv": [164, 59]},
						{"origin": [0.5, 28.40578, -0.31277], "size": [1, 1, 2], "inflate": -0.2, "uv": [58, 164]},
						{"origin": [0.5, 28.30578, -0.31277], "size": [1, 1.1, 1.475], "inflate": -0.205, "pivot": [1, 29.20578, -0.11277], "rotation": [60, 0, 0], "uv": [40, 166]},
						{"origin": [0.5, 29.00578, 0.48723], "size": [1, 1, 1.2], "inflate": -0.2, "uv": [36, 166]},
						{"origin": [0.5, 29.40578, 3.73723], "size": [1, 1, 1], "inflate": -0.2, "uv": [166, 32]},
						{"origin": [-1, 29.50578, 3.23723], "size": [2, 1, 1.5], "inflate": -0.3, "uv": [166, 18]},
						{"origin": [-0.1, 29.80578, 3.23723], "size": [1.1, 1.3, 1], "inflate": -0.4, "uv": [166, 77]},
						{"origin": [-1, 29.80578, 3.23723], "size": [1.1, 1.3, 1], "inflate": -0.4, "uv": [166, 79]},
						{"origin": [-0.1, 30.30578, 3.23723], "size": [1, 1, 1], "inflate": -0.4, "uv": [166, 88]},
						{"origin": [-0.1, 30.28078, 3.23723], "size": [1, 1.025, 1], "inflate": -0.402, "pivot": [0.5, 30.90578, 3.73723], "rotation": [0, 0, -26.75], "uv": [166, 90]},
						{"origin": [-0.1, 30.00578, 3.23723], "size": [1, 1.3, 1], "inflate": -0.402, "pivot": [0.3, 30.90578, 3.73723], "rotation": [0, 0, 15.25], "uv": [166, 92]},
						{"origin": [-0.9, 30.00578, 3.23723], "size": [1, 1.3, 1], "inflate": -0.402, "pivot": [-0.3, 30.90578, 3.73723], "rotation": [0, 0, -15.25], "uv": [166, 94]},
						{"origin": [-0.9, 30.28078, 3.23723], "size": [1, 1.025, 1], "inflate": -0.402, "pivot": [-0.5, 30.90578, 3.73723], "rotation": [0, 0, 26.75], "uv": [92, 166]},
						{"origin": [-0.9, 30.30578, 3.23723], "size": [1, 1, 1], "inflate": -0.4, "uv": [88, 166]},
						{"origin": [-0.7, 29.80578, 3.23723], "size": [1.4, 1.1, 1], "inflate": -0.4, "uv": [166, 86]},
						{"origin": [0.5, 30.00578, 2.73723], "size": [1, 1, 2], "inflate": -0.2, "uv": [164, 56]},
						{"origin": [0.5, 30.00578, 0.13723], "size": [1, 1, 3], "inflate": -0.202, "pivot": [1, 30.80578, 2.93723], "rotation": [15, 0, 0], "uv": [38, 159]},
						{"origin": [-1.5, 30.00578, 0.13723], "size": [1, 1, 3], "inflate": -0.202, "pivot": [-1, 30.80578, 2.93723], "rotation": [15, 0, 0], "uv": [46, 159]},
						{"origin": [-1.5, 28.40578, 1.28723], "size": [1, 1, 2], "inflate": -0.2, "uv": [164, 68]},
						{"origin": [-1.5, 28.40578, 2.88723], "size": [1, 1, 2.16], "inflate": -0.202, "pivot": [-1, 28.60578, 3.08723], "rotation": [34.5, 0, 0], "uv": [164, 65]},
						{"origin": [-1.5, 28.40578, -0.31277], "size": [1, 1, 2], "inflate": -0.2, "uv": [64, 164]},
						{"origin": [-1.5, 28.30578, -0.31277], "size": [1, 1.1, 1.475], "inflate": -0.205, "pivot": [-1, 29.20578, -0.11277], "rotation": [60, 0, 0], "uv": [52, 166]},
						{"origin": [-1.5, 29.00578, 0.48723], "size": [1, 1, 1.2], "inflate": -0.2, "uv": [48, 166]},
						{"origin": [-1.525, 28.70578, 0.08723], "size": [3.05, 1.2, 1.2], "inflate": -0.2, "pivot": [0, 29.30578, 0.68723], "rotation": [45, 0, 0], "uv": [162, 12]},
						{"origin": [-1.5, 29.40578, 3.73723], "size": [1, 1, 1], "inflate": -0.2, "uv": [44, 166]}
					]
				},
				{
					"name": "glow_copperhead4",
					"parent": "rear2",
					"pivot": [0.4, 30.80578, 3.73723],
					"cubes": [
						{"origin": [-0.15, 30.25578, 3.239], "size": [1.1, 1.1, 1.2], "inflate": -0.6, "pivot": [0.4, 30.80578, 3.73723], "rotation": [0, 0, 45], "uv": [96, 166]},
						{"origin": [-0.95, 30.25578, 3.239], "size": [1.1, 1.1, 1.2], "inflate": -0.6, "pivot": [-0.4, 30.80578, 3.73723], "rotation": [0, 0, 45], "uv": [166, 96]}
					]
				},
				{
					"name": "glow",
					"parent": "gun",
					"pivot": [1.675, 24.47253, -15.66884],
					"cubes": [
						{"origin": [1.93412, 25.19753, -10.9866], "size": [1, 1, 0.8], "inflate": -0.4, "pivot": [2.43412, 25.69753, -10.4866], "rotation": [-8.00626, 7.92922, -45.55578], "uv": [90, 101]},
						{"origin": [1.93412, 24.74753, -10.9866], "size": [1, 1, 0.8], "inflate": -0.4, "pivot": [2.43412, 25.24753, -10.4866], "rotation": [-8.00626, 7.92922, -45.55578], "uv": [90, 101]}
					]
				},
				{
					"name": "GRIP",
					"parent": "gun",
					"pivot": [0, 20.97253, -13.66884],
					"cubes": [
						{"origin": [-2.5, 23.97253, -35.66884], "size": [1, 1, 4], "uv": [110, 36]},
						{"origin": [1.5, 23.97253, -35.66884], "size": [1, 1, 4], "uv": [76, 112]},
						{"origin": [-2.5, 20.97253, -33.66884], "size": [5, 1, 2], "uv": [26, 168]},
						{"origin": [-1.5, 18.97253, -33.66884], "size": [3, 2, 2], "uv": [50, 169]},
						{"origin": [0.5, 18.97253, -33.66884], "size": [1, 2.25, 2], "inflate": -0.002, "pivot": [1.5, 18.97253, -32.66884], "rotation": [0, 0, 26.5], "uv": [50, 173]},
						{"origin": [-1.5, 18.97253, -33.66884], "size": [1, 2.25, 2], "inflate": -0.002, "pivot": [-1.5, 18.97253, -32.66884], "rotation": [0, 0, -26.5], "uv": [56, 173], "mirror": true},
						{"origin": [-2.5, 21.97253, -33.66884], "size": [5, 2, 16], "uv": [24, 168]},
						{"origin": [-2.5, 22.97253, -35.66884], "size": [5, 1, 2], "uv": [50, 180]},
						{"origin": [-2.5, 20.97253, -33.66884], "size": [5, 2.825, 2], "inflate": -0.002, "pivot": [0, 20.97253, -33.66884], "rotation": [45, 0, 0], "uv": [26, 174]},
						{"origin": [-1, 19.97253, -31.66884], "size": [2, 1, 13], "uv": [61, 41]},
						{"origin": [0, 21.97253, -31.66884], "size": [2.5, 1, 13], "inflate": -0.002, "pivot": [2.5, 21.97253, -35.66884], "rotation": [0, 0, -53.25], "uv": [8, 64]},
						{"origin": [-2.5, 21.97253, -31.66884], "size": [2.5, 1, 13], "inflate": -0.002, "pivot": [-2.5, 21.97253, -35.66884], "rotation": [0, 0, 53.25], "uv": [74, 8]},
						{"origin": [-1, 17.97253, -18.66884], "size": [2, 2, 1], "uv": [70, 177]},
						{"origin": [0, 19.97253, -18.66884], "size": [2.5, 1.2, 1], "inflate": -0.002, "pivot": [2.5, 19.97253, -34.66884], "rotation": [0, 0, -53.25], "uv": [66, 175]},
						{"origin": [-2.5, 19.97253, -18.66884], "size": [2.5, 1.2, 1], "inflate": -0.002, "pivot": [-2.5, 19.97253, -34.66884], "rotation": [0, 0, 53.25], "uv": [72, 175]},
						{"origin": [-2.5, 19.97253, -18.66884], "size": [5, 2, 1], "uv": [66, 171]},
						{"origin": [1.075, 23.97253, -35.66884], "size": [1.425, 1, 4], "inflate": -0.002, "pivot": [2.5, 24.97253, -28.16884], "rotation": [0, 0, 45], "uv": [92, 112]},
						{"origin": [-2.5, 23.97253, -35.66884], "size": [1.425, 1, 4], "inflate": -0.002, "pivot": [-2.5, 24.97253, -28.16884], "rotation": [0, 0, -45], "uv": [100, 36]},
						{"origin": [-2.5, 23.97253, -19.66884], "size": [1.425, 1, 2], "inflate": -0.002, "pivot": [-2.5, 24.97253, -14.16884], "rotation": [0, 0, -45], "uv": [120, 38]},
						{"origin": [-2.5, 23.97253, -19.66884], "size": [1, 1, 2], "uv": [126, 38]},
						{"origin": [1.075, 23.97253, -19.66884], "size": [1.425, 1, 2], "inflate": -0.002, "pivot": [2.5, 24.97253, -14.16884], "rotation": [0, 0, 45], "uv": [64, 114]},
						{"origin": [1.5, 23.97253, -19.66884], "size": [1, 1, 2], "uv": [70, 114]},
						{"origin": [-3, 19.22253, -37.41884], "size": [6, 3.5, 3.5], "pivot": [0, 20.97253, -35.66884], "rotation": [45, 0, 0], "uv": [1, 168]},
						{"origin": [-0.75, 18.47253, -38.14371], "size": [1.5, 2.5, 1.25], "uv": [21, 171]},
						{"origin": [-0.75, 16.97253, -38.14371], "size": [1.5, 1.5, 1.25], "inflate": -0.002, "pivot": [0, 18.47253, -38.14371], "rotation": [30, 0, 0], "uv": [21, 169]}
					]
				},
				{
					"name": "barrel2D",
					"parent": "gun",
					"pivot": [0, 24.67253, -23.16884]
				},
				{
					"name": "stock1",
					"parent": "gun",
					"pivot": [0, 24.62253, 10.23116],
					"cubes": [
						{"origin": [-1.325, 25.67253, 12.60616], "size": [2.375, 1, 2.375], "inflate": -0.302, "pivot": [0, 26.17253, 13.93116], "rotation": [0, -45, 0], "uv": [106, 160]},
						{"origin": [-1.325, 22.67747, 12.60616], "size": [2.375, 1, 2.375], "inflate": -0.302, "pivot": [0, 23.17747, 13.93116], "rotation": [0, -45, 0], "uv": [160, 125]},
						{"origin": [-1.55, 22.67747, 12.03116], "size": [3.1, 1, 2], "inflate": -0.3, "uv": [158, 7]},
						{"origin": [-1.55, 22.85247, 10.78116], "size": [3.1, 1, 2], "inflate": -0.302, "pivot": [0, 23.67747, 11.63116], "rotation": [-12.5, 0, 0], "uv": [156, 107]},
						{"origin": [-1.55, 22.97747, 11.33116], "size": [3.1, 1, 2], "inflate": -0.305, "pivot": [0, 23.67747, 11.63116], "rotation": [-12.5, 0, 0], "uv": [156, 104]},
						{"origin": [-1.55, 25.67253, 12.03116], "size": [3.1, 1, 2], "inflate": -0.3, "uv": [156, 89]},
						{"origin": [-1.55, 25.37253, 11.33116], "size": [3.1, 1, 2], "inflate": -0.305, "pivot": [0, 25.67253, 11.63116], "rotation": [12.5, 0, 0], "uv": [156, 95]},
						{"origin": [-1.55, 25.49753, 10.78116], "size": [3.1, 1, 2], "inflate": -0.302, "pivot": [0, 25.67253, 11.63116], "rotation": [12.5, 0, 0], "uv": [156, 98]},
						{"origin": [-1.55, 22.97747, 9.93116], "size": [3.1, 1, 2], "inflate": -0.3, "uv": [156, 101]},
						{"origin": [-1.325, 22.97747, 9.10616], "size": [2.375, 1, 2.375], "inflate": -0.302, "pivot": [0, 23.47747, 10.43116], "rotation": [0, -45, 0], "uv": [160, 122]},
						{"origin": [-1.325, 25.37253, 9.10616], "size": [2.375, 1, 2.375], "inflate": -0.302, "pivot": [0, 25.87253, 10.43116], "rotation": [0, -45, 0], "uv": [114, 160]},
						{"origin": [-1.55, 25.37253, 9.93116], "size": [3.1, 1, 2], "inflate": -0.3, "uv": [156, 92]}
					]
				},
				{
					"name": "stock2",
					"parent": "stock1",
					"pivot": [0, 24.62253, 13.73116],
					"cubes": [
						{"origin": [-1, 22.27253, 12.73116], "size": [2, 4.7, 2], "inflate": -0.3, "pivot": [0, 24.62253, 13.73116], "rotation": [0, -45, 0], "uv": [134, 154]},
						{"origin": [-1, 21.97253, 23.73116], "size": [2, 1, 3], "pivot": [0, 21.97253, 26.73116], "rotation": [-20, 0, 0], "uv": [156, 18]},
						{"origin": [-1, 23.97253, 24.43116], "size": [2, 2, 1], "pivot": [0, 24.97253, 23.73116], "rotation": [-135, 0, 0], "uv": [96, 163]},
						{"origin": [-1, 23.97253, 24.43116], "size": [2, 2, 1], "pivot": [0, 24.97253, 23.73116], "rotation": [-45, 0, 0], "uv": [52, 163]},
						{"origin": [-1, 23.97253, 22.03116], "size": [2, 2, 1], "pivot": [0, 24.97253, 23.73116], "rotation": [-135, 0, 0], "uv": [102, 163]},
						{"origin": [-1, 23.97253, 22.03116], "size": [2, 2, 1], "pivot": [0, 24.97253, 23.73116], "rotation": [-45, 0, 0], "uv": [90, 163]},
						{"origin": [-1, 23.97253, 24.73116], "size": [2, 2, 1], "inflate": 0.002, "uv": [40, 163]},
						{"origin": [-1, 23.97253, 25.03116], "size": [2, 2, 1], "pivot": [0, 24.97253, 26.73116], "rotation": [-45, 0, 0], "uv": [108, 163]},
						{"origin": [-1, 23.97253, 27.43116], "size": [2, 2, 1], "pivot": [0, 24.97253, 26.73116], "rotation": [-135, 0, 0], "uv": [126, 163]},
						{"origin": [-1, 23.97253, 27.43116], "size": [2, 2, 1], "pivot": [0, 24.97253, 26.73116], "rotation": [-45, 0, 0], "uv": [120, 163]},
						{"origin": [-1, 23.97253, 25.03116], "size": [2, 2, 1], "pivot": [0, 24.97253, 26.73116], "rotation": [-135, 0, 0], "uv": [114, 163]},
						{"origin": [-1, 23.97253, 27.73116], "size": [2, 2, 1], "inflate": 0.002, "uv": [46, 163]},
						{"origin": [-1, 23.97253, 30.43116], "size": [2, 2, 1], "pivot": [0, 24.97253, 29.73116], "rotation": [-45, 0, 0], "uv": [164, 37]},
						{"origin": [-1, 23.97253, 28.03116], "size": [2, 2, 1], "pivot": [0, 24.97253, 29.73116], "rotation": [-135, 0, 0], "uv": [164, 34]},
						{"origin": [-1, 23.97253, 28.03116], "size": [2, 2, 1], "pivot": [0, 24.97253, 29.73116], "rotation": [-45, 0, 0], "uv": [132, 163]},
						{"origin": [-1, 23.97253, 30.43116], "size": [2, 2, 1], "pivot": [0, 24.97253, 29.73116], "rotation": [-135, 0, 0], "uv": [164, 40]},
						{"origin": [-1, 22.97253, 22.73116], "size": [2, 1, 8], "inflate": 0.002, "uv": [60, 130]},
						{"origin": [-1, 21.97253, 27.73116], "size": [2, 1, 4], "pivot": [0, 21.97253, 27.73116], "rotation": [-25, 0, 0], "uv": [80, 153]},
						{"origin": [-1, 14.97253, 32.73116], "size": [2, 8, 2], "pivot": [0, 21.97253, 33.73116], "rotation": [15, 0, 0], "uv": [90, 22]},
						{"origin": [-1, 16.97253, 31.73116], "size": [2, 6, 1], "pivot": [0, 21.97253, 33.73116], "rotation": [15, 0, 0], "uv": [46, 68]},
						{"origin": [-1, 21.97253, 26.73116], "size": [2, 1, 7], "inflate": 0.002, "uv": [138, 102]},
						{"origin": [-1, 21.97253, 33.73116], "size": [2, 5, 1], "inflate": 0.002, "uv": [158, 158]},
						{"origin": [-1, 22.97253, 30.73116], "size": [2, 4, 3], "inflate": 0.002, "uv": [58, 153]},
						{"origin": [-1, 25.97253, 22.73116], "size": [2, 1, 8], "inflate": 0.002, "uv": [40, 128]},
						{"origin": [-1, 22.97253, 14.73116], "size": [2, 4, 8], "inflate": 0.002, "uv": [126, 126]},
						{"origin": [-1, 23.37253, 13.73116], "size": [2, 2.6, 1], "inflate": 0.002, "uv": [164, 50]},
						{"origin": [-1.25, 24.47253, 28.93116], "size": [2.5, 1, 4], "inflate": -0.2, "uv": [68, 153]}
					]
				},
				{
					"name": "charging_handle",
					"parent": "gun",
					"pivot": [0, 25.07253, -9.66884],
					"cubes": [
						{"origin": [0.225, 23.52253, -15.66884], "size": [1, 2.1, 8.4], "inflate": -0.002, "uv": [136, 53]},
						{"origin": [-1.225, 23.52253, -15.66884], "size": [1, 2.1, 8.4], "inflate": -0.002, "uv": [136, 63]},
						{"origin": [-3.75, 25.87253, -29.76884], "size": [7.5, 1.2, 1.2], "inflate": -0.102, "uv": [87, 124]},
						{"origin": [-1.35, 25.87253, -29.76884], "size": [2.7, 1.2, 2.2], "inflate": -0.1, "uv": [160, 134]}
					]
				},
				{
					"name": "bolt",
					"parent": "gun",
					"pivot": [0, 24.97253, -7.56884],
					"cubes": [
						{"origin": [-0.89198, 27.73701, -9.56884], "size": [1, 1, 8.3], "pivot": [-0.76698, 28.81201, 0.33116], "rotation": [0, 0, 32.5], "uv": [138, 93]},
						{"origin": [-0.10802, 27.73701, -9.56884], "size": [1, 1, 8.3], "pivot": [0.76698, 28.81201, 0.33116], "rotation": [0, 0, -32.5], "uv": [138, 30]},
						{"origin": [-1.45, 25.97253, -9.56884], "size": [2.9, 2, 8.3], "uv": [128, 0]}
					]
				},
				{
					"name": "bullet2",
					"parent": "gun",
					"pivot": [0, 24.52127, -13.11931],
					"cubes": [
						{"origin": [-0.5, 23.97127, -15.61931], "size": [1, 1, 5], "pivot": [0, 24.47127, -12.11931], "rotation": [0, 0, 45], "uv": [46, 153]}
					]
				},
				{
					"name": "muzzleflash",
					"parent": "gun",
					"pivot": [0, 24.67253, -40.44384],
					"cubes": [
						{"origin": [-0.5, 24.17253, -40.94384], "size": [1, 1, 1], "inflate": -0.4, "uv": [120, 166]}
					]
				},
				{
					"name": "rightarm",
					"parent": "armR_gun",
					"pivot": [-7.3, 12.8, 24.8],
					"rotation": [-101.8111, -12.4, -2.4698],
					"cubes": [
						{"origin": [-11.3, -11.2, 20.8], "size": [8, 24, 8], "uv": [0, 78]}
					]
				},
				{
					"name": "armL_mag",
					"parent": "main",
					"pivot": [0, 13.38435, -6.94241],
					"rotation": [30, 0, 0]
				},
				{
					"name": "leftarm",
					"parent": "armL_mag",
					"pivot": [8.7, 10.23301, -14.68013],
					"rotation": [-115.27736, 61.3747, 40.31289],
					"cubes": [
						{"origin": [4.7, -13.76699, -18.68013], "size": [8, 24, 8], "uv": [32, 78]}
					]
				},
				{
					"name": "magazine",
					"parent": "armL_mag",
					"pivot": [0, 13.38435, -6.94241],
					"cubes": [
						{"origin": [-1, 20.98057, -9.78114], "size": [2, 1, 6], "inflate": -0.002, "uv": [112, 0]},
						{"origin": [-1, 14.98057, -7.78114], "size": [2, 6, 4], "inflate": -0.002, "uv": [80, 59]},
						{"origin": [-1.5, 4.98057, -9.78114], "size": [3, 10, 6], "uv": [52, 55]},
						{"origin": [-1.5, 14.98057, -9.78114], "size": [3, 6, 2], "uv": [70, 61]},
						{"origin": [-1.8, 20.68057, -10.08114], "size": [3.6, 1.65, 1.225], "inflate": -0.3, "uv": [79, 57]},
						{"origin": [-1.5, 14.98057, -7.78114], "size": [3, 5, 1], "uv": [71, 55]},
						{"origin": [-1.5, 14.98057, -6.78114], "size": [3, 1, 2], "uv": [92, 66]},
						{"origin": [-1.5, 15.27201, -6.90159], "size": [3, 1, 3], "inflate": -0.004, "pivot": [0, 15.77201, -4.90159], "rotation": [-30, 0, 0], "uv": [97, 59]},
						{"origin": [-1.5, 19.425, -9.816], "size": [3, 1.225, 3.35], "inflate": -0.004, "pivot": [0, 20.14701, -6.90159], "rotation": [-30, 0, 0], "uv": [100, 63]},
						{"origin": [-1.9, 19.925, -10.741], "size": [3.8, 1.125, 1.35], "inflate": -0.404, "pivot": [0, 20.14701, -6.90159], "rotation": [-30, 0, 0], "uv": [102, 65]},
						{"origin": [-1.8, 14.68057, -5.08114], "size": [3.6, 1.325, 1.6], "inflate": -0.3, "uv": [102, 67]},
						{"origin": [-1.5, 15.98057, -7.28114], "size": [3, 4, 1], "inflate": -0.002, "uv": [92, 55]},
						{"origin": [-1.5, 19.35557, -7.28114], "size": [3, 1, 1], "inflate": -0.006, "uv": [94, 63]},
						{"origin": [-1, 6.58057, -10.28114], "size": [2, 1, 1], "inflate": -0.002, "pivot": [0, 7.08057, -9.78114], "rotation": [45, 0, 0], "uv": [0, 166]},
						{"origin": [-1.5, 3.98057, -7.78114], "size": [3, 1, 2], "uv": [159, 128]},
						{"origin": [-1, 21.98057, -7.78114], "size": [2, 1, 2], "uv": [130, 160]},
						{"origin": [-1.5, 2.98057, -5.78114], "size": [3, 2, 2], "uv": [21, 159]},
						{"origin": [-1, 21.98057, -9.78114], "size": [2, 2, 2], "uv": [30, 159]},
						{"origin": [-1.5, 2.68057, -4.78114], "size": [3, 1, 1], "inflate": -0.002, "uv": [162, 143]},
						{"origin": [-1.5, 3.68057, -6.78114], "size": [3, 1, 1], "inflate": -0.002, "uv": [148, 91]},
						{"origin": [-1, 22.68057, -7.78114], "size": [2, 1, 1], "inflate": -0.002, "uv": [164, 162]},
						{"origin": [-1, 23.28057, -9.78114], "size": [2, 1, 1], "inflate": -0.002, "uv": [164, 84]},
						{"origin": [-1.5, 4.68634, -5.37921], "size": [3, 1, 6.35], "inflate": 0.002, "pivot": [0, 13.04756, -7.03114], "rotation": [-30, 0, 0], "uv": [77, 69]},
						{"origin": [-0.5, 3.68634, -3.37921], "size": [1, 1, 4.35], "inflate": 0.002, "pivot": [0, 13.04756, -7.03114], "rotation": [-30, 0, 0], "uv": [112, 155]},
						{"origin": [-1, 21.40877, -15.03306], "size": [2, 1, 6.35], "inflate": 0.002, "pivot": [0, 13.04756, -7.03114], "rotation": [-30, 0, 0], "uv": [66, 146]}
					]
				},
				{
					"name": "bullet",
					"parent": "magazine",
					"pivot": [0, 23.50176, -6.50431],
					"rotation": [-30, 0, 0],
					"cubes": [
						{"origin": [-0.5, 23.00176, -9.00431], "size": [1, 1, 5], "inflate": 0.2, "pivot": [0, 23.50176, -6.50431], "rotation": [0, 0, 45], "uv": [46, 153]}
					]
				},
				{
					"name": "_camera_",
					"pivot": [10, 35, 21]
				},
				{
					"name": "scope",
					"pivot": [-9.19253, 32.38595, 14.95],
					"rotation": [0, 0, -50],
					"cubes": [
						{"origin": [-9.69253, 31.88595, 14.45], "size": [1, 1, 1], "inflate": -0.4, "pivot": [-9.19253, 32.38595, 14.95], "rotation": [0, 0, -50], "uv": [136, 73]}
					]
				},
				{
					"name": "reticle",
					"pivot": [-9.19253, 32.38595, 8.95],
					"rotation": [0, 0, -50],
					"cubes": [
						{"origin": [-9.69253, 31.88595, 8.45], "size": [1, 1, 1], "pivot": [-9.19253, 32.38595, 8.95], "rotation": [0, 0, -50], "uv": [136, 73]}
					]
				}
			]
		}
	]
}