{
	"format_version": "1.12.0",
	"minecraft:geometry": [
		{
			"description": {
				"identifier": "geometry.unknown",
				"texture_width": 32,
				"texture_height": 32,
				"visible_bounds_width": 8,
				"visible_bounds_height": 4,
				"visible_bounds_offset": [0, 1, 0]
			},
			"bones": [
				{
					"name": "main",
					"pivot": [0, 0, 3.40242]
				},
				{
					"name": "sniperscope",
					"parent": "main",
					"pivot": [0, 10.54207, -3.51045],
					"cubes": [
						{
							"origin": [2.28556, 3.53928, -4.4347],
							"size": [1.3, 0.78, 6.24],
							"uv": {
								"north": {"uv": [31, 32], "uv_size": [1, 0]},
								"east": {"uv": [32, 32], "uv_size": [0, 0]},
								"south": {"uv": [32, 32], "uv_size": [0, 0]},
								"west": {"uv": [0, 29], "uv_size": [27, 3]},
								"up": {"uv": [31, 31], "uv_size": [1, 1]},
								"down": {"uv": [32, 32], "uv_size": [0, 0]}
							}
						},
						{
							"origin": [-3.59694, 3.01928, -3.9147],
							"size": [1.3, 1.04, 7.8],
							"uv": {
								"north": {"uv": [31, 32], "uv_size": [1, 0]},
								"east": {"uv": [0, 29], "uv_size": [27, 3]},
								"south": {"uv": [32, 32], "uv_size": [0, 0]},
								"west": {"uv": [32, 32], "uv_size": [0, 0]},
								"up": {"uv": [31, 31], "uv_size": [1, 1]},
								"down": {"uv": [32, 32], "uv_size": [0, 0]}
							}
						},
						{
							"origin": [-3.57744, 1.19928, -7.1647],
							"size": [7.15, 3.9, 11.7],
							"uv": {
								"north": {"uv": [9, 9], "uv_size": [5, 3]},
								"east": {"uv": [0, 9], "uv_size": [9, 3]},
								"south": {"uv": [23, 9], "uv_size": [5, 3]},
								"west": {"uv": [14, 9], "uv_size": [9, 3]},
								"up": {"uv": [9, 0], "uv_size": [5, 9]},
								"down": {"uv": [14, 9], "uv_size": [5, -9]}
							}
						},
						{
							"origin": [-1.30244, 2.01428, 4.5353],
							"size": [2.6, 2.825, 3.9],
							"uv": {
								"north": {"uv": [22, 3], "uv_size": [2, 2]},
								"east": {"uv": [19, 3], "uv_size": [3, 2]},
								"south": {"uv": [27, 3], "uv_size": [2, 2]},
								"west": {"uv": [24, 3], "uv_size": [3, 2]},
								"up": {"uv": [22, 0], "uv_size": [2, 3]},
								"down": {"uv": [24, 3], "uv_size": [2, -3]}
							}
						},
						{
							"origin": [-1.30124, 1.36298, 4.5365],
							"size": [2.5976, 3.2476, 3.8976],
							"inflate": -0.004,
							"uv": {
								"north": {"uv": [12, 15], "uv_size": [2, 2]},
								"east": {"uv": [9, 15], "uv_size": [3, 2]},
								"south": {"uv": [17, 15], "uv_size": [2, 2]},
								"west": {"uv": [14, 15], "uv_size": [3, 2]},
								"up": {"uv": [12, 12], "uv_size": [2, 3]},
								"down": {"uv": [14, 15], "uv_size": [2, -3]}
							}
						},
						{
							"origin": [1.29876, 3.54048, 4.5365],
							"size": [1.2976, 1.2976, 3.8976],
							"inflate": -0.004,
							"pivot": [1.29756, 4.83928, 7.1353],
							"rotation": [0, 0, 45],
							"uv": {
								"north": {"uv": [10, 24], "uv_size": [1, 1]},
								"east": {"uv": [7, 24], "uv_size": [3, 1]},
								"south": {"uv": [14, 24], "uv_size": [1, 1]},
								"west": {"uv": [11, 24], "uv_size": [3, 1]},
								"up": {"uv": [10, 21], "uv_size": [1, 3]},
								"down": {"uv": [11, 24], "uv_size": [1, -3]}
							}
						},
						{
							"origin": [0.99756, 4.99428, 4.6253],
							"size": [1.38, 1.38, 2.745],
							"inflate": -0.3,
							"pivot": [1.16756, 6.20428, 5.8353],
							"rotation": [0, 0, 45],
							"uv": {
								"north": {"uv": [14, 23], "uv_size": [1, 1]},
								"east": {"uv": [12, 23], "uv_size": [2, 1]},
								"south": {"uv": [17, 23], "uv_size": [1, 1]},
								"west": {"uv": [15, 23], "uv_size": [2, 1]},
								"up": {"uv": [14, 21], "uv_size": [1, 2]},
								"down": {"uv": [15, 23], "uv_size": [1, -2]}
							}
						},
						{
							"origin": [-3.06244, 2.88428, 6.5453],
							"size": [1.18, 2.48, 1.18],
							"inflate": -0.2,
							"pivot": [-2.47244, 4.64428, 7.1353],
							"rotation": [0, -45, 0],
							"uv": {
								"north": {"uv": [6, 1], "uv_size": [1, 2]},
								"east": {"uv": [5, 1], "uv_size": [1, 2]},
								"south": {"uv": [8, 1], "uv_size": [1, 2]},
								"west": {"uv": [7, 1], "uv_size": [1, 2]},
								"up": {"uv": [6, 0], "uv_size": [1, 1]},
								"down": {"uv": [7, 1], "uv_size": [1, -1]}
							}
						},
						{
							"origin": [1.87756, 2.10428, 6.5453],
							"size": [2.48, 1.18, 1.18],
							"inflate": -0.2,
							"uv": {
								"north": {"uv": [22, 20], "uv_size": [2, 1]},
								"east": {"uv": [21, 20], "uv_size": [1, 1]},
								"south": {"uv": [25, 20], "uv_size": [2, 1]},
								"west": {"uv": [24, 20], "uv_size": [1, 1]},
								"up": {"uv": [22, 19], "uv_size": [2, 1]},
								"down": {"uv": [24, 20], "uv_size": [2, -1]}
							}
						},
						{
							"origin": [1.87756, 2.10428, 4.8553],
							"size": [2.48, 1.18, 1.18],
							"inflate": -0.2,
							"uv": {
								"north": {"uv": [20, 8], "uv_size": [2, 1]},
								"east": {"uv": [19, 8], "uv_size": [1, 1]},
								"south": {"uv": [23, 8], "uv_size": [2, 1]},
								"west": {"uv": [22, 8], "uv_size": [1, 1]},
								"up": {"uv": [20, 7], "uv_size": [2, 1]},
								"down": {"uv": [22, 8], "uv_size": [2, -1]}
							}
						},
						{
							"origin": [2.72256, 2.62428, 2.0278],
							"size": [1.18, 1.18, 1.18],
							"inflate": -0.2,
							"pivot": [2.66256, 3.21428, 2.6178],
							"rotation": [45, 0, 0],
							"uv": {
								"north": {"uv": [1, 16], "uv_size": [1, 1]},
								"east": {"uv": [0, 16], "uv_size": [1, 1]},
								"south": {"uv": [3, 16], "uv_size": [1, 1]},
								"west": {"uv": [2, 16], "uv_size": [1, 1]},
								"up": {"uv": [1, 15], "uv_size": [1, 1]},
								"down": {"uv": [2, 16], "uv_size": [1, -1]}
							}
						},
						{
							"origin": [2.72256, 1.22678, -0.6047],
							"size": [1.18, 1.18, 1.18],
							"inflate": -0.2,
							"pivot": [2.66256, 1.81678, -0.0147],
							"rotation": [45, 0, 0],
							"uv": {
								"north": {"uv": [5, 7], "uv_size": [1, 1]},
								"east": {"uv": [4, 7], "uv_size": [1, 1]},
								"south": {"uv": [7, 7], "uv_size": [1, 1]},
								"west": {"uv": [6, 7], "uv_size": [1, 1]},
								"up": {"uv": [5, 6], "uv_size": [1, 1]},
								"down": {"uv": [6, 7], "uv_size": [1, -1]}
							}
						},
						{
							"origin": [0.47756, 4.21428, 4.2353],
							"size": [1.38, 1.12, 3.135],
							"inflate": -0.3,
							"pivot": [1.16756, 4.77428, 5.8028],
							"rotation": [0, 0, 10],
							"uv": {
								"north": {"uv": [2, 8], "uv_size": [1, 1]},
								"east": {"uv": [0, 8], "uv_size": [2, 1]},
								"south": {"uv": [5, 8], "uv_size": [1, 1]},
								"west": {"uv": [3, 8], "uv_size": [2, 1]},
								"up": {"uv": [2, 6], "uv_size": [1, 2]},
								"down": {"uv": [3, 8], "uv_size": [1, -2]}
							}
						},
						{
							"origin": [-1.30124, 3.54048, 4.5365],
							"size": [1.2976, 1.2976, 3.8976],
							"inflate": -0.004,
							"pivot": [-1.30244, 4.83928, 7.1353],
							"rotation": [0, 0, 45],
							"uv": {
								"north": {"uv": [19, 22], "uv_size": [1, 1]},
								"east": {"uv": [16, 22], "uv_size": [3, 1]},
								"south": {"uv": [23, 22], "uv_size": [1, 1]},
								"west": {"uv": [20, 22], "uv_size": [3, 1]},
								"up": {"uv": [19, 19], "uv_size": [1, 3]},
								"down": {"uv": [20, 22], "uv_size": [1, -3]}
							}
						},
						{
							"origin": [-1.18244, 3.83481, 8.0301],
							"size": [1.06, 1.6125, 1.06],
							"inflate": -0.4,
							"pivot": [-1.30244, 5.56731, 7.9101],
							"rotation": [0, 0, 45],
							"uv": {
								"north": {"uv": [15, 27], "uv_size": [1, 1]},
								"east": {"uv": [14, 27], "uv_size": [1, 1]},
								"south": {"uv": [17, 27], "uv_size": [1, 1]},
								"west": {"uv": [16, 27], "uv_size": [1, 1]},
								"up": {"uv": [15, 26], "uv_size": [1, 1]},
								"down": {"uv": [16, 27], "uv_size": [1, -1]}
							}
						},
						{
							"origin": [0.49832, 2.91557, 8.0301],
							"size": [1.06, 1.6125, 1.06],
							"inflate": -0.4,
							"pivot": [0.37832, 4.64807, 7.9101],
							"rotation": [0, 0, -45],
							"uv": {
								"north": {"uv": [27, 1], "uv_size": [1, 1]},
								"east": {"uv": [26, 1], "uv_size": [1, 1]},
								"south": {"uv": [29, 1], "uv_size": [1, 1]},
								"west": {"uv": [28, 1], "uv_size": [1, 1]},
								"up": {"uv": [27, 0], "uv_size": [1, 1]},
								"down": {"uv": [28, 1], "uv_size": [1, -1]}
							}
						},
						{
							"origin": [1.93, 1.83192, 8.0301],
							"size": [1.06, 3.4, 1.06],
							"inflate": -0.4,
							"pivot": [1.81756, 5.35192, 7.9101],
							"rotation": [0, 0, 90],
							"uv": {
								"north": {"uv": [1, 13], "uv_size": [1, 2]},
								"east": {"uv": [0, 13], "uv_size": [1, 2]},
								"south": {"uv": [3, 13], "uv_size": [1, 2]},
								"west": {"uv": [2, 13], "uv_size": [1, 2]},
								"up": {"uv": [1, 12], "uv_size": [1, 1]},
								"down": {"uv": [2, 13], "uv_size": [1, -1]}
							}
						},
						{
							"origin": [1.93756, 0.17442, 8.0301],
							"size": [1.06, 1.58, 1.06],
							"inflate": -0.4,
							"pivot": [1.81756, 2.78442, 7.9101],
							"rotation": [0, 0, 90],
							"uv": {
								"north": {"uv": [12, 26], "uv_size": [1, 1]},
								"east": {"uv": [11, 26], "uv_size": [1, 1]},
								"south": {"uv": [14, 26], "uv_size": [1, 1]},
								"west": {"uv": [13, 26], "uv_size": [1, 1]},
								"up": {"uv": [12, 25], "uv_size": [1, 1]},
								"down": {"uv": [13, 26], "uv_size": [1, -1]}
							}
						},
						{
							"origin": [-3.28434, 1.62238, 4.5359],
							"size": [2.5988, 2.5988, 3.8988],
							"inflate": -0.002,
							"pivot": [-1.98494, 2.92178, 7.1353],
							"rotation": [0, 0, -15],
							"uv": {
								"north": {"uv": [19, 17], "uv_size": [2, 2]},
								"east": {"uv": [16, 17], "uv_size": [3, 2]},
								"south": {"uv": [24, 17], "uv_size": [2, 2]},
								"west": {"uv": [21, 17], "uv_size": [3, 2]},
								"up": {"uv": [19, 14], "uv_size": [2, 3]},
								"down": {"uv": [21, 17], "uv_size": [2, -3]}
							}
						},
						{
							"origin": [0.68066, 1.62238, 4.5359],
							"size": [2.5988, 2.5988, 3.8988],
							"inflate": -0.002,
							"pivot": [1.98006, 2.92178, 7.1353],
							"rotation": [0, 0, 15],
							"uv": {
								"north": {"uv": [3, 21], "uv_size": [2, 2]},
								"east": {"uv": [0, 21], "uv_size": [3, 2]},
								"south": {"uv": [8, 21], "uv_size": [2, 2]},
								"west": {"uv": [5, 21], "uv_size": [3, 2]},
								"up": {"uv": [3, 18], "uv_size": [2, 3]},
								"down": {"uv": [5, 21], "uv_size": [2, -3]}
							}
						},
						{
							"origin": [1.11362, 3.4576, 8.0301],
							"size": [2.685, 1.06, 1.06],
							"inflate": -0.4,
							"pivot": [2.42362, 3.3346, 7.9101],
							"rotation": [0, 0, 15],
							"uv": {
								"north": {"uv": [1, 27], "uv_size": [2, 1]},
								"east": {"uv": [0, 27], "uv_size": [1, 1]},
								"south": {"uv": [4, 27], "uv_size": [2, 1]},
								"west": {"uv": [3, 27], "uv_size": [1, 1]},
								"up": {"uv": [1, 26], "uv_size": [2, 1]},
								"down": {"uv": [3, 27], "uv_size": [2, -1]}
							}
						},
						{
							"origin": [0.41288, 1.18156, 8.0327],
							"size": [3.205, 1.06, 1.06],
							"inflate": -0.4,
							"pivot": [2.24288, 3.66156, 7.9127],
							"rotation": [0, 0, 15],
							"uv": {
								"north": {"uv": [6, 26], "uv_size": [2, 1]},
								"east": {"uv": [5, 26], "uv_size": [1, 1]},
								"south": {"uv": [9, 26], "uv_size": [2, 1]},
								"west": {"uv": [8, 26], "uv_size": [1, 1]},
								"up": {"uv": [6, 25], "uv_size": [2, 1]},
								"down": {"uv": [8, 26], "uv_size": [2, -1]}
							}
						},
						{
							"origin": [1.33609, 2.18632, 8.0327],
							"size": [3.14, 1.06, 1.06],
							"inflate": -0.4,
							"pivot": [3.13359, 2.71632, 8.5627],
							"rotation": [0, 0, -75],
							"uv": {
								"north": {"uv": [20, 26], "uv_size": [2, 1]},
								"east": {"uv": [19, 26], "uv_size": [1, 1]},
								"south": {"uv": [23, 26], "uv_size": [2, 1]},
								"west": {"uv": [22, 26], "uv_size": [1, 1]},
								"up": {"uv": [20, 25], "uv_size": [2, 1]},
								"down": {"uv": [22, 26], "uv_size": [2, -1]}
							}
						},
						{
							"origin": [-3.62277, 1.18156, 8.0327],
							"size": [3.205, 1.06, 1.06],
							"inflate": -0.4,
							"pivot": [-2.24777, 3.66156, 7.9127],
							"rotation": [0, 0, -15],
							"uv": {
								"north": {"uv": [26, 8], "uv_size": [2, 1]},
								"east": {"uv": [25, 8], "uv_size": [1, 1]},
								"south": {"uv": [29, 8], "uv_size": [2, 1]},
								"west": {"uv": [28, 8], "uv_size": [1, 1]},
								"up": {"uv": [26, 7], "uv_size": [2, 1]},
								"down": {"uv": [28, 8], "uv_size": [2, -1]}
							}
						},
						{
							"origin": [-4.48097, 2.18632, 8.0327],
							"size": [3.14, 1.06, 1.06],
							"inflate": -0.4,
							"pivot": [-3.13847, 2.71632, 8.5627],
							"rotation": [0, 0, 75],
							"uv": {
								"north": {"uv": [26, 26], "uv_size": [2, 1]},
								"east": {"uv": [25, 26], "uv_size": [1, 1]},
								"south": {"uv": [29, 26], "uv_size": [2, 1]},
								"west": {"uv": [28, 26], "uv_size": [1, 1]},
								"up": {"uv": [26, 25], "uv_size": [2, 1]},
								"down": {"uv": [28, 26], "uv_size": [2, -1]}
							}
						},
						{
							"origin": [-3.80351, 3.4576, 8.0301],
							"size": [2.685, 1.06, 1.06],
							"inflate": -0.4,
							"pivot": [-2.42851, 3.3346, 7.9101],
							"rotation": [0, 0, -15],
							"uv": {
								"north": {"uv": [15, 25], "uv_size": [2, 1]},
								"east": {"uv": [14, 25], "uv_size": [1, 1]},
								"south": {"uv": [18, 25], "uv_size": [2, 1]},
								"west": {"uv": [17, 25], "uv_size": [1, 1]},
								"up": {"uv": [15, 24], "uv_size": [2, 1]},
								"down": {"uv": [17, 25], "uv_size": [2, -1]}
							}
						},
						{
							"origin": [-3.57744, 1.84928, -8.4647],
							"size": [7.15, 1.3, 1.3],
							"uv": {
								"north": {"uv": [8, 20], "uv_size": [5, 1]},
								"east": {"uv": [7, 20], "uv_size": [1, 1]},
								"south": {"uv": [14, 20], "uv_size": [5, 1]},
								"west": {"uv": [13, 20], "uv_size": [1, 1]},
								"up": {"uv": [8, 19], "uv_size": [5, 1]},
								"down": {"uv": [13, 20], "uv_size": [5, -1]}
							}
						},
						{
							"origin": [-2.69994, 1.84928, -9.7647],
							"size": [2.6, 2.6, 2.6],
							"pivot": [-1.39994, 3.14928, -9.1147],
							"rotation": [0, 0, -45],
							"uv": {
								"north": {"uv": [24, 23], "uv_size": [2, 2]},
								"east": {"uv": [22, 23], "uv_size": [2, 2]},
								"south": {"uv": [28, 23], "uv_size": [2, 2]},
								"west": {"uv": [26, 23], "uv_size": [2, 2]},
								"up": {"uv": [24, 21], "uv_size": [2, 2]},
								"down": {"uv": [26, 23], "uv_size": [2, -2]}
							}
						},
						{
							"origin": [-2.99994, 3.77223, -8.50817],
							"size": [3.2, 3.2, 1.12],
							"inflate": -0.3,
							"pivot": [-1.39994, 5.37223, -7.94817],
							"rotation": [-62.76369, -41.64114, -18.88172],
							"uv": {
								"north": {"uv": [1, 24], "uv_size": [2, 2]},
								"east": {"uv": [0, 24], "uv_size": [1, 2]},
								"south": {"uv": [4, 24], "uv_size": [2, 2]},
								"west": {"uv": [3, 24], "uv_size": [1, 2]},
								"up": {"uv": [1, 23], "uv_size": [2, 1]},
								"down": {"uv": [3, 24], "uv_size": [2, -1]}
							}
						},
						{
							"origin": [1.19756, 1.22928, -9.8647],
							"size": [1.5, 3.84, 3.84],
							"inflate": -0.1,
							"uv": {
								"north": {"uv": [3, 3], "uv_size": [1, 3]},
								"east": {"uv": [0, 3], "uv_size": [3, 3]},
								"south": {"uv": [7, 3], "uv_size": [1, 3]},
								"west": {"uv": [4, 3], "uv_size": [3, 3]},
								"up": {"uv": [3, 0], "uv_size": [1, 3]},
								"down": {"uv": [4, 3], "uv_size": [1, -3]}
							}
						},
						{
							"origin": [-3.57654, 3.15018, -8.4638],
							"size": [7.1482, 2.3382, 1.2982],
							"inflate": -0.003,
							"pivot": [-0.00244, 3.14928, -8.4647],
							"rotation": [-33.75, 0, 0],
							"uv": {
								"north": {"uv": [17, 13], "uv_size": [5, 1]},
								"east": {"uv": [16, 13], "uv_size": [1, 1]},
								"south": {"uv": [23, 13], "uv_size": [5, 1]},
								"west": {"uv": [22, 13], "uv_size": [1, 1]},
								"up": {"uv": [17, 12], "uv_size": [5, 1]},
								"down": {"uv": [22, 13], "uv_size": [5, -1]}
							}
						},
						{
							"origin": [-3.57684, 1.19988, -8.4641],
							"size": [7.1488, 1.2988, 1.2988],
							"inflate": -0.002,
							"uv": {
								"north": {"uv": [20, 6], "uv_size": [5, 1]},
								"east": {"uv": [19, 6], "uv_size": [1, 1]},
								"south": {"uv": [26, 6], "uv_size": [5, 1]},
								"west": {"uv": [25, 6], "uv_size": [1, 1]},
								"up": {"uv": [20, 5], "uv_size": [5, 1]},
								"down": {"uv": [25, 6], "uv_size": [5, -1]}
							}
						},
						{
							"origin": [-1, 0.46317, -4.5],
							"size": [2, 1, 8],
							"uv": {
								"north": {"uv": [5, 17], "uv_size": [2, 1]},
								"east": {"uv": [0, 17], "uv_size": [5, 1]},
								"south": {"uv": [12, 17], "uv_size": [2, 1]},
								"west": {"uv": [7, 17], "uv_size": [5, 1]},
								"up": {"uv": [5, 12], "uv_size": [2, 5]},
								"down": {"uv": [7, 17], "uv_size": [2, -5]}
							}
						}
					]
				},
				{
					"name": "scopepip",
					"parent": "sniperscope",
					"pivot": [-0.00244, 3.37678, 7.78865],
					"cubes": [
						{
							"origin": [-3.35244, 0.02678, 7.13865],
							"size": [6.7, 6.7, 1.3],
							"uv": {
								"north": {"uv": [27, 18], "uv_size": [2, 2]},
								"east": {"uv": [26, 18], "uv_size": [1, 2]},
								"south": {"uv": [30, 18], "uv_size": [2, 2]},
								"west": {"uv": [29, 18], "uv_size": [1, 2]},
								"up": {"uv": [27, 17], "uv_size": [2, 1]},
								"down": {"uv": [29, 18], "uv_size": [2, -1]}
							}
						}
					]
				},
				{
					"name": "scope",
					"parent": "main",
					"pivot": [0, 3.325, 10.95242],
					"cubes": [
						{"origin": [-0.5, 2.825, 10.45242], "size": [1, 1, 1], "inflate": -0.4, "uv": [5, 27]}
					]
				},
				{
					"name": "_ca_scope",
					"parent": "main",
					"pivot": [0, 0.5, -0.62258],
					"cubes": [
						{"origin": [-0.5, 0, -0.5], "size": [1, 1, 1], "uv": [26, 17]}
					]
				}
			]
		}
	]
}