{
	"format_version": "1.12.0",
	"minecraft:geometry": [
		{
			"description": {
				"identifier": "geometry.unknown",
				"texture_width": 256,
				"texture_height": 256,
				"visible_bounds_width": 9,
				"visible_bounds_height": 6,
				"visible_bounds_offset": [0, 2, 0]
			},
			"bones": [
				{
					"name": "main",
					"pivot": [0, 20, 0]
				},
				{
					"name": "armL_mag",
					"parent": "main",
					"pivot": [9.5, 6.4, -4.65]
				},
				{
					"name": "leftarm",
					"parent": "armL_mag",
					"pivot": [9.7, 7.3, -3.6],
					"rotation": [-88.07158, 29.60088, 52.64],
					"cubes": [
						{"origin": [5.7, -16.7, -7.6], "size": [8, 24, 8], "uv": [0, 76]}
					]
				},
				{
					"name": "magazine",
					"parent": "armL_mag",
					"pivot": [-0.5, 17.4, 14.35],
					"cubes": [
						{"origin": [-1.5, 14.7, 8.95], "size": [3, 6, 15.25], "inflate": -0.3, "uv": [78, 21]}
					]
				},
				{
					"name": "bullet",
					"parent": "magazine",
					"pivot": [-2.5, 17.2, 14.35],
					"cubes": [
						{"origin": [-1, 19.5, 9.35], "size": [2, 2, 14.25], "inflate": -0.45, "pivot": [0, 20.5, 13.975], "rotation": [0, 0, 45], "uv": [78, 42]}
					]
				},
				{
					"name": "armR_gun",
					"parent": "main",
					"pivot": [-6, 14, 22]
				},
				{
					"name": "rightarm",
					"parent": "armR_gun",
					"pivot": [-5.99774, 13.77541, 21.61358],
					"rotation": [-92.9359, -4.75756, 5.23116],
					"cubes": [
						{"origin": [-9.99774, -10.22459, 17.61358], "size": [8, 24, 8], "uv": [32, 76]}
					]
				},
				{
					"name": "gun",
					"parent": "armR_gun",
					"pivot": [0, 24, -32.625],
					"cubes": [
						{
							"origin": [-1.5, 22.55, -5.75],
							"size": [0, 2, 17.25],
							"inflate": 0.003,
							"pivot": [0, 24, -11.875],
							"rotation": [0, 0, 45],
							"uv": {
								"north": {"uv": [0, 116], "uv_size": [0, 2]},
								"east": {"uv": [2, 109], "uv_size": [62, 7]},
								"south": {"uv": [0, 116], "uv_size": [0, 2]},
								"west": {"uv": [0, 108], "uv_size": [0, 2]},
								"up": {"uv": [0, 109], "uv_size": [0, 9]},
								"down": {"uv": [0, 118], "uv_size": [0, -9]}
							}
						},
						{"origin": [-0.5, 16.575, -1.2], "size": [1, 2, 2], "uv": [14, 43]},
						{"origin": [-0.5, 17.475, -4.4], "size": [1, 2, 1], "uv": [7, 14]},
						{"origin": [-0.5, 15.93397, -3.98708], "size": [1, 2, 1], "inflate": -0.003, "pivot": [0, 16.93397, -3.33708], "rotation": [30, 0, 0], "uv": [7, 0]},
						{"origin": [-5.34683, 18.7992, -47.70461], "size": [1, 1, 1.35], "inflate": 0.005, "pivot": [-4.84683, 19.2992, -46.85461], "rotation": [-27.71644, 9.39129, 3.45118], "uv": [21, 14], "mirror": true},
						{"origin": [2.82398, 17.03843, -45.40562], "size": [3, 7, 0], "pivot": [4.32398, 24.03843, -45.40562], "rotation": [-27.21644, -9.39129, -3.45118], "uv": [55, 0]},
						{"origin": [2.75, 21, -44.25], "size": [1, 2, 12.525], "pivot": [3.25, 21.5, -38], "rotation": [20.28356, -9.39129, -3.45118], "uv": [94, 91]},
						{"origin": [2.75, 21.75, -47.25], "size": [1, 1, 3], "pivot": [3.25, 21.5, -38], "rotation": [20.28356, -9.39129, -3.45118], "uv": [0, 41]},
						{"origin": [4.34683, 18.7992, -47.70461], "size": [1, 1, 1.35], "inflate": 0.005, "pivot": [4.84683, 19.2992, -46.85461], "rotation": [-27.71644, -9.39129, -3.45118], "uv": [21, 14]},
						{"origin": [3.72016, 15.85617, -48.56419], "size": [3, 2, 0], "pivot": [5.22016, 17.85617, -48.56419], "rotation": [0.28356, -9.39129, -3.45118], "uv": [32, 11]},
						{"origin": [-3.75, 21, -44.25], "size": [1, 2, 12.525], "pivot": [-3.25, 21.5, -38], "rotation": [20.28356, 9.39129, 3.45118], "uv": [0, 0]},
						{"origin": [-3.75, 21.75, -47.25], "size": [1, 1, 3], "pivot": [-3.25, 21.5, -38], "rotation": [20.28356, 9.39129, 3.45118], "uv": [40, 40]},
						{"origin": [-1, 18.5, -26.975], "size": [2, 2, 12.25], "uv": [22, 56]},
						{"origin": [-1, 20.025, -13.725], "size": [2, 1, 5.275], "uv": [32, 14]},
						{"origin": [-1.75, 22.25, -28.75], "size": [3.5, 3.5, 2], "pivot": [0, 24, -27.375], "rotation": [0, 0, 45], "uv": [10, 36]},
						{"origin": [-1, 19.95, -28.475], "size": [2, 3.5, 1.5], "uv": [32, 7]},
						{
							"origin": [-1.5, 22.5, -8],
							"size": [1.1, 3, 20.75],
							"pivot": [0, 24, -11.875],
							"rotation": [0, 0, 45],
							"uv": {
								"north": {"uv": [52, 20], "uv_size": [1, 3]},
								"east": {"uv": [32, 20], "uv_size": [20, 3]},
								"south": {"uv": [73, 20], "uv_size": [1, 3]},
								"west": {"uv": [53, 20], "uv_size": [20, 3]},
								"up": {"uv": [52, 0], "uv_size": [1, 20]},
								"down": {"uv": [53, 20], "uv_size": [1, -20]}
							}
						},
						{"origin": [-1, 25.08921, -11.4], "size": [2, 2.5, 5], "inflate": -0.25, "uv": [32, 0]},
						{"origin": [-1, 25.08921, -6.9], "size": [2, 1.5, 2.05], "inflate": -0.25, "uv": [42, 23]},
						{"origin": [-1.25, 24.83921, 10.5], "size": [2.5, 2.75, 3], "inflate": -0.25, "uv": [8, 29]},
						{"origin": [-1.25, 24.63924, 12.78566], "size": [2.5, 2.75, 3], "inflate": -0.253, "pivot": [0, 26.01424, 14.28566], "rotation": [-10, 0, 0], "uv": [0, 14]},
						{"origin": [-1, 25.76421, -7.35], "size": [2, 2.225, 2], "inflate": -0.253, "pivot": [0, 26.98921, -5.85], "rotation": [35, 0, 0], "uv": [41, 14]},
						{"origin": [-1, 25.29885, -11.96655], "size": [2, 2, 2], "inflate": -0.253, "pivot": [0, 26.29885, -10.96655], "rotation": [-35, 0, 0], "uv": [40, 7]},
						{"origin": [-1, 25.04885, -15.39155], "size": [2, 2, 4.5], "inflate": -0.25, "uv": [54, 14]},
						{"origin": [-1.5, 26.04885, -19.41655], "size": [3, 1, 4.5], "inflate": -0.25, "uv": [59, 9]},
						{"origin": [-1, 27.33921, -10], "size": [2, 1, 22.75], "uv": [26, 33]},
						{
							"origin": [1, 23.975, -8],
							"size": [0.5, 1, 11],
							"pivot": [0, 24, -21.625],
							"rotation": [0, 0, 45],
							"uv": {
								"north": {"uv": [106, 69], "uv_size": [1, 1]},
								"east": {"uv": [95, 69], "uv_size": [11, 1]},
								"south": {"uv": [118, 69], "uv_size": [1, 1]},
								"west": {"uv": [107, 69], "uv_size": [11, 1]},
								"up": {"uv": [106, 58], "uv_size": [1, 11]},
								"down": {"uv": [107, 69], "uv_size": [1, -11]}
							}
						},
						{"origin": [-1, 24.5, 6.025], "size": [1, 1, 6.75], "inflate": -0.003, "pivot": [0, 24, -21.625], "rotation": [0, 0, 45], "uv": [32, 7]},
						{"origin": [-1, 18.95, -28.76], "size": [2, 2, 2.075], "inflate": -0.3, "pivot": [0, 19.95, -39.335], "rotation": [0, 0, 45], "uv": [8, 41]},
						{"origin": [-1, 19.95, -14.725], "size": [2, 3.5, 1], "uv": [0, 29]},
						{"origin": [-1, 18.95, -15.025], "size": [2, 2, 1.6], "inflate": -0.305, "pivot": [0, 19.95, -26.085], "rotation": [0, 0, 45], "uv": [15, 29]},
						{"origin": [-1.5, 17.875, 7.65], "size": [3, 5.5, 21.3], "inflate": -0.097, "uv": [0, 29]},
						{"origin": [-1.5, 18.925, -6.45], "size": [3, 4.45, 14.3], "inflate": -0.1, "uv": [38, 56]},
						{"origin": [-1, 11.925, 0.8], "size": [2, 9, 3.3], "pivot": [0.5, 16.3, 2.95], "rotation": [27.5, 0, 0], "uv": [0, 0]},
						{"origin": [-1.5, 19.925, -8.55], "size": [3, 3.45, 2.3], "inflate": -0.1, "uv": [0, 36]},
						{"origin": [-1.5, 19.35627, -8.48258], "size": [3, 1.1, 2.5], "inflate": -0.1003, "pivot": [0, 19.85627, -7.13258], "rotation": [-25, 0, 0], "uv": [27, 40]},
						{"origin": [-5.82398, 17.03843, -45.40562], "size": [3, 7, 0], "pivot": [-4.32398, 24.03843, -45.40562], "rotation": [-27.21644, 9.39129, 3.45118], "uv": [55, 0], "mirror": true},
						{"origin": [-6.72016, 15.85617, -48.56419], "size": [3, 2, 0], "pivot": [-5.22016, 17.85617, -48.56419], "rotation": [0.28356, 9.39129, 3.45118], "uv": [32, 11], "mirror": true},
						{"origin": [-1.5, 22.5, -34], "size": [3, 3, 26], "pivot": [0, 24, -32.625], "rotation": [0, 0, -45], "uv": [0, 0]},
						{"origin": [-1.75, 22.25, -33.75], "size": [3.5, 3.5, 2], "pivot": [0, 24, -32.375], "rotation": [0, 0, -45], "uv": [0, 19]},
						{"origin": [-1.75, 22.25, -31.25], "size": [3.5, 3.5, 2], "inflate": -0.1, "pivot": [0, 24, -29.875], "rotation": [0, 0, -45], "uv": [13, 14]},
						{"origin": [-1.75, 22.25, -15.25], "size": [3.5, 3.5, 4], "pivot": [0, 24, -13.875], "rotation": [0, 0, -45], "uv": [27, 29]},
						{
							"origin": [-0.5, 22.5, -8],
							"size": [1, 0.5, 20.75],
							"pivot": [0, 24, -11.875],
							"rotation": [0, 0, -45],
							"uv": {
								"north": {"uv": [84, 96], "uv_size": [1, 1]},
								"east": {"uv": [64, 96], "uv_size": [20, 1]},
								"south": {"uv": [105, 96], "uv_size": [1, 1]},
								"west": {"uv": [85, 96], "uv_size": [20, 1]},
								"up": {"uv": [84, 76], "uv_size": [1, 20]},
								"down": {"uv": [85, 96], "uv_size": [1, -20]}
							}
						},
						{"origin": [-1.5, 22.5, 12.75], "size": [3, 3, 16.1], "pivot": [0, 24, 14.375], "rotation": [0, 0, -45], "uv": [0, 55]},
						{"origin": [-1, 16.975, 24.815], "size": [2, 2, 4.05], "inflate": -0.015, "pivot": [0, 17.975, 14.24], "rotation": [0, 0, -45], "uv": [14, 0]},
						{"origin": [-0.5, 13.675, 25.315], "size": [1, 4, 1], "inflate": -0.015, "pivot": [0, 15.675, 25.815], "rotation": [0, 45, 0], "uv": [32, 0]},
						{"origin": [-0.5, 11.575, 25.315], "size": [1, 3, 1], "inflate": -0.1, "pivot": [0, 15.675, 25.815], "rotation": [0, 45, 0], "uv": [14, 6]},
						{"origin": [-0.75, 11.075, 25.065], "size": [1.5, 1, 1.5], "inflate": -0.1, "pivot": [0, 15.675, 25.815], "rotation": [0, 45, 0], "uv": [22, 0]},
						{
							"origin": [-1.5, 24, 17.8],
							"size": [0, 1.5, 4],
							"inflate": 0.003,
							"pivot": [0, 24, 52.375],
							"rotation": [0, 0, 135],
							"uv": {
								"north": {"uv": [0, 124], "uv_size": [0, 2]},
								"east": {"uv": [27, 126], "uv_size": [-25, -9]},
								"south": {"uv": [0, 124], "uv_size": [0, 2]},
								"west": {"uv": [0, 124], "uv_size": [0, 2]},
								"up": {"uv": [0, 118], "uv_size": [0, 6]},
								"down": {"uv": [0, 124], "uv_size": [0, -6]}
							}
						}
					]
				},
				{
					"name": "_cb_scope",
					"parent": "gun",
					"pivot": [0, 28.325, 6.2],
					"cubes": [
						{"origin": [-0.5, 27.825, 5.7], "size": [1, 1, 1], "uv": [55, 12]}
					]
				},
				{
					"name": "muzzleflash",
					"parent": "gun",
					"pivot": [0, 24, -70.25],
					"cubes": [
						{"origin": [-0.5, 23.5, -70.75], "size": [1, 1, 1], "inflate": -0.4, "uv": [22, 6]}
					]
				},
				{
					"name": "scope",
					"parent": "gun",
					"pivot": [0, 30.7, 14.95],
					"cubes": [
						{"origin": [-0.5, 30.2, 14.45], "size": [1, 1, 1], "inflate": -0.4, "uv": [22, 2]}
					]
				},
				{
					"name": "barrel2",
					"parent": "gun",
					"pivot": [0, 24, -20.375],
					"cubes": [
						{"origin": [-1, 23, 4], "size": [2, 2, 13.25], "pivot": [0, 24, -20.375], "rotation": [0, 0, -45], "uv": [78, 58]}
					]
				},
				{
					"name": "bullet2",
					"parent": "barrel2",
					"pivot": [0, 24, -3.2],
					"cubes": [
						{"origin": [-1, 23, -5.65], "size": [2, 2, 9.25], "inflate": -0.45, "pivot": [0, 24, -1.025], "rotation": [0, 0, 120], "uv": [109, 57]}
					]
				},
				{
					"name": "barrel",
					"parent": "gun",
					"pivot": [0, 24, 5],
					"cubes": [
						{"origin": [-1, 23, -70.25], "size": [2, 2, 74.25], "pivot": [0, 24, -32.625], "rotation": [0, 0, 45], "uv": [0, 0]},
						{"origin": [-2, 22, -70.225], "size": [4, 4, 18.25], "pivot": [0, 24, -32.6], "rotation": [0, 0, 45], "uv": [107, 34]},
						{"origin": [2.4, 21, -68.225], "size": [1, 1, 11.25], "pivot": [1.4, 24, -32.6], "rotation": [0, 0, 45], "uv": [115, 21]},
						{"origin": [-1.5, 22.5, -52.775], "size": [3, 3, 10], "pivot": [0, 24, -23.4], "rotation": [0, 0, 45], "uv": [99, 23]},
						{"origin": [0.32843, 21.34081, 2.875], "size": [5, 1.25, 1.25], "inflate": -0.15, "pivot": [2.82843, 22.09081, 3.5], "rotation": [0, 0, 45], "uv": [32, 23]}
					]
				},
				{
					"name": "muzzlebrake",
					"parent": "barrel",
					"pivot": [0, 24, -65.6]
				},
				{
					"name": "mag_button",
					"parent": "gun",
					"pivot": [0, 17.975, 8.75],
					"cubes": [
						{"origin": [-0.8, 15.675, 8.2], "size": [1.6, 3, 1], "inflate": -0.3, "pivot": [0, 16.675, 8.7], "rotation": [-10, 0, 0], "uv": [14, 0]}
					]
				},
				{
					"name": "_camera_",
					"pivot": [12, 32, 23]
				}
			]
		}
	]
}