{
	"format_version": "1.12.0",
	"minecraft:geometry": [
		{
			"description": {
				"identifier": "geometry.unknown",
				"texture_width": 256,
				"texture_height": 256,
				"visible_bounds_width": 8,
				"visible_bounds_height": 5,
				"visible_bounds_offset": [0, 1.5, 0]
			},
			"bones": [
				{
					"name": "main",
					"pivot": [0, 20, 0]
				},
				{
					"name": "armR_gun",
					"parent": "main",
					"pivot": [0, 20, 0]
				},
				{
					"name": "gun",
					"parent": "armR_gun",
					"pivot": [1, 11, -1],
					"cubes": [
						{"origin": [-1, 30.705, -21.32533], "size": [2, 0, 16], "uv": [108, 40]},
						{
							"origin": [-1.5, 28.7034, -21.32533],
							"size": [3, 2, 10],
							"inflate": 0.002,
							"uv": {
								"north": {"uv": [21, 254], "uv_size": [3, 2]},
								"east": {"uv": [0, 207], "uv_size": [29, 5]},
								"south": {"uv": [33, 254], "uv_size": [3, 2]},
								"west": {"uv": [0, 207], "uv_size": [29, 5]},
								"up": {"uv": [21, 245], "uv_size": [3, 9]},
								"down": {"uv": [24, 254], "uv_size": [3, -9]}
							}
						},
						{"origin": [1.4, 23.9034, 8.57467], "size": [1.1, 2.6, 4.2], "inflate": -0.1, "uv": [166, 99]},
						{"origin": [-2.5, 23.9034, 8.57467], "size": [1.1, 2.6, 4.2], "inflate": -0.1, "uv": [62, 166]},
						{"origin": [-1.5, 12.7034, 3.67467], "size": [3, 10, 5], "inflate": 0.002, "pivot": [0, 17.7034, 6.17467], "rotation": [27.5, 0, 0], "uv": [144, 40]},
						{"origin": [-1.5, 13.42272, 5.70094], "size": [3, 1, 5], "pivot": [0, 14.42272, 10.70094], "rotation": [17.5, 0, 0], "uv": [60, 23]},
						{"origin": [-1.5, 13.42272, 5.20094], "size": [3, 1, 1], "inflate": -0.002, "pivot": [0, 14.42272, 10.70094], "rotation": [17.5, 0, 0], "uv": [112, 79]},
						{"origin": [-1.5, 20.7034, -5.32533], "size": [3, 6, 11], "uv": [120, 101]},
						{"origin": [-1, 26.7034, -26.32533], "size": [2, 2, 28], "uv": [0, 0]},
						{"origin": [0.55, 25.4784, -25.12533], "size": [1.5, 1.475, 1.6], "inflate": -0.302, "pivot": [0.85, 26.7034, -24.32533], "rotation": [0, 0, -7.5], "uv": [176, 101]},
						{"origin": [0.55, 23.6034, -26.12533], "size": [1.5, 2.475, 2.6], "inflate": -0.3, "pivot": [0.85, 26.7034, -24.32533], "rotation": [0, 0, -7.5], "uv": [50, 173]},
						{"origin": [-2.05, 23.6034, -26.12533], "size": [1.5, 2.475, 2.6], "inflate": -0.3, "pivot": [-0.85, 26.7034, -24.32533], "rotation": [0, 0, 7.5], "uv": [120, 173]},
						{"origin": [-2.05, 25.4784, -25.12533], "size": [1.5, 1.475, 1.6], "inflate": -0.302, "pivot": [-0.85, 26.7034, -24.32533], "rotation": [0, 0, 7.5], "uv": [176, 103]},
						{"origin": [-2.15, 26.4034, -26.12533], "size": [4.3, 2.3, 2.6], "inflate": -0.3, "uv": [166, 105]},
						{"origin": [-1.5, 28.7034, -26.32533], "size": [3, 2, 21], "uv": [54, 58]},
						{"origin": [-1.5, 28.7034, -5.32533], "size": [3, 1, 2], "uv": [170, 96]},
						{"origin": [-1, 28.7034, -3.32533], "size": [2, 1, 4], "uv": [166, 56]},
						{"origin": [-1, 28.7034, 0.67467], "size": [2, 1, 1.425], "inflate": -0.002, "pivot": [0, 29.7034, 0.67467], "rotation": [-45, 0, 0], "uv": [68, 134]},
						{"origin": [-1.5, 29.7034, -5.32533], "size": [3, 1, 2.225], "inflate": -0.002, "pivot": [0, 30.7034, -5.32533], "rotation": [-26.5, 0, 0], "uv": [170, 150]},
						{"origin": [-2, 28.7034, -29.32533], "size": [4, 1, 6], "uv": [37, 96]},
						{"origin": [1, 28.7034, -23.32533], "size": [1, 1, 3], "pivot": [2, 29.2034, -23.32533], "rotation": [0, -14, 0], "uv": [112, 173]},
						{"origin": [-2, 28.7034, -23.32533], "size": [1, 1, 3], "pivot": [-2, 29.2034, -23.32533], "rotation": [0, 14, 0], "uv": [152, 173]},
						{"origin": [-2.1, 28.3034, -31.72533], "size": [4.2, 1, 2.8], "inflate": -0.4, "uv": [104, 168]},
						{"origin": [1.3, 28.9034, -31.72533], "size": [1.1, 1.2, 1], "inflate": -0.4, "uv": [72, 176]},
						{"origin": [1.3, 28.3034, -31.72533], "size": [1.1, 1.4, 2.8], "inflate": -0.4, "uv": [174, 132]},
						{"origin": [1.3, 29.3034, -31.72533], "size": [1.1, 1, 1], "inflate": -0.402, "pivot": [2, 29.7034, -31.32533], "rotation": [0, 0, -26.5], "uv": [76, 176]},
						{"origin": [1.21076, 29.28239, -31.72533], "size": [1.1, 1, 3.025], "inflate": -0.4, "pivot": [1.91076, 29.88239, -31.32533], "rotation": [24.25, 0, -26.5], "uv": [160, 173]},
						{"origin": [-2.31076, 29.28239, -31.72533], "size": [1.1, 1, 3.025], "inflate": -0.4, "pivot": [-1.91076, 29.88239, -31.32533], "rotation": [24.25, 0, 26.5], "uv": [168, 173]},
						{"origin": [-2.4, 29.3034, -31.72533], "size": [1.1, 1, 1], "inflate": -0.402, "pivot": [-2, 29.7034, -31.32533], "rotation": [0, 0, 26.5], "uv": [84, 176]},
						{"origin": [-2.4, 28.9034, -31.72533], "size": [1.1, 1.2, 1], "inflate": -0.4, "uv": [80, 176]},
						{"origin": [-2.4, 28.3034, -31.72533], "size": [1.1, 1.4, 2.8], "inflate": -0.4, "uv": [174, 135]},
						{"origin": [-1.5, 29.7034, -29.32533], "size": [3, 1, 3], "uv": [162, 141]},
						{"origin": [0.45, 29.1284, -30.32533], "size": [1, 1, 1], "pivot": [0.95, 29.6284, -29.82533], "rotation": [0, 0, -45], "uv": [176, 63]},
						{"origin": [-1.45, 29.0284, -30.47533], "size": [1, 1, 1.3], "inflate": -0.15, "pivot": [-0.95, 29.5284, -29.82533], "rotation": [0, 0, 45], "uv": [176, 65]},
						{"origin": [-1.45, 29.9284, -30.47533], "size": [1, 1, 1.3], "inflate": -0.15, "pivot": [-0.95, 29.5284, -29.82533], "rotation": [0, 0, 45], "uv": [176, 99]},
						{"origin": [0.68263, 28.89577, -29.52533], "size": [1.525, 1, 6.4], "inflate": -0.202, "pivot": [2.00763, 29.69577, -28.82533], "rotation": [0, 0, 63.5], "uv": [120, 178]},
						{"origin": [-2.20763, 28.89577, -29.52533], "size": [1.525, 1, 6.4], "inflate": -0.202, "pivot": [-2.00763, 29.69577, -28.82533], "rotation": [0, 0, -63.5], "uv": [120, 185]},
						{"origin": [-2, 27.7034, -28.32533], "size": [4, 1, 2], "uv": [150, 130]},
						{"origin": [-2, 27.7034, -29.75033], "size": [4, 1, 1.425], "inflate": -0.002, "pivot": [0, 27.7034, -28.32533], "rotation": [-45, 0, 0], "uv": [108, 56]},
						{"origin": [-2.7, 22.5034, -5.27533], "size": [1.4, 2.4, 1], "inflate": -0.2, "uv": [12, 176]},
						{"origin": [-2.7, 22.5034, -5.27533], "size": [1.7, 2.4, 1], "inflate": -0.202, "pivot": [-2.5, 23.7034, -4.47533], "rotation": [0, -35, 0], "uv": [16, 176]},
						{"origin": [-1.5, 20.7034, -31.32533], "size": [3, 6, 17], "uv": [60, 0]},
						{"origin": [-1.5, 20.7034, -14.32533], "size": [3, 2, 9], "uv": [142, 0]},
						{"origin": [-1.5, 24.7034, -14.32533], "size": [3, 2, 9], "uv": [142, 56]},
						{"origin": [0.5, 22.7034, -14.32533], "size": [1, 2, 9], "uv": [104, 147]},
						{"origin": [1, 24.7034, -18.32533], "size": [1, 1, 11.075], "uv": [138, 79]},
						{"origin": [1, 23.2034, -21.57533], "size": [1, 1, 3], "inflate": -0.1, "pivot": [1.5, 23.7034, -21.07533], "rotation": [0, 0, 45], "uv": [80, 172]},
						{"origin": [1, 21.9534, -21.57533], "size": [1, 1, 3], "inflate": -0.1, "pivot": [1.5, 22.4534, -21.07533], "rotation": [0, 0, 45], "uv": [172, 115]},
						{"origin": [-2, 23.2034, -21.57533], "size": [1, 1, 3], "inflate": -0.1, "pivot": [-1.5, 23.7034, -21.07533], "rotation": [0, 0, -45], "uv": [172, 123]},
						{"origin": [-2, 21.9534, -21.57533], "size": [1, 1, 3], "inflate": -0.1, "pivot": [-1.5, 22.4534, -21.07533], "rotation": [0, 0, -45], "uv": [172, 119]},
						{"origin": [-1, 21.99629, -56.32533], "size": [2, 2, 25], "pivot": [0, 22.99629, -43.82533], "rotation": [0, 0, 45], "uv": [0, 58]},
						{"origin": [-1, 21.99629, -44.32533], "size": [2, 2, 1], "inflate": 0.2, "pivot": [0, 22.99629, -43.82533], "rotation": [0, 0, 45], "uv": [46, 166]},
						{"origin": [-0.5, 25.49629, -45.32533], "size": [1, 1, 14], "pivot": [0, 25.99629, -43.82533], "rotation": [0, 0, 45], "uv": [120, 118]},
						{"origin": [-0.5, 25.49629, -44.32533], "size": [1, 1, 1], "inflate": 0.2, "pivot": [0, 25.99629, -43.82533], "rotation": [0, 0, 45], "uv": [112, 171]},
						{"origin": [-0.5, 23.99629, -44.32533], "size": [1, 2, 1], "inflate": 0.198, "uv": [8, 176]},
						{"origin": [-1.5, 17.82472, -19.44665], "size": [3, 3, 2], "inflate": -0.002, "pivot": [0, 20.82472, -19.44665], "rotation": [45, 0, 0], "uv": [168, 23]},
						{"origin": [-1.5, 18.7034, -17.32533], "size": [3, 2, 2], "uv": [168, 153]},
						{"origin": [-1.5, 16.7034, -6.32533], "size": [3, 4, 2], "uv": [166, 61]},
						{"origin": [0.8, 16.4034, -9.62533], "size": [1, 2.6, 3.6], "inflate": -0.298, "uv": [170, 91]},
						{"origin": [0.8, 18.4034, -15.62533], "size": [1, 2.6, 9.6], "inflate": -0.298, "uv": [142, 67]},
						{"origin": [0.8, 17.38505, -9.51425], "size": [1.25, 1.6, 4.65], "inflate": -0.3, "pivot": [1.3, 18.68505, -9.20175], "rotation": [-64, 0, 0], "uv": [168, 28]},
						{"origin": [0.8, 18.38505, -9.51425], "size": [1.25, 5.3, 1.65], "inflate": -0.3, "pivot": [1.3, 18.68505, -9.20175], "rotation": [-64, 0, 0], "uv": [20, 153]},
						{"origin": [-1.5, 14.6034, -6.32533], "size": [3, 2.1, 3], "uv": [160, 51]},
						{"origin": [0.8, 14.3034, -8.62533], "size": [1.25, 1.65, 5.6], "inflate": -0.302, "uv": [162, 73]},
						{"origin": [-2.05, 14.3034, -8.62533], "size": [1.25, 1.65, 5.6], "inflate": -0.302, "uv": [162, 79]},
						{"origin": [-2.05, 15.3534, -4.62533], "size": [4.1, 1.65, 1.875], "inflate": -0.298, "uv": [102, 79]},
						{"origin": [0.8, 15.3534, -8.62533], "size": [1, 1.65, 2.6], "inflate": -0.298, "uv": [56, 169]},
						{"origin": [-1, 14.1034, -5.30033], "size": [2, 1, 2], "uv": [170, 166]},
						{"origin": [-1, 14.1034, -7.30033], "size": [2, 1, 2], "inflate": -0.002, "pivot": [0, 15.1034, -5.30033], "rotation": [60, 0, 0], "uv": [174, 67]},
						{"origin": [-1, 14.1034, -3.30033], "size": [2, 1, 1], "inflate": -0.002, "pivot": [0, 14.1034, -3.30033], "rotation": [25, 0, 0], "uv": [134, 56]},
						{"origin": [0.8, 18.4034, -14.62533], "size": [1.25, 1.7, 5.6], "inflate": -0.302, "pivot": [0.3, 18.7034, -14.32533], "rotation": [-12.5, 0, 0], "uv": [162, 67]},
						{"origin": [-2.05, 18.4034, -14.62533], "size": [1.25, 1.7, 5.6], "inflate": -0.302, "pivot": [-0.3, 18.7034, -14.32533], "rotation": [-12.5, 0, 0], "uv": [162, 85]},
						{"origin": [-1.8, 18.4034, -15.62533], "size": [1, 2.6, 9.6], "inflate": -0.298, "uv": [136, 145]},
						{"origin": [-1.8, 16.4034, -9.62533], "size": [1, 2.6, 3.6], "inflate": -0.298, "uv": [170, 161]},
						{"origin": [-1.8, 15.3534, -8.62533], "size": [1, 1.65, 2.6], "inflate": -0.298, "uv": [174, 70]},
						{"origin": [-2.05, 17.38505, -9.51425], "size": [1.25, 1.6, 4.65], "inflate": -0.3, "pivot": [-1.3, 18.68505, -9.20175], "rotation": [-64, 0, 0], "uv": [94, 168]},
						{"origin": [-2.05, 18.38505, -9.51425], "size": [1.25, 4.6, 1.65], "inflate": -0.3, "pivot": [-1.3, 18.68505, -9.20175], "rotation": [-64, 0, 0], "uv": [94, 163]},
						{"origin": [-1, 16.9534, -2.82533], "size": [2, 1, 7], "pivot": [0, 17.2034, 1.67467], "rotation": [25, 0, 0], "uv": [148, 101]},
						{"origin": [-0.998, 17.95243, 3.17733], "size": [2, 2, 1], "inflate": -0.002, "pivot": [0.002, 17.20243, 1.67733], "rotation": [25, 0, 0], "uv": [142, 17]},
						{"origin": [-1, 17.9534, -2.82533], "size": [2, 6, 1], "pivot": [0, 17.2034, 1.67467], "rotation": [25, 0, 0], "uv": [104, 136]},
						{"origin": [-1.75, 16.9534, -3.95033], "size": [3.5, 1.8, 1.125], "inflate": 0.0002, "pivot": [0, 17.2034, 1.67467], "rotation": [25, 0, 0], "uv": [118, 56]},
						{"origin": [-1.75, 17.55241, -4.56077], "size": [3.5, 1.2, 1.125], "inflate": -0.004, "pivot": [0, 17.20241, -9.06077], "rotation": [-25, 0, 0], "uv": [120, 79]},
						{"origin": [-1.5, 18.7534, -3.95033], "size": [3, 4.2, 1.125], "inflate": 0.002, "pivot": [0, 17.2034, 1.67467], "rotation": [25, 0, 0], "uv": [170, 145]},
						{"origin": [1, 22.1784, -3.82533], "size": [1, 6.5, 1], "inflate": -0.002, "pivot": [0, 17.2034, 1.67467], "rotation": [25, 0, 0], "uv": [104, 23]},
						{"origin": [-2, 22.1784, -3.82533], "size": [1, 3.2, 1], "inflate": -0.002, "pivot": [0, 17.2034, 1.67467], "rotation": [25, 0, 0], "uv": [140, 175]},
						{"origin": [-2.298, 21.98303, -7.05959], "size": [1.6, 1.025, 1.5], "inflate": -0.3, "uv": [174, 49]},
						{"origin": [-2, 24.7034, -18.32533], "size": [1, 1, 11.075], "uv": [0, 141]},
						{"origin": [-1, 19.12289, -3.08223], "size": [2, 2, 2.1], "inflate": -0.002, "pivot": [0, 19.12289, -3.08223], "rotation": [50, 0, 0], "uv": [128, 164]},
						{"origin": [-1, 16.10115, -2.21412], "size": [2, 1, 2], "inflate": -0.002, "uv": [100, 20]},
						{"origin": [-1, 20.30115, -2.21412], "size": [2, 1, 5], "uv": [76, 23]},
						{"origin": [-0.498, 18.30115, 0.88588], "size": [1, 2, 1], "pivot": [0.002, 20.30115, 1.88588], "rotation": [-22.5, 0, 0], "uv": [176, 3]},
						{"origin": [-1.5, 23.7034, 5.67467], "size": [3, 3, 7], "uv": [138, 91]},
						{"origin": [-0.53054, 25.6034, 1.47467], "size": [2.225, 1.3, 11.4], "inflate": -0.202, "pivot": [1.49446, 26.7034, 9.17467], "rotation": [0, 0, 35], "uv": [78, 136]},
						{"origin": [-1.69446, 25.6034, 1.47467], "size": [2.225, 1.3, 11.4], "inflate": -0.203, "pivot": [-1.49446, 26.7034, 9.17467], "rotation": [0, 0, -35], "uv": [136, 133]},
						{"origin": [0.225, 25.6034, -31.52533], "size": [1.475, 1.3, 5.4], "inflate": -0.202, "pivot": [1.5, 26.7034, -23.82533], "rotation": [0, 0, 50], "uv": [162, 129]},
						{"origin": [-1.7, 25.6034, -31.52533], "size": [1.475, 1.3, 5.4], "inflate": -0.202, "pivot": [-1.5, 26.7034, -23.82533], "rotation": [0, 0, -50], "uv": [162, 135]},
						{"origin": [-1.0125, 26.42567, -31.52533], "size": [2.025, 1.3, 5.4], "inflate": -0.2, "uv": [148, 33]},
						{"origin": [-1.5, 23.7034, 5.67467], "size": [3, 2, 2], "inflate": -0.002, "pivot": [0, 23.7034, 7.67467], "rotation": [45, 0, 0], "uv": [126, 168]}
					]
				},
				{
					"name": "sight",
					"parent": "gun",
					"pivot": [0, 23.7034, -3.82533],
					"cubes": [
						{"origin": [0.58284, 30.51124, -2.22533], "size": [1, 2, 1.8], "inflate": -0.4, "uv": [28, 176]},
						{"origin": [-1.375, 30.3034, -2.22533], "size": [2.75, 1, 1.8], "inflate": -0.4, "uv": [74, 134]},
						{"origin": [-1.58284, 30.51124, -2.22533], "size": [1, 2, 1.8], "inflate": -0.4, "uv": [32, 176]},
						{"origin": [-1.375, 31.71909, -2.22533], "size": [2.75, 1, 1.8], "inflate": -0.4, "uv": [158, 99]},
						{"origin": [-1.5, 29.7034, -2.32533], "size": [3, 1, 3], "uv": [168, 19]},
						{"origin": [-1.85, 30.3034, -2.72533], "size": [1, 1.4, 3.8], "inflate": -0.4, "uv": [174, 41]},
						{"origin": [-1.85, 30.9034, -2.72533], "size": [1, 1.4, 2.8], "inflate": -0.4, "uv": [134, 175]},
						{"origin": [-1.85, 30.9034, -0.72533], "size": [1, 1.4, 1.975], "inflate": -0.402, "pivot": [-1.35, 31.9034, -0.32533], "rotation": [-31, 0, 0], "uv": [176, 113]},
						{"origin": [0.85, 30.9034, -2.72533], "size": [1, 1.4, 2.8], "inflate": -0.4, "uv": [176, 0]},
						{"origin": [0.85, 30.9034, -0.72533], "size": [1, 1.4, 1.975], "inflate": -0.402, "pivot": [1.35, 31.9034, -0.32533], "rotation": [-31, 0, 0], "uv": [126, 176]},
						{"origin": [0.85, 30.3034, -2.72533], "size": [1, 1.4, 3.8], "inflate": -0.4, "uv": [174, 45]},
						{"origin": [1.1, 29.4034, -5.72533], "size": [1, 1.6, 4.8], "inflate": -0.4, "uv": [116, 168]},
						{"origin": [-0.8, 30.1534, -0.97533], "size": [1.6, 1, 1.6], "inflate": -0.4, "pivot": [0, 30.8034, -0.17533], "rotation": [0, -45, 0], "uv": [130, 176]},
						{"origin": [-1.65, 30.2534, -2.22533], "size": [1.1, 1, 1.8], "inflate": -0.402, "pivot": [-0.9, 30.7034, -1.32533], "rotation": [0, 0, 45], "uv": [104, 176]},
						{"origin": [0.55, 30.2534, -2.22533], "size": [1.1, 1, 1.8], "inflate": -0.402, "pivot": [0.9, 30.7034, -1.32533], "rotation": [0, 0, -45], "uv": [108, 176]},
						{"origin": [0.55, 31.76909, -2.22533], "size": [1.1, 1, 1.8], "inflate": -0.402, "pivot": [0.9, 32.31909, -1.32533], "rotation": [0, 0, 45], "uv": [176, 111]},
						{"origin": [-1.65, 31.76909, -2.22533], "size": [1.1, 1, 1.8], "inflate": -0.402, "pivot": [-0.9, 32.31909, -1.32533], "rotation": [0, 0, -45], "uv": [176, 109]},
						{"origin": [-1.75, 29.7034, 0.17467], "size": [3.5, 1, 1], "pivot": [0, 30.2034, 0.67467], "rotation": [45, 0, 0], "uv": [126, 56]}
					]
				},
				{
					"name": "stock",
					"parent": "gun",
					"pivot": [0, 19.7034, 2.17467],
					"cubes": [
						{"origin": [1.2, 23.9034, 0.37467], "size": [1.3, 2.6, 26.6], "inflate": -0.3, "uv": [0, 30]},
						{"origin": [-2.5, 23.9034, 0.37467], "size": [1.3, 2.6, 26.6], "inflate": -0.3, "uv": [54, 30]},
						{"origin": [-2.25, 23.7034, 27.67467], "size": [4.5, 3, 3], "inflate": 0.002, "uv": [78, 159]},
						{"origin": [1.05, 23.7034, 25.67467], "size": [1.2, 3, 2], "uv": [98, 148]},
						{"origin": [-2.25, 23.7034, 25.67467], "size": [1.2, 3, 2], "uv": [98, 153]},
						{"origin": [-1, 18.7034, 28.67467], "size": [2, 10, 3], "uv": [136, 156]},
						{"origin": [-1, 25.7034, 31.67467], "size": [2, 3, 1.025], "inflate": -0.002, "pivot": [0, 28.7034, 31.67467], "rotation": [-20, 0, 0], "uv": [104, 143]},
						{"origin": [-1, 18.7034, 31.67467], "size": [2, 3, 1.025], "inflate": -0.002, "pivot": [0, 18.7034, 31.67467], "rotation": [20, 0, 0], "uv": [92, 159]},
						{"origin": [-0.2, 18.7034, 27.67467], "size": [1.2, 2.075, 3], "pivot": [1, 18.7034, 27.67467], "rotation": [0, 0, 14], "uv": [34, 171]},
						{"origin": [-0.2, 18.7034, 27.67467], "size": [1.2, 4.55, 1], "inflate": -0.002, "pivot": [1, 18.7034, 27.67467], "rotation": [26.25, 0, 14], "uv": [174, 83]},
						{"origin": [-0.2, 22.7784, 25.67467], "size": [1.2, 1.075, 5], "pivot": [1, 18.7034, 28.17467], "rotation": [0, 0, 14], "uv": [158, 163]},
						{"origin": [-0.2, 20.7784, 26.67467], "size": [1.2, 2, 4], "pivot": [1, 18.7034, 28.17467], "rotation": [0, 0, 14], "uv": [168, 7]},
						{"origin": [-1, 22.7784, 25.67467], "size": [1.2, 1.075, 5], "pivot": [-1, 18.7034, 28.17467], "rotation": [0, 0, -14], "uv": [164, 109]},
						{"origin": [-1, 20.7784, 26.67467], "size": [1.2, 2, 4], "pivot": [-1, 18.7034, 28.17467], "rotation": [0, 0, -14], "uv": [168, 13]},
						{"origin": [-1, 18.7034, 27.67467], "size": [1.2, 2.075, 3], "pivot": [-1, 18.7034, 27.67467], "rotation": [0, 0, -14], "uv": [104, 171]},
						{"origin": [-1, 18.7034, 27.67467], "size": [1.2, 4.55, 1], "inflate": -0.002, "pivot": [-1, 18.7034, 27.67467], "rotation": [26.25, 0, -14], "uv": [174, 127]},
						{"origin": [-1, 18.7034, 27.67467], "size": [2, 5, 1], "uv": [142, 11]},
						{"origin": [-1, 26.7034, 27.67467], "size": [2, 2, 1], "uv": [174, 88]},
						{"origin": [-1, 27.7034, 22.67467], "size": [2, 1, 5], "uv": [20, 160]},
						{"origin": [1, 27.6034, 25.67467], "size": [2.35, 1.1, 5], "pivot": [1, 28.7034, 27.67467], "rotation": [0, 0, 57.75], "uv": [34, 160]},
						{"origin": [-3.35, 27.6034, 25.67467], "size": [2.35, 1.1, 5], "pivot": [-1, 28.7034, 27.67467], "rotation": [0, 0, -57.75], "uv": [160, 39]},
						{"origin": [-2.175, 27.6034, 22.67467], "size": [1.175, 1.1, 3], "inflate": -0.0002, "pivot": [-1, 28.7034, 25.67467], "rotation": [0, 0, -57.75], "uv": [144, 172]},
						{"origin": [1, 27.6034, 22.67467], "size": [1.175, 1.1, 3], "inflate": -0.0002, "pivot": [1, 28.7034, 25.67467], "rotation": [0, 0, 57.75], "uv": [126, 172]},
						{"origin": [0.452, 26.60967, 22.67467], "size": [1.175, 1.1, 3.225], "inflate": -0.002, "pivot": [1.627, 27.70967, 22.67467], "rotation": [0, 21.5, 57.75], "uv": [0, 173]},
						{"origin": [-1.627, 26.60967, 22.67467], "size": [1.175, 1.1, 3.225], "inflate": -0.002, "pivot": [-1.627, 27.70967, 22.67467], "rotation": [0, -21.5, -57.75], "uv": [42, 173]}
					]
				},
				{
					"name": "alt_charging_handle",
					"parent": "gun",
					"pivot": [0.25, 21.7034, -3.82533],
					"cubes": [
						{"origin": [0.55, 26.7034, -7.62533], "size": [1, 2, 9.6], "inflate": -0.302, "uv": [148, 22]},
						{"origin": [0.05, 26.7034, 1.37467], "size": [2.5, 2, 1.6], "inflate": -0.3, "pivot": [0.85, 27.7034, 1.67467], "rotation": [0, 20, 0], "uv": [174, 138]},
						{"origin": [-2.55, 26.7034, 1.37467], "size": [2.5, 2, 1.6], "inflate": -0.3, "pivot": [-0.85, 27.7034, 1.67467], "rotation": [0, -20, 0], "uv": [174, 141]},
						{"origin": [-1.55, 26.7034, -7.62533], "size": [1, 2, 9.6], "inflate": -0.302, "uv": [78, 148]}
					]
				},
				{
					"name": "charging_handle",
					"parent": "gun",
					"pivot": [0, 27.7034, -17.32533],
					"cubes": [
						{"origin": [-1.8, 26.7034, -23.62533], "size": [3.6, 2, 12.6], "inflate": -0.3, "uv": [80, 122]}
					]
				},
				{
					"name": "bolt",
					"parent": "charging_handle",
					"pivot": [-0.975, 23.7034, -9.82533],
					"cubes": [
						{"origin": [-1.475, 22.7034, -14.32533], "size": [1, 2, 9], "uv": [148, 11]}
					]
				},
				{
					"name": "chargeLrotate",
					"parent": "charging_handle",
					"pivot": [1.5, 27.7034, -20.32533],
					"cubes": [
						{"origin": [1.2, 26.7034, -23.62533], "size": [1.6, 2, 1.3], "inflate": -0.302, "pivot": [1.5, 27.7034, -23.32533], "rotation": [0, 25, 0], "uv": [20, 176]},
						{"origin": [1.2, 26.7034, -23.62533], "size": [1.1, 2, 3.6], "inflate": -0.3, "uv": [56, 172]}
					]
				},
				{
					"name": "chargeRrotate",
					"parent": "charging_handle",
					"pivot": [-1.5, 27.7034, -20.32533],
					"cubes": [
						{"origin": [-2.8, 26.7034, -23.62533], "size": [1.6, 2, 1.3], "inflate": -0.302, "pivot": [-1.5, 27.7034, -23.32533], "rotation": [0, -25, 0], "uv": [24, 176]},
						{"origin": [-2.3, 26.7034, -23.62533], "size": [1.1, 2, 3.6], "inflate": -0.3, "uv": [64, 172]}
					]
				},
				{
					"name": "bullet3",
					"parent": "gun",
					"pivot": [-0.7, 24.72127, -9.61931],
					"cubes": [
						{"origin": [-1.2, 23.22127, -13.11931], "size": [1, 1, 7], "pivot": [-0.7, 23.72127, -9.61931], "rotation": [0, 0, 45], "uv": [148, 109]}
					]
				},
				{
					"name": "SHROUD",
					"parent": "gun",
					"pivot": [0.00021, 23.25658, -35.36559],
					"cubes": [
						{"origin": [-1, 19.7034, -39.32533], "size": [2, 1, 19], "uv": [54, 81]},
						{"origin": [-1, 20.2034, -42.32533], "size": [2, 1, 3], "uv": [168, 157]},
						{"origin": [1, 20.2034, -42.32533], "size": [1.925, 1, 3], "pivot": [1, 20.2034, -40.82533], "rotation": [0, 0, -23.5], "uv": [72, 172]},
						{"origin": [-2.925, 20.2034, -42.32533], "size": [1.925, 1, 3], "pivot": [-1, 20.2034, -40.82533], "rotation": [0, 0, 23.5], "uv": [48, 169], "mirror": true},
						{"origin": [1, 19.7034, -39.32533], "size": [2.8, 1, 19], "inflate": -0.002, "pivot": [1, 19.7034, -3.82533], "rotation": [0, 0, -26.25], "uv": [96, 81]},
						{"origin": [1.85068, 22.89529, -45.32533], "size": [1, 3, 19], "pivot": [2.85068, 25.89529, -33.32533], "rotation": [0, 0, -7.5], "uv": [0, 85]},
						{"origin": [1.85068, 20.89529, -45.32533], "size": [1, 2, 3], "pivot": [2.85068, 25.89529, -33.32533], "rotation": [0, 0, -7.5], "uv": [10, 171]},
						{"origin": [1.85068, 20.89529, -39.32533], "size": [1, 2, 19], "pivot": [2.85068, 25.89529, -33.32533], "rotation": [0, 0, -7.5], "uv": [80, 101]},
						{"origin": [1.80146, 20.97283, -42.32533], "size": [1, 2, 3], "pivot": [2.80146, 21.09783, -40.82533], "rotation": [0, 0, 13.5], "uv": [26, 171]},
						{"origin": [-2.80146, 20.97283, -42.32533], "size": [1, 2, 3], "pivot": [-2.80146, 21.09783, -40.82533], "rotation": [0, 0, -13.5], "uv": [172, 51]},
						{"origin": [-2.85068, 20.89529, -39.32533], "size": [1, 2, 19], "pivot": [-2.85068, 25.89529, -33.32533], "rotation": [0, 0, 7.5], "uv": [102, 58]},
						{"origin": [-2.85068, 20.89529, -45.32533], "size": [1, 2, 3], "pivot": [-2.85068, 25.89529, -33.32533], "rotation": [0, 0, 7.5], "uv": [18, 171]},
						{"origin": [1.85068, 20.89529, -46.32533], "size": [1, 1, 1], "pivot": [2.85068, 25.89529, -33.32533], "rotation": [0, 0, -7.5], "uv": [36, 176]},
						{"origin": [2.37706, 21.86425, -46.32533], "size": [1, 4.125, 1], "inflate": -0.002, "pivot": [2.87706, 21.86425, -46.32533], "rotation": [-14, 0, -7.5], "uv": [174, 73]},
						{"origin": [1.35068, 24.89529, -45.32533], "size": [1.5, 1, 19], "inflate": -0.002, "pivot": [2.85068, 25.89529, -33.32533], "rotation": [0, 0, 25], "uv": [0, 107]},
						{"origin": [1.35068, 24.89529, -23.32533], "size": [1.5, 1, 3], "inflate": -0.002, "pivot": [2.85068, 25.89529, -27.32533], "rotation": [0, 0, 25], "uv": [174, 33]},
						{"origin": [1.24492, 21.92192, -26.32333], "size": [2, 1, 3], "inflate": -0.002, "pivot": [3.24492, 22.92192, -30.32333], "rotation": [0, 0, 25], "uv": [156, 169]},
						{"origin": [-3.24492, 21.92192, -26.32333], "size": [2, 1, 3], "inflate": -0.002, "pivot": [-3.24492, 22.92192, -30.32333], "rotation": [0, 0, -25], "uv": [166, 169]},
						{"origin": [1.85068, 22.89529, -23.32533], "size": [1, 3, 3], "pivot": [2.85068, 25.89529, -27.32533], "rotation": [0, 0, -7.5], "uv": [128, 158]},
						{"origin": [-2.85068, 24.89529, -23.32533], "size": [1.5, 1, 3], "inflate": -0.002, "pivot": [-2.85068, 25.89529, -27.32533], "rotation": [0, 0, -25], "uv": [174, 37]},
						{"origin": [-2.85068, 22.89529, -23.32533], "size": [1, 3, 3], "pivot": [-2.85068, 25.89529, -27.32533], "rotation": [0, 0, 7.5], "uv": [136, 169]},
						{"origin": [-2.85068, 24.89529, -45.32533], "size": [1.5, 1, 19], "inflate": -0.002, "pivot": [-2.85068, 25.89529, -33.32533], "rotation": [0, 0, -25], "uv": [108, 20]},
						{"origin": [-2.85068, 22.89529, -45.32533], "size": [1, 3, 19], "pivot": [-2.85068, 25.89529, -33.32533], "rotation": [0, 0, 7.5], "uv": [40, 101]},
						{"origin": [0.70728, 27.62405, -43.42357], "size": [1, 1, 12], "inflate": -0.002, "pivot": [1.70728, 27.62405, -37.42357], "rotation": [1.72941, 1.80566, -46.22278], "uv": [26, 136]},
						{"origin": [0.60472, 25.65687, -43.67261], "size": [1.6, 2.2, 12.6], "inflate": -0.3, "pivot": [1.40472, 26.45687, -37.37261], "rotation": [2.4621, 0.434, -9.9907], "uv": [0, 127]},
						{"origin": [-1.70728, 27.62405, -43.42357], "size": [1, 1, 12], "inflate": -0.002, "pivot": [-1.70728, 27.62405, -37.42357], "rotation": [1.72941, -1.80566, 46.22278], "uv": [52, 136]},
						{"origin": [-2.20472, 25.65687, -43.67261], "size": [1.6, 2.2, 12.6], "inflate": -0.3, "pivot": [-1.40472, 26.45687, -37.37261], "rotation": [2.4621, -0.434, 9.9907], "uv": [110, 133]},
						{"origin": [-3.37706, 21.86425, -46.32533], "size": [1, 4.125, 1], "inflate": -0.002, "pivot": [-2.87706, 21.86425, -46.32533], "rotation": [-14, 0, 7.5], "uv": [174, 78]},
						{"origin": [-2.85068, 20.89529, -46.32533], "size": [1, 1, 1], "pivot": [-2.85068, 25.89529, -33.32533], "rotation": [0, 0, 7.5], "uv": [176, 61]},
						{"origin": [-3.8, 19.7034, -39.32533], "size": [2.8, 1, 19], "inflate": -0.002, "pivot": [-1, 19.7034, -3.82533], "rotation": [0, 0, 26.25], "uv": [100, 0]},
						{"origin": [-1, 19.7034, -46.32533], "size": [2, 1, 4], "uv": [34, 166]},
						{"origin": [1, 19.7034, -46.32533], "size": [2.8, 1, 4], "inflate": -0.002, "pivot": [1, 19.7034, -10.82533], "rotation": [0, 0, -26.25], "uv": [22, 166]},
						{"origin": [-3.8, 19.7034, -46.32533], "size": [2.8, 1, 4], "inflate": -0.002, "pivot": [-1, 19.7034, -10.82533], "rotation": [0, 0, 26.25], "uv": [10, 166]},
						{"origin": [-1, 27.30249, -43.41936], "size": [2, 1, 12], "pivot": [0.5, 27.52749, -37.41936], "rotation": [2.5, 0, 0], "uv": [40, 123]},
						{"origin": [-2.5, 21.0034, -23.32533], "size": [5, 4.4, 2], "inflate": -0.002, "uv": [90, 23]},
						{"origin": [-2.5, 21.0034, -28.32533], "size": [5, 4.4, 2], "inflate": -0.002, "uv": [160, 45]}
					]
				},
				{
					"name": "_cb_scope",
					"parent": "gun",
					"pivot": [0, 30.7, -10.825],
					"cubes": [
						{"origin": [-0.5, 30.2, -11.325], "size": [1, 1, 1], "uv": [168, 115]}
					]
				},
				{
					"name": "_cb_suppressor",
					"parent": "gun",
					"pivot": [0, 23, -55.8],
					"cubes": [
						{"origin": [-0.5, 22.5, -56.3], "size": [1, 1, 1], "uv": [42, 171]}
					]
				},
				{
					"name": "scope",
					"parent": "gun",
					"pivot": [0, 31.5112, 5.95],
					"cubes": [
						{"origin": [-0.5, 31.0112, 5.45], "size": [1, 1, 1], "inflate": -0.4, "uv": [164, 115]}
					]
				},
				{
					"name": "reticle",
					"parent": "gun",
					"pivot": [0, 31.5112, -1.825],
					"cubes": [
						{"origin": [-0.5, 31.0112, -2.325], "size": [1, 1, 1], "uv": [144, 176]}
					]
				},
				{
					"name": "muzzleflash",
					"parent": "gun",
					"pivot": [0, 23, -56.45],
					"cubes": [
						{"origin": [-0.5, 22.5, -56.95], "size": [1, 1, 1], "inflate": -0.4, "uv": [134, 79]}
					]
				},
				{
					"name": "armR_mag",
					"parent": "armR_gun",
					"pivot": [0, 19.66267, -12.33013]
				},
				{
					"name": "rightarm",
					"parent": "armR_mag",
					"pivot": [-8.3, 12.8, 24.8],
					"rotation": [-101.81106, -12.40003, -2.46982],
					"cubes": [
						{
							"origin": [-12.3, -11.2, 20.8],
							"size": [8, 24, 8],
							"uv": {
								"north": {"uv": [176, 169], "uv_size": [8, 24]},
								"east": {"uv": [0, 177], "uv_size": [8, 24]},
								"south": {"uv": [40, 177], "uv_size": [8, 24]},
								"west": {"uv": [48, 177], "uv_size": [8, 24]},
								"up": {"uv": [112, 177], "uv_size": [8, 8]},
								"down": {"uv": [148, 185], "uv_size": [8, -8]}
							}
						}
					]
				},
				{
					"name": "magazine2",
					"parent": "armR_mag",
					"pivot": [0, 19.66267, -12.33013],
					"cubes": [
						{"origin": [-1.60189, 16.16012, -14.48729], "size": [1, 2, 4.025], "inflate": -0.002, "pivot": [0, 16.16012, -5.62143], "rotation": [-17.62332, -6.67451, 2.11452], "uv": [84, 165]},
						{"origin": [0.60189, 16.16012, -14.48729], "size": [1, 2, 4.025], "inflate": -0.002, "pivot": [0, 16.16012, -5.62143], "rotation": [-17.62332, 6.67451, -2.11452], "uv": [74, 165]},
						{"origin": [-0.5, 16.16012, -14.62143], "size": [1, 2, 5], "pivot": [0, 16.16012, -5.62143], "rotation": [-17.5, 0, 0], "uv": [158, 91]},
						{"origin": [-1, 16.16012, -10.62143], "size": [2, 3, 5], "pivot": [0, 16.16012, -5.62143], "rotation": [-17.5, 0, 0], "uv": [26, 127]},
						{"origin": [-1, 19.02127, -9.71931], "size": [2, 2, 5], "inflate": 0.002, "uv": [156, 145]},
						{"origin": [0.3, 20.72127, -10.01931], "size": [1, 1.6, 5.6], "inflate": -0.302, "pivot": [1, 21.02127, -7.21931], "rotation": [0, 0, -10], "uv": [160, 123]},
						{"origin": [-1.125, 20.72127, -5.41931], "size": [2.25, 1.6, 1], "inflate": -0.3, "uv": [128, 79]},
						{"origin": [-1.3, 20.72127, -10.01931], "size": [1, 1.6, 5.6], "inflate": -0.302, "pivot": [-1, 21.02127, -7.21931], "rotation": [0, 0, 10], "uv": [162, 33]},
						{"origin": [0.60189, 19.02127, -13.58517], "size": [1, 2, 4.025], "inflate": -0.002, "pivot": [0, 19.02127, -4.71931], "rotation": [0, 7, 0], "uv": [166, 0]},
						{"origin": [-0.5, 19.02127, -13.71931], "size": [1, 2, 4], "uv": [0, 166]},
						{"origin": [-1.60189, 19.02127, -13.58517], "size": [1, 2, 4.025], "inflate": -0.002, "pivot": [0, 19.02127, -4.71931], "rotation": [0, -7, 0], "uv": [146, 165]},
						{"origin": [-1, 13.1499, -16.85122], "size": [1, 6, 4.025], "inflate": -0.002, "pivot": [-1, 13.1499, -12.82622], "rotation": [-27.676, -6.2058, 3.2449], "uv": [98, 158]},
						{"origin": [0, 13.1499, -16.85122], "size": [1, 6, 4.025], "inflate": -0.002, "pivot": [1, 13.1499, -12.82622], "rotation": [-27.676, 6.2058, -3.2449], "uv": [110, 122]},
						{"origin": [-0.5, 11.65656, -15.72344], "size": [1, 6, 5], "pivot": [0, 14.65656, -9.22344], "rotation": [-27.5, 0, 0], "uv": [68, 123]},
						{"origin": [-1, 11.65656, -11.72344], "size": [2, 6, 5], "inflate": -0.002, "pivot": [0, 14.65656, -9.22344], "rotation": [-27.5, 0, 0], "uv": [40, 85]},
						{"origin": [-1, 9.12583, -20.03487], "size": [1, 6, 4.025], "inflate": -0.002, "pivot": [-1, 9.12583, -16.00987], "rotation": [-37.7072, -5.5483, 4.2747], "uv": [118, 158]},
						{"origin": [0, 9.12583, -20.03487], "size": [1, 6, 4.025], "inflate": -0.002, "pivot": [1, 9.12583, -16.00987], "rotation": [-37.7072, 5.5483, -4.2747], "uv": [108, 158]},
						{"origin": [-0.5, 6.98399, -18.7002], "size": [1, 6, 5], "pivot": [0, 9.98399, -12.2002], "rotation": [-37.5, 0, 0], "uv": [124, 147]},
						{"origin": [-1, 6.98399, -14.7002], "size": [2, 6, 5], "pivot": [0, 9.98399, -12.2002], "rotation": [-37.5, 0, 0], "uv": [24, 149]},
						{"origin": [-1, 5.71574, -23.86893], "size": [1, 6, 4.025], "inflate": -0.002, "pivot": [-1, 5.71574, -19.84393], "rotation": [-47.7134, -4.7227, 5.1727], "uv": [52, 159]},
						{"origin": [0, 5.71574, -23.86893], "size": [1, 6, 4.025], "inflate": -0.002, "pivot": [1, 5.71574, -19.84393], "rotation": [-47.7134, 4.7227, -5.1727], "uv": [158, 153]},
						{"origin": [-0.5, 2.89931, -22.44312], "size": [1, 6, 5], "pivot": [0, 5.89931, -15.94312], "rotation": [-47.5, 0, 0], "uv": [66, 149]},
						{"origin": [-1, 2.89931, -18.44312], "size": [2, 6, 5], "inflate": -0.002, "pivot": [0, 5.89931, -15.94312], "rotation": [-47.5, 0, 0], "uv": [38, 149]},
						{"origin": [-1, 0.02322, -28.23689], "size": [1, 9, 4.025], "inflate": -0.002, "pivot": [-1, 3.02322, -24.21189], "rotation": [-57.6939, -3.7544, 5.9122], "uv": [10, 153]},
						{"origin": [0, 0.02322, -28.23689], "size": [1, 9, 4.025], "inflate": -0.002, "pivot": [1, 3.02322, -24.21189], "rotation": [-57.6939, 3.7544, -5.9122], "uv": [0, 153]},
						{"origin": [-0.0107, 0.00658, -24.22629], "size": [1, 4, 1.325], "inflate": -0.004, "pivot": [0.9893, 3.00658, -24.20129], "rotation": [-60.31095, -13.87136, 22.80673], "uv": [48, 160]},
						{"origin": [-0.5, -3.47336, -26.83847], "size": [1, 9, 4], "pivot": [0, 2.52664, -20.33847], "rotation": [-57.5, 0, 0], "uv": [150, 117]},
						{"origin": [-0.5, -3.47336, -22.83847], "size": [1, 4, 5], "pivot": [0, 2.52664, -20.33847], "rotation": [-57.5, 0, 0], "uv": [146, 156]},
						{"origin": [-1, 0.52664, -22.83847], "size": [2, 5, 5], "pivot": [0, 2.52664, -20.33847], "rotation": [-57.5, 0, 0], "uv": [52, 149]},
						{"origin": [0, 0.32704, -24.52525], "size": [1, 1.125, 5], "inflate": -0.002, "pivot": [1, 1.45204, -22.02525], "rotation": [-54.55436, 22.10588, 14.99671], "uv": [62, 160]},
						{"origin": [-0.9893, 0.00658, -24.22629], "size": [1, 4, 1.325], "inflate": -0.004, "pivot": [-0.9893, 3.00658, -24.20129], "rotation": [-60.31095, 13.87136, -22.80673], "uv": [74, 160]},
						{"origin": [-1, 0.32704, -24.52525], "size": [1, 1.125, 5], "inflate": -0.002, "pivot": [-1, 1.45204, -22.02525], "rotation": [-54.55436, -22.10588, -14.99671], "uv": [160, 117]}
					]
				},
				{
					"name": "bullet2",
					"parent": "magazine2",
					"pivot": [0, 22.32127, -8.61931],
					"cubes": [
						{"origin": [-0.5, 20.82127, -12.11931], "size": [1, 1, 7], "pivot": [0, 21.32127, -8.61931], "rotation": [0, 0, 45], "uv": [148, 109]}
					]
				},
				{
					"name": "DECAL2",
					"parent": "magazine2",
					"pivot": [0, 2.52664, -20.33847],
					"cubes": [
						{
							"origin": [1.002, 13.1499, -16.85122],
							"size": [0, 6, 4.025],
							"pivot": [1, 13.1499, -12.82622],
							"rotation": [-27.676, 6.2058, -3.2449],
							"uv": {
								"north": {"uv": [252, 250], "uv_size": [0, 6]},
								"east": {"uv": [229, 214], "uv_size": [8, 12]},
								"south": {"uv": [256, 250], "uv_size": [0, 6]},
								"west": {"uv": [198, 0], "uv_size": [8, 12]},
								"up": {"uv": [252, 246], "uv_size": [0, 4]},
								"down": {"uv": [252, 250], "uv_size": [0, -4]}
							}
						},
						{
							"origin": [1.002, 11.65656, -11.72344],
							"size": [0, 6, 5],
							"pivot": [0, 14.65656, -9.22344],
							"rotation": [-27.5, 0, 0],
							"uv": {
								"north": {"uv": [37, 250], "uv_size": [0, 6]},
								"east": {"uv": [227, 214], "uv_size": [10, 12]},
								"south": {"uv": [42, 250], "uv_size": [0, 6]},
								"west": {"uv": [206, 0], "uv_size": [10, 12]},
								"up": {"uv": [37, 245], "uv_size": [0, 5]},
								"down": {"uv": [37, 250], "uv_size": [0, -5]}
							}
						},
						{
							"origin": [1.002, 6.98399, -14.7002],
							"size": [0, 6, 5],
							"pivot": [0, 9.98399, -12.2002],
							"rotation": [-37.5, 0, 0],
							"uv": {
								"north": {"uv": [120, 242], "uv_size": [0, 6]},
								"east": {"uv": [115, 242], "uv_size": [5, 6]},
								"south": {"uv": [125, 242], "uv_size": [0, 6]},
								"west": {"uv": [208, 54], "uv_size": [13, 13]},
								"up": {"uv": [120, 237], "uv_size": [0, 5]},
								"down": {"uv": [120, 242], "uv_size": [0, -5]}
							}
						},
						{
							"origin": [1.002, 9.12583, -20.03487],
							"size": [0, 6, 4.025],
							"pivot": [1, 9.12583, -16.00987],
							"rotation": [-37.7072, 5.5483, -4.2747],
							"uv": {
								"north": {"uv": [202, 250], "uv_size": [0, 6]},
								"east": {"uv": [245, 226], "uv_size": [-8, 12]},
								"south": {"uv": [206, 250], "uv_size": [0, 6]},
								"west": {"uv": [198, 54], "uv_size": [10, 13]},
								"up": {"uv": [202, 246], "uv_size": [0, 4]},
								"down": {"uv": [202, 250], "uv_size": [0, -4]}
							}
						},
						{
							"origin": [1.002, 6.71574, -23.86893],
							"size": [0, 5, 4.025],
							"pivot": [1, 5.71574, -19.84393],
							"rotation": [-47.7134, 4.7227, -5.1727],
							"uv": {
								"north": {"uv": [252, 245], "uv_size": [0, 6]},
								"east": {"uv": [245, 214], "uv_size": [-8, 12]},
								"south": {"uv": [256, 245], "uv_size": [0, 6]},
								"west": {"uv": [198, 67], "uv_size": [10, 12]},
								"up": {"uv": [252, 241], "uv_size": [0, 4]},
								"down": {"uv": [252, 245], "uv_size": [0, -4]}
							}
						},
						{
							"origin": [1.002, 3.89931, -18.44312],
							"size": [0, 5, 5],
							"pivot": [0, 5.89931, -15.94312],
							"rotation": [-47.5, 0, 0],
							"uv": {
								"north": {"uv": [134, 242], "uv_size": [0, 6]},
								"east": {"uv": [255, 214], "uv_size": [-10, 12]},
								"south": {"uv": [139, 242], "uv_size": [0, 6]},
								"west": {"uv": [208, 67], "uv_size": [13, 12]},
								"up": {"uv": [134, 237], "uv_size": [0, 5]},
								"down": {"uv": [134, 242], "uv_size": [0, -5]}
							}
						},
						{
							"origin": [1.002, 2.89931, -18.44312],
							"size": [0, 1, 5],
							"pivot": [0, 5.89931, -15.94312],
							"rotation": [-47.5, 0, 0],
							"uv": {
								"north": {"uv": [134, 242], "uv_size": [0, 6]},
								"east": {"uv": [255, 214], "uv_size": [-10, 12]},
								"south": {"uv": [139, 242], "uv_size": [0, 6]},
								"west": {"uv": [206, 34], "uv_size": [10, 2]},
								"up": {"uv": [134, 237], "uv_size": [0, 5]},
								"down": {"uv": [134, 242], "uv_size": [0, -5]}
							}
						},
						{
							"origin": [1.002, 5.71574, -23.86893],
							"size": [0, 1, 4.025],
							"pivot": [1, 5.71574, -19.84393],
							"rotation": [-47.7134, 4.7227, -5.1727],
							"uv": {
								"north": {"uv": [252, 245], "uv_size": [0, 6]},
								"east": {"uv": [245, 214], "uv_size": [-8, 12]},
								"south": {"uv": [256, 245], "uv_size": [0, 6]},
								"west": {"uv": [198, 34], "uv_size": [8, 2]},
								"up": {"uv": [252, 241], "uv_size": [0, 4]},
								"down": {"uv": [252, 245], "uv_size": [0, -4]}
							}
						},
						{
							"origin": [1.002, 0.52664, -22.83847],
							"size": [0, 5, 5],
							"pivot": [0, 2.52664, -20.33847],
							"rotation": [-57.5, 0, 0],
							"uv": {
								"north": {"uv": [148, 242], "uv_size": [0, 5]},
								"east": {"uv": [143, 242], "uv_size": [5, 5]},
								"south": {"uv": [153, 242], "uv_size": [0, 5]},
								"west": {"uv": [206, 36], "uv_size": [10, 10]},
								"up": {"uv": [148, 237], "uv_size": [0, 5]},
								"down": {"uv": [148, 242], "uv_size": [0, -5]}
							}
						},
						{
							"origin": [1, 0.32704, -24.52525],
							"size": [0, 1.125, 5],
							"pivot": [1, 1.45204, -22.02525],
							"rotation": [-54.55436, 22.10588, 14.99671],
							"uv": {
								"north": {"uv": [78, 237], "uv_size": [0, 1]},
								"east": {"uv": [256, 207], "uv_size": [-10, 2]},
								"south": {"uv": [83, 237], "uv_size": [0, 1]},
								"west": {"uv": [206, 46], "uv_size": [10, 2]},
								"up": {"uv": [78, 232], "uv_size": [0, 5]},
								"down": {"uv": [78, 237], "uv_size": [0, -5]}
							}
						},
						{
							"origin": [0.992, 0.00658, -24.22629],
							"size": [0, 4, 1.325],
							"pivot": [0.9893, 3.00658, -24.20129],
							"rotation": [-60.31095, -13.87136, 22.80673],
							"uv": {
								"north": {"uv": [60, 233], "uv_size": [0, 4]},
								"east": {"uv": [246, 199], "uv_size": [2, 8]},
								"south": {"uv": [61, 233], "uv_size": [0, 4]},
								"west": {"uv": [208, 46], "uv_size": [-2, 8]},
								"up": {"uv": [60, 232], "uv_size": [0, 1]},
								"down": {"uv": [60, 233], "uv_size": [0, -1]}
							}
						},
						{
							"origin": [0.502, -3.47336, -21.83847],
							"size": [0, 3, 4],
							"pivot": [0, 2.52664, -20.33847],
							"rotation": [-57.5, 0, 0],
							"uv": {
								"north": {"uv": [162, 233], "uv_size": [0, 4]},
								"east": {"uv": [157, 233], "uv_size": [5, 4]},
								"south": {"uv": [167, 233], "uv_size": [0, 4]},
								"west": {"uv": [208, 48], "uv_size": [8, 6]},
								"up": {"uv": [162, 228], "uv_size": [0, 5]},
								"down": {"uv": [162, 233], "uv_size": [0, -5]}
							}
						},
						{
							"origin": [1.002, 0.02322, -28.23689],
							"size": [0, 9, 4.025],
							"pivot": [1, 3.02322, -24.21189],
							"rotation": [-57.6939, 3.7544, -5.9122],
							"uv": {
								"north": {"uv": [94, 245], "uv_size": [0, 9]},
								"east": {"uv": [237, 238], "uv_size": [8, 18]},
								"south": {"uv": [98, 245], "uv_size": [0, 9]},
								"west": {"uv": [198, 36], "uv_size": [8, 18]},
								"up": {"uv": [94, 241], "uv_size": [0, 4]},
								"down": {"uv": [94, 245], "uv_size": [0, -4]}
							}
						},
						{
							"origin": [-1.002, 13.1499, -16.85122],
							"size": [0, 6, 4.025],
							"pivot": [-1, 13.1499, -12.82622],
							"rotation": [-27.676, -6.2058, 3.2449],
							"uv": {
								"north": {"uv": [252, 250], "uv_size": [0, 6]},
								"east": {"uv": [206, 0], "uv_size": [-8, 12]},
								"south": {"uv": [256, 250], "uv_size": [0, 6]},
								"west": {"uv": [237, 214], "uv_size": [-8, 12]},
								"up": {"uv": [252, 246], "uv_size": [0, 4]},
								"down": {"uv": [252, 250], "uv_size": [0, -4]}
							}
						},
						{
							"origin": [-1.002, 11.65656, -11.72344],
							"size": [0, 6, 5],
							"pivot": [0, 14.65656, -9.22344],
							"rotation": [-27.5, 0, 0],
							"uv": {
								"north": {"uv": [37, 250], "uv_size": [0, 6]},
								"east": {"uv": [216, 0], "uv_size": [-10, 12]},
								"south": {"uv": [42, 250], "uv_size": [0, 6]},
								"west": {"uv": [237, 214], "uv_size": [-10, 12]},
								"up": {"uv": [37, 245], "uv_size": [0, 5]},
								"down": {"uv": [37, 250], "uv_size": [0, -5]}
							}
						},
						{
							"origin": [-1.002, 6.98399, -14.7002],
							"size": [0, 6, 5],
							"pivot": [0, 9.98399, -12.2002],
							"rotation": [-37.5, 0, 0],
							"uv": {
								"north": {"uv": [120, 242], "uv_size": [0, 6]},
								"east": {"uv": [223, 54], "uv_size": [13, 13]},
								"south": {"uv": [125, 242], "uv_size": [0, 6]},
								"west": {"uv": [120, 242], "uv_size": [-5, 6]},
								"up": {"uv": [120, 237], "uv_size": [0, 5]},
								"down": {"uv": [120, 242], "uv_size": [0, -5]}
							}
						},
						{
							"origin": [-1.002, 9.12583, -20.03487],
							"size": [0, 6, 4.025],
							"pivot": [-1, 9.12583, -16.00987],
							"rotation": [-37.7072, -5.5483, 4.2747],
							"uv": {
								"north": {"uv": [202, 250], "uv_size": [0, 6]},
								"east": {"uv": [236, 54], "uv_size": [10, 13]},
								"south": {"uv": [206, 250], "uv_size": [0, 6]},
								"west": {"uv": [237, 226], "uv_size": [8, 12]},
								"up": {"uv": [202, 246], "uv_size": [0, 4]},
								"down": {"uv": [202, 250], "uv_size": [0, -4]}
							}
						},
						{
							"origin": [-1.002, 6.71574, -23.86893],
							"size": [0, 5, 4.025],
							"pivot": [-1, 5.71574, -19.84393],
							"rotation": [-47.7134, -4.7227, 5.1727],
							"uv": {
								"north": {"uv": [252, 245], "uv_size": [0, 6]},
								"east": {"uv": [236, 67], "uv_size": [10, 12]},
								"south": {"uv": [256, 245], "uv_size": [0, 6]},
								"west": {"uv": [237, 214], "uv_size": [8, 12]},
								"up": {"uv": [252, 241], "uv_size": [0, 4]},
								"down": {"uv": [252, 245], "uv_size": [0, -4]}
							}
						},
						{
							"origin": [-1.002, 3.89931, -18.44312],
							"size": [0, 5, 5],
							"pivot": [0, 5.89931, -15.94312],
							"rotation": [-47.5, 0, 0],
							"uv": {
								"north": {"uv": [134, 242], "uv_size": [0, 6]},
								"east": {"uv": [223, 67], "uv_size": [13, 12]},
								"south": {"uv": [139, 242], "uv_size": [0, 6]},
								"west": {"uv": [245, 214], "uv_size": [10, 12]},
								"up": {"uv": [134, 237], "uv_size": [0, 5]},
								"down": {"uv": [134, 242], "uv_size": [0, -5]}
							}
						},
						{
							"origin": [-1.002, 2.89931, -18.44312],
							"size": [0, 1, 5],
							"pivot": [0, 5.89931, -15.94312],
							"rotation": [-47.5, 0, 0],
							"uv": {
								"north": {"uv": [134, 242], "uv_size": [0, 6]},
								"east": {"uv": [216, 34], "uv_size": [-10, 2]},
								"south": {"uv": [139, 242], "uv_size": [0, 6]},
								"west": {"uv": [245, 214], "uv_size": [10, 12]},
								"up": {"uv": [134, 237], "uv_size": [0, 5]},
								"down": {"uv": [134, 242], "uv_size": [0, -5]}
							}
						},
						{
							"origin": [-1.002, 5.71574, -23.86893],
							"size": [0, 1, 4.025],
							"pivot": [-1, 5.71574, -19.84393],
							"rotation": [-47.7134, -4.7227, 5.1727],
							"uv": {
								"north": {"uv": [252, 245], "uv_size": [0, 6]},
								"east": {"uv": [206, 34], "uv_size": [-8, 2]},
								"south": {"uv": [256, 245], "uv_size": [0, 6]},
								"west": {"uv": [237, 214], "uv_size": [8, 12]},
								"up": {"uv": [252, 241], "uv_size": [0, 4]},
								"down": {"uv": [252, 245], "uv_size": [0, -4]}
							}
						},
						{
							"origin": [-1.002, 0.52664, -22.83847],
							"size": [0, 5, 5],
							"pivot": [0, 2.52664, -20.33847],
							"rotation": [-57.5, 0, 0],
							"uv": {
								"north": {"uv": [148, 242], "uv_size": [0, 5]},
								"east": {"uv": [216, 36], "uv_size": [-10, 10]},
								"south": {"uv": [153, 242], "uv_size": [0, 5]},
								"west": {"uv": [148, 242], "uv_size": [-5, 5]},
								"up": {"uv": [148, 237], "uv_size": [0, 5]},
								"down": {"uv": [148, 242], "uv_size": [0, -5]}
							}
						},
						{
							"origin": [-1, 0.32704, -24.52525],
							"size": [0, 1.125, 5],
							"pivot": [-1, 1.45204, -22.02525],
							"rotation": [-54.55436, -22.10588, -14.99671],
							"uv": {
								"north": {"uv": [78, 237], "uv_size": [0, 1]},
								"east": {"uv": [216, 46], "uv_size": [-10, 2]},
								"south": {"uv": [83, 237], "uv_size": [0, 1]},
								"west": {"uv": [246, 207], "uv_size": [10, 2]},
								"up": {"uv": [78, 232], "uv_size": [0, 5]},
								"down": {"uv": [78, 237], "uv_size": [0, -5]}
							}
						},
						{
							"origin": [-0.502, -3.47336, -21.83847],
							"size": [0, 3, 4],
							"pivot": [0, 2.52664, -20.33847],
							"rotation": [-57.5, 0, 0],
							"uv": {
								"north": {"uv": [162, 233], "uv_size": [0, 4]},
								"east": {"uv": [216, 48], "uv_size": [-8, 6]},
								"south": {"uv": [167, 233], "uv_size": [0, 4]},
								"west": {"uv": [162, 233], "uv_size": [-5, 4]},
								"up": {"uv": [162, 228], "uv_size": [0, 5]},
								"down": {"uv": [162, 233], "uv_size": [0, -5]}
							}
						},
						{
							"origin": [-0.992, 0.00658, -24.22629],
							"size": [0, 4, 1.325],
							"pivot": [-0.9893, 3.00658, -24.20129],
							"rotation": [-60.31095, 13.87136, -22.80673],
							"uv": {
								"north": {"uv": [60, 233], "uv_size": [0, 4]},
								"east": {"uv": [206, 46], "uv_size": [2, 8]},
								"south": {"uv": [61, 233], "uv_size": [0, 4]},
								"west": {"uv": [248, 199], "uv_size": [-2, 8]},
								"up": {"uv": [60, 232], "uv_size": [0, 1]},
								"down": {"uv": [60, 233], "uv_size": [0, -1]}
							}
						},
						{
							"origin": [-1.002, 0.02322, -28.23689],
							"size": [0, 9, 4.025],
							"pivot": [-1, 3.02322, -24.21189],
							"rotation": [-57.6939, -3.7544, 5.9122],
							"uv": {
								"north": {"uv": [94, 245], "uv_size": [0, 9]},
								"east": {"uv": [206, 36], "uv_size": [-8, 18]},
								"south": {"uv": [98, 245], "uv_size": [0, 9]},
								"west": {"uv": [245, 238], "uv_size": [-8, 18]},
								"up": {"uv": [94, 241], "uv_size": [0, 4]},
								"down": {"uv": [94, 245], "uv_size": [0, -4]}
							}
						}
					]
				},
				{
					"name": "bone",
					"parent": "armR_gun",
					"pivot": [0, 20, 0]
				},
				{
					"name": "armL_mag",
					"parent": "main",
					"pivot": [0, 20.25, -6.75]
				},
				{
					"name": "magazine",
					"parent": "armL_mag",
					"pivot": [0, 19.66267, -12.33013],
					"cubes": [
						{"origin": [-1.60189, 16.16012, -14.48729], "size": [1, 2, 4.025], "inflate": -0.002, "pivot": [0, 16.16012, -5.62143], "rotation": [-17.62332, -6.67451, 2.11452], "uv": [84, 165]},
						{"origin": [0.60189, 16.16012, -14.48729], "size": [1, 2, 4.025], "inflate": -0.002, "pivot": [0, 16.16012, -5.62143], "rotation": [-17.62332, 6.67451, -2.11452], "uv": [74, 165]},
						{"origin": [-0.5, 16.16012, -14.62143], "size": [1, 2, 5], "pivot": [0, 16.16012, -5.62143], "rotation": [-17.5, 0, 0], "uv": [158, 91]},
						{"origin": [-1, 16.16012, -10.62143], "size": [2, 3, 5], "pivot": [0, 16.16012, -5.62143], "rotation": [-17.5, 0, 0], "uv": [26, 127]},
						{"origin": [-1, 19.02127, -9.71931], "size": [2, 2, 5], "inflate": 0.002, "uv": [156, 145]},
						{"origin": [0.3, 20.72127, -10.01931], "size": [1, 1.6, 5.6], "inflate": -0.302, "pivot": [1, 21.02127, -7.21931], "rotation": [0, 0, -10], "uv": [160, 123]},
						{"origin": [-1.125, 20.72127, -5.41931], "size": [2.25, 1.6, 1], "inflate": -0.3, "uv": [128, 79]},
						{"origin": [-1.3, 20.72127, -10.01931], "size": [1, 1.6, 5.6], "inflate": -0.302, "pivot": [-1, 21.02127, -7.21931], "rotation": [0, 0, 10], "uv": [162, 33]},
						{"origin": [0.60189, 19.02127, -13.58517], "size": [1, 2, 4.025], "inflate": -0.002, "pivot": [0, 19.02127, -4.71931], "rotation": [0, 7, 0], "uv": [166, 0]},
						{"origin": [-0.5, 19.02127, -13.71931], "size": [1, 2, 4], "uv": [0, 166]},
						{"origin": [-1.60189, 19.02127, -13.58517], "size": [1, 2, 4.025], "inflate": -0.002, "pivot": [0, 19.02127, -4.71931], "rotation": [0, -7, 0], "uv": [146, 165]},
						{"origin": [-1, 13.1499, -16.85122], "size": [1, 6, 4.025], "inflate": -0.002, "pivot": [-1, 13.1499, -12.82622], "rotation": [-27.676, -6.2058, 3.2449], "uv": [98, 158]},
						{"origin": [0, 13.1499, -16.85122], "size": [1, 6, 4.025], "inflate": -0.002, "pivot": [1, 13.1499, -12.82622], "rotation": [-27.676, 6.2058, -3.2449], "uv": [110, 122]},
						{"origin": [-0.5, 11.65656, -15.72344], "size": [1, 6, 5], "pivot": [0, 14.65656, -9.22344], "rotation": [-27.5, 0, 0], "uv": [68, 123]},
						{"origin": [-1, 11.65656, -11.72344], "size": [2, 6, 5], "inflate": -0.002, "pivot": [0, 14.65656, -9.22344], "rotation": [-27.5, 0, 0], "uv": [40, 85]},
						{"origin": [-1, 9.12583, -20.03487], "size": [1, 6, 4.025], "inflate": -0.002, "pivot": [-1, 9.12583, -16.00987], "rotation": [-37.7072, -5.5483, 4.2747], "uv": [118, 158]},
						{"origin": [0, 9.12583, -20.03487], "size": [1, 6, 4.025], "inflate": -0.002, "pivot": [1, 9.12583, -16.00987], "rotation": [-37.7072, 5.5483, -4.2747], "uv": [108, 158]},
						{"origin": [-0.5, 6.98399, -18.7002], "size": [1, 6, 5], "pivot": [0, 9.98399, -12.2002], "rotation": [-37.5, 0, 0], "uv": [124, 147]},
						{"origin": [-1, 6.98399, -14.7002], "size": [2, 6, 5], "pivot": [0, 9.98399, -12.2002], "rotation": [-37.5, 0, 0], "uv": [24, 149]},
						{"origin": [-1, 5.71574, -23.86893], "size": [1, 6, 4.025], "inflate": -0.002, "pivot": [-1, 5.71574, -19.84393], "rotation": [-47.7134, -4.7227, 5.1727], "uv": [52, 159]},
						{"origin": [0, 5.71574, -23.86893], "size": [1, 6, 4.025], "inflate": -0.002, "pivot": [1, 5.71574, -19.84393], "rotation": [-47.7134, 4.7227, -5.1727], "uv": [158, 153]},
						{"origin": [-0.5, 2.89931, -22.44312], "size": [1, 6, 5], "pivot": [0, 5.89931, -15.94312], "rotation": [-47.5, 0, 0], "uv": [66, 149]},
						{"origin": [-1, 2.89931, -18.44312], "size": [2, 6, 5], "inflate": -0.002, "pivot": [0, 5.89931, -15.94312], "rotation": [-47.5, 0, 0], "uv": [38, 149]},
						{"origin": [-1, 0.02322, -28.23689], "size": [1, 9, 4.025], "inflate": -0.002, "pivot": [-1, 3.02322, -24.21189], "rotation": [-57.6939, -3.7544, 5.9122], "uv": [10, 153]},
						{"origin": [0, 0.02322, -28.23689], "size": [1, 9, 4.025], "inflate": -0.002, "pivot": [1, 3.02322, -24.21189], "rotation": [-57.6939, 3.7544, -5.9122], "uv": [0, 153]},
						{"origin": [-0.0107, 0.00658, -24.22629], "size": [1, 4, 1.325], "inflate": -0.004, "pivot": [0.9893, 3.00658, -24.20129], "rotation": [-60.31095, -13.87136, 22.80673], "uv": [48, 160]},
						{"origin": [-0.5, -3.47336, -26.83847], "size": [1, 9, 4], "pivot": [0, 2.52664, -20.33847], "rotation": [-57.5, 0, 0], "uv": [150, 117]},
						{"origin": [-0.5, -3.47336, -22.83847], "size": [1, 4, 5], "pivot": [0, 2.52664, -20.33847], "rotation": [-57.5, 0, 0], "uv": [146, 156]},
						{"origin": [-1, 0.52664, -22.83847], "size": [2, 5, 5], "pivot": [0, 2.52664, -20.33847], "rotation": [-57.5, 0, 0], "uv": [52, 149]},
						{"origin": [0, 0.32704, -24.52525], "size": [1, 1.125, 5], "inflate": -0.002, "pivot": [1, 1.45204, -22.02525], "rotation": [-54.55436, 22.10588, 14.99671], "uv": [62, 160]},
						{"origin": [-0.9893, 0.00658, -24.22629], "size": [1, 4, 1.325], "inflate": -0.004, "pivot": [-0.9893, 3.00658, -24.20129], "rotation": [-60.31095, 13.87136, -22.80673], "uv": [74, 160]},
						{"origin": [-1, 0.32704, -24.52525], "size": [1, 1.125, 5], "inflate": -0.002, "pivot": [-1, 1.45204, -22.02525], "rotation": [-54.55436, -22.10588, -14.99671], "uv": [160, 117]}
					]
				},
				{
					"name": "DECAL",
					"parent": "magazine",
					"pivot": [0, 2.52664, -20.33847],
					"cubes": [
						{
							"origin": [1.002, 13.1499, -16.85122],
							"size": [0, 6, 4.025],
							"pivot": [1, 13.1499, -12.82622],
							"rotation": [-27.676, 6.2058, -3.2449],
							"uv": {
								"north": {"uv": [252, 250], "uv_size": [0, 6]},
								"east": {"uv": [229, 214], "uv_size": [8, 12]},
								"south": {"uv": [256, 250], "uv_size": [0, 6]},
								"west": {"uv": [198, 0], "uv_size": [8, 12]},
								"up": {"uv": [252, 246], "uv_size": [0, 4]},
								"down": {"uv": [252, 250], "uv_size": [0, -4]}
							}
						},
						{
							"origin": [1.002, 11.65656, -11.72344],
							"size": [0, 6, 5],
							"pivot": [0, 14.65656, -9.22344],
							"rotation": [-27.5, 0, 0],
							"uv": {
								"north": {"uv": [37, 250], "uv_size": [0, 6]},
								"east": {"uv": [227, 214], "uv_size": [10, 12]},
								"south": {"uv": [42, 250], "uv_size": [0, 6]},
								"west": {"uv": [206, 0], "uv_size": [10, 12]},
								"up": {"uv": [37, 245], "uv_size": [0, 5]},
								"down": {"uv": [37, 250], "uv_size": [0, -5]}
							}
						},
						{
							"origin": [1.002, 6.98399, -14.7002],
							"size": [0, 6, 5],
							"pivot": [0, 9.98399, -12.2002],
							"rotation": [-37.5, 0, 0],
							"uv": {
								"north": {"uv": [120, 242], "uv_size": [0, 6]},
								"east": {"uv": [115, 242], "uv_size": [5, 6]},
								"south": {"uv": [125, 242], "uv_size": [0, 6]},
								"west": {"uv": [208, 54], "uv_size": [13, 13]},
								"up": {"uv": [120, 237], "uv_size": [0, 5]},
								"down": {"uv": [120, 242], "uv_size": [0, -5]}
							}
						},
						{
							"origin": [1.002, 9.12583, -20.03487],
							"size": [0, 6, 4.025],
							"pivot": [1, 9.12583, -16.00987],
							"rotation": [-37.7072, 5.5483, -4.2747],
							"uv": {
								"north": {"uv": [202, 250], "uv_size": [0, 6]},
								"east": {"uv": [245, 226], "uv_size": [-8, 12]},
								"south": {"uv": [206, 250], "uv_size": [0, 6]},
								"west": {"uv": [198, 54], "uv_size": [10, 13]},
								"up": {"uv": [202, 246], "uv_size": [0, 4]},
								"down": {"uv": [202, 250], "uv_size": [0, -4]}
							}
						},
						{
							"origin": [1.002, 6.71574, -23.86893],
							"size": [0, 5, 4.025],
							"pivot": [1, 5.71574, -19.84393],
							"rotation": [-47.7134, 4.7227, -5.1727],
							"uv": {
								"north": {"uv": [252, 245], "uv_size": [0, 6]},
								"east": {"uv": [245, 214], "uv_size": [-8, 12]},
								"south": {"uv": [256, 245], "uv_size": [0, 6]},
								"west": {"uv": [198, 67], "uv_size": [10, 12]},
								"up": {"uv": [252, 241], "uv_size": [0, 4]},
								"down": {"uv": [252, 245], "uv_size": [0, -4]}
							}
						},
						{
							"origin": [1.002, 3.89931, -18.44312],
							"size": [0, 5, 5],
							"pivot": [0, 5.89931, -15.94312],
							"rotation": [-47.5, 0, 0],
							"uv": {
								"north": {"uv": [134, 242], "uv_size": [0, 6]},
								"east": {"uv": [255, 214], "uv_size": [-10, 12]},
								"south": {"uv": [139, 242], "uv_size": [0, 6]},
								"west": {"uv": [208, 67], "uv_size": [13, 12]},
								"up": {"uv": [134, 237], "uv_size": [0, 5]},
								"down": {"uv": [134, 242], "uv_size": [0, -5]}
							}
						},
						{
							"origin": [1.002, 2.89931, -18.44312],
							"size": [0, 1, 5],
							"pivot": [0, 5.89931, -15.94312],
							"rotation": [-47.5, 0, 0],
							"uv": {
								"north": {"uv": [134, 242], "uv_size": [0, 6]},
								"east": {"uv": [255, 214], "uv_size": [-10, 12]},
								"south": {"uv": [139, 242], "uv_size": [0, 6]},
								"west": {"uv": [206, 34], "uv_size": [10, 2]},
								"up": {"uv": [134, 237], "uv_size": [0, 5]},
								"down": {"uv": [134, 242], "uv_size": [0, -5]}
							}
						},
						{
							"origin": [1.002, 5.71574, -23.86893],
							"size": [0, 1, 4.025],
							"pivot": [1, 5.71574, -19.84393],
							"rotation": [-47.7134, 4.7227, -5.1727],
							"uv": {
								"north": {"uv": [252, 245], "uv_size": [0, 6]},
								"east": {"uv": [245, 214], "uv_size": [-8, 12]},
								"south": {"uv": [256, 245], "uv_size": [0, 6]},
								"west": {"uv": [198, 34], "uv_size": [8, 2]},
								"up": {"uv": [252, 241], "uv_size": [0, 4]},
								"down": {"uv": [252, 245], "uv_size": [0, -4]}
							}
						},
						{
							"origin": [1.002, 0.52664, -22.83847],
							"size": [0, 5, 5],
							"pivot": [0, 2.52664, -20.33847],
							"rotation": [-57.5, 0, 0],
							"uv": {
								"north": {"uv": [148, 242], "uv_size": [0, 5]},
								"east": {"uv": [143, 242], "uv_size": [5, 5]},
								"south": {"uv": [153, 242], "uv_size": [0, 5]},
								"west": {"uv": [206, 36], "uv_size": [10, 10]},
								"up": {"uv": [148, 237], "uv_size": [0, 5]},
								"down": {"uv": [148, 242], "uv_size": [0, -5]}
							}
						},
						{
							"origin": [1, 0.32704, -24.52525],
							"size": [0, 1.125, 5],
							"pivot": [1, 1.45204, -22.02525],
							"rotation": [-54.55436, 22.10588, 14.99671],
							"uv": {
								"north": {"uv": [78, 237], "uv_size": [0, 1]},
								"east": {"uv": [256, 207], "uv_size": [-10, 2]},
								"south": {"uv": [83, 237], "uv_size": [0, 1]},
								"west": {"uv": [206, 46], "uv_size": [10, 2]},
								"up": {"uv": [78, 232], "uv_size": [0, 5]},
								"down": {"uv": [78, 237], "uv_size": [0, -5]}
							}
						},
						{
							"origin": [0.992, 0.00658, -24.22629],
							"size": [0, 4, 1.325],
							"pivot": [0.9893, 3.00658, -24.20129],
							"rotation": [-60.31095, -13.87136, 22.80673],
							"uv": {
								"north": {"uv": [60, 233], "uv_size": [0, 4]},
								"east": {"uv": [246, 199], "uv_size": [2, 8]},
								"south": {"uv": [61, 233], "uv_size": [0, 4]},
								"west": {"uv": [208, 46], "uv_size": [-2, 8]},
								"up": {"uv": [60, 232], "uv_size": [0, 1]},
								"down": {"uv": [60, 233], "uv_size": [0, -1]}
							}
						},
						{
							"origin": [0.502, -3.47336, -21.83847],
							"size": [0, 3, 4],
							"pivot": [0, 2.52664, -20.33847],
							"rotation": [-57.5, 0, 0],
							"uv": {
								"north": {"uv": [162, 233], "uv_size": [0, 4]},
								"east": {"uv": [157, 233], "uv_size": [5, 4]},
								"south": {"uv": [167, 233], "uv_size": [0, 4]},
								"west": {"uv": [208, 48], "uv_size": [8, 6]},
								"up": {"uv": [162, 228], "uv_size": [0, 5]},
								"down": {"uv": [162, 233], "uv_size": [0, -5]}
							}
						},
						{
							"origin": [1.002, 0.02322, -28.23689],
							"size": [0, 9, 4.025],
							"pivot": [1, 3.02322, -24.21189],
							"rotation": [-57.6939, 3.7544, -5.9122],
							"uv": {
								"north": {"uv": [94, 245], "uv_size": [0, 9]},
								"east": {"uv": [237, 238], "uv_size": [8, 18]},
								"south": {"uv": [98, 245], "uv_size": [0, 9]},
								"west": {"uv": [198, 36], "uv_size": [8, 18]},
								"up": {"uv": [94, 241], "uv_size": [0, 4]},
								"down": {"uv": [94, 245], "uv_size": [0, -4]}
							}
						},
						{
							"origin": [-1.002, 13.1499, -16.85122],
							"size": [0, 6, 4.025],
							"pivot": [-1, 13.1499, -12.82622],
							"rotation": [-27.676, -6.2058, 3.2449],
							"uv": {
								"north": {"uv": [252, 250], "uv_size": [0, 6]},
								"east": {"uv": [206, 0], "uv_size": [-8, 12]},
								"south": {"uv": [256, 250], "uv_size": [0, 6]},
								"west": {"uv": [237, 214], "uv_size": [-8, 12]},
								"up": {"uv": [252, 246], "uv_size": [0, 4]},
								"down": {"uv": [252, 250], "uv_size": [0, -4]}
							}
						},
						{
							"origin": [-1.002, 11.65656, -11.72344],
							"size": [0, 6, 5],
							"pivot": [0, 14.65656, -9.22344],
							"rotation": [-27.5, 0, 0],
							"uv": {
								"north": {"uv": [37, 250], "uv_size": [0, 6]},
								"east": {"uv": [216, 0], "uv_size": [-10, 12]},
								"south": {"uv": [42, 250], "uv_size": [0, 6]},
								"west": {"uv": [237, 214], "uv_size": [-10, 12]},
								"up": {"uv": [37, 245], "uv_size": [0, 5]},
								"down": {"uv": [37, 250], "uv_size": [0, -5]}
							}
						},
						{
							"origin": [-1.002, 6.98399, -14.7002],
							"size": [0, 6, 5],
							"pivot": [0, 9.98399, -12.2002],
							"rotation": [-37.5, 0, 0],
							"uv": {
								"north": {"uv": [120, 242], "uv_size": [0, 6]},
								"east": {"uv": [223, 54], "uv_size": [13, 13]},
								"south": {"uv": [125, 242], "uv_size": [0, 6]},
								"west": {"uv": [120, 242], "uv_size": [-5, 6]},
								"up": {"uv": [120, 237], "uv_size": [0, 5]},
								"down": {"uv": [120, 242], "uv_size": [0, -5]}
							}
						},
						{
							"origin": [-1.002, 9.12583, -20.03487],
							"size": [0, 6, 4.025],
							"pivot": [-1, 9.12583, -16.00987],
							"rotation": [-37.7072, -5.5483, 4.2747],
							"uv": {
								"north": {"uv": [202, 250], "uv_size": [0, 6]},
								"east": {"uv": [236, 54], "uv_size": [10, 13]},
								"south": {"uv": [206, 250], "uv_size": [0, 6]},
								"west": {"uv": [237, 226], "uv_size": [8, 12]},
								"up": {"uv": [202, 246], "uv_size": [0, 4]},
								"down": {"uv": [202, 250], "uv_size": [0, -4]}
							}
						},
						{
							"origin": [-1.002, 6.71574, -23.86893],
							"size": [0, 5, 4.025],
							"pivot": [-1, 5.71574, -19.84393],
							"rotation": [-47.7134, -4.7227, 5.1727],
							"uv": {
								"north": {"uv": [252, 245], "uv_size": [0, 6]},
								"east": {"uv": [236, 67], "uv_size": [10, 12]},
								"south": {"uv": [256, 245], "uv_size": [0, 6]},
								"west": {"uv": [237, 214], "uv_size": [8, 12]},
								"up": {"uv": [252, 241], "uv_size": [0, 4]},
								"down": {"uv": [252, 245], "uv_size": [0, -4]}
							}
						},
						{
							"origin": [-1.002, 3.89931, -18.44312],
							"size": [0, 5, 5],
							"pivot": [0, 5.89931, -15.94312],
							"rotation": [-47.5, 0, 0],
							"uv": {
								"north": {"uv": [134, 242], "uv_size": [0, 6]},
								"east": {"uv": [223, 67], "uv_size": [13, 12]},
								"south": {"uv": [139, 242], "uv_size": [0, 6]},
								"west": {"uv": [245, 214], "uv_size": [10, 12]},
								"up": {"uv": [134, 237], "uv_size": [0, 5]},
								"down": {"uv": [134, 242], "uv_size": [0, -5]}
							}
						},
						{
							"origin": [-1.002, 2.89931, -18.44312],
							"size": [0, 1, 5],
							"pivot": [0, 5.89931, -15.94312],
							"rotation": [-47.5, 0, 0],
							"uv": {
								"north": {"uv": [134, 242], "uv_size": [0, 6]},
								"east": {"uv": [216, 34], "uv_size": [-10, 2]},
								"south": {"uv": [139, 242], "uv_size": [0, 6]},
								"west": {"uv": [245, 214], "uv_size": [10, 12]},
								"up": {"uv": [134, 237], "uv_size": [0, 5]},
								"down": {"uv": [134, 242], "uv_size": [0, -5]}
							}
						},
						{
							"origin": [-1.002, 5.71574, -23.86893],
							"size": [0, 1, 4.025],
							"pivot": [-1, 5.71574, -19.84393],
							"rotation": [-47.7134, -4.7227, 5.1727],
							"uv": {
								"north": {"uv": [252, 245], "uv_size": [0, 6]},
								"east": {"uv": [206, 34], "uv_size": [-8, 2]},
								"south": {"uv": [256, 245], "uv_size": [0, 6]},
								"west": {"uv": [237, 214], "uv_size": [8, 12]},
								"up": {"uv": [252, 241], "uv_size": [0, 4]},
								"down": {"uv": [252, 245], "uv_size": [0, -4]}
							}
						},
						{
							"origin": [-1.002, 0.52664, -22.83847],
							"size": [0, 5, 5],
							"pivot": [0, 2.52664, -20.33847],
							"rotation": [-57.5, 0, 0],
							"uv": {
								"north": {"uv": [148, 242], "uv_size": [0, 5]},
								"east": {"uv": [216, 36], "uv_size": [-10, 10]},
								"south": {"uv": [153, 242], "uv_size": [0, 5]},
								"west": {"uv": [148, 242], "uv_size": [-5, 5]},
								"up": {"uv": [148, 237], "uv_size": [0, 5]},
								"down": {"uv": [148, 242], "uv_size": [0, -5]}
							}
						},
						{
							"origin": [-1, 0.32704, -24.52525],
							"size": [0, 1.125, 5],
							"pivot": [-1, 1.45204, -22.02525],
							"rotation": [-54.55436, -22.10588, -14.99671],
							"uv": {
								"north": {"uv": [78, 237], "uv_size": [0, 1]},
								"east": {"uv": [216, 46], "uv_size": [-10, 2]},
								"south": {"uv": [83, 237], "uv_size": [0, 1]},
								"west": {"uv": [246, 207], "uv_size": [10, 2]},
								"up": {"uv": [78, 232], "uv_size": [0, 5]},
								"down": {"uv": [78, 237], "uv_size": [0, -5]}
							}
						},
						{
							"origin": [-0.502, -3.47336, -21.83847],
							"size": [0, 3, 4],
							"pivot": [0, 2.52664, -20.33847],
							"rotation": [-57.5, 0, 0],
							"uv": {
								"north": {"uv": [162, 233], "uv_size": [0, 4]},
								"east": {"uv": [216, 48], "uv_size": [-8, 6]},
								"south": {"uv": [167, 233], "uv_size": [0, 4]},
								"west": {"uv": [162, 233], "uv_size": [-5, 4]},
								"up": {"uv": [162, 228], "uv_size": [0, 5]},
								"down": {"uv": [162, 233], "uv_size": [0, -5]}
							}
						},
						{
							"origin": [-0.992, 0.00658, -24.22629],
							"size": [0, 4, 1.325],
							"pivot": [-0.9893, 3.00658, -24.20129],
							"rotation": [-60.31095, 13.87136, -22.80673],
							"uv": {
								"north": {"uv": [60, 233], "uv_size": [0, 4]},
								"east": {"uv": [206, 46], "uv_size": [2, 8]},
								"south": {"uv": [61, 233], "uv_size": [0, 4]},
								"west": {"uv": [248, 199], "uv_size": [-2, 8]},
								"up": {"uv": [60, 232], "uv_size": [0, 1]},
								"down": {"uv": [60, 233], "uv_size": [0, -1]}
							}
						},
						{
							"origin": [-1.002, 0.02322, -28.23689],
							"size": [0, 9, 4.025],
							"pivot": [-1, 3.02322, -24.21189],
							"rotation": [-57.6939, -3.7544, 5.9122],
							"uv": {
								"north": {"uv": [94, 245], "uv_size": [0, 9]},
								"east": {"uv": [206, 36], "uv_size": [-8, 18]},
								"south": {"uv": [98, 245], "uv_size": [0, 9]},
								"west": {"uv": [245, 238], "uv_size": [-8, 18]},
								"up": {"uv": [94, 241], "uv_size": [0, 4]},
								"down": {"uv": [94, 245], "uv_size": [0, -4]}
							}
						}
					]
				},
				{
					"name": "bullet",
					"parent": "magazine",
					"pivot": [0, 22.32127, -8.61931],
					"cubes": [
						{"origin": [-0.5, 20.82127, -12.11931], "size": [1, 1, 7], "pivot": [0, 21.32127, -8.61931], "rotation": [0, 0, 45], "uv": [148, 109]}
					]
				},
				{
					"name": "leftarm",
					"parent": "armL_mag",
					"pivot": [9.7, 6.3, -10.6],
					"rotation": [-94.27762, 37.16079, 50.12096],
					"cubes": [
						{
							"origin": [5.7, -17.7, -14.6],
							"size": [8, 24, 8],
							"uv": {
								"north": {"uv": [56, 177], "uv_size": [8, 24]},
								"east": {"uv": [64, 177], "uv_size": [8, 24]},
								"south": {"uv": [88, 177], "uv_size": [8, 24]},
								"west": {"uv": [96, 177], "uv_size": [8, 24]},
								"up": {"uv": [156, 177], "uv_size": [8, 8]},
								"down": {"uv": [164, 185], "uv_size": [8, -8]}
							}
						}
					]
				},
				{
					"name": "_camera_",
					"pivot": [10, 35, 21]
				}
			]
		}
	]
}