{
	"format_version": "1.12.0",
	"minecraft:geometry": [
		{
			"description": {
				"identifier": "geometry.unknown",
				"texture_width": 32,
				"texture_height": 32,
				"visible_bounds_width": 8,
				"visible_bounds_height": 4,
				"visible_bounds_offset": [0, 1, 0]
			},
			"bones": [
				{
					"name": "main",
					"pivot": [0, 0, 0]
				},
				{
					"name": "longscope",
					"parent": "main",
					"pivot": [0, -0.5, 0],
					"cubes": [
						{"origin": [-0.5, 0.76453, 2.04916], "size": [1, 1, 1], "inflate": -0.198, "pivot": [0, 1.26453, 2.54916], "rotation": [-69.24643, 43.07952, 14.51082], "uv": [6, 14]},
						{"origin": [0.7, -0.25622, 0.09019], "size": [1, 1, 2.2], "inflate": -0.298, "pivot": [1.2, 0.04378, 1.99019], "rotation": [-30, 0, 0], "uv": [6, 6]},
						{"origin": [0.7, 0.54378, 0.30455], "size": [1, 1, 1], "inflate": -0.3, "uv": [14, 2]},
						{"origin": [-0.275, 0.54378, 0.70455], "size": [1, 1, 1], "inflate": -0.3, "uv": [10, 14]},
						{"origin": [-0.675, 0.54378, 0.70455], "size": [1, 1, 1], "inflate": -0.302, "pivot": [0.025, 0.84378, 1.20455], "rotation": [0, 0, 25], "uv": [16, 10]},
						{"origin": [-1.28752, 0.71283, 0.70455], "size": [1.25, 1, 1], "inflate": -0.3, "pivot": [-0.33752, 1.01283, 1.40455], "rotation": [0, -30, 25], "uv": [4, 18]},
						{"origin": [-1.61644, 0.8662, 0.43314], "size": [1.25, 1, 1], "inflate": -0.302, "pivot": [-0.66644, 1.1662, 0.73314], "rotation": [0, 0, 25], "uv": [16, 12]},
						{"origin": [-1.55488, 1.13987, 0.43314], "size": [1, 1, 1], "inflate": -0.3, "uv": [0, 19]},
						{"origin": [-1.55488, 1.13987, 0.83314], "size": [1, 1, 1.25], "inflate": -0.302, "pivot": [-1.05488, 1.83987, 1.13314], "rotation": [-30, 0, 0], "uv": [0, 17]},
						{"origin": [-0.2, 0.54378, 0.30455], "size": [1.5, 1, 1], "inflate": -0.302, "pivot": [1, 0.84378, 0.60455], "rotation": [0, 30, 0], "uv": [14, 4]},
						{"origin": [-1.5, 0.00897, 3.02679], "size": [1, 1, 1], "inflate": -0.002, "uv": [12, 10]},
						{"origin": [0.5, 0.00897, 3.02679], "size": [1, 1, 1], "inflate": -0.002, "uv": [0, 15]},
						{"origin": [-1.5, -0.225, 1.5], "size": [1, 1, 2], "pivot": [0, 0.775, 3.7], "rotation": [-30, 0, 0], "uv": [0, 9]},
						{"origin": [-0.5, -0.225, 2.235], "size": [1, 1, 1], "pivot": [0, 0.775, 3.7], "rotation": [-30, 0, 0], "uv": [4, 16]},
						{"origin": [-0.5, 0.57135, 2.10093], "size": [1, 1, 1], "pivot": [0, 1.07135, 2.60093], "rotation": [-75, 0, 0], "uv": [12, 12]},
						{"origin": [0.5, -0.225, 1.5], "size": [1, 1, 2], "pivot": [0, 0.775, 3.7], "rotation": [-30, 0, 0], "uv": [0, 6]},
						{"origin": [-1, 0, -2], "size": [2, 1, 5], "uv": [0, 0]},
						{"origin": [-0.5, 0.325, -1], "size": [1, 1, 1], "inflate": -0.25, "pivot": [0, 0.825, -0.5], "rotation": [0, -45, 0], "uv": [16, 8]},
						{"origin": [-0.5, 0.25, -2], "size": [1, 1, 1], "uv": [8, 16]},
						{"origin": [0.2, 0.55, -2.3], "size": [1.15, 1, 2.6], "inflate": -0.302, "pivot": [0.5, 1.25, -1.5], "rotation": [0, 0, 26.5], "uv": [6, 9]},
						{"origin": [-1.35, 0.55, -2.3], "size": [1.15, 1, 2.6], "inflate": -0.302, "pivot": [-0.5, 1.25, -1.5], "rotation": [0, 0, -26.5], "uv": [0, 12]},
						{"origin": [-1, 0, -2.5], "size": [2, 1, 1], "inflate": -0.1, "pivot": [0, 0.5, -2], "rotation": [-45, 0, 0], "uv": [6, 12]},
						{"origin": [0.5, 0, -2.5], "size": [1, 1, 1], "inflate": -0.102, "pivot": [0.5, 0.5, -2], "rotation": [-45, 0, 0], "uv": [16, 6]},
						{"origin": [-0.7, 0.025, 2.3], "size": [1.4, 1, 1.4], "inflate": -0.2, "pivot": [0, 0.425, 3], "rotation": [0, -45, 0], "uv": [0, 21]}
					]
				},
				{
					"name": "kanetsugu_holographic",
					"parent": "longscope",
					"pivot": [0, 2.875, 1.975],
					"cubes": [
						{
							"origin": [-1, 1.875, 2.475],
							"size": [2, 2, 0],
							"uv": {
								"north": {"uv": [0, 0], "uv_size": [0, 0]},
								"east": {"uv": [14, 0], "uv_size": [0, 2]},
								"south": {"uv": [15, 15], "uv_size": [17, 17]},
								"west": {"uv": [16, 0], "uv_size": [0, 2]},
								"up": {"uv": [14, 0], "uv_size": [2, 0]},
								"down": {"uv": [16, 0], "uv_size": [2, 0]}
							}
						}
					]
				},
				{
					"name": "_ca_scope",
					"parent": "main",
					"pivot": [0, 0, 1],
					"cubes": [
						{"origin": [-0.5, -0.5, 0.5], "size": [1, 1, 1], "uv": [12, 8]}
					]
				},
				{
					"name": "reticle",
					"parent": "main",
					"pivot": [0, 2.875, 10.25],
					"cubes": [
						{"origin": [-0.5, 2.375, 9.75], "size": [1, 1, 1], "uv": [9, 3]}
					]
				},
				{
					"name": "scope",
					"pivot": [0, 2.875, 11.25],
					"cubes": [
						{"origin": [-0.5, 2.375, 10.75], "size": [1, 1, 1], "inflate": -0.4, "uv": [12, 6]}
					]
				}
			]
		}
	]
}