{
	"format_version": "1.12.0",
	"minecraft:geometry": [
		{
			"description": {
				"identifier": "geometry.unknown",
				"texture_width": 128,
				"texture_height": 128,
				"visible_bounds_width": 8,
				"visible_bounds_height": 4,
				"visible_bounds_offset": [0, 1, 0]
			},
			"bones": [
				{
					"name": "main",
					"pivot": [0, 14.75, 2]
				},
				{
					"name": "armR_gun",
					"parent": "main",
					"pivot": [0, 15.5, -4.5]
				},
				{
					"name": "rightarm",
					"parent": "armR_gun",
					"pivot": [-4.3, 8.8, 21.8],
					"rotation": [-101.81106, -12.40003, -2.46982],
					"cubes": [
						{"origin": [-8.3, -15.2, 17.8], "size": [8, 24, 8], "uv": [0, 48]}
					]
				},
				{
					"name": "gun",
					"parent": "armR_gun",
					"pivot": [0, 15.5, 1.5],
					"cubes": [
						{
							"origin": [1.49913, 19.83135, -7.9],
							"size": [0, 2.15, 5],
							"pivot": [1.49913, 20.90635, -5.4],
							"rotation": [0, 0, -26.5],
							"uv": {
								"north": {"uv": [19, 128], "uv_size": [9, 0]},
								"east": {"uv": [20, 125], "uv_size": [22, -8]},
								"south": {"uv": [29, 128], "uv_size": [9, 0]},
								"west": {"uv": [7, 86], "uv_size": [22, 8]},
								"up": {"uv": [20, 117], "uv_size": [22, 8]},
								"down": {"uv": [28, 128], "uv_size": [9, -1]}
							}
						},
						{
							"origin": [-1.49913, 19.83135, -7.9],
							"size": [0, 2.15, 5],
							"pivot": [-1.49913, 20.90635, -5.4],
							"rotation": [0, 0, 26.5],
							"uv": {
								"north": {"uv": [28, 128], "uv_size": [-9, 0]},
								"east": {"uv": [29, 86], "uv_size": [22, 8]},
								"south": {"uv": [38, 128], "uv_size": [-9, 0]},
								"west": {"uv": [42, 125], "uv_size": [-22, -8]},
								"up": {"uv": [42, 117], "uv_size": [-22, 8]},
								"down": {"uv": [37, 128], "uv_size": [-9, -1]}
							}
						},
						{
							"origin": [0, 12.9, -20.95],
							"size": [0, 4, 14],
							"inflate": 0.002,
							"uv": {
								"north": {"uv": [114, 124], "uv_size": [0, 4]},
								"east": {"uv": [35, 94], "uv_size": [-28, 8]},
								"south": {"uv": [128, 124], "uv_size": [0, 4]},
								"west": {"uv": [7, 94], "uv_size": [28, 8]},
								"up": {"uv": [114, 110], "uv_size": [0, 14]},
								"down": {"uv": [114, 124], "uv_size": [0, -14]}
							}
						},
						{"origin": [-2, 18.05, -0.9], "size": [4, 1.6, 4.35], "inflate": -0.005, "pivot": [1.5, 18.65, 1.1], "rotation": [20, 0, 0], "uv": [60, 16]},
						{"origin": [-1, 19.35, -17], "size": [2, 2, 6], "inflate": -0.35, "pivot": [0, 20.35, -16.5], "rotation": [0, 0, -45], "uv": [81, 31]},
						{"origin": [-2.625, 17.9, -5.9], "size": [1.125, 1, 13], "inflate": -0.003, "pivot": [-1.5, 17.9, 2.6], "rotation": [0, 0, 63.5], "uv": [10, 10]},
						{"origin": [1.5, 17.9, -5.9], "size": [1.125, 1, 13], "inflate": -0.003, "pivot": [1.5, 17.9, 2.6], "rotation": [0, 0, -63.5], "uv": [10, 34]},
						{"origin": [1.5, 17.9, -11.9], "size": [1.125, 1, 4], "inflate": -0.003, "pivot": [1.5, 17.9, -3.4], "rotation": [0, 0, -63.5], "uv": [19, 43]},
						{"origin": [-2.625, 17.9, -11.9], "size": [1.125, 1, 4], "inflate": -0.003, "pivot": [-1.5, 17.9, -3.4], "rotation": [0, 0, 63.5], "uv": [19, 19]},
						{"origin": [-1.5, 16.9, -12.9], "size": [3, 2, 15], "uv": [48, -1]},
						{"origin": [-1.8, 18.02426, -13.77574], "size": [3.6, 1.425, 1.3], "inflate": -0.306, "pivot": [0, 18.32426, -13.47574], "rotation": [-45, 0, 0], "uv": [83, 16]},
						{"origin": [-1.5, 15.9, -13.475], "size": [3, 2, 1], "inflate": -0.002, "uv": [83, 18]},
						{"origin": [-1.5, 15.4, -13.475], "size": [3, 1, 1], "inflate": -0.004, "uv": [91, 19]},
						{"origin": [-1.5, 17.325, -13.475], "size": [3, 1, 1], "inflate": -0.004, "uv": [91, 16]},
						{"origin": [-1.5, 15.9, -12.9], "size": [3, 1, 5], "uv": [84, 10]},
						{"origin": [-1.5, 15.4, -12.9], "size": [3, 1, 5], "inflate": -0.002, "uv": [83, 21]},
						{"origin": [-1.5, 17.9, 2.1], "size": [3, 1, 5], "inflate": -0.003, "uv": [49, 39]},
						{"origin": [-1.5, 17.15, 3.5], "size": [3, 1, 2], "pivot": [0, 17.65, 4.3], "rotation": [45, 0, 0], "uv": [37, 5]},
						{"origin": [-2, 18.9, -11.9], "size": [1, 1, 9], "uv": [38, 37]},
						{"origin": [1, 18.9, -11.9], "size": [1, 1, 9], "uv": [38, 13]},
						{"origin": [1, 18.9, -2.9], "size": [1, 1.5, 9], "inflate": -0.003, "uv": [72, 0]},
						{"origin": [-2, 18.9, -1.9], "size": [1, 1, 8], "inflate": -0.003, "uv": [82, 43]},
						{"origin": [-2, 18.9, -2.9], "size": [1, 1.5, 1], "inflate": -0.003, "uv": [85, 48]},
						{"origin": [1, 19.9, 4.1], "size": [1, 1, 2], "uv": [81, 48]},
						{"origin": [-2, 19.9, 2.1], "size": [3, 1, 4], "uv": [66, 31]},
						{"origin": [-1.5, 20.9, -2.9], "size": [3, 1, 1], "uv": [25, 14]},
						{"origin": [1.5, 20.9, 2.1], "size": [1.125, 1, 5], "inflate": -0.003, "pivot": [1.5, 21.9, 2.6], "rotation": [0, 0, 63.5], "uv": [66, 21]},
						{"origin": [-2.625, 20.9, 2.1], "size": [1.125, 1, 5], "inflate": -0.003, "pivot": [-1.5, 21.9, 2.6], "rotation": [0, 0, -63.5], "uv": [49, 30]},
						{"origin": [1.48293, 20.87629, -2.9], "size": [1.6, 1, 1], "inflate": -0.005, "pivot": [1.50793, 21.87629, -2.4], "rotation": [0, 0, 71.5], "uv": [32, 42]},
						{"origin": [-3.08293, 20.87629, -2.9], "size": [1.6, 1, 1], "inflate": -0.005, "pivot": [-1.50793, 21.87629, -2.4], "rotation": [0, 0, -71.5], "uv": [17, 41]},
						{"origin": [-1, 20.9, -11.9], "size": [2, 1, 9], "uv": [63, 70]},
						{"origin": [-0.5, 21.6, -11.25], "size": [1, 1.4, 1.3], "inflate": -0.3, "uv": [40, 15]},
						{"origin": [0.25, 22.1, 5.75], "size": [1, 1, 1], "inflate": -0.3, "uv": [37, 29]},
						{"origin": [-1.25, 22.1, 5.75], "size": [1, 1, 1], "inflate": -0.3, "uv": [28, 37]},
						{"origin": [0.25, 21.93159, 5.74341], "size": [1, 1.165, 1], "inflate": -0.303, "pivot": [0.95, 22.80659, 6.44341], "rotation": [45, 0, 0], "uv": [37, 9]},
						{"origin": [-1.25, 21.93159, 5.74341], "size": [1, 1.165, 1], "inflate": -0.303, "pivot": [0.95, 22.80659, 6.44341], "rotation": [45, 0, 0], "uv": [37, 11]},
						{"origin": [0.25, 21.5, 5.75], "size": [1, 1.6, 1], "inflate": -0.303, "pivot": [0.95, 22.8, 6.05], "rotation": [-65, 0, 0], "uv": [37, 14]},
						{"origin": [-1.25, 21.5, 5.75], "size": [1, 1.6, 1], "inflate": -0.303, "pivot": [0.95, 22.8, 6.05], "rotation": [-65, 0, 0], "uv": [18, 37]},
						{"origin": [-1.25, 21.7, 4.55], "size": [2.5, 1, 2.6], "inflate": -0.3, "uv": [25, 5]},
						{"origin": [-1, 21.45, 3.4], "size": [2, 1, 3], "inflate": -0.3, "uv": [37, 18]},
						{"origin": [-0.5, 21.6, -10.95], "size": [1, 1.4, 1], "inflate": -0.302, "pivot": [0, 22.7, -10.25], "rotation": [60, 0, 0], "uv": [25, 38]},
						{"origin": [-0.5, 21.5, -11.25], "size": [1, 1.5, 1], "inflate": -0.302, "pivot": [0, 22.7, -10.95], "rotation": [-27.5, 0, 0], "uv": [38, 37]},
						{"origin": [-0.5, 21.6, -10.55], "size": [1, 1, 1.3], "inflate": -0.3, "uv": [18, 39]},
						{"origin": [0.98615, 20.87763, -11.9], "size": [2.25, 1, 9], "inflate": -0.003, "pivot": [1.01115, 21.87763, -9.4], "rotation": [0, 0, 63.5], "uv": [70, 20]},
						{"origin": [-3.23615, 20.87763, -11.9], "size": [2.25, 1, 9], "inflate": -0.003, "pivot": [-1.01115, 21.87763, -9.4], "rotation": [0, 0, -63.5], "uv": [68, 43]},
						{"origin": [-1.5, 20.9, 2.1], "size": [3, 1, 5], "uv": [49, 16]},
						{"origin": [-1, 17.65, -11.9], "size": [2, 3.25, 10], "uv": [52, 26]},
						{"origin": [-1.5, 16.65, -8.375], "size": [3, 1, 4.175], "inflate": -0.003, "pivot": [0, 17.15, -5.4], "rotation": [15, 0, 0], "uv": [60, 39]},
						{"origin": [-1, 14.525, -8.7], "size": [2, 2.4, 1], "inflate": -0.003, "uv": [65, 46]},
						{"origin": [-0.5, 14.4, -7.7], "size": [1, 2, 1], "inflate": -0.003, "uv": [70, 40]},
						{"origin": [-1.0015, 12.70391, -8.90608], "size": [2, 1, 2.7], "inflate": -0.003, "pivot": [-0.0015, 13.20391, -5.40608], "rotation": [-30, 0, 0], "uv": [36, 43]},
						{"origin": [-1, 13.172, -6.353], "size": [2, 1, 3], "inflate": -0.003, "uv": [25, 42]},
						{"origin": [-1.4985, 13.59915, -3.57774], "size": [3, 1, 3], "inflate": -0.003, "pivot": [0.0015, 14.09915, -2.07774], "rotation": [17.5, 0, 0], "uv": [25, 18]},
						{"origin": [-0.497, 14.50148, -3.35945], "size": [1, 3, 1], "inflate": -0.003, "pivot": [0.003, 16.00148, -2.85945], "rotation": [-27.5, 0, 0], "uv": [12, 0]},
						{"origin": [-1.5, 7.10656, -0.3088], "size": [3, 11, 6], "inflate": 0.003, "pivot": [0, 11.60656, 2.6912], "rotation": [17.5, 0, 0], "uv": [0, 24]}
					]
				},
				{
					"name": "_cb_scope",
					"parent": "gun",
					"pivot": [0, 22.725, -6.375],
					"cubes": [
						{"origin": [-0.5, 22.225, -6.4], "size": [1, 1, 1], "uv": [22, 35]}
					]
				},
				{
					"name": "_cb_suppressor",
					"parent": "gun",
					"pivot": [0, 20.35, -16.15],
					"cubes": [
						{"origin": [-0.5, 19.85, -16.65], "size": [1, 1, 1], "uv": [7, 35]}
					]
				},
				{
					"name": "muzzleflash",
					"parent": "gun",
					"pivot": [0, 20.35, -16.65],
					"cubes": [
						{"origin": [-0.5, 19.85, -17.15], "size": [1, 1, 1], "inflate": -0.4, "uv": [58, 12]}
					]
				},
				{
					"name": "scope",
					"parent": "gun",
					"pivot": [0, 22.7, 20.5],
					"cubes": [
						{"origin": [-0.5, 22.2, 20], "size": [1, 1, 1], "inflate": -0.4, "uv": [38, 57]}
					]
				},
				{
					"name": "rail",
					"parent": "gun",
					"pivot": [-1.11115, 21.97763, -9.4],
					"cubes": [
						{"origin": [0.78615, 20.97763, -10.9], "size": [2.75, 1, 8], "inflate": -0.003, "pivot": [1.11115, 21.97763, -9.4], "rotation": [0, 0, 63.5], "uv": [25, 9]},
						{"origin": [-1, 21.725, -10.9], "size": [2, 1, 8], "uv": [25, 24]},
						{"origin": [-3.63615, 20.97763, -10.9], "size": [2.75, 1, 8], "inflate": -0.003, "pivot": [-1.11115, 21.97763, -9.4], "rotation": [0, 0, -63.5], "uv": [25, 0]},
						{"origin": [1.18916, 18.80876, -10.897], "size": [1, 1, 3], "uv": [0, 48]},
						{"origin": [-2.23378, 18.71926, -10.897], "size": [1, 1, 3], "uv": [38, 33]},
						{"origin": [-1.73449, 15.86783, -12.897], "size": [1, 2, 5], "uv": [50, 1]},
						{"origin": [0.68987, 15.95733, -12.897], "size": [1, 2, 5], "uv": [33, 74]},
						{"origin": [1.69121, 17.8033, -10.9], "size": [1.125, 1, 3], "inflate": -0.003, "pivot": [1.69121, 17.8033, 2.6], "rotation": [0, 0, -63.5], "uv": [25, 28]},
						{"origin": [-2.86083, 17.71381, -10.9], "size": [1.125, 1, 3], "inflate": -0.003, "pivot": [-1.73583, 17.71381, 2.6], "rotation": [0, 0, 63.5], "uv": [25, 24]}
					]
				},
				{
					"name": "slide",
					"parent": "gun",
					"pivot": [0, 19.88889, 7.15833],
					"cubes": [
						{"origin": [1.5, 20.9, 7.1], "size": [1.125, 1, 3], "inflate": -0.003, "pivot": [1.5, 21.9, 6.6], "rotation": [0, 0, 63.5], "uv": [0, 52]},
						{"origin": [-2.625, 20.9, 7.1], "size": [1.125, 1, 3], "inflate": -0.003, "pivot": [-1.5, 21.9, 6.6], "rotation": [0, 0, -63.5], "uv": [32, 55]},
						{"origin": [-1.5, 17.9, 7.1], "size": [3, 4, 3], "uv": [49, 23]},
						{"origin": [1.1, 19.15, 6], "size": [1, 1.5, 4.2], "inflate": -0.103, "uv": [12, 24]},
						{"origin": [-2.1, 19.15, 6], "size": [1, 1.5, 4.2], "inflate": -0.103, "uv": [12, 0]},
						{"origin": [1.5, 17.9, 7.1], "size": [1.125, 1, 3], "inflate": -0.003, "pivot": [1.5, 17.9, 6.6], "rotation": [0, 0, -63.5], "uv": [35, 48]},
						{"origin": [-2.625, 17.9, 7.1], "size": [1.125, 1, 3], "inflate": -0.003, "pivot": [-1.5, 17.9, 6.6], "rotation": [0, 0, 63.5], "uv": [40, 49]},
						{"origin": [-1.5, 19.8, -1.9], "size": [3, 2, 6], "inflate": 0.005, "uv": [73, 54]},
						{"origin": [-1.5, 18.9, 0.125], "size": [3, 1, 7], "inflate": -0.005, "uv": [25, 33]}
					]
				},
				{
					"name": "glow",
					"parent": "gun",
					"pivot": [0, 22.7, -14.25],
					"cubes": [
						{"origin": [-0.5, 22, -10.9], "size": [1, 1, 1], "inflate": -0.35, "pivot": [0, 22.7, -10.25], "rotation": [60, 0, 0], "uv": [37, 2]},
						{
							"origin": [-1.075, 21.87966, 6.20466],
							"size": [0.85, 0.875, 1],
							"inflate": -0.35,
							"uv": {
								"north": {"uv": [11, 21], "uv_size": [1, 1]},
								"east": {"uv": [10, 21], "uv_size": [1, 1]},
								"south": {"uv": [13, 21], "uv_size": [1, 1]},
								"west": {"uv": [12, 21], "uv_size": [1, 1]},
								"up": {"uv": [11, 20], "uv_size": [1, 1]},
								"down": {"uv": [12, 21], "uv_size": [1, -1]}
							}
						},
						{
							"origin": [0.225, 21.87966, 6.20466],
							"size": [0.85, 0.875, 1],
							"inflate": -0.35,
							"uv": {
								"north": {"uv": [19, 36], "uv_size": [1, 1]},
								"east": {"uv": [18, 36], "uv_size": [1, 1]},
								"south": {"uv": [21, 36], "uv_size": [1, 1]},
								"west": {"uv": [20, 36], "uv_size": [1, 1]},
								"up": {"uv": [19, 35], "uv_size": [1, 1]},
								"down": {"uv": [20, 36], "uv_size": [1, -1]}
							}
						},
						{
							"origin": [-0.925, 21.87966, 6.20466],
							"size": [1.85, 0.85, 1],
							"inflate": -0.35,
							"uv": {
								"north": {"uv": [29, 36], "uv_size": [1, 1]},
								"east": {"uv": [28, 36], "uv_size": [1, 1]},
								"south": {"uv": [31, 36], "uv_size": [1, 1]},
								"west": {"uv": [30, 36], "uv_size": [1, 1]},
								"up": {"uv": [29, 35], "uv_size": [1, 1]},
								"down": {"uv": [30, 36], "uv_size": [1, -1]}
							}
						},
						{
							"origin": [0.225, 21.88159, 5.8],
							"size": [0.85, 1.215, 1],
							"inflate": -0.35,
							"pivot": [0.95, 22.80659, 6.44341],
							"rotation": [45, 0, 0],
							"uv": {
								"north": {"uv": [38, 1], "uv_size": [1, 1]},
								"east": {"uv": [37, 1], "uv_size": [1, 1]},
								"south": {"uv": [40, 1], "uv_size": [1, 1]},
								"west": {"uv": [39, 1], "uv_size": [1, 1]},
								"up": {"uv": [38, 0], "uv_size": [1, 1]},
								"down": {"uv": [39, 1], "uv_size": [1, -1]}
							}
						},
						{
							"origin": [-1.075, 21.88159, 5.8],
							"size": [0.85, 1.215, 1],
							"inflate": -0.35,
							"pivot": [0.95, 22.80659, 6.44341],
							"rotation": [45, 0, 0],
							"uv": {
								"north": {"uv": [26, 37], "uv_size": [1, 1]},
								"east": {"uv": [25, 37], "uv_size": [1, 1]},
								"south": {"uv": [28, 37], "uv_size": [1, 1]},
								"west": {"uv": [27, 37], "uv_size": [1, 1]},
								"up": {"uv": [26, 36], "uv_size": [1, 1]},
								"down": {"uv": [27, 37], "uv_size": [1, -1]}
							}
						}
					]
				},
				{
					"name": "magazine",
					"parent": "gun",
					"pivot": [0, 12.61181, 2.80023],
					"rotation": [17.5, 0, 0],
					"cubes": [
						{"origin": [-1.5, 6.08588, -0.60604], "size": [3, 14, 6], "inflate": -0.1, "uv": [0, 0]},
						{
							"origin": [-1.5, 7.18588, 3.39396],
							"size": [3, 8, 1.25],
							"inflate": -0.095,
							"uv": {
								"north": {"uv": [6, 114], "uv_size": [3, 14]},
								"east": {"uv": [5, 115], "uv_size": [-3, -28]},
								"south": {"uv": [15, 114], "uv_size": [3, 14]},
								"west": {"uv": [2, 87], "uv_size": [3, 27]},
								"up": {"uv": [6, 108], "uv_size": [3, 6]},
								"down": {"uv": [9, 114], "uv_size": [3, -6]}
							}
						},
						{"origin": [-1.5, 5.57046, 1.27911], "size": [3, 1.75, 5.8], "inflate": -0.095, "pivot": [0, 13.08775, 2.39401], "rotation": [-15, 0, 0], "uv": [0, 41]},
						{"origin": [-1.5, 18.64585, -2.54163], "size": [3, 2, 5.725], "inflate": -0.103, "pivot": [0, 13.08775, 2.39401], "rotation": [-17.5, 0, 0], "uv": [24, 48]}
					]
				},
				{
					"name": "bullet",
					"parent": "magazine",
					"pivot": [0, 20.63966, 2.74555],
					"cubes": [
						{"origin": [-0.39393, 20.24573, 0.49555], "size": [1, 1, 4], "pivot": [0, 20.63966, 2.74555], "rotation": [-12.56853, -12.27659, -43.64293], "uv": [37, 0]}
					]
				},
				{
					"name": "armL_mag",
					"parent": "main",
					"pivot": [20, -3.9, 24]
				},
				{
					"name": "leftarm",
					"parent": "armL_mag",
					"pivot": [11.275, 8, 23],
					"rotation": [-93.27739, 26.69586, 15.11714],
					"cubes": [
						{"origin": [7.275, -16, 19], "size": [8, 24, 8], "uv": [40, 47]}
					]
				},
				{
					"name": "_camera_",
					"pivot": [12, 29, 37]
				}
			]
		}
	]
}