{
	"format_version": "1.12.0",
	"minecraft:geometry": [
		{
			"description": {
				"identifier": "geometry.unknown",
				"texture_width": 64,
				"texture_height": 64,
				"visible_bounds_width": 8,
				"visible_bounds_height": 4,
				"visible_bounds_offset": [0, 1, 0]
			},
			"bones": [
				{
					"name": "main",
					"pivot": [0, 0, 3.40242]
				},
				{
					"name": "sniperscope",
					"parent": "main",
					"pivot": [0.09877, 2.67325, -2.5732],
					"cubes": [
						{
							"origin": [-2.625, 4.7954, -0.42636],
							"size": [5.25, 0, 1.5],
							"uv": {
								"north": {"uv": [26, 8], "uv_size": [7, 0]},
								"east": {"uv": [24, 8], "uv_size": [2, 0]},
								"south": {"uv": [35, 8], "uv_size": [7, 0]},
								"west": {"uv": [33, 8], "uv_size": [2, 0]},
								"up": {"uv": [0, 40], "uv_size": [45, 9]},
								"down": {"uv": [33, 8], "uv_size": [7, -2]}
							}
						},
						{
							"origin": [-2.325, 0.96986, 4.22716],
							"size": [4.65, 3.9, 0.9],
							"inflate": -0.3,
							"uv": {
								"north": {"uv": [1, 28], "uv_size": [6, 5]},
								"east": {"uv": [0, 28], "uv_size": [1, 5]},
								"south": {"uv": [8, 28], "uv_size": [6, 5]},
								"west": {"uv": [7, 28], "uv_size": [1, 5]},
								"up": {"uv": [1, 27], "uv_size": [6, 1]},
								"down": {"uv": [7, 28], "uv_size": [6, -1]}
							}
						},
						{
							"origin": [-2.625, 1.04486, -4.17636],
							"size": [5.25, 3.75, 9],
							"uv": {
								"north": {"uv": [12, 12], "uv_size": [7, 5]},
								"east": {"uv": [0, 12], "uv_size": [12, 5]},
								"south": {"uv": [31, 12], "uv_size": [7, 5]},
								"west": {"uv": [19, 12], "uv_size": [12, 5]},
								"up": {"uv": [12, 0], "uv_size": [7, 12]},
								"down": {"uv": [19, 12], "uv_size": [7, -12]}
							}
						},
						{
							"origin": [1.875, 2.78861, -1.92636],
							"size": [0.75, 2.00625, 3.75],
							"pivot": [2.625, 4.79486, 0.32364],
							"rotation": [0, 0, -21],
							"uv": {
								"north": {"uv": [26, 36], "uv_size": [1, 2]},
								"east": {"uv": [21, 36], "uv_size": [5, 2]},
								"south": {"uv": [32, 36], "uv_size": [1, 2]},
								"west": {"uv": [27, 36], "uv_size": [5, 2]},
								"up": {"uv": [26, 31], "uv_size": [1, 5]},
								"down": {"uv": [27, 36], "uv_size": [1, -5]}
							}
						},
						{
							"origin": [1.875, 1.04486, -1.92636],
							"size": [0.75, 2.00625, 3.75],
							"pivot": [2.625, 1.04486, 0.32364],
							"rotation": [0, 0, 21],
							"uv": {
								"north": {"uv": [19, 32], "uv_size": [1, 2]},
								"east": {"uv": [14, 32], "uv_size": [5, 2]},
								"south": {"uv": [25, 32], "uv_size": [1, 2]},
								"west": {"uv": [20, 32], "uv_size": [5, 2]},
								"up": {"uv": [19, 27], "uv_size": [1, 5]},
								"down": {"uv": [20, 32], "uv_size": [1, -5]}
							}
						},
						{
							"origin": [-2.625, 2.78861, -1.92636],
							"size": [0.75, 2.00625, 3.75],
							"pivot": [-2.625, 4.79486, 0.32364],
							"rotation": [0, 0, 21],
							"uv": {
								"north": {"uv": [5, 5], "uv_size": [1, 2]},
								"east": {"uv": [0, 5], "uv_size": [5, 2]},
								"south": {"uv": [11, 5], "uv_size": [1, 2]},
								"west": {"uv": [6, 5], "uv_size": [5, 2]},
								"up": {"uv": [5, 0], "uv_size": [1, 5]},
								"down": {"uv": [6, 5], "uv_size": [1, -5]}
							}
						},
						{
							"origin": [-2.625, 1.04486, -1.92636],
							"size": [0.75, 2.00625, 3.75],
							"pivot": [-2.625, 1.04486, 0.32364],
							"rotation": [0, 0, -21],
							"uv": {
								"north": {"uv": [30, 29], "uv_size": [1, 2]},
								"east": {"uv": [25, 29], "uv_size": [5, 2]},
								"south": {"uv": [36, 29], "uv_size": [1, 2]},
								"west": {"uv": [31, 29], "uv_size": [5, 2]},
								"up": {"uv": [30, 24], "uv_size": [1, 5]},
								"down": {"uv": [31, 29], "uv_size": [1, -5]}
							}
						},
						{
							"origin": [-2.6255, 2.78811, -4.92686],
							"size": [0.751, 2.00725, 1.501],
							"inflate": -0.002,
							"pivot": [-2.625, 4.79486, -0.42636],
							"rotation": [0, 0, 21],
							"uv": {
								"north": {"uv": [8, 9], "uv_size": [1, 2]},
								"east": {"uv": [6, 9], "uv_size": [2, 2]},
								"south": {"uv": [11, 9], "uv_size": [1, 2]},
								"west": {"uv": [9, 9], "uv_size": [2, 2]},
								"up": {"uv": [8, 7], "uv_size": [1, 2]},
								"down": {"uv": [9, 9], "uv_size": [1, -2]}
							}
						},
						{
							"origin": [-2.6255, 1.04436, -4.92686],
							"size": [0.751, 2.00725, 1.501],
							"inflate": -0.002,
							"pivot": [-2.625, 1.04486, -0.42636],
							"rotation": [0, 0, -21],
							"uv": {
								"north": {"uv": [2, 19], "uv_size": [1, 2]},
								"east": {"uv": [0, 19], "uv_size": [2, 2]},
								"south": {"uv": [5, 19], "uv_size": [1, 2]},
								"west": {"uv": [3, 19], "uv_size": [2, 2]},
								"up": {"uv": [2, 17], "uv_size": [1, 2]},
								"down": {"uv": [3, 19], "uv_size": [1, -2]}
							}
						},
						{
							"origin": [1.8745, 1.04436, -4.92686],
							"size": [0.751, 2.00725, 1.501],
							"inflate": -0.002,
							"pivot": [2.625, 1.04486, -0.42636],
							"rotation": [0, 0, 21],
							"uv": {
								"north": {"uv": [2, 23], "uv_size": [1, 2]},
								"east": {"uv": [0, 23], "uv_size": [2, 2]},
								"south": {"uv": [5, 23], "uv_size": [1, 2]},
								"west": {"uv": [3, 23], "uv_size": [2, 2]},
								"up": {"uv": [2, 21], "uv_size": [1, 2]},
								"down": {"uv": [3, 23], "uv_size": [1, -2]}
							}
						},
						{
							"origin": [1.8745, 2.78811, -4.92686],
							"size": [0.751, 2.00725, 1.501],
							"inflate": -0.002,
							"pivot": [2.625, 4.79486, -0.42636],
							"rotation": [0, 0, -21],
							"uv": {
								"north": {"uv": [30, 33], "uv_size": [1, 2]},
								"east": {"uv": [28, 33], "uv_size": [2, 2]},
								"south": {"uv": [33, 33], "uv_size": [1, 2]},
								"west": {"uv": [31, 33], "uv_size": [2, 2]},
								"up": {"uv": [30, 31], "uv_size": [1, 2]},
								"down": {"uv": [31, 33], "uv_size": [1, -2]}
							}
						},
						{
							"origin": [-2.89428, 4.09417, -5.67686],
							"size": [0.751, 0.751, 0.751],
							"inflate": -0.002,
							"pivot": [-2.89378, 4.09467, -5.67636],
							"rotation": [0, 0, 21],
							"uv": {
								"north": {"uv": [6, 21], "uv_size": [1, 1]},
								"east": {"uv": [5, 21], "uv_size": [1, 1]},
								"south": {"uv": [8, 21], "uv_size": [1, 1]},
								"west": {"uv": [7, 21], "uv_size": [1, 1]},
								"up": {"uv": [6, 20], "uv_size": [1, 1]},
								"down": {"uv": [7, 21], "uv_size": [1, -1]}
							}
						},
						{
							"origin": [-2.89478, 4.09367, -5.67736],
							"size": [0.752, 0.752, 0.902],
							"inflate": -0.004,
							"pivot": [-2.89378, 4.09467, -5.67636],
							"rotation": [-35, 0, 21],
							"uv": {
								"north": {"uv": [8, 3], "uv_size": [1, 1]},
								"east": {"uv": [7, 3], "uv_size": [1, 1]},
								"south": {"uv": [10, 3], "uv_size": [1, 1]},
								"west": {"uv": [9, 3], "uv_size": [1, 1]},
								"up": {"uv": [8, 2], "uv_size": [1, 1]},
								"down": {"uv": [9, 3], "uv_size": [1, -1]}
							}
						},
						{
							"origin": [2.14278, 4.09367, -5.67736],
							"size": [0.752, 0.752, 0.902],
							"inflate": -0.004,
							"pivot": [2.89378, 4.09467, -5.67636],
							"rotation": [-35, 0, -21],
							"uv": {
								"north": {"uv": [8, 1], "uv_size": [1, 1]},
								"east": {"uv": [7, 1], "uv_size": [1, 1]},
								"south": {"uv": [10, 1], "uv_size": [1, 1]},
								"west": {"uv": [9, 1], "uv_size": [1, 1]},
								"up": {"uv": [8, 0], "uv_size": [1, 1]},
								"down": {"uv": [9, 1], "uv_size": [1, -1]}
							}
						},
						{
							"origin": [2.14278, 0.99512, -5.67736],
							"size": [0.752, 0.752, 0.902],
							"inflate": -0.004,
							"pivot": [2.89378, 1.74612, -5.67636],
							"rotation": [35, 0, 21],
							"uv": {
								"north": {"uv": [1, 1], "uv_size": [1, 1]},
								"east": {"uv": [0, 1], "uv_size": [1, 1]},
								"south": {"uv": [3, 1], "uv_size": [1, 1]},
								"west": {"uv": [2, 1], "uv_size": [1, 1]},
								"up": {"uv": [1, 0], "uv_size": [1, 1]},
								"down": {"uv": [2, 1], "uv_size": [1, -1]}
							}
						},
						{
							"origin": [-2.89478, 0.99512, -5.67736],
							"size": [0.752, 0.752, 0.902],
							"inflate": -0.004,
							"pivot": [-2.89378, 1.74612, -5.67636],
							"rotation": [35, 0, -21],
							"uv": {
								"north": {"uv": [1, 3], "uv_size": [1, 1]},
								"east": {"uv": [0, 3], "uv_size": [1, 1]},
								"south": {"uv": [3, 3], "uv_size": [1, 1]},
								"west": {"uv": [2, 3], "uv_size": [1, 1]},
								"up": {"uv": [1, 2], "uv_size": [1, 1]},
								"down": {"uv": [2, 3], "uv_size": [1, -1]}
							}
						},
						{
							"origin": [1.8745, 4.04436, -5.67686],
							"size": [0.751, 0.751, 0.751],
							"inflate": -0.002,
							"pivot": [2.625, 4.79486, -1.17636],
							"rotation": [0, 0, -21],
							"uv": {
								"north": {"uv": [6, 25], "uv_size": [1, 1]},
								"east": {"uv": [5, 25], "uv_size": [1, 1]},
								"south": {"uv": [8, 25], "uv_size": [1, 1]},
								"west": {"uv": [7, 25], "uv_size": [1, 1]},
								"up": {"uv": [6, 24], "uv_size": [1, 1]},
								"down": {"uv": [7, 25], "uv_size": [1, -1]}
							}
						},
						{
							"origin": [-2.6255, 1.04544, -5.67686],
							"size": [0.751, 0.751, 0.751],
							"inflate": -0.002,
							"pivot": [-2.625, 1.04594, -1.17636],
							"rotation": [0, 0, -21],
							"uv": {
								"north": {"uv": [5, 8], "uv_size": [1, 1]},
								"east": {"uv": [4, 8], "uv_size": [1, 1]},
								"south": {"uv": [7, 8], "uv_size": [1, 1]},
								"west": {"uv": [6, 8], "uv_size": [1, 1]},
								"up": {"uv": [5, 7], "uv_size": [1, 1]},
								"down": {"uv": [6, 8], "uv_size": [1, -1]}
							}
						},
						{
							"origin": [1.8745, 1.04544, -5.67686],
							"size": [0.751, 0.751, 0.751],
							"inflate": -0.002,
							"pivot": [2.625, 1.04594, -1.17636],
							"rotation": [0, 0, 21],
							"uv": {
								"north": {"uv": [5, 18], "uv_size": [1, 1]},
								"east": {"uv": [4, 18], "uv_size": [1, 1]},
								"south": {"uv": [7, 18], "uv_size": [1, 1]},
								"west": {"uv": [6, 18], "uv_size": [1, 1]},
								"up": {"uv": [5, 17], "uv_size": [1, 1]},
								"down": {"uv": [6, 18], "uv_size": [1, -1]}
							}
						},
						{
							"origin": [-2.625, 4.04486, -5.67636],
							"size": [5.25, 0.75, 1.5],
							"uv": {
								"north": {"uv": [28, 5], "uv_size": [7, 1]},
								"east": {"uv": [26, 5], "uv_size": [2, 1]},
								"south": {"uv": [37, 5], "uv_size": [7, 1]},
								"west": {"uv": [35, 5], "uv_size": [2, 1]},
								"up": {"uv": [28, 3], "uv_size": [7, 2]},
								"down": {"uv": [35, 5], "uv_size": [7, -2]}
							}
						},
						{
							"origin": [-2.625, 1.04486, -5.67636],
							"size": [5.25, 0.75, 1.5],
							"uv": {
								"north": {"uv": [28, 2], "uv_size": [7, 1]},
								"east": {"uv": [26, 2], "uv_size": [2, 1]},
								"south": {"uv": [37, 2], "uv_size": [7, 1]},
								"west": {"uv": [35, 2], "uv_size": [2, 1]},
								"up": {"uv": [28, 0], "uv_size": [7, 2]},
								"down": {"uv": [35, 2], "uv_size": [7, -2]}
							}
						},
						{
							"origin": [-2.99375, 2.06361, -3.51386],
							"size": [6.49375, 1.675, 1.675],
							"inflate": -0.35,
							"pivot": [2.7375, 2.90111, -2.67636],
							"rotation": [45, 0, 0],
							"uv": {
								"north": {"uv": [23, 19], "uv_size": [8, 2]},
								"east": {"uv": [21, 19], "uv_size": [2, 2]},
								"south": {"uv": [33, 19], "uv_size": [8, 2]},
								"west": {"uv": [31, 19], "uv_size": [2, 2]},
								"up": {"uv": [23, 17], "uv_size": [8, 2]},
								"down": {"uv": [31, 19], "uv_size": [8, -2]}
							}
						},
						{
							"origin": [1.9175, 2.47486, 2.50364],
							"size": [1.19, 1.64, 1.64],
							"inflate": -0.28,
							"pivot": [2.3625, 3.29486, 3.32364],
							"rotation": [45, 0, 0],
							"uv": {
								"north": {"uv": [2, 9], "uv_size": [1, 2]},
								"east": {"uv": [0, 9], "uv_size": [2, 2]},
								"south": {"uv": [5, 9], "uv_size": [1, 2]},
								"west": {"uv": [3, 9], "uv_size": [2, 2]},
								"up": {"uv": [2, 7], "uv_size": [1, 2]},
								"down": {"uv": [3, 9], "uv_size": [1, -2]}
							}
						},
						{
							"origin": [-2.25, 0.49277, -2.32784],
							"size": [4.5, 0.75, 6.75],
							"uv": {
								"north": {"uv": [9, 26], "uv_size": [6, 1]},
								"east": {"uv": [0, 26], "uv_size": [9, 1]},
								"south": {"uv": [24, 26], "uv_size": [6, 1]},
								"west": {"uv": [15, 26], "uv_size": [9, 1]},
								"up": {"uv": [9, 17], "uv_size": [6, 9]},
								"down": {"uv": [15, 26], "uv_size": [6, -9]}
							}
						},
						{
							"origin": [-2.2505, 0.49227, -3.43459],
							"size": [4.501, 0.751, 1.501],
							"inflate": -0.002,
							"uv": {
								"north": {"uv": [28, 10], "uv_size": [6, 1]},
								"east": {"uv": [26, 10], "uv_size": [2, 1]},
								"south": {"uv": [36, 10], "uv_size": [6, 1]},
								"west": {"uv": [34, 10], "uv_size": [2, 1]},
								"up": {"uv": [28, 8], "uv_size": [6, 2]},
								"down": {"uv": [34, 10], "uv_size": [6, -2]}
							}
						},
						{
							"origin": [-3.05, 1.17402, -3.63409],
							"size": [6.1, 0.85, 1.9],
							"inflate": -0.2,
							"uv": {
								"north": {"uv": [23, 23], "uv_size": [8, 1]},
								"east": {"uv": [21, 23], "uv_size": [2, 1]},
								"south": {"uv": [33, 23], "uv_size": [8, 1]},
								"west": {"uv": [31, 23], "uv_size": [2, 1]},
								"up": {"uv": [23, 21], "uv_size": [8, 2]},
								"down": {"uv": [31, 23], "uv_size": [8, -2]}
							}
						},
						{
							"origin": [-2.45, 0.29427, -3.63034],
							"size": [0.85, 1.46875, 1.9],
							"inflate": -0.2,
							"pivot": [-2.2485, 0.49427, -2.83259],
							"rotation": [0, 0, -34.25],
							"uv": {
								"north": {"uv": [34, 35], "uv_size": [1, 1]},
								"east": {"uv": [32, 35], "uv_size": [2, 1]},
								"south": {"uv": [37, 35], "uv_size": [1, 1]},
								"west": {"uv": [35, 35], "uv_size": [2, 1]},
								"up": {"uv": [34, 33], "uv_size": [1, 2]},
								"down": {"uv": [35, 35], "uv_size": [1, -2]}
							}
						},
						{
							"origin": [1.6, 0.29427, -3.63034],
							"size": [0.85, 1.46875, 1.9],
							"inflate": -0.2,
							"pivot": [2.2485, 0.49427, -2.83259],
							"rotation": [0, 0, 34.25],
							"uv": {
								"north": {"uv": [34, 26], "uv_size": [1, 1]},
								"east": {"uv": [32, 26], "uv_size": [2, 1]},
								"south": {"uv": [37, 26], "uv_size": [1, 1]},
								"west": {"uv": [35, 26], "uv_size": [2, 1]},
								"up": {"uv": [34, 24], "uv_size": [1, 2]},
								"down": {"uv": [35, 26], "uv_size": [1, -2]}
							}
						}
					]
				},
				{
					"name": "scopepip",
					"parent": "sniperscope",
					"pivot": [0, 2.91986, 4.67866],
					"cubes": [
						{
							"origin": [-2.325, 0.59486, 4.22866],
							"size": [4.65, 4.65, 0.9],
							"inflate": -0.3,
							"uv": {
								"north": {"uv": [40, 35], "uv_size": [6, 6]},
								"east": {"uv": [39, 35], "uv_size": [1, 6]},
								"south": {"uv": [47, 35], "uv_size": [6, 6]},
								"west": {"uv": [46, 35], "uv_size": [1, 6]},
								"up": {"uv": [40, 34], "uv_size": [6, 1]},
								"down": {"uv": [46, 35], "uv_size": [6, -1]}
							}
						}
					]
				},
				{
					"name": "scope",
					"parent": "main",
					"pivot": [0, 2.92, 10.942],
					"cubes": [
						{"origin": [-0.5, 2.42, 10.442], "size": [1, 1, 1], "inflate": -0.4, "uv": [25, 24]}
					]
				},
				{
					"name": "_ca_scope",
					"parent": "main",
					"pivot": [0, 0.5, -0.62258],
					"cubes": [
						{"origin": [-0.5, 0, -0.5], "size": [1, 1, 1], "uv": [21, 24]}
					]
				}
			]
		}
	]
}