{
	"format_version": "1.8.0",
	"animations": {
		"animation.model.reload": {
			"loop": "hold_on_last_frame",
			"animation_length": 2.3,
			"blend_weight": "1",
			"bones": {
				"main": {
					"rotation": {
						"0.0": {
							"vector": [0, 0, 0]
						},
						"0.1": {
							"vector": [-0.03492, -1.9997, 1.00061]
						},
						"0.2": {
							"vector": [-0.2093, -2.98903, 6.00729]
						},
						"0.3": {
							"vector": [-0.2093, -2.98903, 6.00729]
						},
						"0.4": {
							"vector": [2.2907, -2.98903, 6.00729]
						},
						"0.5333": {
							"vector": [-0.2093, -2.98903, 6.00729]
						},
						"0.6": {
							"vector": [-0.46924, -2.95941, 11.01395]
						},
						"0.7333": {
							"vector": [-0.7256, -2.90724, 16.02024]
						},
						"0.8": {
							"vector": [-0.7256, -2.90724, 16.02024]
						},
						"0.9667": {
							"vector": [-0.7256, -2.90724, 16.02024]
						},
						"1.1667": {
							"vector": [-10.7256, -2.90724, 16.02024]
						},
						"1.2667": {
							"vector": [-10.7256, -2.90724, 16.02024]
						},
						"1.3333": {
							"vector": [-8.7256, -2.90724, 16.02024]
						},
						"1.4333": {
							"vector": [-10.7256, -2.90724, 16.02024]
						},
						"1.6": {
							"vector": [-10.7256, -2.90724, 16.02024]
						},
						"1.7": {
							"vector": [-10.93475, -1.96717, 20.93557]
						},
						"1.8": {
							"vector": [-18.34029, -2.43945, 18.47876]
						},
						"2.0": {
							"vector": [0.50518, -5.08075, 6.8716],
							"easing": "easeOutSine"
						},
						"2.1667": {
							"vector": [0.32389, -0.60235, -2.1558],
							"easing": "linear"
						},
						"2.2667": {
							"vector": [0, 0, 0],
							"easing": "linear"
						}
					},
					"position": {
						"0.0": {
							"vector": [0, 0, 0]
						},
						"0.1": {
							"vector": [0, 0, 0.5]
						},
						"0.3333": {
							"vector": [-0.05, 0, -2.49],
							"easing": "linear"
						},
						"2.0333": {
							"vector": [-0.05, 0, -2.49],
							"easing": "linear"
						},
						"2.2": {
							"vector": [0, 0, 0],
							"easing": "linear"
						}
					}
				},
				"leftarm": {
					"rotation": {
						"0.0": {
							"vector": [0, 0, 0]
						},
						"0.2": {
							"vector": [4.06198, -25.87601, -60.13875]
						},
						"0.3667": {
							"vector": [-2.08682, -17.32309, -55.76782]
						},
						"0.6": {
							"vector": [16.65929, 17.48364, 3.05867]
						},
						"1.7333": {
							"vector": [16.65929, 17.48364, 3.05867]
						},
						"1.8": {
							"vector": [9.15929, 17.48364, 3.05867]
						},
						"2.0": {
							"vector": [0, 0, 0]
						}
					},
					"position": {
						"0.0": {
							"vector": [0, 0, 0]
						},
						"0.1": {
							"vector": [12, 0, 0]
						},
						"0.2": {
							"vector": [0, 12, -1]
						},
						"0.3667": {
							"vector": [3, 10, -4]
						},
						"0.4667": {
							"vector": [9.71, 7.43, -3.29]
						},
						"0.6": {
							"vector": [-1, 6, 4]
						},
						"1.7333": {
							"vector": [-1, 6, 4]
						},
						"1.8": {
							"vector": [2, 5, -7]
						},
						"2.0": {
							"vector": [0, 0, 0]
						}
					}
				},
				"Barrel": {
					"rotation": {
						"0.0": {
							"vector": [0, 0, 0]
						},
						"0.2": {
							"vector": [0, 0, 0]
						},
						"0.3667": {
							"vector": [40, 0, 0]
						},
						"1.7": {
							"vector": [40, 0, 0]
						},
						"1.8": {
							"vector": [0, 0, 0]
						}
					},
					"position": {
						"0.0": {
							"vector": [0, 0, 0]
						},
						"0.2": {
							"vector": [0, 0, 0]
						},
						"1.8": {
							"vector": [0, 0, 0]
						}
					}
				},
				"Slug": {
					"rotation": {
						"0.0": {
							"vector": [0, 0, 0]
						},
						"0.2333": {
							"vector": [0, 0, 0]
						},
						"0.3": {
							"vector": [0, 0, 0]
						},
						"0.4667": {
							"vector": [-45, 0, 0]
						},
						"0.6333": {
							"vector": [-75, 0, 0]
						},
						"0.7333": {
							"vector": [-37.5, 0, 0]
						},
						"0.9": {
							"vector": [-37.5, 0, 0]
						},
						"1.2667": {
							"vector": [0, 0, 0]
						}
					},
					"position": {
						"0.0": {
							"vector": [0, 0, 0]
						},
						"0.2333": {
							"vector": [0, 0, 0]
						},
						"0.3": {
							"vector": [0, 2, 20]
						},
						"0.4667": {
							"vector": [0, -18, 79]
						},
						"0.6333": {
							"vector": [0, -49, 62]
						},
						"0.7333": {
							"vector": [2.9, -36.7, 17.7]
						},
						"0.9": {
							"vector": [-3.1, -36.7, 17.7]
						},
						"1.0333": {
							"vector": [-3.6, -12.7, 16.2]
						},
						"1.1667": {
							"vector": [-0.1, -0.7, 1.7]
						},
						"1.2667": {
							"vector": [0, 0, 0]
						}
					}
				},
				"Eject": {
					"rotation": {
						"0.0": {
							"vector": [0, 0, 0]
						},
						"0.1667": {
							"vector": [17.5, 0, 0]
						},
						"1.7667": {
							"vector": [17.5, 0, 0]
						},
						"1.8667": {
							"vector": [0, 0, 0]
						}
					},
					"position": {
						"0.0": {
							"vector": [0, 0, 0]
						},
						"1.8667": {
							"vector": [0, 0, 0]
						}
					}
				},
				"rightarm": {
					"rotation": {
						"0.0": {
							"vector": [0, 0, 0]
						},
						"0.5333": {
							"vector": [0, 0, 0]
						},
						"1.2333": {
							"vector": [3.25776, 20.94444, 32.6456]
						},
						"1.7": {
							"vector": [0, 0, 0]
						}
					},
					"position": {
						"0.0": {
							"vector": [0, 0, 0]
						},
						"0.5333": {
							"vector": [0, 0, 0]
						},
						"0.6333": {
							"vector": [0, 0, 0]
						},
						"0.8": {
							"vector": [0, 0, 22]
						},
						"0.9667": {
							"vector": [0, 0, 22]
						},
						"1.1": {
							"vector": [1, 14.5, 4]
						},
						"1.2333": {
							"vector": [2, 13, -14]
						},
						"1.3333": {
							"vector": [2, 13, -16]
						},
						"1.5667": {
							"vector": [2, 10, 9]
						},
						"1.7": {
							"vector": [0, 0, 0]
						}
					}
				}
			},
			"sound_effects": {
				"0.3333": {
					"effect": "dobelbshotgun_open"
				},
				"1.2333": {
					"effect": "shotgun_load_shell"
				},
				"1.7667": {
					"effect": "dobelshotgun_close"
				}
			}
		},
		"animation.model.draw": {
			"loop": "hold_on_last_frame",
			"animation_length": 1.2,
			"bones": {
				"main": {
					"rotation": {
						"0.0": {
							"vector": [32.09413, -54.38778, -8.29667]
						},
						"0.25": {
							"vector": [-26.36653, -9.96368, 5.36947]
						},
						"0.45": {
							"vector": [0.50518, -5.08075, 6.8716],
							"easing": "easeOutSine"
						},
						"0.6": {
							"vector": [0.32389, -0.60235, -2.1558],
							"easing": "linear"
						},
						"0.7": {
							"vector": [0, 0, 0],
							"easing": "linear"
						}
					},
					"position": {
						"0.0": {
							"vector": [0, -17.3, 0]
						},
						"0.25": {
							"vector": [-0.4, -2.525, -1.625],
							"easing": "linear"
						},
						"0.5": {
							"vector": [-0.05, 0, -2.49],
							"easing": "linear"
						},
						"0.65": {
							"vector": [0, 0, 0],
							"easing": "linear"
						}
					}
				},
				"leftarm": {
					"rotation": {
						"0.0": {
							"vector": [0, 0, 0]
						},
						"0.25": {
							"vector": [30.02913, 19.99952, 0.14176]
						},
						"0.55": {
							"vector": [0, 0, 0]
						}
					},
					"position": {
						"0.0": {
							"vector": [0, 0, 0]
						},
						"0.25": {
							"vector": [-1, 15, -15]
						},
						"0.55": {
							"vector": [0, 0, 0]
						}
					}
				},
				"Barrel": {
					"rotation": {
						"0.0": {
							"vector": [55.5, 0, 0]
						},
						"0.15": {
							"vector": [55.5, 0, 0]
						},
						"0.25": {
							"vector": [0, 0, 0]
						}
					}
				}
			},
			"sound_effects": {
				"0.25": {
					"effect": "dobelshotgun_close"
				}
			}
		},
		"animation.model.reloadempty": {
			"loop": true,
			"animation_length": 2.3,
			"bones": {
				"main": {
					"rotation": {
						"0.0": {
							"vector": [0, 0, 0]
						},
						"0.1": {
							"vector": [-0.03492, -1.9997, 1.00061]
						},
						"0.2": {
							"vector": [-0.2093, -2.98903, 6.00729]
						},
						"0.3": {
							"vector": [-0.2093, -2.98903, 6.00729]
						},
						"0.4": {
							"vector": [2.2907, -2.98903, 6.00729]
						},
						"0.5333": {
							"vector": [-0.2093, -2.98903, 6.00729]
						},
						"0.6": {
							"vector": [-0.46924, -2.95941, 11.01395]
						},
						"0.7333": {
							"vector": [-0.7256, -2.90724, 16.02024]
						},
						"0.8": {
							"vector": [-0.7256, -2.90724, 16.02024]
						},
						"0.9667": {
							"vector": [-0.54662, -2.94611, 12.51588]
						},
						"1.1667": {
							"vector": [-10.7256, -2.90724, 16.02024]
						},
						"1.2667": {
							"vector": [-10.7256, -2.90724, 16.02024]
						},
						"1.3333": {
							"vector": [-8.7256, -2.90724, 16.02024]
						},
						"1.4333": {
							"vector": [-10.7256, -2.90724, 16.02024]
						},
						"1.5333": {
							"vector": [-10.7256, -2.90724, 16.02024]
						},
						"1.6333": {
							"vector": [-30.93475, -1.96717, 20.93557]
						},
						"1.7333": {
							"vector": [-22.56993, -2.1246, 20.11664]
						},
						"1.8333": {
							"vector": [-13.34029, -2.43945, 18.47876]
						},
						"1.9667": {
							"vector": [0.50518, -5.08075, 6.8716],
							"easing": "easeOutSine"
						},
						"2.1333": {
							"vector": [0.32389, -0.60235, -2.1558],
							"easing": "linear"
						},
						"2.2333": {
							"vector": [0, 0, 0],
							"easing": "linear"
						}
					},
					"position": {
						"0.0": {
							"vector": [0, 0, 0]
						},
						"0.1": {
							"vector": [0, 0, 0.5]
						},
						"0.3333": {
							"vector": [-0.05, 0, -2.49],
							"easing": "linear"
						},
						"2.0": {
							"vector": [-0.05, 0, -2.49],
							"easing": "linear"
						},
						"2.1667": {
							"vector": [0, 0, 0],
							"easing": "linear"
						}
					}
				},
				"leftarm": {
					"rotation": {
						"0.0": {
							"vector": [0, 0, 0]
						},
						"0.2": {
							"vector": [4.06198, -25.87601, -60.13875]
						},
						"0.3667": {
							"vector": [-5.24679, -4.85957, -36.73629]
						},
						"1.1333": {
							"vector": [-1.52299, -10.06118, -60.13497]
						},
						"1.2667": {
							"vector": [-1.1149, 6.31734, -69.95132]
						},
						"1.4": {
							"vector": [24.45503, 24.91222, -2.17913]
						},
						"1.6333": {
							"vector": [6.95503, 24.91222, -2.17913]
						},
						"2.0667": {
							"vector": [0, 0, 0]
						}
					},
					"position": {
						"0.0": {
							"vector": [0, 0, 0]
						},
						"0.1": {
							"vector": [12, 0, 0]
						},
						"0.2": {
							"vector": [4, 13, -3]
						},
						"0.3667": {
							"vector": [8, 14, -3]
						},
						"0.4667": {
							"vector": [9.71, 7.43, -3.29]
						},
						"0.6": {
							"vector": [14.69, 6.96, 23.48]
						},
						"0.8": {
							"vector": [11.69, 6.96, 20.48]
						},
						"0.9667": {
							"vector": [11.69, 6.96, 20.48]
						},
						"1.1333": {
							"vector": [3.13, 24.74, 11.3]
						},
						"1.2667": {
							"vector": [-1.31, 31.96, 4.48]
						},
						"1.3667": {
							"vector": [4.67, 11.74, 1.87]
						},
						"1.4": {
							"vector": [0, 5, -11]
						},
						"1.6333": {
							"vector": [5, 7, -11]
						},
						"2.0667": {
							"vector": [0, 0, 0]
						}
					}
				},
				"Barrel": {
					"rotation": {
						"0.0": {
							"vector": [0, 0, 0]
						},
						"0.2": {
							"vector": [0, 0, 0]
						},
						"0.3667": {
							"vector": [40, 0, 0]
						},
						"1.5333": {
							"vector": [40, 0, 0]
						},
						"1.6333": {
							"vector": [0, 0, 0]
						}
					},
					"position": {
						"0.0": {
							"vector": [0, 0, 0]
						},
						"0.2": {
							"vector": [0, 0, 0]
						},
						"1.6333": {
							"vector": [0, 0, 0]
						}
					}
				},
				"Slug": {
					"rotation": {
						"0.0": {
							"vector": [0, 0, 0]
						},
						"0.2333": {
							"vector": [0, 0, 0]
						},
						"0.3": {
							"vector": [0, 0, 0]
						},
						"0.4667": {
							"vector": [-45, 0, 0]
						},
						"0.6333": {
							"vector": [-75, 0, 0]
						},
						"0.7333": {
							"vector": [-75, 0, 0]
						},
						"0.8": {
							"vector": [-59.85385, 24.30509, -22.26914]
						},
						"0.9667": {
							"vector": [-59.85385, 24.30509, -22.26914]
						},
						"1.1333": {
							"vector": [-38.91375, 19.7037, -30.09136]
						},
						"1.2667": {
							"vector": [0, 0, 0]
						}
					},
					"position": {
						"0.0": {
							"vector": [0, 0, 0]
						},
						"0.2333": {
							"vector": [0, 0, 0]
						},
						"0.3": {
							"vector": [0, 2, 20]
						},
						"0.4667": {
							"vector": [0, -18, 79]
						},
						"0.6333": {
							"vector": [0, -49, 62]
						},
						"0.7333": {
							"vector": [0, -34, 26]
						},
						"0.8": {
							"vector": [13, -23, 5]
						},
						"0.9667": {
							"vector": [13, -23, 5]
						},
						"1.1333": {
							"vector": [3.78, -4, 7]
						},
						"1.2667": {
							"vector": [0, 0, 0]
						}
					},
					"scale": {
						"1.1333": {
							"vector": [1, 1, 1]
						},
						"1.2": {
							"vector": [1, 1, 1.5]
						},
						"1.2667": {
							"vector": [1, 1, 1]
						}
					}
				},
				"Eject": {
					"rotation": {
						"0.0": {
							"vector": [0, 0, 0]
						},
						"0.1667": {
							"vector": [17.5, 0, 0]
						},
						"1.6": {
							"vector": [17.5, 0, 0]
						},
						"1.7": {
							"vector": [0, 0, 0]
						}
					},
					"position": {
						"0.0": {
							"vector": [0, 0, 0]
						},
						"1.7": {
							"vector": [0, 0, 0]
						}
					}
				},
				"rightarm": {
					"rotation": {
						"vector": [0, 0, 0]
					},
					"position": {
						"vector": [0, 0, 0]
					}
				},
				"slug2": {
					"rotation": {
						"0.0": {
							"vector": [0, 0, 0]
						},
						"0.2333": {
							"vector": [0, 0, 0]
						},
						"0.3": {
							"vector": [0, 0, 0]
						},
						"0.4667": {
							"vector": [-50, 0, 0]
						},
						"0.6333": {
							"vector": [-72.5, 0, 0]
						},
						"0.7333": {
							"vector": [-50, 0, 0]
						},
						"0.8": {
							"vector": [-53.99479, 18.74724, -23.85865]
						},
						"0.9667": {
							"vector": [-53.99479, 18.74724, -23.85865]
						},
						"1.1333": {
							"vector": [-32.34669, 14.33903, -36.77923]
						},
						"1.2667": {
							"vector": [0, 0, 0]
						}
					},
					"position": {
						"0.0": {
							"vector": [0, 0, 0]
						},
						"0.2333": {
							"vector": [0, 0, 0]
						},
						"0.3": {
							"vector": [0, 0, 20]
						},
						"0.4667": {
							"vector": [0, -15, 80]
						},
						"0.6333": {
							"vector": [0, -47, 64]
						},
						"0.7333": {
							"vector": [0, -35, 21]
						},
						"0.8": {
							"vector": [9, -22, 5]
						},
						"0.9667": {
							"vector": [9, -22, 5]
						},
						"1.1333": {
							"vector": [1, -0.78, 7.22]
						},
						"1.2667": {
							"vector": [0, 0, 0]
						}
					},
					"scale": {
						"1.1333": {
							"vector": [1, 1, 1]
						},
						"1.2": {
							"vector": [1, 1, 1.5]
						},
						"1.2667": {
							"vector": [1, 1, 1]
						}
					}
				}
			},
			"sound_effects": {
				"0.3333": {
					"effect": "dobelbshotgun_open"
				},
				"1.1333": {
					"effect": "shotgun_load_shell"
				},
				"1.5667": {
					"effect": "dobelshotgun_close"
				}
			}
		},
		"animation.model.fire": {
			"animation_length": 0.29167,
			"bones": {
				"main": {
					"rotation": {
						"0.0": {
							"vector": [0, 0, 0]
						},
						"0.0417": {
							"vector": [-15, 0, 0]
						},
						"0.125": {
							"vector": [1, 0, 0]
						},
						"0.2083": {
							"vector": [0, 0, 0]
						}
					},
					"position": {
						"0.0": {
							"vector": [0, 0, 0]
						},
						"0.0417": {
							"vector": [0, 0, 5]
						},
						"0.125": {
							"vector": [0, 0, 0]
						},
						"0.2083": {
							"vector": [0, 0, 0]
						}
					}
				},
				"trigger": {
					"rotation": {
						"0.0": {
							"vector": [0, 0, 0]
						},
						"0.0417": {
							"vector": [20, 0, 0]
						},
						"0.125": {
							"vector": [0, 0, 0]
						}
					}
				},
				"trigger2": {
					"rotation": {
						"0.0": {
							"vector": [0, 0, 0]
						},
						"0.0417": {
							"vector": [27.5, 0, 0]
						},
						"0.125": {
							"vector": [0, 0, 0]
						}
					}
				},
				"Hammer": {
					"rotation": {
						"0.0": {
							"vector": [0, 0, 0]
						},
						"0.0417": {
							"vector": [47.5, 0, 0]
						},
						"0.125": {
							"vector": [0, 0, 0]
						}
					}
				},
				"Hammer2": {
					"rotation": {
						"0.0": {
							"vector": [0, 0, 0]
						},
						"0.0417": {
							"vector": [47.5, 0, 0]
						},
						"0.125": {
							"vector": [0, 0, 0]
						}
					}
				}
			}
		},
		"animation.model.inspect": {
			"loop": "hold_on_last_frame",
			"animation_length": 4.2667,
			"bones": {
				"main": {
					"rotation": {
						"0.0": {
							"vector": [0, 0, 0]
						},
						"0.1": {
							"vector": [0.32389, -0.60235, -2.1558],
							"easing": "linear"
						},
						"0.3": {
							"vector": [0.50518, -5.08075, 6.8716],
							"easing": "easeOutSine"
						},
						"0.5333": {
							"vector": [-8.86653, -9.96368, 5.36947]
						},
						"0.6667": {
							"vector": [7.06742, -7.43804, 0.66561]
						},
						"0.7667": {
							"vector": [9.56742, -7.43804, 0.66561]
						},
						"0.8667": {
							"vector": [4.56742, -7.43804, 0.66561]
						},
						"0.9667": {
							"vector": [2.06742, -7.43804, 0.66561]
						},
						"1.1": {
							"vector": [0.39923, -7.70819, 13.27311]
						},
						"1.2333": {
							"vector": [0.34222, -7.88818, 23.36506]
						},
						"1.3667": {
							"vector": [0.81334, -7.92579, 25.50286]
						},
						"1.5": {
							"vector": [0.34222, -7.88818, 23.36506]
						},
						"1.6667": {
							"vector": [10.39923, -7.70819, 13.27311]
						},
						"1.8333": {
							"vector": [-24.60077, -7.70819, 13.27311]
						},
						"2.0333": {
							"vector": [0, 0, 0]
						},
						"2.1333": {
							"vector": [2, 0, 0]
						},
						"2.2333": {
							"vector": [0, 0, 0]
						},
						"2.4": {
							"vector": [0, 0, 20]
						},
						"2.5667": {
							"vector": [0, 0, 21.87]
						},
						"2.7667": {
							"vector": [0, 0, 20]
						},
						"3.0667": {
							"vector": [0, 0, -14]
						},
						"3.2667": {
							"vector": [0, 0, -18.75]
						},
						"3.4667": {
							"vector": [0, 0, -14]
						},
						"3.6333": {
							"vector": [0, 0, -14]
						},
						"3.8": {
							"vector": [0, 0, -16.5]
						},
						"4.0": {
							"vector": [0.50518, -5.08075, 6.8716],
							"easing": "easeOutSine"
						},
						"4.1667": {
							"vector": [0.32389, -0.60235, -2.1558],
							"easing": "linear"
						},
						"4.2667": {
							"vector": [0, 0, 0],
							"easing": "linear"
						}
					},
					"position": {
						"0.0": {
							"vector": [0, 0, 0]
						},
						"0.5333": {
							"vector": [-0.4, -2.525, -1.625],
							"easing": "linear"
						},
						"1.8333": {
							"vector": [-0.4, 0.48, -1.62]
						},
						"2.0333": {
							"vector": [-0.4, 0.48, -1.62]
						},
						"2.4": {
							"vector": [-0.4, 0.48, -1.62]
						},
						"3.8": {
							"vector": [-0.4, 0.48, -1.62]
						},
						"4.0667": {
							"vector": [-0.05, 0, -2.49],
							"easing": "linear"
						},
						"4.2": {
							"vector": [0, 0, 0],
							"easing": "linear"
						}
					}
				},
				"leftarm": {
					"rotation": {
						"0.0": {
							"vector": [0, 0, 0]
						},
						"0.1": {
							"vector": [0, 0, 0]
						},
						"0.3": {
							"vector": [12.5, 0, 0]
						},
						"0.5333": {
							"vector": [-2.25922, -46.14662, -46.7538]
						},
						"0.8": {
							"vector": [9.11369, 1.20969, -27.11774]
						},
						"1.6333": {
							"vector": [9.11369, 1.20969, -27.11774]
						},
						"1.8333": {
							"vector": [4.60984, -12.47045, -5.14671]
						},
						"2.0667": {
							"vector": [0, 0, 0]
						}
					},
					"position": {
						"0.0": {
							"vector": [0, 0, 0]
						},
						"0.1": {
							"vector": [0, 0, 0]
						},
						"0.3": {
							"vector": [11, -1, 10]
						},
						"0.5333": {
							"vector": [3.31, 5.06, -14.62]
						},
						"0.8": {
							"vector": [2.06, 4.67, -6.51]
						},
						"1.6333": {
							"vector": [2.06, 4.67, -6.51]
						},
						"1.8333": {
							"vector": [-3.41, 1.26, -5.94]
						},
						"2.0667": {
							"vector": [0, 0, 0]
						}
					}
				},
				"Barrel": {
					"rotation": {
						"0.5333": {
							"vector": [0, 0, 0]
						},
						"0.6667": {
							"vector": [55.5, 0, 0]
						},
						"0.8": {
							"vector": [55.5, 0, 0]
						},
						"1.6667": {
							"vector": [55.5, 0, 0]
						},
						"1.8333": {
							"vector": [0, 0, 0]
						}
					}
				}
			},
			"sound_effects": {
				"0.5667": {
					"effect": "dobelbshotgun_open"
				},
				"1.7667": {
					"effect": "dobelshotgun_close"
				}
			}
		}
	},
	"geckolib_format_version": 2
}