{
	"format_version": "1.8.0",
	"animations": {
		"animation.model.draw": {
			"loop": "hold_on_last_frame",
			"animation_length": 1.2,
			"bones": {
				"main": {
					"rotation": {
						"0.0": {
							"vector": [32.09413, -54.38778, -8.29667]
						},
						"0.35": {
							"vector": [0.50518, -5.08075, 6.8716],
							"easing": "easeOutSine"
						},
						"0.5": {
							"vector": [0.32389, -0.60235, -2.1558],
							"easing": "linear"
						},
						"0.6": {
							"vector": [0, 0, 0],
							"easing": "linear"
						}
					},
					"position": {
						"0.0": {
							"vector": [0, -17.3, 0]
						},
						"0.25": {
							"vector": [-0.4, -2.525, -1.625],
							"easing": "linear"
						},
						"0.4": {
							"vector": [-0.05, 0, -2.49],
							"easing": "linear"
						},
						"0.55": {
							"vector": [0, 0, 0],
							"easing": "linear"
						}
					}
				},
				"leftarm": {
					"rotation": {
						"0.0": {
							"vector": [3.72023, 11.64674, 5.85535]
						},
						"0.1": {
							"vector": [3.72023, 11.64674, 5.85535]
						},
						"0.2": {
							"vector": [1.09337, -4.05355, -18.209]
						},
						"0.4": {
							"vector": [0, 0, 0]
						}
					},
					"position": {
						"0.0": {
							"vector": [2.65, 0.76, -14.8]
						},
						"0.1": {
							"vector": [2.65, 0.76, -14.8]
						},
						"0.2": {
							"vector": [-0.23, 9.51, -11.87]
						},
						"0.4": {
							"vector": [0, 0, 0]
						}
					}
				},
				"Cylinder": {
					"rotation": {
						"0.0": {
							"vector": [0, 0, 20]
						},
						"0.1": {
							"vector": [0, 0, 20]
						},
						"0.2": {
							"vector": [0, 0, 0]
						}
					},
					"position": {
						"0.0": {
							"vector": [4.3, -2, 0]
						},
						"0.1": {
							"vector": [4.3, -2, 0]
						},
						"0.2": {
							"vector": [0, 0, 0]
						}
					}
				}
			},
			"sound_effects": {
				"0.15": {
					"effect": "close_cylinder"
				}
			}
		},
		"animation.model.inspect": {
			"loop": "hold_on_last_frame",
			"animation_length": 5.1333,
			"bones": {
				"main": {
					"rotation": {
						"0.0": {
							"vector": [0, 0, 0]
						},
						"0.3": {
							"vector": [-22.12893, -56.55679, -5.56528]
						},
						"0.4": {
							"vector": [-14.71599, -58.14111, -14.36367]
						},
						"0.5333": {
							"vector": [-6.65301, -59.07099, -23.80336]
						},
						"0.6": {
							"vector": [-2.47582, -59.2701, -28.66716]
						},
						"0.7": {
							"vector": [1.73254, -59.28633, -33.56177]
						},
						"0.8": {
							"vector": [5.91906, -59.11938, -38.43478]
						},
						"0.9333": {
							"vector": [10.03223, -58.77222, -43.23531]
						},
						"1.0333": {
							"vector": [10.03223, -58.77222, -43.23531]
						},
						"1.1667": {
							"vector": [5.91906, -59.11938, -38.43478]
						},
						"1.2667": {
							"vector": [1.73254, -59.28633, -33.56177]
						},
						"1.3667": {
							"vector": [1.61548, -56.78739, -33.42382]
						},
						"1.5333": {
							"vector": [1.51594, -54.28832, -33.30311]
						},
						"1.7": {
							"vector": [1.73254, -59.28633, -33.56177]
						},
						"1.9": {
							"vector": [1.61548, -56.78739, -33.42382]
						},
						"2.1": {
							"vector": [1.51594, -54.28832, -33.30311]
						},
						"2.3": {
							"vector": [1.73254, -59.28633, -33.56177]
						},
						"2.4333": {
							"vector": [2.83043, -71.77707, -34.76082]
						},
						"2.5667": {
							"vector": [3.26602, -74.27355, -35.21614]
						},
						"2.7": {
							"vector": [3.86851, -76.76874, -35.83824]
						},
						"2.9": {
							"vector": [-7.96033, -23.49437, 15.51603]
						},
						"3.1333": {
							"vector": [0, 0, 12.5]
						},
						"3.2333": {
							"vector": [0, 0, 16.17]
						},
						"3.2667": {
							"vector": [0, 0, 22.5]
						},
						"3.4": {
							"vector": [0, 0, 27.5]
						},
						"3.5667": {
							"vector": [0, 0, 32.5]
						},
						"4.0667": {
							"vector": [0, 0, 27.5]
						},
						"4.1667": {
							"vector": [7.49294, -0.32621, 29.97864]
						},
						"4.2333": {
							"vector": [-7.31433, 7.9838, 11.35511]
						},
						"4.2667": {
							"vector": [-9.17208, 16.09511, -2.7116]
						},
						"4.3333": {
							"vector": [-19.69297, 22.86118, -20.4337]
						},
						"4.4": {
							"vector": [-22.45542, 20.16021, -27.95603]
						},
						"4.5667": {
							"vector": [0.37516, -0.57183, -7.15597],
							"easing": "linear"
						},
						"4.6667": {
							"vector": [0, 0, 0],
							"easing": "linear"
						}
					},
					"position": {
						"0.0": {
							"vector": [0, 0, 0]
						},
						"0.3": {
							"vector": [-6, 0, -3]
						},
						"0.4333": {
							"vector": [-6, 0, -4]
						},
						"0.8667": {
							"vector": [-6, 0, -4]
						},
						"1.2667": {
							"vector": [-6, 0, -3.275]
						},
						"2.6333": {
							"vector": [-6, 0, -3.275]
						},
						"2.9": {
							"vector": [0, 0, 1.73]
						},
						"3.1333": {
							"vector": [1, 0, 0]
						},
						"3.2667": {
							"vector": [1, -1, 0]
						},
						"4.0667": {
							"vector": [1, -1, 0]
						},
						"4.1667": {
							"vector": [1, 0, 0]
						},
						"4.2333": {
							"vector": [-2, 0, 0]
						},
						"4.2667": {
							"vector": [-4, 0, 0]
						},
						"4.5": {
							"vector": [-0.05, 0, -2.49],
							"easing": "linear"
						},
						"4.6": {
							"vector": [0, 0, 0],
							"easing": "linear"
						}
					}
				},
				"leftarm": {
					"rotation": {
						"0.0": {
							"vector": [0, 0, 0]
						},
						"1.2667": {
							"vector": [-32.60252, -4.67839, 8.84119]
						},
						"1.3667": {
							"vector": [-30.527, -15.40917, 2.32808]
						},
						"1.6": {
							"vector": [-32.60252, -4.67839, 8.84119]
						},
						"1.7": {
							"vector": [-30.527, -15.40917, 2.32808]
						},
						"1.9": {
							"vector": [-32.60252, -4.67839, 8.84119]
						},
						"2.1": {
							"vector": [-32.60252, -4.67839, 8.84119]
						},
						"3.1333": {
							"vector": [-2.14692, 21.88113, -2.9354]
						},
						"3.2667": {
							"vector": [-10.11743, 13.78778, 3.23414]
						},
						"4.0667": {
							"vector": [-10.11743, 13.78778, 3.23414]
						},
						"4.3333": {
							"vector": [7.45942, -2.74814, -15.7355]
						},
						"4.5": {
							"vector": [0, 0, 0]
						}
					},
					"position": {
						"0.0": {
							"vector": [0, 0, 0]
						},
						"0.1333": {
							"vector": [20, -15, 11]
						},
						"1.2667": {
							"vector": [3, 9, -20]
						},
						"1.3667": {
							"vector": [3, 9, -24]
						},
						"1.5333": {
							"vector": [4, 9, -24]
						},
						"1.7": {
							"vector": [4, 9, -19]
						},
						"1.9": {
							"vector": [4, 9, -25]
						},
						"2.1": {
							"vector": [4, 6, -30]
						},
						"2.6": {
							"vector": [20, -14, 9]
						},
						"3.1333": {
							"vector": [-4, 3, -17]
						},
						"3.2667": {
							"vector": [2, 0, -17]
						},
						"4.0667": {
							"vector": [2, 0, -17]
						},
						"4.3333": {
							"vector": [1, -18, 8]
						},
						"4.5": {
							"vector": [0, 0, 0]
						}
					}
				},
				"Cylinder": {
					"rotation": {
						"3.1667": {
							"vector": [0, 0, 0]
						},
						"3.2667": {
							"vector": [0, 0, 10]
						},
						"4.0667": {
							"vector": [0, 0, 10]
						},
						"4.2333": {
							"vector": [0, 0, 10]
						},
						"4.3333": {
							"vector": [0, 0, 0]
						}
					},
					"position": {
						"3.1667": {
							"vector": [0, 0, 0]
						},
						"3.2667": {
							"vector": [5, -3, 0]
						},
						"4.0667": {
							"vector": [5, -3, 0]
						},
						"4.2333": {
							"vector": [5, -3, 0]
						},
						"4.3333": {
							"vector": [0, 0, 0]
						}
					}
				}
			},
			"sound_effects": {
				"3.2333": {
					"effect": "open_cylinder"
				},
				"4.3333": {
					"effect": "close_cylinder"
				}
			}
		},
		"animation.model.preparefire": {
			"loop": "hold_on_last_frame",
			"animation_length": 0.1667,
			"bones": {
				"main": {
					"rotation": {
						"0.0": {
							"vector": [0, 0, 0]
						},
						"0.0833": {
							"vector": [0, 0, 2]
						},
						"0.1667": {
							"vector": [0, 0, 0]
						}
					}
				},
				"Cylinder": {
					"rotation": {
						"0.0": {
							"vector": [0, 0, 0]
						},
						"0.0833": {
							"vector": [0, 0, 22.5]
						},
						"0.1667": {
							"vector": [0, 0, 65]
						}
					},
					"position": {
						"vector": [0, 0, 0]
					}
				},
				"trigger": {
					"rotation": {
						"0.0": {
							"vector": [0, 0, 0]
						},
						"0.0833": {
							"vector": [22.5, 0, 0]
						},
						"0.1667": {
							"vector": [42.5, 0, 0]
						}
					}
				},
				"Hammer": {
					"rotation": {
						"0.0": {
							"vector": [0, 0, 0]
						},
						"0.0833": {
							"vector": [-35, 0, 0]
						},
						"0.1667": {
							"vector": [-60, 0, 0]
						}
					},
					"position": {
						"vector": [0, 0, 0]
					}
				}
			},
			"sound_effects": {
				"0.0417": {
					"effect": "hammer_cock"
				}
			}
		},
		"animation.model.fire": {
			"loop": "hold_on_last_frame",
			"animation_length": 0.25,
			"bones": {
				"main": {
					"rotation": {
						"0.0": {
							"vector": [-9.99067, -0.43399, -2.46207]
						},
						"0.0833": {
							"vector": [0, 0, 0]
						}
					},
					"position": {
						"0.0": {
							"vector": [0, 0, 6]
						},
						"0.0833": {
							"vector": [0, 0, 0]
						}
					}
				}
			}
		},
		"animation.model.prepare": {
			"loop": "hold_on_last_frame",
			"animation_length": 0.4583,
			"bones": {
				"main": {
					"rotation": {
						"0.0": {
							"vector": [0, 0, 0]
						},
						"0.125": {
							"vector": [0, 0, 12.5]
						},
						"0.2083": {
							"vector": [0, 0, 16.17]
						},
						"0.25": {
							"vector": [0, 0, 22.5]
						},
						"0.375": {
							"vector": [0, 0, 27.5]
						}
					},
					"position": {
						"0.0": {
							"vector": [0, 0, 0]
						},
						"0.125": {
							"vector": [1, 0, 0]
						},
						"0.25": {
							"vector": [1, -1, 0]
						}
					}
				},
				"Cylinder": {
					"rotation": {
						"0.0": {
							"vector": [0, 0, 0]
						},
						"0.1667": {
							"vector": [0, 0, 0]
						},
						"0.25": {
							"vector": [0, 0, 10]
						}
					},
					"position": {
						"0.0": {
							"vector": [0, 0, 0]
						},
						"0.1667": {
							"vector": [0, 0, 0]
						},
						"0.25": {
							"vector": [5, -3, 0]
						}
					}
				},
				"leftarm": {
					"rotation": {
						"0.0": {
							"vector": [0, 0, 0]
						},
						"0.125": {
							"vector": [-2.14692, 21.88113, -2.9354]
						},
						"0.25": {
							"vector": [-10.11743, 13.78778, 3.23414]
						}
					},
					"position": {
						"0.0": {
							"vector": [0, 0, 0]
						},
						"0.125": {
							"vector": [-4, 3, -17]
						},
						"0.25": {
							"vector": [2, 0, -17]
						}
					}
				}
			},
			"sound_effects": {
				"0.2083": {
					"effect": "open_cylinder"
				}
			}
		},
		"animation.model.iterativeload": {
			"loop": "hold_on_last_frame",
			"animation_length": 0.8333,
			"bones": {
				"main": {
					"rotation": {
						"0.0": {
							"vector": [0, 0, 27.5]
						},
						"0.125": {
							"vector": [0, 0, 15]
						},
						"0.25": {
							"vector": [-1, 0, 15]
						},
						"0.4583": {
							"vector": [0, 0, 15]
						},
						"0.5417": {
							"vector": [-0.05453, 1.24881, 19.99941]
						},
						"0.625": {
							"vector": [-1.06155, 0.66, 19.50043]
						},
						"0.75": {
							"vector": [0, 0, 27.5]
						}
					},
					"position": {
						"0.0": {
							"vector": [1, -1, 0]
						},
						"0.75": {
							"vector": [1, -1, 0]
						}
					}
				},
				"Cylinder": {
					"rotation": {
						"0.0": {
							"vector": [0, 0, 10]
						},
						"0.625": {
							"vector": [0, 0, 10]
						},
						"0.75": {
							"vector": [0, 0, 180]
						}
					},
					"position": {
						"0.0": {
							"vector": [5, -3, 0]
						},
						"0.625": {
							"vector": [5, -3, 0]
						}
					}
				},
				"bone3": {
					"rotation": {
						"vector": [0, 0, 0]
					},
					"position": {
						"0.1667": {
							"vector": [0, 0, 0]
						},
						"0.375": {
							"vector": [0, 0, 22]
						},
						"0.5417": {
							"vector": [0, 0, 0]
						},
						"0.75": {
							"vector": [0, 0, 0]
						}
					}
				},
				"leftarm": {
					"rotation": {
						"0.0": {
							"vector": [-10.11743, 13.78778, 3.23414]
						},
						"0.1667": {
							"vector": [0.7658, -3.62119, -30.35543]
						},
						"0.625": {
							"vector": [0.7658, -3.62119, -30.35543]
						},
						"0.75": {
							"vector": [-10.11743, 13.78778, 3.23414]
						}
					},
					"position": {
						"0.0": {
							"vector": [2, 0, -17]
						},
						"0.0833": {
							"vector": [7, 4.5, -3]
						},
						"0.1667": {
							"vector": [2, 9, -7]
						},
						"0.375": {
							"vector": [2, 9, 13]
						},
						"0.5417": {
							"vector": [2, 9, -7]
						},
						"0.625": {
							"vector": [5, 6.97, -11.48]
						},
						"0.75": {
							"vector": [2, 0, -17]
						}
					}
				}
			},
			"sound_effects": {
				"0.5417": {
					"effect": "repeater_bullet_load"
				},
				"0.6667": {
					"effect": "cylinder_rotate"
				}
			}
		},
		"animation.model.finish": {
			"loop": "hold_on_last_frame",
			"animation_length": 0.7083,
			"bones": {
				"main": {
					"rotation": {
						"0.0": {
							"vector": [0, 0, 27.5]
						},
						"0.0833": {
							"vector": [7.49294, -0.32621, 29.97864]
						},
						"0.1667": {
							"vector": [-7.31433, 7.9838, 11.35511]
						},
						"0.2083": {
							"vector": [-9.17208, 16.09511, -2.7116]
						},
						"0.25": {
							"vector": [-19.69297, 22.86118, -20.4337]
						},
						"0.3333": {
							"vector": [-22.45542, 20.16021, -27.95603]
						},
						"0.5": {
							"vector": [0.37516, -0.57183, -7.15597],
							"easing": "linear"
						},
						"0.5833": {
							"vector": [0, 0, 0],
							"easing": "linear"
						}
					},
					"position": {
						"0.0": {
							"vector": [1, -1, 0]
						},
						"0.0833": {
							"vector": [1, 0, 0]
						},
						"0.1667": {
							"vector": [-2, 0, 0]
						},
						"0.2083": {
							"vector": [-4, 0, 0]
						},
						"0.375": {
							"vector": [0.95, 0, -3.49],
							"easing": "linear"
						},
						"0.5417": {
							"vector": [0, 0, 0],
							"easing": "linear"
						}
					}
				},
				"Cylinder": {
					"rotation": {
						"0.0": {
							"vector": [0, 0, 10]
						},
						"0.1667": {
							"vector": [0, 0, 10]
						},
						"0.25": {
							"vector": [0, 0, 0]
						}
					},
					"position": {
						"0.0": {
							"vector": [5, -3, 0]
						},
						"0.1667": {
							"vector": [5, -3, 0]
						},
						"0.25": {
							"vector": [0, 0, 0]
						}
					}
				},
				"leftarm": {
					"rotation": {
						"0.0": {
							"vector": [-10.11743, 13.78778, 3.23414]
						},
						"0.25": {
							"vector": [7.45942, -2.74814, -15.7355]
						},
						"0.4167": {
							"vector": [0, 0, 0]
						}
					},
					"position": {
						"0.0": {
							"vector": [2, 0, -17]
						},
						"0.25": {
							"vector": [1, -18, 8]
						},
						"0.4167": {
							"vector": [0, 0, 0]
						}
					}
				}
			},
			"sound_effects": {
				"0.25": {
					"effect": "close_cylinder"
				}
			}
		}
	},
	"geckolib_format_version": 2
}