{
	"format_version": "1.8.0",
	"animations": {
		"animation.model.prepare": {
			"loop": "hold_on_last_frame",
			"animation_length": 1.0667,
			"blend_weight": "1",
			"bones": {
				"main": {
					"rotation": {
						"0.0": {
							"vector": [0, 0, 0]
						},
						"0.0667": {
							"vector": [-14.98637, -0.64686, -2.41492]
						},
						"0.1333": {
							"vector": [-30, 0, 0]
						},
						"0.2333": {
							"vector": [-37.47365, 1.5216, 1.98385]
						},
						"0.3": {
							"vector": [-42.5, 0, 0]
						},
						"0.4": {
							"vector": [-28.05259, 26.66656, 58.4772]
						},
						"0.4667": {
							"vector": [-20.21112, 42.45005, 93.38905]
						},
						"0.6": {
							"vector": [-15.26883, 26.49982, 102.69538]
						},
						"0.7": {
							"vector": [-14.96073, 24.08627, 103.41633]
						},
						"0.9667": {
							"vector": [-15.26883, 26.49982, 102.69538]
						}
					},
					"position": {
						"0.0": {
							"vector": [0, 0, 0]
						},
						"0.1333": {
							"vector": [0, 0, -12]
						},
						"0.3": {
							"vector": [0, 7, -28]
						},
						"0.4": {
							"vector": [0, 2, -28]
						},
						"0.5333": {
							"vector": [0, 0, -20]
						}
					}
				},
				"rightarm": {
					"position": {
						"0.0": {
							"vector": [0, 0, 0]
						},
						"0.3": {
							"vector": [0, 0, 46]
						},
						"0.6": {
							"vector": [-1, -13, 46]
						}
					}
				},
				"leftarm": {
					"rotation": {
						"0.0": {
							"vector": [0, 0, 0]
						},
						"0.6": {
							"vector": [36.92317, 47.91272, 47.12677]
						}
					},
					"position": {
						"0.0": {
							"vector": [0, 0, 0]
						},
						"0.2": {
							"vector": [0, 0, 11]
						},
						"0.3": {
							"vector": [0, 0, 19]
						},
						"0.6": {
							"vector": [9, 1, 20]
						}
					}
				}
			}
		},
		"animation.model.draw": {
			"loop": "hold_on_last_frame",
			"animation_length": 1.45,
			"bones": {
				"main": {
					"rotation": {
						"0.0": {
							"vector": [46.17393, -37.33289, 6.29298]
						},
						"0.2": {
							"vector": [0, 0, 15]
						},
						"0.3": {
							"vector": [-5, 1, 15.625]
						},
						"0.45": {
							"vector": [0, 2, 16.25]
						},
						"0.55": {
							"vector": [0, 0, 15]
						},
						"0.65": {
							"vector": [0, 0, 17.5]
						},
						"0.75": {
							"vector": [0, 0, 19.17]
						},
						"0.9": {
							"vector": [0, 0, 15]
						},
						"1.0": {
							"vector": [0, 0, 0]
						},
						"1.1": {
							"vector": [0, 0, -2.5]
						},
						"1.2": {
							"vector": [0, 0, 0]
						}
					},
					"position": {
						"0.0": {
							"vector": [0, -17, 0]
						},
						"0.3": {
							"vector": [0, 0, 0]
						}
					}
				},
				"lever": {
					"rotation": {
						"0.0": {
							"vector": [0, 0, 0]
						},
						"0.4": {
							"vector": [0, 0, 0]
						},
						"0.5": {
							"vector": [-32.5, 0, 0]
						},
						"0.6": {
							"vector": [-32.5, 0, 0]
						},
						"0.7": {
							"vector": [0, 0, 0]
						}
					}
				},
				"rightarm": {
					"rotation": {
						"0.0": {
							"vector": [0, 0, 0]
						},
						"0.3": {
							"vector": [0, 0, 0]
						},
						"0.4": {
							"vector": [0, 0, 0]
						},
						"0.5": {
							"vector": [46.67, 0, 0]
						},
						"0.6": {
							"vector": [46.67, 0, 0]
						},
						"0.7": {
							"vector": [0, 0, 0]
						},
						"0.9": {
							"vector": [0, 0, 0]
						}
					},
					"position": {
						"0.0": {
							"vector": [0, 0, 8]
						},
						"0.3": {
							"vector": [0, 0, 8]
						},
						"0.4": {
							"vector": [0, 0, 0]
						},
						"0.5": {
							"vector": [0, 4.6, 3.6]
						},
						"0.6": {
							"vector": [0, 4.6, 3.6]
						},
						"0.7": {
							"vector": [0, 0, 0]
						},
						"0.9": {
							"vector": [0, 0, 0]
						}
					}
				}
			},
			"sound_effects": {
				"0.0": {
					"effect": "gun_up"
				},
				"0.4": {
					"effect": "gun_cocking"
				}
			}
		},
		"animation.model.finish": {
			"loop": "hold_on_last_frame",
			"animation_length": 1.7917,
			"bones": {
				"main": {
					"rotation": {
						"0.0": {
							"vector": [-15.26883, 26.49982, 102.69538]
						},
						"0.0833": {
							"vector": [-15.26883, 26.49982, 102.69538]
						},
						"0.1667": {
							"vector": [-14.96073, 24.08627, 103.41633]
						},
						"0.25": {
							"vector": [-20.21112, 42.45005, 93.38905]
						},
						"0.3333": {
							"vector": [-28.05259, 26.66656, 58.4772]
						},
						"0.4167": {
							"vector": [-42.5, 0, 0]
						},
						"0.5": {
							"vector": [-37.47365, 1.5216, 1.98385]
						},
						"0.5833": {
							"vector": [-30, 0, 0]
						},
						"0.6667": {
							"vector": [-14.98637, -0.64686, -2.41492]
						},
						"0.75": {
							"vector": [0, 0, 0]
						},
						"0.875": {
							"vector": [2.5, 0, 0]
						},
						"0.9583": {
							"vector": [0, 0, 0]
						},
						"1.0417": {
							"vector": [0, 0, 12.5]
						},
						"1.25": {
							"vector": [0, 0, 12.5]
						},
						"1.3333": {
							"vector": [2.5, 0, -1.25]
						},
						"1.4167": {
							"vector": [0, 0, -2.5]
						},
						"1.5417": {
							"vector": [0, 0, 0]
						},
						"1.625": {
							"vector": [0, 0, 0]
						}
					},
					"position": {
						"0.2083": {
							"vector": [0, 0, -20]
						},
						"0.375": {
							"vector": [0, 3, -13]
						},
						"0.5417": {
							"vector": [0, 0, 2]
						},
						"0.625": {
							"vector": [0, 0, 4]
						},
						"0.7083": {
							"vector": [0, 0, -5.6]
						},
						"0.8333": {
							"vector": [0, 0, 0]
						}
					}
				},
				"lever": {
					"rotation": {
						"0.0": {
							"vector": [0, 0, 0]
						},
						"0.9583": {
							"vector": [0, 0, 0]
						},
						"1.0417": {
							"vector": [-32.5, 0, 0]
						},
						"1.2083": {
							"vector": [-32.5, 0, 0]
						},
						"1.2917": {
							"vector": [0, 0, 0]
						}
					}
				},
				"rightarm": {
					"rotation": {
						"0.9583": {
							"vector": [0, 0, 0]
						},
						"1.0417": {
							"vector": [46.67, 0, 0]
						},
						"1.1667": {
							"vector": [46.67, 0, 0]
						},
						"1.375": {
							"vector": [0, 0, 0]
						}
					},
					"position": {
						"0.0": {
							"vector": [-1, -13, 46]
						},
						"0.2083": {
							"vector": [-1, -13, 46]
						},
						"0.5": {
							"vector": [0, 0, 46]
						},
						"0.75": {
							"vector": [0, 0, 0]
						},
						"0.9583": {
							"vector": [0, 0, 0]
						},
						"1.0417": {
							"vector": [0, 4.6, 3.6]
						},
						"1.1667": {
							"vector": [0, 4.6, 3.6]
						},
						"1.2917": {
							"vector": [0, 5.6, 4.6]
						},
						"1.375": {
							"vector": [0, 0, 0]
						}
					}
				},
				"leftarm": {
					"rotation": {
						"0.0": {
							"vector": [36.92317, 47.91272, 47.12677]
						},
						"0.125": {
							"vector": [36.92317, 47.91272, 47.12677]
						},
						"0.75": {
							"vector": [0, 0, 0]
						}
					},
					"position": {
						"0.0": {
							"vector": [9, 1, 20]
						},
						"0.125": {
							"vector": [9, 1, 20]
						},
						"0.25": {
							"vector": [0, 0, 19]
						},
						"0.375": {
							"vector": [0, 0, 11]
						},
						"0.75": {
							"vector": [0, 0, 0]
						}
					}
				}
			},
			"sound_effects": {
				"0.9583": {
					"effect": "gun_cocking"
				}
			}
		},
		"animation.model.fire": {
			"loop": "hold_on_last_frame",
			"animation_length": 0.7083,
			"bones": {
				"main": {
					"rotation": {
						"0.0": {
							"vector": [-6.75, 0, 0]
						},
						"0.0833": {
							"vector": [1.25, 0, 0]
						},
						"0.1667": {
							"vector": [0, 0, 0]
						},
						"0.2917": {
							"vector": [1.25, 0, 14.87]
						},
						"0.4167": {
							"vector": [1.5, 0, 18.62]
						},
						"0.5": {
							"vector": [0, 0, 1.12]
						},
						"0.5833": {
							"vector": [0, 0, 0]
						}
					},
					"position": {
						"0.0": {
							"vector": [0, 0, 1.9]
						},
						"0.0833": {
							"vector": [0, 0, -0.1]
						},
						"0.1667": {
							"vector": [0, 0, 0]
						}
					}
				},
				"lever": {
					"rotation": {
						"0.2083": {
							"vector": [0, 0, 0]
						},
						"0.2917": {
							"vector": [-52.5, 0, 0]
						},
						"0.4167": {
							"vector": [-52.5, 0, 0]
						},
						"0.5": {
							"vector": [0, 0, 0]
						}
					}
				},
				"rightarm": {
					"rotation": {
						"0.0": {
							"vector": [0, 0, 0]
						},
						"0.2083": {
							"vector": [0, 0, 0]
						},
						"0.2917": {
							"vector": [27.5, 0, 0]
						},
						"0.4167": {
							"vector": [27.5, 0, 0]
						},
						"0.5": {
							"vector": [0, 0, 0]
						}
					}
				},
				"BulletShell": {
					"position": {
						"0.25": {
							"vector": [0, 2, 0]
						},
						"0.2917": {
							"vector": [-99, 2, 0]
						},
						"0.5": {
							"vector": [-57, -31, 0]
						},
						"0.5417": {
							"vector": [2, -31, 0]
						}
					}
				},
				"Bullet": {
					"position": {
						"0.4167": {
							"vector": [0, 0, 0]
						},
						"0.4583": {
							"vector": [0, 0.325, -6]
						},
						"0.5": {
							"vector": [0, 0.33, -10]
						}
					}
				}
			},
			"sound_effects": {
				"0.2917": {
					"effect": "gun_cocking"
				}
			}
		},
		"animation.model.iterativeload": {
			"loop": "hold_on_last_frame",
			"animation_length": 0.6667,
			"bones": {
				"main": {
					"rotation": {
						"0.0": {
							"vector": [-15.26883, 26.49982, 102.69538]
						},
						"0.0833": {
							"vector": [-14.96073, 24.08627, 103.41633]
						},
						"0.1667": {
							"vector": [-15.26883, 26.49982, 102.69538]
						},
						"0.2917": {
							"vector": [-11.76883, 26.49982, 102.69538]
						},
						"0.4167": {
							"vector": [-15.26883, 26.49982, 102.69538]
						},
						"0.5": {
							"vector": [-15.26883, 26.49982, 102.69538]
						},
						"0.5833": {
							"vector": [-17.26883, 26.49982, 102.69538]
						},
						"0.6667": {
							"vector": [-15.26883, 26.49982, 102.69538]
						}
					},
					"position": {
						"0.0": {
							"vector": [0, 0, -20]
						},
						"0.125": {
							"vector": [0, 0, -20.45]
						},
						"0.25": {
							"vector": [0, 0, -21.525]
						},
						"0.5417": {
							"vector": [0, 0, -20]
						}
					}
				},
				"lever": {
					"rotation": {
						"0.0": {
							"vector": [0, 0, 0]
						},
						"0.2083": {
							"vector": [0, 0, 0]
						},
						"0.2917": {
							"vector": [-37.5, 0, 0]
						},
						"0.4167": {
							"vector": [-37.5, 0, 0]
						},
						"0.5417": {
							"vector": [0, 0, 0]
						}
					}
				},
				"rightarm": {
					"position": {
						"0.0": {
							"vector": [-1, -13, 46]
						},
						"0.1667": {
							"vector": [-1, -13, 43]
						},
						"0.5417": {
							"vector": [-1, -13, 46]
						}
					}
				},
				"leftarm": {
					"rotation": {
						"0.0": {
							"vector": [36.92317, 47.91272, 47.12677]
						},
						"0.1667": {
							"vector": [36.92317, 47.91272, 47.12677]
						},
						"0.2917": {
							"vector": [52.90032, 43.89529, 68.64091]
						},
						"0.4167": {
							"vector": [52.90032, 43.89529, 68.64091]
						},
						"0.5": {
							"vector": [36.92317, 47.91272, 47.12677]
						}
					},
					"position": {
						"0.0": {
							"vector": [9, 1, 20]
						},
						"0.1667": {
							"vector": [9, 1, 20]
						},
						"0.2917": {
							"vector": [9, -2, 17]
						},
						"0.4167": {
							"vector": [9, -2, 17]
						},
						"0.5": {
							"vector": [9, 1, 20]
						}
					}
				}
			},
			"sound_effects": {
				"0.125": {
					"effect": "open_cylinder2"
				},
				"0.25": {
					"effect": "gun_cocking"
				}
			}
		},
		"animation.model.inspect": {
			"loop": "hold_on_last_frame",
			"animation_length": 4.1,
			"bones": {
				"main": {
					"rotation": {
						"0.0": {
							"vector": [0, 0, 0]
						},
						"0.3": {
							"vector": [-22.12893, -56.55679, -5.56528]
						},
						"0.4": {
							"vector": [-14.71599, -58.14111, -14.36367]
						},
						"0.5333": {
							"vector": [-6.65301, -59.07099, -23.80336]
						},
						"0.6": {
							"vector": [-2.47582, -59.2701, -28.66716]
						},
						"0.7": {
							"vector": [1.73254, -59.28633, -33.56177]
						},
						"0.8": {
							"vector": [5.91906, -59.11938, -38.43478]
						},
						"0.9333": {
							"vector": [10.03223, -58.77222, -43.23531]
						},
						"1.0333": {
							"vector": [10.03223, -58.77222, -43.23531]
						},
						"1.1667": {
							"vector": [5.91906, -59.11938, -38.43478]
						},
						"1.2667": {
							"vector": [1.73254, -59.28633, -33.56177]
						},
						"1.3667": {
							"vector": [1.61548, -56.78739, -33.42382]
						},
						"1.5333": {
							"vector": [1.51594, -54.28832, -33.30311]
						},
						"1.7": {
							"vector": [1.73254, -59.28633, -33.56177]
						},
						"1.9": {
							"vector": [1.61548, -56.78739, -33.42382]
						},
						"2.1": {
							"vector": [1.51594, -54.28832, -33.30311]
						},
						"2.3": {
							"vector": [1.73254, -59.28633, -33.56177]
						},
						"2.4333": {
							"vector": [2.83043, -71.77707, -34.76082]
						},
						"2.5667": {
							"vector": [3.26602, -74.27355, -35.21614]
						},
						"2.7": {
							"vector": [3.86851, -76.76874, -35.83824]
						},
						"2.8667": {
							"vector": [-47.7681, -42.11731, 24.10943]
						},
						"3.0333": {
							"vector": [-75.06829, -27.59303, 51.09395]
						},
						"3.1333": {
							"vector": [-75.38458, -25.17565, 51.80552]
						},
						"3.2333": {
							"vector": [-75.66242, -22.75499, 52.48939]
						},
						"3.3333": {
							"vector": [-75.90484, -20.33152, 53.14941]
						},
						"3.5667": {
							"vector": [-63.58279, -56.91172, 35.32832]
						},
						"3.6667": {
							"vector": [-21.93813, -56.02362, -6.48603]
						},
						"3.9333": {
							"vector": [0.32389, -0.60235, -2.1558],
							"easing": "linear"
						},
						"4.0": {
							"vector": [1.17562, -0.41829, 1.456]
						},
						"4.1": {
							"vector": [0, 0, 0]
						}
					},
					"position": {
						"0.0": {
							"vector": [0, 0, 0]
						},
						"0.3": {
							"vector": [0, 0, -3]
						},
						"0.4333": {
							"vector": [0, 0, -4]
						},
						"0.8667": {
							"vector": [0, 0, -4]
						},
						"1.2667": {
							"vector": [0, 0, -3.275]
						},
						"3.5667": {
							"vector": [0, 0, -3.275]
						},
						"3.9333": {
							"vector": [0, 0, 0],
							"easing": "linear"
						}
					}
				},
				"leftarm": {
					"rotation": {
						"0.0": {
							"vector": [0, 0, 0]
						},
						"0.1": {
							"vector": [0.98553, -9.13169, -15.01422]
						},
						"0.9333": {
							"vector": [0.98553, -9.13169, -15.01422]
						},
						"1.2667": {
							"vector": [3.01887, -14.94435, -26.26988]
						},
						"1.3667": {
							"vector": [6.26343, -20.24125, -38.05025]
						},
						"1.7": {
							"vector": [2.51599, -13.81516, -23.98341]
						},
						"1.9": {
							"vector": [6.26343, -20.24125, -38.05025]
						},
						"2.2333": {
							"vector": [0.98553, -9.13169, -15.01422]
						},
						"3.6333": {
							"vector": [0.98553, -9.13169, -15.01422]
						},
						"3.7667": {
							"vector": [0, 0, 0]
						}
					},
					"position": {
						"0.0": {
							"vector": [0, 0, 0]
						},
						"0.1": {
							"vector": [0, 1.5, 7]
						},
						"0.9333": {
							"vector": [0, 1.5, 7]
						},
						"1.2667": {
							"vector": [0, 1.5, -4]
						},
						"1.3667": {
							"vector": [0, 2.5, -8]
						},
						"1.5333": {
							"vector": [0, 2.5, -12]
						},
						"1.7": {
							"vector": [4, 2.5, 6]
						},
						"1.9": {
							"vector": [0, 2.5, -8]
						},
						"2.0667": {
							"vector": [0, 2.5, -12]
						},
						"2.2333": {
							"vector": [0, 1.5, 7]
						},
						"3.6333": {
							"vector": [0, 1.5, 7]
						},
						"3.7667": {
							"vector": [0, 0, 0]
						}
					}
				}
			}
		}
	},
	"geckolib_format_version": 2
}