{
	"format_version": "1.8.0",
	"animations": {
		"animation.model.draw": {
			"loop": "hold_on_last_frame",
			"animation_length": 1.55,
			"bones": {
				"main": {
					"rotation": {
						"0.0": {
							"vector": [32.09413, -54.38778, -8.29667]
						},
						"0.25": {
							"vector": [-18.86653, -9.96368, 5.36947]
						},
						"0.4": {
							"vector": [-30.50717, -8.92786, 5.68812]
						},
						"0.5": {
							"vector": [-18.86653, -9.96368, 5.36947]
						},
						"0.75": {
							"vector": [-25.16866, -6.51093, 6.43163]
						},
						"0.9": {
							"vector": [0.50518, -5.08075, 6.8716],
							"easing": "linear"
						},
						"1.0": {
							"vector": [6.69335, -4.80216, 6.31002]
						},
						"1.1": {
							"vector": [6.33857, -0.41789, -1.49563]
						},
						"1.2": {
							"vector": [0, 0, 0],
							"easing": "linear"
						},
						"1.3": {
							"vector": [-4, 0, 0]
						},
						"1.4": {
							"vector": [-3.25, 0, 0],
							"easing": "linear"
						},
						"1.55": {
							"vector": [0, 0, 0],
							"easing": "linear"
						}
					},
					"position": {
						"0.0": {
							"vector": [0, -17.3, 0]
						},
						"0.25": {
							"vector": [-0.05, -2, -8.49],
							"easing": "linear"
						},
						"0.5": {
							"vector": [-0.05, -2, -13.49],
							"easing": "linear"
						},
						"0.95": {
							"vector": [0, 0, -5],
							"easing": "linear"
						},
						"1.2": {
							"vector": [0, 0, -3]
						},
						"1.35": {
							"vector": [0, 0, 0]
						}
					}
				},
				"Hammer": {
					"rotation": {
						"0.8": {
							"vector": [46, 0, 0]
						},
						"1.05": {
							"vector": [46, 0, 0]
						},
						"1.2": {
							"vector": [0, 0, 0]
						}
					},
					"position": {
						"0.8": {
							"vector": [0, 0, 0]
						},
						"1.05": {
							"vector": [0, 0, 0]
						},
						"1.2": {
							"vector": [0, 0, 0]
						}
					}
				},
				"Cylinder": {
					"rotation": {
						"1.05": {
							"vector": [0, 0, 180]
						},
						"1.2": {
							"vector": [0, 0, 0]
						}
					},
					"position": {
						"vector": [0, 0, 0]
					}
				},
				"rightarm": {
					"rotation": {
						"0.0": {
							"vector": [0, 0, 0]
						},
						"0.25": {
							"vector": [4.44, 0, 0]
						},
						"0.45": {
							"vector": [-25.8, 0, 0]
						},
						"0.55": {
							"vector": [-10.8, 0, 0]
						},
						"0.65": {
							"vector": [34, 0, 0]
						},
						"0.8": {
							"vector": [7.5, 0, 0]
						},
						"1.1": {
							"vector": [0, 0, 0]
						}
					},
					"position": {
						"0.0": {
							"vector": [0, 0, -1.9]
						},
						"0.1": {
							"vector": [-3.95, 1.8, -6.9]
						},
						"0.2": {
							"vector": [-4.5, 4.9, -4.1]
						},
						"0.25": {
							"vector": [-4.67, 3.3, -3.6]
						},
						"0.35": {
							"vector": [-1.5, 0, -3]
						},
						"0.4": {
							"vector": [-0.7, -8.23, -1.78]
						},
						"0.45": {
							"vector": [0.1, -10.45, -7.75]
						},
						"0.55": {
							"vector": [-0.9, -6.2, -3.75]
						},
						"0.65": {
							"vector": [-4.43, 7.15, -10.36]
						},
						"0.7": {
							"vector": [-3.86, 5.84, -8.9]
						},
						"0.8": {
							"vector": [-5.23, 9.08, -9.52]
						},
						"0.9": {
							"vector": [-4.49, 4.45, -9.35]
						},
						"1.1": {
							"vector": [0, 0, 0]
						}
					}
				},
				"leftarm": {
					"rotation": {
						"0.0": {
							"vector": [0, 0, 0]
						},
						"1.05": {
							"vector": [-2.70964, -7.10759, -19.00123]
						},
						"1.2": {
							"vector": [-4.07792, -18.02389, -11.80015]
						},
						"1.4": {
							"vector": [0, 0, 0]
						},
						"1.55": {
							"vector": [0, 0, 0]
						}
					},
					"position": {
						"0.0": {
							"vector": [0, -38, -35]
						},
						"0.2": {
							"vector": [0, -38, 10]
						},
						"0.8": {
							"vector": [22, -38, 10]
						},
						"1.05": {
							"vector": [0, 13, -4]
						},
						"1.2": {
							"vector": [0, 8.5, -0.4]
						},
						"1.3": {
							"vector": [0, 7.25, 6.8]
						},
						"1.4": {
							"vector": [0, 0, 0]
						}
					}
				},
				"gun": {
					"rotation": {
						"0.0": {
							"vector": [137.5, 0, 0]
						},
						"0.05": {
							"vector": [55.5, 0, 0]
						},
						"0.1": {
							"vector": [-49.5, 0, 0]
						},
						"0.15": {
							"vector": [-138.5, 0, 0]
						},
						"0.2": {
							"vector": [-197.25, 0, 0]
						},
						"0.25": {
							"vector": [-256, 0, 0]
						},
						"0.3": {
							"vector": [-305, 0, 0]
						},
						"0.35": {
							"vector": [-354, 0, 0]
						},
						"0.4": {
							"vector": [-392.75, 0, 0]
						},
						"0.45": {
							"vector": [-431.5, 0, 0]
						},
						"0.5": {
							"vector": [-422.91, 0, 0]
						},
						"0.55": {
							"vector": [-414.33, 0, 0]
						},
						"0.6": {
							"vector": [-373.39, 0, 0]
						},
						"0.65": {
							"vector": [-332.44, 0, 0]
						},
						"0.7": {
							"vector": [-291.5, 0, 0]
						},
						"0.75": {
							"vector": [-243.5, 0, 0]
						},
						"0.8": {
							"vector": [-195.5, 0, 0]
						},
						"0.85": {
							"vector": [-134.5, 0, 0]
						},
						"0.9": {
							"vector": [-73.5, 0, 0]
						},
						"0.95": {
							"vector": [-36.75, 0, 0]
						},
						"1.0": {
							"vector": [0, 0, 0]
						}
					},
					"position": {
						"0.0": {
							"vector": [0, 0, 0]
						},
						"0.5": {
							"vector": [0, 0, 0]
						},
						"0.65": {
							"vector": [0, -1.4, -2.8]
						},
						"0.75": {
							"vector": [0, 2.3, -6]
						},
						"0.8": {
							"vector": [-1, 2.75, -4.5]
						},
						"0.95": {
							"vector": [0, 0, 0]
						}
					}
				}
			},
			"sound_effects": {
				"1.2": {
					"effect": "hammer_cock"
				}
			}
		},
		"animation.model.inspect": {
			"loop": "hold_on_last_frame",
			"animation_length": 5.3667,
			"bones": {
				"main": {
					"rotation": {
						"0.0": {
							"vector": [0, 0, 0]
						},
						"0.4333": {
							"vector": [-18.86653, -9.96368, 5.36947]
						},
						"0.5667": {
							"vector": [-30.50717, -8.92786, 5.68812]
						},
						"0.6667": {
							"vector": [-18.86653, -9.96368, 5.36947]
						},
						"0.9333": {
							"vector": [-25.16866, -6.51093, 6.43163]
						},
						"1.0667": {
							"vector": [0.50518, -5.08075, 6.8716],
							"easing": "easeOutSine"
						},
						"1.1667": {
							"vector": [6.69335, -4.80216, 6.31002]
						},
						"1.2667": {
							"vector": [6.33857, -0.41789, -1.49563]
						},
						"1.3667": {
							"vector": [0, 0, 0],
							"easing": "linear"
						},
						"1.5667": {
							"vector": [-22.12893, -56.55679, -5.56528]
						},
						"1.6667": {
							"vector": [-14.71599, -58.14111, -14.36367]
						},
						"1.8": {
							"vector": [-6.65301, -59.07099, -23.80336]
						},
						"1.8667": {
							"vector": [-2.47582, -59.2701, -28.66716]
						},
						"1.9667": {
							"vector": [1.73254, -59.28633, -33.56177]
						},
						"2.0667": {
							"vector": [5.91906, -59.11938, -38.43478]
						},
						"2.2": {
							"vector": [10.03223, -58.77222, -43.23531]
						},
						"2.3": {
							"vector": [10.03223, -58.77222, -43.23531]
						},
						"2.4333": {
							"vector": [5.91906, -59.11938, -38.43478]
						},
						"2.5333": {
							"vector": [1.73254, -59.28633, -33.56177]
						},
						"2.6333": {
							"vector": [1.61548, -56.78739, -33.42382]
						},
						"2.8": {
							"vector": [1.51594, -54.28832, -33.30311]
						},
						"2.9667": {
							"vector": [1.73254, -59.28633, -33.56177]
						},
						"3.1667": {
							"vector": [1.61548, -56.78739, -33.42382]
						},
						"3.3667": {
							"vector": [1.51594, -54.28832, -33.30311]
						},
						"3.5667": {
							"vector": [1.73254, -59.28633, -33.56177]
						},
						"3.7": {
							"vector": [2.83043, -71.77707, -34.76082]
						},
						"3.8333": {
							"vector": [3.26602, -74.27355, -35.21614]
						},
						"3.9667": {
							"vector": [3.86851, -76.76874, -35.83824]
						},
						"4.1333": {
							"vector": [-47.7681, -42.11731, 24.10943]
						},
						"4.3": {
							"vector": [-75.06829, -27.59303, 51.09395]
						},
						"4.4": {
							"vector": [-75.38458, -25.17565, 51.80552]
						},
						"4.5": {
							"vector": [-75.66242, -22.75499, 52.48939]
						},
						"4.6": {
							"vector": [-75.90484, -20.33152, 53.14941]
						},
						"4.8333": {
							"vector": [-63.58279, -56.91172, 35.32832]
						},
						"4.9333": {
							"vector": [-21.93813, -56.02362, -6.48603]
						},
						"5.2": {
							"vector": [0.32389, -0.60235, -2.1558],
							"easing": "linear"
						},
						"5.3": {
							"vector": [0, 0, 2.5],
							"easing": "linear"
						},
						"5.3667": {
							"vector": [0, 0, 0]
						}
					},
					"position": {
						"0.0": {
							"vector": [0, 0, 0]
						},
						"0.4333": {
							"vector": [-0.05, 7, -13.49],
							"easing": "linear"
						},
						"0.6667": {
							"vector": [-0.05, 7, -13.49],
							"easing": "linear"
						},
						"1.1333": {
							"vector": [0, 0, -5],
							"easing": "linear"
						},
						"1.3667": {
							"vector": [0, 0, -3]
						},
						"1.5667": {
							"vector": [0, 0, -3]
						},
						"1.7": {
							"vector": [0, 0, -4]
						},
						"2.1333": {
							"vector": [0, 0, -4]
						},
						"2.5333": {
							"vector": [0, 0, -3.275]
						},
						"4.8333": {
							"vector": [0, 0, -3.275]
						},
						"5.2667": {
							"vector": [0, 0, 0],
							"easing": "linear"
						}
					}
				},
				"leftarm": {
					"rotation": {
						"0.0": {
							"vector": [0, 0, 0]
						},
						"0.1667": {
							"vector": [0, 0, 0]
						},
						"2.5333": {
							"vector": [-32.60252, -4.67839, 8.84119]
						},
						"2.6333": {
							"vector": [-30.527, -15.40917, 2.32808]
						},
						"2.8667": {
							"vector": [-32.60252, -4.67839, 8.84119]
						},
						"2.9667": {
							"vector": [-30.527, -15.40917, 2.32808]
						},
						"3.1667": {
							"vector": [-32.60252, -4.67839, 8.84119]
						},
						"3.3667": {
							"vector": [-32.60252, -4.67839, 8.84119]
						},
						"5.3": {
							"vector": [0, 0, 0]
						}
					},
					"position": {
						"0.0": {
							"vector": [0, 0, 0]
						},
						"0.1667": {
							"vector": [0, -38, -35]
						},
						"0.3667": {
							"vector": [0, -38, 10]
						},
						"0.9667": {
							"vector": [22, -38, 10]
						},
						"2.5333": {
							"vector": [3, 9, -20]
						},
						"2.6333": {
							"vector": [3, 9, -24]
						},
						"2.8": {
							"vector": [4, 9, -24]
						},
						"2.9667": {
							"vector": [4, 9, -19]
						},
						"3.1667": {
							"vector": [4, 9, -25]
						},
						"3.3667": {
							"vector": [4, 6, -30]
						},
						"3.8667": {
							"vector": [20, -14, 9]
						},
						"5.3": {
							"vector": [0, 0, 0]
						}
					}
				},
				"gun": {
					"rotation": {
						"0.0": {
							"vector": [0, 0, 0]
						},
						"0.2333": {
							"vector": [55.5, 0, 0]
						},
						"0.2667": {
							"vector": [-49.5, 0, 0]
						},
						"0.3333": {
							"vector": [-138.5, 0, 0]
						},
						"0.4333": {
							"vector": [-256, 0, 0]
						},
						"0.5": {
							"vector": [-354, 0, 0]
						},
						"0.6333": {
							"vector": [-431.5, 0, 0]
						},
						"0.7333": {
							"vector": [-414.33, 0, 0]
						},
						"0.8667": {
							"vector": [-291.5, 0, 0]
						},
						"0.9667": {
							"vector": [-195.5, 0, 0]
						},
						"1.0667": {
							"vector": [-73.5, 0, 0]
						},
						"1.1667": {
							"vector": [5, 0, 0]
						},
						"1.2667": {
							"vector": [0, 0, 0]
						}
					},
					"position": {
						"0.2333": {
							"vector": [0, 0, 0]
						},
						"0.8333": {
							"vector": [0, -1.4, -2.8]
						},
						"0.9333": {
							"vector": [0, 2.3, -6]
						},
						"0.9667": {
							"vector": [-1, 2.75, -4.5]
						},
						"1.1333": {
							"vector": [0, 0, 0]
						}
					}
				},
				"rightarm": {
					"rotation": {
						"0.0": {
							"vector": [0, 0, 0]
						},
						"0.4333": {
							"vector": [4.44, 0, 0]
						},
						"0.6333": {
							"vector": [-25.8, 0, 0]
						},
						"0.7333": {
							"vector": [-10.8, 0, 0]
						},
						"0.8333": {
							"vector": [34, 0, 0]
						},
						"0.9667": {
							"vector": [7.5, 0, 0]
						},
						"1.2667": {
							"vector": [0, 0, 0]
						}
					},
					"position": {
						"0.0": {
							"vector": [0, 0, 0]
						},
						"0.2667": {
							"vector": [-3.95, 1.8, -6.9]
						},
						"0.3667": {
							"vector": [-4.5, 4.9, -4.1]
						},
						"0.4333": {
							"vector": [-4.67, 3.3, -3.6]
						},
						"0.5": {
							"vector": [-1.5, 0, -3]
						},
						"0.6333": {
							"vector": [0.1, -16.45, -7.75]
						},
						"0.7333": {
							"vector": [-0.9, -6.2, -3.75]
						},
						"0.8333": {
							"vector": [-4.43, 7.15, -10.36]
						},
						"0.8667": {
							"vector": [-3.86, 8.84, -8.9]
						},
						"0.9667": {
							"vector": [-5.23, 10.68, -9.52]
						},
						"1.0667": {
							"vector": [-4.49, 4.45, -9.35]
						},
						"1.2667": {
							"vector": [0, 0, 0]
						}
					}
				}
			}
		},
		"animation.model.fire": {
			"loop": true,
			"animation_length": 1,
			"bones": {
				"main": {
					"rotation": {
						"0.0": {
							"vector": [-10, 0, 0]
						},
						"0.0833": {
							"vector": [0, 0, 0]
						},
						"0.25": {
							"vector": [-18.86653, -9.96368, 5.36947]
						},
						"0.4167": {
							"vector": [-20.16866, -6.51093, 6.43163]
						},
						"0.5833": {
							"vector": [0.50518, -5.08075, 6.8716],
							"easing": "easeOutSine"
						},
						"0.7083": {
							"vector": [0.32389, -0.60235, -2.1558],
							"easing": "linear"
						},
						"0.7917": {
							"vector": [0, 0, 0],
							"easing": "linear"
						}
					},
					"position": {
						"0.0": {
							"vector": [0, 0, 3]
						},
						"0.0833": {
							"vector": [0, 0, 0]
						},
						"0.25": {
							"vector": [-0.4, -2.525, -1.625],
							"easing": "linear"
						},
						"0.4583": {
							"vector": [-0.05, 0, -2.49],
							"easing": "linear"
						},
						"0.75": {
							"vector": [0, 0, 0],
							"easing": "linear"
						}
					}
				},
				"Hammer": {
					"rotation": {
						"0.0": {
							"vector": [46, 0, 0]
						},
						"0.25": {
							"vector": [46, 0, 0]
						},
						"0.4167": {
							"vector": [0, 0, 0]
						}
					},
					"position": {
						"0.0": {
							"vector": [0, 0, 0]
						},
						"0.25": {
							"vector": [0, 0, 0]
						},
						"0.4167": {
							"vector": [0, 0, 0]
						}
					}
				},
				"Cylinder": {
					"rotation": {
						"0.0": {
							"vector": [0, 0, 90]
						},
						"0.3333": {
							"vector": [0, 0, 90]
						},
						"0.5": {
							"vector": [0, 0, 0]
						}
					},
					"position": {
						"0.0": {
							"vector": [0, 0, 0]
						},
						"0.3333": {
							"vector": [0, 0, 0]
						}
					}
				},
				"rightarm": {
					"rotation": {
						"0.0": {
							"vector": [0, 0, 0]
						},
						"0.25": {
							"vector": [-10, 0, 0]
						},
						"0.4167": {
							"vector": [0, 0, 0]
						},
						"0.5833": {
							"vector": [0, 0, 0]
						}
					},
					"position": {
						"0.0": {
							"vector": [0, 0, 0]
						},
						"0.25": {
							"vector": [0, 5, -2]
						},
						"0.4167": {
							"vector": [0, 5, 1]
						},
						"0.5833": {
							"vector": [0, 0, 0]
						}
					}
				}
			},
			"sound_effects": {
				"0.3333": {
					"effect": "hammer_cock"
				}
			}
		},
		"animation.model.fireslug": {
			"loop": true,
			"animation_length": 1,
			"bones": {
				"main": {
					"rotation": {
						"0.0": {
							"vector": [-12.5, 0, 0]
						},
						"0.25": {
							"vector": [5, 0, 0]
						},
						"0.375": {
							"vector": [-18.86653, -9.96368, 5.36947]
						},
						"0.5417": {
							"vector": [-20.16866, -6.51093, 6.43163]
						},
						"0.7083": {
							"vector": [0.50518, -5.08075, 6.8716],
							"easing": "easeOutSine"
						},
						"0.8333": {
							"vector": [0.32389, -0.60235, -2.1558],
							"easing": "linear"
						},
						"0.9167": {
							"vector": [0, 0, 0],
							"easing": "linear"
						}
					},
					"position": {
						"0.0": {
							"vector": [0, 0, 7]
						},
						"0.2083": {
							"vector": [0, 0, 3]
						},
						"0.375": {
							"vector": [-0.4, -2.525, -1.625],
							"easing": "linear"
						},
						"0.5833": {
							"vector": [-0.05, 0, -2.49],
							"easing": "linear"
						},
						"0.875": {
							"vector": [0, 0, 0],
							"easing": "linear"
						}
					}
				},
				"Hammer": {
					"rotation": {
						"0.0": {
							"vector": [46, 0, 0]
						},
						"0.375": {
							"vector": [46, 0, 0]
						},
						"0.5417": {
							"vector": [0, 0, 0]
						}
					},
					"position": {
						"0.0": {
							"vector": [0, 0, 0]
						},
						"0.375": {
							"vector": [0, 0, 0]
						},
						"0.5417": {
							"vector": [0, 0, 0]
						}
					}
				},
				"Cylinder": {
					"rotation": {
						"0.0": {
							"vector": [0, 0, 90]
						},
						"0.4583": {
							"vector": [0, 0, 90]
						},
						"0.625": {
							"vector": [0, 0, 0]
						}
					},
					"position": {
						"0.0": {
							"vector": [0, 0, 0]
						},
						"0.4583": {
							"vector": [0, 0, 0]
						}
					}
				},
				"rightarm": {
					"rotation": {
						"0.0": {
							"vector": [0, 0, 0]
						},
						"0.375": {
							"vector": [-10, 0, 0]
						},
						"0.5417": {
							"vector": [0, 0, 0]
						},
						"0.7083": {
							"vector": [0, 0, 0]
						}
					},
					"position": {
						"0.0": {
							"vector": [0, 0, 0]
						},
						"0.375": {
							"vector": [0, 5, -2]
						},
						"0.5417": {
							"vector": [0, 5, 1]
						},
						"0.7083": {
							"vector": [0, 0, 0]
						}
					}
				}
			},
			"sound_effects": {
				"0.4583": {
					"effect": "hammer_cock"
				}
			}
		},
		"animation.model.drawunused": {
			"loop": true,
			"animation_length": 1.2,
			"bones": {
				"main": {
					"rotation": {
						"0.0": {
							"vector": [32.09413, -54.38778, -8.29667]
						},
						"0.25": {
							"vector": [-18.86653, -9.96368, 5.36947]
						},
						"0.4": {
							"vector": [-25.16866, -6.51093, 6.43163]
						},
						"0.55": {
							"vector": [0.50518, -5.08075, 6.8716],
							"easing": "easeOutSine"
						},
						"0.7": {
							"vector": [0.32389, -0.60235, -2.1558],
							"easing": "linear"
						},
						"0.8": {
							"vector": [0, 0, 0],
							"easing": "linear"
						}
					},
					"position": {
						"0.0": {
							"vector": [0, -17.3, 0]
						},
						"0.25": {
							"vector": [-0.4, -2.525, -1.625],
							"easing": "linear"
						},
						"0.45": {
							"vector": [-0.05, 0, -2.49],
							"easing": "linear"
						},
						"0.75": {
							"vector": [0, 0, 0],
							"easing": "linear"
						}
					}
				},
				"Hammer": {
					"rotation": {
						"0.0": {
							"vector": [37.5, 0, 0]
						},
						"0.25": {
							"vector": [37.5, 0, 0]
						},
						"0.4": {
							"vector": [0, 0, 0]
						}
					},
					"position": {
						"0.0": {
							"vector": [0, 0, 0]
						},
						"0.25": {
							"vector": [0, 0, 0]
						},
						"0.4": {
							"vector": [0, 0, 0]
						}
					}
				},
				"Cylinder": {
					"rotation": {
						"vector": [0, 0, 0]
					},
					"position": {
						"vector": [0, 0, 0]
					}
				},
				"rightarm": {
					"rotation": {
						"0.0": {
							"vector": [0, 0, 0]
						},
						"0.25": {
							"vector": [-10, 0, 0]
						},
						"0.4": {
							"vector": [0, 0, 0]
						},
						"0.6": {
							"vector": [0, 0, 0]
						}
					},
					"position": {
						"0.0": {
							"vector": [0, 0, 0]
						},
						"0.25": {
							"vector": [0, 5, -2]
						},
						"0.4": {
							"vector": [0, 5, 1]
						},
						"0.6": {
							"vector": [0, 0, 0]
						}
					}
				},
				"leftarm": {
					"rotation": {
						"0.0": {
							"vector": [0, 0, 0]
						},
						"0.2": {
							"vector": [1, 0, -22]
						},
						"0.4": {
							"vector": [0, 0, 0]
						}
					},
					"position": {
						"0.0": {
							"vector": [0, 0, 0]
						},
						"0.2": {
							"vector": [3.53901, 3.6754, 5.59783]
						},
						"0.4": {
							"vector": [0, 0, 0]
						}
					}
				}
			},
			"sound_effects": {
				"0.3": {
					"effect": "hammer_cock"
				}
			}
		},
		"animation.model.inspectunused": {
			"loop": "hold_on_last_frame",
			"animation_length": 4.1,
			"bones": {
				"main": {
					"rotation": {
						"0.0": {
							"vector": [0, 0, 0]
						},
						"0.3": {
							"vector": [-22.12893, -56.55679, -5.56528]
						},
						"0.4": {
							"vector": [-14.71599, -58.14111, -14.36367]
						},
						"0.5333": {
							"vector": [-6.65301, -59.07099, -23.80336]
						},
						"0.6": {
							"vector": [-2.47582, -59.2701, -28.66716]
						},
						"0.7": {
							"vector": [1.73254, -59.28633, -33.56177]
						},
						"0.8": {
							"vector": [5.91906, -59.11938, -38.43478]
						},
						"0.9333": {
							"vector": [10.03223, -58.77222, -43.23531]
						},
						"1.0333": {
							"vector": [10.03223, -58.77222, -43.23531]
						},
						"1.1667": {
							"vector": [5.91906, -59.11938, -38.43478]
						},
						"1.2667": {
							"vector": [1.73254, -59.28633, -33.56177]
						},
						"1.3667": {
							"vector": [1.61548, -56.78739, -33.42382]
						},
						"1.5333": {
							"vector": [1.51594, -54.28832, -33.30311]
						},
						"1.7": {
							"vector": [1.73254, -59.28633, -33.56177]
						},
						"1.9": {
							"vector": [1.61548, -56.78739, -33.42382]
						},
						"2.1": {
							"vector": [1.51594, -54.28832, -33.30311]
						},
						"2.3": {
							"vector": [1.73254, -59.28633, -33.56177]
						},
						"2.4333": {
							"vector": [2.83043, -71.77707, -34.76082]
						},
						"2.5667": {
							"vector": [3.26602, -74.27355, -35.21614]
						},
						"2.7": {
							"vector": [3.86851, -76.76874, -35.83824]
						},
						"2.8667": {
							"vector": [-47.7681, -42.11731, 24.10943]
						},
						"3.0333": {
							"vector": [-75.06829, -27.59303, 51.09395]
						},
						"3.1333": {
							"vector": [-75.38458, -25.17565, 51.80552]
						},
						"3.2333": {
							"vector": [-75.66242, -22.75499, 52.48939]
						},
						"3.3333": {
							"vector": [-75.90484, -20.33152, 53.14941]
						},
						"3.5667": {
							"vector": [-63.58279, -56.91172, 35.32832]
						},
						"3.6667": {
							"vector": [-21.93813, -56.02362, -6.48603]
						},
						"3.9333": {
							"vector": [0.32389, -0.60235, -2.1558],
							"easing": "linear"
						},
						"4.0333": {
							"vector": [0, 0, 2.5],
							"easing": "linear"
						},
						"4.1": {
							"vector": [0, 0, 0]
						}
					},
					"position": {
						"0.0": {
							"vector": [0, 0, 0]
						},
						"0.3": {
							"vector": [0, 0, -3]
						},
						"0.4333": {
							"vector": [0, 0, -4]
						},
						"0.8667": {
							"vector": [0, 0, -4]
						},
						"1.2667": {
							"vector": [0, 0, -3.275]
						},
						"3.5667": {
							"vector": [0, 0, -3.275]
						},
						"4.0": {
							"vector": [0, 0, 0],
							"easing": "linear"
						}
					}
				},
				"leftarm": {
					"rotation": {
						"0.0": {
							"vector": [0, 0, 0]
						},
						"1.2667": {
							"vector": [-32.60252, -4.67839, 8.84119]
						},
						"1.3667": {
							"vector": [-30.527, -15.40917, 2.32808]
						},
						"1.6": {
							"vector": [-32.60252, -4.67839, 8.84119]
						},
						"1.7": {
							"vector": [-30.527, -15.40917, 2.32808]
						},
						"1.9": {
							"vector": [-32.60252, -4.67839, 8.84119]
						},
						"2.1": {
							"vector": [-32.60252, -4.67839, 8.84119]
						},
						"4.0333": {
							"vector": [0, 0, 0]
						}
					},
					"position": {
						"0.0": {
							"vector": [0, 0, 0]
						},
						"0.1333": {
							"vector": [20, -15, 11]
						},
						"1.2667": {
							"vector": [3, 9, -20]
						},
						"1.3667": {
							"vector": [3, 9, -24]
						},
						"1.5333": {
							"vector": [4, 9, -24]
						},
						"1.7": {
							"vector": [4, 9, -19]
						},
						"1.9": {
							"vector": [4, 9, -25]
						},
						"2.1": {
							"vector": [4, 6, -30]
						},
						"2.6": {
							"vector": [20, -14, 9]
						},
						"4.0333": {
							"vector": [0, 0, 0]
						}
					}
				}
			}
		},
		"animation.model.prepare": {
			"loop": "hold_on_last_frame",
			"animation_length": 1.4583,
			"bones": {
				"main": {
					"rotation": {
						"0.0": {
							"vector": [0, 0, 0]
						},
						"0.1667": {
							"vector": [1.56505, -0.33262, 11.99546]
						},
						"0.25": {
							"vector": [3.1267, -0.22174, 7.99697]
						},
						"0.4167": {
							"vector": [4, 0, 0]
						},
						"0.5417": {
							"vector": [4, 0, 0]
						},
						"0.6667": {
							"vector": [3.99863, -0.10462, 1.49635]
						},
						"0.7917": {
							"vector": [4, 0, 0]
						}
					},
					"position": {
						"0.0": {
							"vector": [0, 0, 0]
						},
						"0.1667": {
							"vector": [-1.1, -0.44, 0.68]
						},
						"0.4167": {
							"vector": [6, -1.1, 1.7]
						},
						"0.625": {
							"vector": [6.525, -1.925, 1.7]
						}
					}
				},
				"gun": {
					"rotation": {
						"0.0": {
							"vector": [0, 0, 0]
						},
						"0.1667": {
							"vector": [0, 3.08, 6.15]
						},
						"0.5417": {
							"vector": [0, 10, 20]
						},
						"0.6667": {
							"vector": [1.81693, 19.92066, 25.3191]
						}
					},
					"position": {
						"0.0": {
							"vector": [0, 0, 0]
						},
						"0.5417": {
							"vector": [0, -1, 0]
						},
						"0.6667": {
							"vector": [0, -2.625, 0]
						}
					}
				},
				"Hammer": {
					"rotation": {
						"0.0": {
							"vector": [0, 0, 0]
						},
						"0.0833": {
							"vector": [0, 0, 0]
						},
						"0.2083": {
							"vector": [46, 0, 0]
						}
					}
				},
				"rightarm": {
					"position": {
						"0.0": {
							"vector": [0, 0, 0]
						},
						"0.4583": {
							"vector": [0, 0, 0]
						},
						"0.625": {
							"vector": [0, 0, 13]
						},
						"0.75": {
							"vector": [-3, 0, 31]
						}
					}
				},
				"leftarm": {
					"rotation": {
						"0.0": {
							"vector": [0, 0, 0]
						},
						"0.2083": {
							"vector": [0.63877, -7.51283, -10.14854]
						},
						"0.4167": {
							"vector": [0.44736, 2.14254, 10.24281]
						},
						"0.6667": {
							"vector": [-7.05264, 2.14254, 10.24281]
						}
					},
					"position": {
						"0.0": {
							"vector": [0, 0, 0]
						},
						"0.2083": {
							"vector": [0, 10, -5.1]
						},
						"0.2917": {
							"vector": [0, 6, -1.74]
						},
						"0.4167": {
							"vector": [0, 0, -14.2]
						},
						"0.5417": {
							"vector": [0, 6, -16.2]
						},
						"0.6667": {
							"vector": [0, 5.525, -15.2]
						}
					}
				},
				"Bullet3": {
					"rotation": {
						"vector": [0, -7.5, 0]
					},
					"position": {
						"0.0": {
							"vector": [-0.9, -6.1, 14]
						},
						"0.4583": {
							"vector": [0.01, -6.82, 23.09]
						},
						"0.625": {
							"vector": [-9.08, -7.55, 32.18]
						},
						"0.75": {
							"vector": [-14.9, -8.1, 39]
						}
					}
				}
			},
			"sound_effects": {
				"0.0833": {
					"effect": "close_cylinder"
				}
			}
		},
		"animation.model.iterativeload": {
			"loop": "hold_on_last_frame",
			"animation_length": 1.25,
			"bones": {
				"main": {
					"rotation": {
						"0.0": {
							"vector": [4, 0, 0]
						},
						"0.2083": {
							"vector": [4.00879, 3.92049, 1.27698]
						},
						"0.3333": {
							"vector": [5.50879, 3.92049, 1.27698]
						},
						"0.4167": {
							"vector": [4.00879, 3.92049, 1.27698]
						},
						"0.5": {
							"vector": [3.25399, 1.78204, 0.58044]
						},
						"0.5833": {
							"vector": [4.66977, 1.38603, 0.45146]
						},
						"0.7083": {
							"vector": [4.00879, 3.92049, 1.27698]
						},
						"0.875": {
							"vector": [4, 0, 0]
						}
					},
					"position": {
						"0.0": {
							"vector": [6.525, -1.925, 1.7]
						},
						"0.2083": {
							"vector": [6.55, -1.93, 1.7]
						},
						"0.4167": {
							"vector": [6.55, -1.93, 1.7]
						},
						"0.5833": {
							"vector": [6.35, -1.93, 2.05]
						},
						"0.7083": {
							"vector": [6.55, -1.93, 1.7]
						},
						"0.875": {
							"vector": [6.525, -1.925, 1.7]
						}
					}
				},
				"gun": {
					"rotation": {
						"0.0": {
							"vector": [1.81693, 19.92066, 25.3191]
						},
						"0.125": {
							"vector": [-8.18307, 19.92066, 25.3191]
						},
						"0.25": {
							"vector": [-5.89735, 19.92066, 25.3191]
						},
						"0.4167": {
							"vector": [1.81693, 19.92066, 25.3191]
						},
						"0.9167": {
							"vector": [0.72775, 19.9873, 22.12824]
						},
						"1.0833": {
							"vector": [1.81693, 19.92066, 25.3191]
						}
					},
					"position": {
						"0.0": {
							"vector": [0, -2.625, 0]
						},
						"0.4167": {
							"vector": [0, -2.625, 0]
						},
						"1.0833": {
							"vector": [0, -2.625, 0]
						}
					}
				},
				"Hammer": {
					"rotation": {
						"vector": [46, 0, 0]
					}
				},
				"Cylinder": {
					"rotation": {
						"0.875": {
							"vector": [0, 0, 0]
						},
						"1.0": {
							"vector": [0, 0, -180]
						}
					},
					"position": {
						"vector": [0, 0, 0]
					}
				},
				"Ramrod": {
					"rotation": {
						"0.5833": {
							"vector": [0, 0, 0]
						},
						"0.7083": {
							"vector": [40, 0, 0]
						},
						"0.7917": {
							"vector": [40, 0, 0]
						},
						"0.875": {
							"vector": [0, 0, 0]
						}
					}
				},
				"Cylinder_Ram": {
					"rotation": {
						"0.5833": {
							"vector": [0, 0, 0]
						},
						"0.7083": {
							"vector": [-35, 0, 0]
						},
						"0.7917": {
							"vector": [-35, 0, 0]
						},
						"0.875": {
							"vector": [0, 0, 0]
						}
					}
				},
				"rightarm": {
					"rotation": {
						"0.0": {
							"vector": [0, 0, 0]
						},
						"0.2083": {
							"vector": [-4.17848, 9.31298, -1.95656]
						},
						"0.4167": {
							"vector": [-5.48001, -9.86654, 3.88657]
						},
						"0.7083": {
							"vector": [7.01999, -9.86654, 3.88657]
						},
						"0.7917": {
							"vector": [7.01999, -9.86654, 3.88657]
						},
						"0.875": {
							"vector": [-4.57523, -7.80912, 1.57344]
						},
						"1.0": {
							"vector": [-4.86241, -4.12764, 2.02942]
						},
						"1.125": {
							"vector": [0, 0, 0]
						}
					},
					"position": {
						"0.0": {
							"vector": [-3, 0, 31]
						},
						"0.2083": {
							"vector": [-5, 7, -11]
						},
						"0.2917": {
							"vector": [-6.5, 8.33, -11.9]
						},
						"0.4167": {
							"vector": [-11, 11, -23]
						},
						"0.5833": {
							"vector": [-11, 9.61, -23.8]
						},
						"0.7083": {
							"vector": [-11, 10, -23]
						},
						"0.7917": {
							"vector": [-11, 10, -23]
						},
						"0.875": {
							"vector": [-11, 11, -23]
						},
						"1.0": {
							"vector": [-5.4, 5.8, -8]
						},
						"1.125": {
							"vector": [-3, 0, 31]
						}
					}
				},
				"leftarm": {
					"rotation": {
						"0.0": {
							"vector": [-7.05264, 2.14254, 10.24281]
						},
						"0.125": {
							"vector": [-12.05264, 2.14254, 10.24281]
						},
						"0.25": {
							"vector": [-7.05264, 2.14254, 10.24281]
						},
						"0.75": {
							"vector": [-7.05264, 2.14254, 10.24281]
						},
						"0.875": {
							"vector": [-7.21525, -0.85022, 6.23363]
						},
						"1.0": {
							"vector": [-7.05264, 2.14254, 10.24281]
						}
					},
					"position": {
						"0.0": {
							"vector": [0, 5.525, -15.2]
						},
						"0.25": {
							"vector": [0, 5.525, -15.2]
						},
						"0.75": {
							"vector": [0, 5.525, -15.2]
						},
						"1.0": {
							"vector": [0, 5.525, -15.2]
						}
					}
				},
				"Bullet3": {
					"rotation": {
						"0.2083": {
							"vector": [0, 0, 0]
						},
						"0.5833": {
							"vector": [0, 0, 0]
						},
						"0.7083": {
							"vector": [0, 0, 0]
						}
					},
					"position": {
						"0.0": {
							"vector": [-14.9, -8.1, 39]
						},
						"0.2083": {
							"vector": [0, 0, -1]
						},
						"0.5833": {
							"vector": [0, 0, -1]
						},
						"0.7083": {
							"vector": [0, 0, 0]
						}
					}
				}
			},
			"sound_effects": {
				"0.2917": {
					"effect": "repeater_bullet_load"
				},
				"0.5417": {
					"effect": "carbine_rodin"
				},
				"0.8333": {
					"effect": "cylinder_rotate"
				}
			}
		},
		"animation.model.finish": {
			"loop": "hold_on_last_frame",
			"animation_length": 0.75,
			"bones": {
				"main": {
					"rotation": {
						"0.0": {
							"vector": [4, 0, 0]
						},
						"0.0833": {
							"vector": [1.5, 0, 0]
						},
						"0.2083": {
							"vector": [0, 0, 0]
						},
						"0.2917": {
							"vector": [0, 0, 0]
						},
						"0.4167": {
							"vector": [-7, 0, 0]
						},
						"0.5833": {
							"vector": [0, 0, 0]
						},
						"0.6667": {
							"vector": [1, 0, 0]
						},
						"0.75": {
							"vector": [0, 0, 0]
						}
					},
					"position": {
						"0.0": {
							"vector": [6.525, -1.925, 1.7]
						},
						"0.0833": {
							"vector": [4.6, -1.93, 1.7]
						},
						"0.2083": {
							"vector": [0, 0, 0]
						},
						"0.2917": {
							"vector": [0, 0, 0]
						},
						"0.4167": {
							"vector": [0, 0, 0.7]
						},
						"0.5833": {
							"vector": [0, 0, 0]
						}
					}
				},
				"gun": {
					"rotation": {
						"0.0": {
							"vector": [1.81693, 19.92066, 25.3191]
						},
						"0.125": {
							"vector": [-3.6133, 19.68365, 9.37332]
						},
						"0.375": {
							"vector": [0, 0, 0]
						}
					},
					"position": {
						"0.0": {
							"vector": [0, -2.625, 0]
						},
						"0.375": {
							"vector": [0, 0, 0]
						}
					}
				},
				"Hammer": {
					"rotation": {
						"0.3333": {
							"vector": [46, 0, 0]
						},
						"0.4167": {
							"vector": [0, 0, 0]
						}
					}
				},
				"rightarm": {
					"rotation": {
						"0.0": {
							"vector": [0, 0, 0]
						},
						"0.1667": {
							"vector": [-0.55018, 6.78476, 22.30038]
						},
						"0.375": {
							"vector": [0, 0, 0]
						}
					},
					"position": {
						"0.0": {
							"vector": [-3, 0, 31]
						},
						"0.1667": {
							"vector": [3, -2, 0]
						},
						"0.375": {
							"vector": [0, 0, 0]
						}
					}
				},
				"leftarm": {
					"rotation": {
						"0.0": {
							"vector": [-7.05264, 2.14254, 10.24281]
						},
						"0.125": {
							"vector": [-7.06612, -5.34236, 0.22435]
						},
						"0.3333": {
							"vector": [-7.21386, -27.09261, 5.11559]
						},
						"0.5833": {
							"vector": [0, 0, 0]
						}
					},
					"position": {
						"0.0": {
							"vector": [0, 5.525, -15.2]
						},
						"0.125": {
							"vector": [-1, 6.53, -15.2]
						},
						"0.3333": {
							"vector": [-0.57, 13.73, -2.69]
						},
						"0.5": {
							"vector": [-0.19, 4.58, 6.1]
						},
						"0.5833": {
							"vector": [0, 0, 0]
						}
					}
				}
			},
			"sound_effects": {
				"0.3333": {
					"effect": "hammer_cock"
				}
			}
		},
		"animation.model.slugload": {
			"loop": "hold_on_last_frame",
			"animation_length": 1.5,
			"bones": {
				"main": {
					"rotation": {
						"0.0": {
							"vector": [0, 0, 0]
						},
						"0.125": {
							"vector": [0, 0, 16]
						},
						"0.4167": {
							"vector": [0, 0, 16]
						},
						"0.5417": {
							"vector": [0, 0, 18]
						},
						"0.6667": {
							"vector": [0, 0, 16]
						},
						"0.8333": {
							"vector": [-1.25, 0, 16]
						},
						"0.9583": {
							"vector": [-0.25, 0, 16]
						},
						"1.0833": {
							"vector": [-1.25, 0, 16]
						},
						"1.2083": {
							"vector": [-1.24881, -0.05452, 13.50059]
						},
						"1.3333": {
							"vector": [0, 0, 16]
						},
						"1.5": {
							"vector": [0, 0, 0]
						}
					},
					"position": {
						"0.0": {
							"vector": [0, 0, 0]
						},
						"0.1667": {
							"vector": [0, 0, 7]
						},
						"0.4167": {
							"vector": [0, 0, 8.7]
						},
						"0.625": {
							"vector": [0, 0, 9.25]
						},
						"0.75": {
							"vector": [0, 0, 9.05]
						},
						"0.875": {
							"vector": [0, 0, 8.7]
						},
						"1.125": {
							"vector": [0, 0, 8.7]
						},
						"1.4167": {
							"vector": [0, 0, 0]
						}
					}
				},
				"gun": {
					"rotation": {
						"0.0": {
							"vector": [0, 0, 0]
						},
						"0.2083": {
							"vector": [7.5, 0, 0]
						},
						"0.3333": {
							"vector": [7.49294, 0.32621, -2.47864]
						},
						"0.5": {
							"vector": [4.99294, 0.32621, -2.47864]
						},
						"0.625": {
							"vector": [7.24294, 0.32621, -2.47864]
						},
						"1.1667": {
							"vector": [8.99294, 0.32621, -2.47864]
						},
						"1.375": {
							"vector": [6.99294, 0.32621, -2.47864]
						},
						"1.5": {
							"vector": [0, 0, 0]
						}
					},
					"position": {
						"vector": [0, 0, 0]
					}
				},
				"Shotgun_Ramrod": {
					"position": {
						"0.0": {
							"vector": [0, 0, 0]
						},
						"0.3333": {
							"vector": [0, 0, 0]
						},
						"0.5": {
							"vector": [0, 0, -2]
						},
						"0.625": {
							"vector": [0, 0, -15]
						},
						"0.75": {
							"vector": [2, -1.6, -9]
						},
						"0.875": {
							"vector": [2, -1.6, -4]
						},
						"1.0": {
							"vector": [2, -1.6, -9]
						},
						"1.125": {
							"vector": [0, 0, -15]
						},
						"1.25": {
							"vector": [0, 0, 0]
						}
					}
				},
				"rightarm": {
					"rotation": {
						"0.0": {
							"vector": [0, 0, 0]
						},
						"0.5417": {
							"vector": [0, 0, 0]
						},
						"0.6667": {
							"vector": [6, 0, 0]
						}
					}
				},
				"leftarm": {
					"rotation": {
						"0.25": {
							"vector": [0, 0, 0]
						},
						"0.4167": {
							"vector": [-11, 0, 0]
						},
						"0.5": {
							"vector": [0, 0, 0]
						},
						"0.75": {
							"vector": [0, 0, 0]
						},
						"0.875": {
							"vector": [-10, 0, 0]
						},
						"1.0": {
							"vector": [0, 0, 0]
						},
						"1.25": {
							"vector": [-12.5, 0, 0]
						}
					},
					"position": {
						"0.0": {
							"vector": [0, 0, 0]
						},
						"0.125": {
							"vector": [0, 0, -16]
						},
						"0.25": {
							"vector": [0, 6, -33]
						},
						"0.5": {
							"vector": [-1, 6.7, -34.2]
						},
						"0.625": {
							"vector": [-1, 6, -49]
						},
						"0.75": {
							"vector": [-1, 4, -41]
						},
						"0.875": {
							"vector": [-1, 4, -34]
						},
						"1.0": {
							"vector": [-1, 4, -41]
						},
						"1.125": {
							"vector": [-1, 6, -49]
						},
						"1.25": {
							"vector": [-1, 7, -35]
						},
						"1.375": {
							"vector": [0, 0, -16]
						},
						"1.5": {
							"vector": [0, 0, 0]
						}
					}
				},
				"Slug": {
					"rotation": {
						"0.0": {
							"vector": [0, 0, 0]
						},
						"0.125": {
							"vector": [-33.7424, 14.6914, -9.61518]
						},
						"0.3333": {
							"vector": [0, 0, 0]
						},
						"0.75": {
							"vector": [0, 0, 0]
						},
						"0.875": {
							"vector": [0, 0, 0]
						}
					},
					"position": {
						"0.0": {
							"vector": [0, -14, 17]
						},
						"0.125": {
							"vector": [2, -6.4, 1.2]
						},
						"0.2083": {
							"vector": [0, -2.4, -9]
						},
						"0.3333": {
							"vector": [0, 0, -14]
						},
						"0.75": {
							"vector": [0, 0, -14]
						},
						"0.875": {
							"vector": [0, 0, 0]
						}
					}
				}
			},
			"sound_effects": {
				"0.5": {
					"effect": "carbine_rodout"
				},
				"0.75": {
					"effect": "shotgun_load_shell"
				},
				"1.0833": {
					"effect": "carbine_rodin"
				}
			}
		},
		"animation.model.hipfire": {
			"loop": true,
			"animation_length": 0.2083,
			"bones": {
				"main": {
					"rotation": {
						"0.0": {
							"vector": [-2.5, 0, 0]
						},
						"0.0833": {
							"vector": [5, 0, 0]
						},
						"0.1667": {
							"vector": [0, 0, 0]
						}
					},
					"position": {
						"0.0": {
							"vector": [0, 0, 3]
						},
						"0.0833": {
							"vector": [0, 0, 0]
						},
						"0.1667": {
							"vector": [0, 0, 0]
						}
					}
				},
				"Hammer": {
					"rotation": {
						"0.0833": {
							"vector": [46, 0, 0]
						},
						"0.1667": {
							"vector": [0, 0, 0]
						}
					},
					"position": {
						"0.0833": {
							"vector": [0, 0, 0]
						},
						"0.1667": {
							"vector": [0, 0, 0]
						}
					}
				},
				"Cylinder": {
					"rotation": {
						"0.0": {
							"vector": [0, 0, 90]
						},
						"0.1667": {
							"vector": [0, 0, 0]
						}
					},
					"position": {
						"vector": [0, 0, 0]
					}
				},
				"leftarm": {
					"rotation": {
						"vector": [-13.26267, -50.60319, -65.09908]
					},
					"position": {
						"0.0": {
							"vector": [0, 9, -1]
						},
						"0.0833": {
							"vector": [0, 12, -4]
						},
						"0.1667": {
							"vector": [0, 9, -1]
						}
					}
				}
			},
			"sound_effects": {
				"0.0833": {
					"effect": "hammer_cock"
				}
			}
		},
		"animation.model.preparehip": {
			"loop": "hold_on_last_frame",
			"animation_length": 0.125,
			"bones": {
				"main": {
					"rotation": {
						"0.0": {
							"vector": [0, 0, 0]
						},
						"0.0833": {
							"vector": [0, 0, 2]
						}
					}
				},
				"leftarm": {
					"rotation": {
						"0.0": {
							"vector": [0, 0, 0]
						},
						"0.125": {
							"vector": [-13.26267, -50.60319, -65.09908]
						}
					},
					"position": {
						"0.0": {
							"vector": [0, 0, 0]
						},
						"0.125": {
							"vector": [0, 9, -1]
						}
					}
				}
			}
		},
		"animation.model.finishhip": {
			"loop": "hold_on_last_frame",
			"animation_length": 0.25,
			"bones": {
				"leftarm": {
					"rotation": {
						"0.0": {
							"vector": [-13.26267, -50.60319, -65.09908]
						},
						"0.2083": {
							"vector": [0, 0, 0]
						}
					},
					"position": {
						"0.0": {
							"vector": [0, 9, -1]
						},
						"0.2083": {
							"vector": [0, 0, 0]
						}
					}
				},
				"main": {
					"rotation": {
						"0.0": {
							"vector": [0, 0, 0]
						},
						"0.125": {
							"vector": [0, 0, -1]
						},
						"0.25": {
							"vector": [0, 0, 0]
						}
					}
				}
			}
		}
	},
	"geckolib_format_version": 2
}