{
	"format_version": "1.8.0",
	"animations": {
		"animation.model.draw": {
			"loop": true,
			"animation_length": 1.2,
			"bones": {
				"main": {
					"rotation": {
						"0.0": {
							"vector": [32.09413, -54.38778, -8.29667]
						},
						"0.35": {
							"vector": [0.50518, -5.08075, 6.8716],
							"easing": "easeOutSine"
						},
						"0.5": {
							"vector": [0.32389, -0.60235, -2.1558],
							"easing": "linear"
						},
						"0.6": {
							"vector": [0, 0, 0],
							"easing": "linear"
						}
					},
					"position": {
						"0.0": {
							"vector": [0, -17.3, 0]
						},
						"0.25": {
							"vector": [-0.4, -2.525, -1.625],
							"easing": "linear"
						},
						"0.4": {
							"vector": [-0.05, 0, -2.49],
							"easing": "linear"
						},
						"0.55": {
							"vector": [0, 0, 0],
							"easing": "linear"
						}
					}
				},
				"leftarm": {
					"rotation": {
						"0.0": {
							"vector": [0, 0, 0]
						},
						"0.2": {
							"vector": [1, 0, -22]
						},
						"0.4": {
							"vector": [0, 0, 0]
						}
					},
					"position": {
						"0.0": {
							"vector": [0, 0, 0]
						},
						"0.2": {
							"vector": [3.53901, 3.6754, 5.59783]
						},
						"0.4": {
							"vector": [0, 0, 0]
						}
					}
				}
			}
		},
		"animation.model.inspect": {
			"loop": "hold_on_last_frame",
			"animation_length": 4.36667,
			"bones": {
				"main": {
					"rotation": {
						"0.0": {
							"vector": [0, 0, 0]
						},
						"0.1": {
							"vector": [0, 0, -5]
						},
						"0.2333": {
							"vector": [0, 0, -10]
						},
						"0.3": {
							"vector": [0, 0, -5]
						},
						"0.4": {
							"vector": [0, 0, 0]
						},
						"0.5": {
							"vector": [0, 0, -5]
						},
						"0.5667": {
							"vector": [0, 0, -12.5]
						},
						"0.6333": {
							"vector": [0, 0, -10]
						},
						"0.7667": {
							"vector": [-5.01681, -22.16297, -21.90344]
						},
						"0.9667": {
							"vector": [-6.52582, -44.5537, -19.21171]
						},
						"1.1": {
							"vector": [-6.82465, -47.03677, -18.79494]
						},
						"1.2333": {
							"vector": [-6.26329, -42.06924, -19.59434]
						},
						"1.5667": {
							"vector": [-10.60285, -35.06155, -9.00893]
						},
						"2.0": {
							"vector": [-39.65806, -2.1099, 52.19179]
						},
						"2.1": {
							"vector": [-27.23315, 0.1764, 56.63939]
						},
						"2.2667": {
							"vector": [-27.04229, 3.31506, 62.75979]
						},
						"2.5": {
							"vector": [-27.2178, -0.96748, 54.41634]
						},
						"2.6333": {
							"vector": [-24.7178, -0.96748, 54.41634]
						},
						"2.8333": {
							"vector": [-27.2178, -0.96748, 54.41634]
						},
						"3.0667": {
							"vector": [-22.32243, 3.21649, 55.62951]
						},
						"3.3": {
							"vector": [-17.85949, 1.67, 42.97225]
						},
						"3.5": {
							"vector": [-10.95781, -6.69296, -9.36456]
						},
						"3.6667": {
							"vector": [-7.92391, -7.10711, -21.45043]
						},
						"3.8": {
							"vector": [-7.27648, -7.76883, -26.44856]
						},
						"3.9333": {
							"vector": [-7.92391, -7.10711, -21.45043]
						},
						"4.2": {
							"vector": [0, 0, 0]
						}
					},
					"position": {
						"0.0": {
							"vector": [0, 0, 0]
						},
						"0.8": {
							"vector": [0, 0, 0]
						},
						"0.9667": {
							"vector": [-3, 0, 0]
						},
						"4.0667": {
							"vector": [-3, 0, 0]
						},
						"4.2": {
							"vector": [0, 0, 0]
						}
					}
				},
				"leftarm": {
					"rotation": {
						"0.0": {
							"vector": [0, 0, 0]
						},
						"0.2": {
							"vector": [0, 2.5, 0]
						},
						"4.2": {
							"vector": [0, 0, 0]
						}
					},
					"position": {
						"0.0": {
							"vector": [0, 0, 0]
						},
						"0.1": {
							"vector": [2, 6, -10]
						},
						"0.2": {
							"vector": [2, 6, -14]
						},
						"0.3": {
							"vector": [2, 5, -14]
						},
						"0.4": {
							"vector": [2, 5, -9]
						},
						"0.5": {
							"vector": [2, 6, -9]
						},
						"0.6333": {
							"vector": [2, 6, -17]
						},
						"0.8667": {
							"vector": [17, -12, 0]
						},
						"1.0333": {
							"vector": [17, -32, 0]
						},
						"4.0": {
							"vector": [17, -32, 0]
						},
						"4.2": {
							"vector": [0, 0, 0]
						}
					}
				}
			}
		},
		"animation.model.reloadempty": {
			"loop": "hold_on_last_frame",
			"animation_length": 2.4,
			"bones": {
				"main": {
					"rotation": {
						"0.0": {
							"vector": [0, 0, 0]
						},
						"0.1333": {
							"vector": [0, 0, 20]
						},
						"0.3": {
							"vector": [-4.75, 7.5, 20]
						},
						"0.3667": {
							"vector": [-7.75, 7.5, 20]
						},
						"0.5": {
							"vector": [-10.75584, 4.58209, 1.11748]
						},
						"0.6667": {
							"vector": [-10.07564, 5.93991, 8.52497]
						},
						"0.8": {
							"vector": [-8.90241, 7.59267, 18.45715]
						},
						"0.8667": {
							"vector": [-8.21018, 8.33705, 23.44966]
						},
						"1.1333": {
							"vector": [-8.03122, 8.50355, 24.65145]
						},
						"1.2667": {
							"vector": [-8.57653, 7.95572, 20.85181]
						},
						"1.3667": {
							"vector": [-6.55371, 9.68999, 33.99295]
						},
						"1.5": {
							"vector": [-6.97113, 9.39556, 31.4755]
						},
						"1.6": {
							"vector": [-3.75748, 7.75669, 19.53133]
						},
						"1.6667": {
							"vector": [-10.12974, 7.27519, 16.5469]
						},
						"1.7667": {
							"vector": [-9.68811, 6.55293, 12.07024]
						},
						"1.9": {
							"vector": [-10.21654, 5.68824, 7.11728]
						},
						"2.0": {
							"vector": [0, 0, 0]
						},
						"2.1": {
							"vector": [2.5, 0, 0]
						},
						"2.2333": {
							"vector": [0, 0, 0]
						}
					},
					"position": {
						"0.0": {
							"vector": [0, 0, 0]
						},
						"0.1333": {
							"vector": [0, 0, -1]
						},
						"1.6": {
							"vector": [0, 0, -1.4]
						},
						"1.6667": {
							"vector": [0, 0, -1]
						},
						"1.9": {
							"vector": [0, 0, -1]
						},
						"2.0": {
							"vector": [0, 0, 0]
						}
					}
				},
				"leftarm": {
					"rotation": {
						"0.0": {
							"vector": [0, 0, 0]
						},
						"0.1333": {
							"vector": [0, 0, -40]
						},
						"1.0333": {
							"vector": [-10.23, 0, -40]
						},
						"1.2333": {
							"vector": [-12.5, 0, -40]
						},
						"1.3667": {
							"vector": [-12.5, 0, -40]
						},
						"1.6": {
							"vector": [-10.76075, 11.58965, -26.75119]
						},
						"2.0": {
							"vector": [0, 0, 0]
						}
					},
					"position": {
						"0.0": {
							"vector": [0, 0, 0]
						},
						"0.1333": {
							"vector": [11, 5, 4]
						},
						"0.3": {
							"vector": [2, 10, 0]
						},
						"0.4333": {
							"vector": [2, 10, 4]
						},
						"0.6333": {
							"vector": [18, 10, 13]
						},
						"1.0333": {
							"vector": [5.6, 14.8, -10.4]
						},
						"1.1333": {
							"vector": [3, 16, -12]
						},
						"1.2333": {
							"vector": [3.21, 21.79, -13.57]
						},
						"1.3667": {
							"vector": [3.5, 13.32, -12.27]
						},
						"1.6": {
							"vector": [4, 15, -10]
						},
						"1.7667": {
							"vector": [17, 15, 16]
						},
						"2.0": {
							"vector": [0, 0, 0]
						}
					}
				},
				"Chamber": {
					"rotation": {
						"0.0": {
							"vector": [0, 0, 0]
						},
						"0.3": {
							"vector": [0, 0, 0]
						}
					},
					"position": {
						"0.0": {
							"vector": [0, 0, 0]
						},
						"0.3": {
							"vector": [0, 0, 0]
						},
						"0.4333": {
							"vector": [0, 0, 3]
						},
						"1.5667": {
							"vector": [0, 0, 3]
						},
						"1.6": {
							"vector": [0, 0, 0]
						}
					}
				},
				"Bullets": {
					"rotation": {
						"0.0": {
							"vector": [0, 0, 0]
						},
						"1.0333": {
							"vector": [-58.48536, -18.02298, -31.61428]
						},
						"1.1333": {
							"vector": [-64.7322, -18.44072, -51.08252]
						},
						"1.3667": {
							"vector": [-64.7322, -18.44072, -51.08252]
						},
						"1.4333": {
							"vector": [-64.7322, -18.44072, -51.08252]
						},
						"1.8333": {
							"vector": [0, 0, 0]
						}
					},
					"position": {
						"0.0": {
							"vector": [0, 0, 0]
						},
						"0.1667": {
							"vector": [3.65, 1.54, 31.77]
						},
						"0.6333": {
							"vector": [19, 8, 4]
						},
						"1.0333": {
							"vector": [5.28, 19.32, -18.26]
						},
						"1.1333": {
							"vector": [1.2, 15.9, -17.575]
						},
						"1.3667": {
							"vector": [1.2, 15.9, -17.575]
						},
						"1.4333": {
							"vector": [1.2, 15.9, -17.575]
						},
						"1.5": {
							"vector": [3.1, 15.9, -17.575]
						},
						"1.6": {
							"vector": [4.1, 17.9, -17.58]
						},
						"1.7667": {
							"vector": [18.1, 12.9, 7.42]
						},
						"1.8333": {
							"vector": [0, 0, 0]
						}
					}
				},
				"Bullet2": {
					"rotation": {
						"0.0": {
							"vector": [0, 0, 0]
						},
						"1.3": {
							"vector": [0, 0, 0]
						},
						"1.3667": {
							"vector": [0, 0, 0]
						}
					},
					"position": {
						"0.0": {
							"vector": [0, 0, 0]
						},
						"1.3": {
							"vector": [0, 0, 0]
						},
						"1.3667": {
							"vector": [0, -10, 0]
						}
					},
					"scale": {
						"0.0": {
							"vector": [1, 1, 1]
						},
						"1.3": {
							"vector": [1, 1, 1]
						},
						"1.4333": {
							"vector": [1, 0, 0]
						}
					}
				}
			},
			"sound_effects": {
				"0.4333": {
					"effect": "ejector_rod"
				},
				"1.1667": {
					"effect": "gun_down"
				},
				"1.3": {
					"effect": "bullet_strip_load"
				},
				"1.6333": {
					"effect": "close_cylinder"
				}
			}
		},
		"animation.model.prepare": {
			"loop": "hold_on_last_frame",
			"animation_length": 1,
			"bones": {
				"main": {
					"rotation": {
						"0.0": {
							"vector": [0, 0, 0]
						},
						"0.125": {
							"vector": [0, 0, 20]
						},
						"0.2917": {
							"vector": [-4.75, 7.5, 20]
						},
						"0.375": {
							"vector": [-7.75, 7.5, 20]
						},
						"0.5": {
							"vector": [-10.75584, 4.58209, 1.11748]
						},
						"0.6667": {
							"vector": [-10.07564, 5.93991, 8.52497]
						},
						"0.7917": {
							"vector": [-8.90241, 7.59267, 18.45715]
						},
						"0.875": {
							"vector": [-8.56464, 7.97233, 20.95114]
						},
						"1.0": {
							"vector": [-8.90241, 7.59267, 18.45715]
						}
					},
					"position": {
						"0.0": {
							"vector": [0, 0, 0]
						},
						"0.125": {
							"vector": [0, 0, -1]
						}
					}
				},
				"Chamber": {
					"rotation": {
						"0.0": {
							"vector": [0, 0, 0]
						},
						"0.2917": {
							"vector": [0, 0, 0]
						}
					},
					"position": {
						"0.0": {
							"vector": [0, 0, 0]
						},
						"0.2917": {
							"vector": [0, 0, 0]
						},
						"0.4167": {
							"vector": [0, 0, 3]
						}
					}
				},
				"leftarm": {
					"rotation": {
						"0.0": {
							"vector": [0, 0, 0]
						},
						"0.125": {
							"vector": [0, 0, -40]
						}
					},
					"position": {
						"0.0": {
							"vector": [0, 0, 0]
						},
						"0.125": {
							"vector": [11, 5, 4]
						},
						"0.2917": {
							"vector": [2, 10, 0]
						},
						"0.4167": {
							"vector": [2, 10, 4]
						},
						"0.7083": {
							"vector": [26, 10, 28]
						}
					}
				},
				"Bullet3": {
					"rotation": {
						"0.0": {
							"vector": [0, 0, 0]
						},
						"0.3333": {
							"vector": [0, 0, 0]
						}
					},
					"position": {
						"0.0": {
							"vector": [0, 0, 0]
						},
						"0.3333": {
							"vector": [0, 0, 0]
						},
						"0.375": {
							"vector": [0.33, 1.33, 5.67]
						},
						"0.4167": {
							"vector": [0.17, 2.67, 13.34]
						},
						"0.4583": {
							"vector": [4, 4, 17]
						},
						"0.7083": {
							"vector": [25, 3, 42]
						}
					}
				}
			},
			"sound_effects": {
				"0.4167": {
					"effect": "ejector_rod"
				}
			}
		},
		"animation.model.iterativeload": {
			"loop": "hold_on_last_frame",
			"animation_length": 1,
			"bones": {
				"main": {
					"rotation": {
						"0.0": {
							"vector": [-8.90241, 7.59267, 18.45715]
						},
						"0.125": {
							"vector": [-9.52562, 6.79155, 13.48254]
						},
						"0.2083": {
							"vector": [-9.81001, 6.37164, 11.0017]
						},
						"0.2917": {
							"vector": [-9.52562, 6.79155, 13.48254]
						},
						"0.375": {
							"vector": [-7.02562, 6.79155, 13.48254]
						},
						"0.4583": {
							"vector": [-9.52562, 6.79155, 13.48254]
						},
						"0.75": {
							"vector": [-9.81001, 6.37164, 11.0017]
						},
						"0.9167": {
							"vector": [-8.90241, 7.59267, 18.45715]
						}
					},
					"position": {
						"vector": [0, 0, -1]
					}
				},
				"Chamber": {
					"position": {
						"vector": [0, 0, 3]
					}
				},
				"leftarm": {
					"rotation": {
						"0.0": {
							"vector": [0, 0, 0]
						},
						"0.2083": {
							"vector": [0.61346, -3.02129, -38.0034]
						},
						"0.4167": {
							"vector": [2.52732, -0.23828, -59.21518]
						},
						"0.5417": {
							"vector": [0.61346, -3.02129, -38.0034]
						},
						"0.6667": {
							"vector": [0, 0, 0]
						}
					},
					"position": {
						"0.0": {
							"vector": [26, 10, 28]
						},
						"0.2083": {
							"vector": [2, 15, -10]
						},
						"0.4167": {
							"vector": [1, 15, -11]
						},
						"0.5417": {
							"vector": [5, 15, -10]
						},
						"0.7083": {
							"vector": [26, 10, 28]
						}
					}
				},
				"Bullet3": {
					"position": {
						"0.0": {
							"vector": [25, 3, 42]
						},
						"0.2083": {
							"vector": [0, 5.6, 0]
						},
						"0.4167": {
							"vector": [0, 2.8, -0.7]
						}
					}
				}
			},
			"sound_effects": {
				"0.3333": {
					"effect": "repeater_bullet_load"
				}
			}
		},
		"animation.model.finish": {
			"loop": "hold_on_last_frame",
			"animation_length": 0.75,
			"bones": {
				"main": {
					"rotation": {
						"0.0": {
							"vector": [-8.90241, 7.59267, 18.45715]
						},
						"0.1667": {
							"vector": [-6.33043, 14.88245, 35.45103]
						},
						"0.25": {
							"vector": [-5.29901, 17.15569, 28.53359]
						},
						"0.4583": {
							"vector": [7.64488, 7.62475, 12.68159]
						},
						"0.5417": {
							"vector": [-1.17756, 3.81238, 6.3408]
						},
						"0.625": {
							"vector": [0, 0, 0]
						}
					},
					"position": {
						"0.0": {
							"vector": [0, 0, -1]
						},
						"0.625": {
							"vector": [0, 0, 0]
						}
					}
				},
				"Chamber": {
					"position": {
						"0.0": {
							"vector": [0, 0, 3]
						},
						"0.25": {
							"vector": [0, 0, 3]
						},
						"0.2917": {
							"vector": [0, 0, 3.5]
						},
						"0.4167": {
							"vector": [0, 0, 3.5]
						},
						"0.4583": {
							"vector": [0, 0, 0]
						}
					}
				},
				"leftarm": {
					"rotation": {
						"0.0": {
							"vector": [0, 0, 0]
						},
						"0.1667": {
							"vector": [0, 0, -45]
						},
						"0.625": {
							"vector": [0, 0, 0]
						}
					},
					"position": {
						"0.0": {
							"vector": [18, 10, 13]
						},
						"0.1667": {
							"vector": [3, 11, 1]
						},
						"0.2917": {
							"vector": [3, 11, 3]
						},
						"0.3333": {
							"vector": [1, 11, 3]
						},
						"0.4167": {
							"vector": [1, 11, 3]
						},
						"0.4583": {
							"vector": [3, 11, 5]
						},
						"0.625": {
							"vector": [0, 0, 0]
						}
					}
				},
				"Bullet3": {
					"position": {
						"vector": [0, 2.8, -0.7]
					}
				}
			},
			"sound_effects": {
				"0.4583": {
					"effect": "close_cylinder"
				}
			}
		},
		"animation.model.fire": {
			"loop": true,
			"animation_length": 0.5,
			"bones": {
				"main": {
					"rotation": {
						"0.0": {
							"vector": [0, 0, 0]
						},
						"0.0417": {
							"vector": [-2.5, 0, 0]
						},
						"0.125": {
							"vector": [0, 0, 0]
						}
					},
					"position": {
						"vector": [0, 0, 0]
					}
				},
				"hammer": {
					"rotation": {
						"0.0": {
							"vector": [0, 0, 0]
						},
						"0.0417": {
							"vector": [37.5, 0, 0]
						},
						"0.0833": {
							"vector": [0, 0, 0]
						}
					}
				},
				"Chamber": {
					"rotation": {
						"vector": [0, 0, 0]
					},
					"position": {
						"0.0": {
							"vector": [0, 0, 0]
						},
						"0.0417": {
							"vector": [0, 0, 0]
						},
						"0.0833": {
							"vector": [0, 0, 3]
						},
						"0.125": {
							"vector": [0, 0, 0]
						}
					}
				},
				"trigger": {
					"rotation": {
						"0.0": {
							"vector": [0, 0, 0]
						},
						"0.0417": {
							"vector": [17.5, 0, 0]
						},
						"0.25": {
							"vector": [0, 0, 0]
						}
					},
					"position": {
						"vector": [0, 0, 0]
					}
				}
			}
		},
		"animation.model.reload": {
			"loop": "hold_on_last_frame",
			"animation_length": 3.08333,
			"bones": {
				"main": {
					"rotation": {
						"0.0": {
							"vector": [0, 0, 0]
						},
						"0.125": {
							"vector": [0, 0, 20]
						},
						"0.2917": {
							"vector": [-4.75, 7.5, 20]
						},
						"0.375": {
							"vector": [-7.75, 7.5, 20]
						},
						"0.5": {
							"vector": [-10.75584, 4.58209, 1.11748]
						},
						"0.6667": {
							"vector": [-10.07564, 5.93991, 8.52497]
						},
						"0.7917": {
							"vector": [-8.90241, 7.59267, 18.45715]
						},
						"0.875": {
							"vector": [-8.56464, 7.97233, 20.95114]
						},
						"0.9167": {
							"vector": [-8.90241, 7.59267, 18.45715]
						},
						"1.0": {
							"vector": [-8.90241, 7.59267, 18.45715]
						},
						"1.0417": {
							"vector": [-9.52562, 6.79155, 13.48254]
						},
						"1.125": {
							"vector": [-9.81001, 6.37164, 11.0017]
						},
						"1.2083": {
							"vector": [-9.52562, 6.79155, 13.48254]
						},
						"1.2917": {
							"vector": [-7.02562, 6.79155, 13.48254]
						},
						"1.375": {
							"vector": [-9.52562, 6.79155, 13.48254]
						},
						"1.5": {
							"vector": [-9.22292, 7.19882, 15.96765]
						},
						"1.6667": {
							"vector": [-9.52562, 6.79155, 13.48254]
						},
						"1.75": {
							"vector": [-7.02562, 6.79155, 13.48254]
						},
						"1.8333": {
							"vector": [-9.52562, 6.79155, 13.48254]
						},
						"1.9583": {
							"vector": [-9.81001, 6.37164, 11.0017]
						},
						"2.125": {
							"vector": [-9.52562, 6.79155, 13.48254]
						},
						"2.2083": {
							"vector": [-7.02562, 6.79155, 13.48254]
						},
						"2.2917": {
							"vector": [-9.52562, 6.79155, 13.48254]
						},
						"2.4583": {
							"vector": [-8.90241, 7.59267, 18.45715]
						},
						"2.625": {
							"vector": [-6.33043, 14.88245, 35.45103]
						},
						"2.7083": {
							"vector": [-5.29901, 17.15569, 28.53359]
						},
						"2.9167": {
							"vector": [7.64488, 7.62475, 12.68159]
						},
						"3.0": {
							"vector": [-1.17756, 3.81238, 6.3408]
						},
						"3.0833": {
							"vector": [0, 0, 0]
						}
					},
					"position": {
						"0.0": {
							"vector": [0, 0, 0]
						},
						"0.125": {
							"vector": [0, 0, -1]
						},
						"0.9167": {
							"vector": [0, 0, -1]
						},
						"2.4583": {
							"vector": [0, 0, -1]
						},
						"3.0833": {
							"vector": [0, 0, 0]
						}
					}
				},
				"Bullet3": {
					"rotation": {
						"0.0": {
							"vector": [0, 0, 0]
						},
						"0.3333": {
							"vector": [0, 0, 0]
						}
					},
					"position": {
						"0.0": {
							"vector": [0, 0, 0]
						},
						"0.3333": {
							"vector": [0, 0, 0]
						},
						"0.375": {
							"vector": [0.33, 1.33, 5.67]
						},
						"0.4167": {
							"vector": [0.17, 2.67, 13.34]
						},
						"0.4583": {
							"vector": [4, 4, 17]
						},
						"0.7083": {
							"vector": [25, 3, 42]
						},
						"0.9167": {
							"vector": [25, 3, 42]
						},
						"1.125": {
							"vector": [0, 5.6, 0]
						},
						"1.3333": {
							"vector": [0, 2.8, -0.7]
						},
						"1.4167": {
							"vector": [4.62, 2.18, 0.86]
						},
						"1.7083": {
							"vector": [0, 5.6, 0]
						},
						"1.9167": {
							"vector": [0, 2.8, -0.7]
						},
						"1.9583": {
							"vector": [4.62, 2.18, 0.86]
						},
						"2.0417": {
							"vector": [0, 5.6, 0]
						},
						"2.25": {
							"vector": [0, 2.8, -0.7]
						},
						"2.4583": {
							"vector": [0, 2.8, -0.7]
						}
					}
				},
				"Chamber": {
					"rotation": {
						"0.0": {
							"vector": [0, 0, 0]
						},
						"0.2917": {
							"vector": [0, 0, 0]
						}
					},
					"position": {
						"0.0": {
							"vector": [0, 0, 0]
						},
						"0.2917": {
							"vector": [0, 0, 0]
						},
						"0.4167": {
							"vector": [0, 0, 3]
						},
						"0.9167": {
							"vector": [0, 0, 3]
						},
						"2.4583": {
							"vector": [0, 0, 3]
						},
						"2.7083": {
							"vector": [0, 0, 3]
						},
						"2.75": {
							"vector": [0, 0, 3.5]
						},
						"2.875": {
							"vector": [0, 0, 3.5]
						},
						"2.9167": {
							"vector": [0, 0, 0]
						}
					}
				},
				"leftarm": {
					"rotation": {
						"0.0": {
							"vector": [0, 0, 0]
						},
						"0.125": {
							"vector": [0, 0, -40]
						},
						"0.9167": {
							"vector": [0, 0, 0]
						},
						"1.125": {
							"vector": [0.61346, -3.02129, -38.0034]
						},
						"1.3333": {
							"vector": [2.52732, -0.23828, -59.21518]
						},
						"1.4583": {
							"vector": [0.61346, -3.02129, -38.0034]
						},
						"1.625": {
							"vector": [0.61346, -3.02129, -38.0034]
						},
						"1.8333": {
							"vector": [2.52732, -0.23828, -59.21518]
						},
						"2.0417": {
							"vector": [0.61346, -3.02129, -38.0034]
						},
						"2.25": {
							"vector": [2.52732, -0.23828, -59.21518]
						},
						"2.4583": {
							"vector": [0, 0, 0]
						},
						"2.625": {
							"vector": [0, 0, -45]
						},
						"3.0833": {
							"vector": [0, 0, 0]
						}
					},
					"position": {
						"0.0": {
							"vector": [0, 0, 0]
						},
						"0.125": {
							"vector": [11, 5, 4]
						},
						"0.2917": {
							"vector": [2, 10, 0]
						},
						"0.4167": {
							"vector": [2, 10, 4]
						},
						"0.7083": {
							"vector": [26, 10, 28]
						},
						"0.9167": {
							"vector": [26, 10, 28]
						},
						"1.125": {
							"vector": [2, 15, -10]
						},
						"1.3333": {
							"vector": [1, 15, -11]
						},
						"1.4583": {
							"vector": [5, 15, -10]
						},
						"1.625": {
							"vector": [2, 15, -10]
						},
						"1.8333": {
							"vector": [1, 15, -11]
						},
						"2.0417": {
							"vector": [2, 15, -10]
						},
						"2.25": {
							"vector": [1, 15, -11]
						},
						"2.4583": {
							"vector": [18, 10, 13]
						},
						"2.625": {
							"vector": [3, 11, 1]
						},
						"2.75": {
							"vector": [3, 11, 3]
						},
						"2.7917": {
							"vector": [1, 11, 3]
						},
						"2.875": {
							"vector": [1, 11, 3]
						},
						"2.9167": {
							"vector": [3, 11, 5]
						},
						"3.0833": {
							"vector": [0, 0, 0]
						}
					}
				}
			},
			"sound_effects": {
				"0.3333": {
					"effect": "ejector_rod"
				},
				"1.25": {
					"effect": "repeater_bullet_load"
				},
				"1.8333": {
					"effect": "repeater_bullet_load"
				},
				"2.25": {
					"effect": "repeater_bullet_load"
				},
				"2.9167": {
					"effect": "close_cylinder"
				}
			}
		}
	},
	"geckolib_format_version": 2
}