{
	"format_version": "1.8.0",
	"animations": {
		"animation.model.fire": {
			"loop": "hold_on_last_frame",
			"animation_length": 0.8333,
			"bones": {
				"main": {
					"rotation": {
						"0.0": {
							"vector": [-2.5, 0, 0]
						},
						"0.0417": {
							"vector": [-5.70742, 0.69959, 6.96513]
						},
						"0.0833": {
							"vector": [-8.69028, 1.02451, 6.67215]
						},
						"0.1667": {
							"vector": [0, 0, 0]
						},
						"0.375": {
							"vector": [2, 0, 14]
						},
						"0.4583": {
							"vector": [2.1887, -0.65736, 10.09482],
							"easing": "linear"
						},
						"0.5833": {
							"vector": [0, 0, 0],
							"easing": "linear"
						}
					},
					"position": {
						"0.0": {
							"vector": [0, 0, 0.85]
						},
						"0.0417": {
							"vector": [0, 0, 3.475]
						},
						"0.1667": {
							"vector": [0, 0, 0]
						},
						"0.5": {
							"vector": [0, 0, 0],
							"easing": "linear"
						}
					}
				},
				"WoodGrip": {
					"position": {
						"0.2917": {
							"vector": [0, 0, 0]
						},
						"0.4167": {
							"vector": [0, 0, 8]
						},
						"0.5": {
							"vector": [0, 0, 8]
						},
						"0.5833": {
							"vector": [0, 0, 0]
						}
					}
				},
				"Bullet": {
					"rotation": {
						"0.2917": {
							"vector": [0, 0, 0]
						},
						"0.5417": {
							"vector": [-21, 25.5, 0]
						}
					},
					"position": {
						"0.2917": {
							"vector": [0, 0, 0]
						},
						"0.375": {
							"vector": [0, 0, 2.7]
						},
						"0.5417": {
							"vector": [-96, 0, 2.7]
						},
						"0.625": {
							"vector": [-56, -29, 2.7]
						},
						"0.6667": {
							"vector": [-6, -29, 2.7]
						}
					}
				},
				"Bullet2": {
					"rotation": {
						"0.2917": {
							"vector": [0, 0, 0]
						},
						"0.4167": {
							"vector": [30, 0, 0]
						},
						"0.5": {
							"vector": [0, 0, 0]
						}
					},
					"position": {
						"0.2917": {
							"vector": [0, 0, 0]
						},
						"0.4167": {
							"vector": [0, 0, 3]
						},
						"0.5": {
							"vector": [0, 4, 3]
						},
						"0.5833": {
							"vector": [0, 4, 0]
						}
					}
				},
				"Hammer": {
					"rotation": {
						"0.0": {
							"vector": [57.5, 0, 0]
						},
						"0.2917": {
							"vector": [57.5, 0, 0]
						},
						"0.4167": {
							"vector": [0, 0, 0]
						}
					}
				},
				"trigger": {
					"rotation": {
						"0.0": {
							"vector": [35, 0, 0]
						},
						"0.0833": {
							"vector": [0, 0, 0]
						}
					}
				},
				"Loader": {
					"rotation": {
						"0.2917": {
							"vector": [0, 0, 0]
						},
						"0.4167": {
							"vector": [30, 0, 0]
						},
						"0.5": {
							"vector": [30, 0, 0]
						},
						"0.5833": {
							"vector": [0, 0, 0]
						}
					}
				},
				"Chamber2": {
					"position": {
						"0.2917": {
							"vector": [0, 0, 0]
						},
						"0.4167": {
							"vector": [0, 0, 5]
						},
						"0.5": {
							"vector": [0, 0, 5]
						},
						"0.5833": {
							"vector": [0, 0, 0]
						}
					}
				},
				"Chamber": {
					"position": {
						"0.2917": {
							"vector": [0, 0, 0]
						},
						"0.4167": {
							"vector": [0, 0, 4]
						},
						"0.5": {
							"vector": [0, 0, 4]
						},
						"0.5833": {
							"vector": [0, 0, 0]
						}
					}
				},
				"leftarm": {
					"rotation": {
						"0.2917": {
							"vector": [0, 0, 0]
						},
						"0.4167": {
							"vector": [0.07441, -1.32209, -13.13293]
						},
						"0.5": {
							"vector": [0.07441, -1.32209, -13.13293]
						},
						"0.5833": {
							"vector": [0, 0, 0]
						}
					},
					"position": {
						"0.2917": {
							"vector": [0, 0, 0]
						},
						"0.4167": {
							"vector": [1.77, 1.84, 8.8]
						},
						"0.5": {
							"vector": [1.77, 1.84, 8.8]
						},
						"0.5833": {
							"vector": [0, 0, 0]
						}
					}
				},
				"Chamber4": {
					"rotation": {
						"0.2917": {
							"vector": [0, 0, 0]
						},
						"0.4167": {
							"vector": [25, 0, 0]
						},
						"0.5": {
							"vector": [25, 0, 0]
						},
						"0.5833": {
							"vector": [0, 0, 0]
						}
					}
				}
			},
			"sound_effects": {
				"0.2917": {
					"effect": "shotgun_pump"
				}
			}
		},
		"animation.model.draw": {
			"loop": "hold_on_last_frame",
			"animation_length": 0.65,
			"bones": {
				"main": {
					"rotation": {
						"0.0": {
							"vector": [32.09413, -54.38778, -8.29667]
						},
						"0.25": {
							"vector": [0, 0, 6.5]
						},
						"0.35": {
							"vector": [0, 0, 14]
						},
						"0.45": {
							"vector": [0.32389, -0.60235, -2.1558],
							"easing": "linear"
						},
						"0.55": {
							"vector": [0, 0, 0],
							"easing": "linear"
						}
					},
					"position": {
						"0.0": {
							"vector": [0, -17.3, 0]
						},
						"0.15": {
							"vector": [-0.4, -2.525, -1.625],
							"easing": "linear"
						},
						"0.35": {
							"vector": [-0.05, 0, -2.49],
							"easing": "linear"
						},
						"0.5": {
							"vector": [0, 0, 0],
							"easing": "linear"
						}
					}
				},
				"leftarm": {
					"rotation": {
						"0.0": {
							"vector": [0, 0, 0]
						},
						"0.2": {
							"vector": [1, 0, -22]
						},
						"0.4": {
							"vector": [0, 0, 0]
						}
					},
					"position": {
						"0.0": {
							"vector": [0, 0, 0]
						},
						"0.2": {
							"vector": [3.53901, 3.6754, 5.59783]
						},
						"0.3": {
							"vector": [1.77, 1.84, 8.8]
						},
						"0.4": {
							"vector": [0, 0, 0]
						}
					}
				},
				"Hammer": {
					"rotation": {
						"0.0": {
							"vector": [57.5, 0, 0]
						},
						"0.15": {
							"vector": [57.5, 0, 0]
						},
						"0.25": {
							"vector": [0, 0, 0]
						}
					}
				},
				"WoodGrip": {
					"position": {
						"0.2": {
							"vector": [0, 0, 0]
						},
						"0.3": {
							"vector": [0, 0, 8]
						},
						"0.4": {
							"vector": [0, 0, 0]
						}
					}
				},
				"Bullet": {
					"position": {
						"0.2": {
							"vector": [0, -2, 2]
						},
						"0.3": {
							"vector": [0, 0, 3]
						},
						"0.4": {
							"vector": [0, 0, 0]
						}
					}
				},
				"Loader": {
					"rotation": {
						"0.2": {
							"vector": [0, 0, 0]
						},
						"0.3": {
							"vector": [30, 0, 0]
						},
						"0.4": {
							"vector": [0, 0, 0]
						}
					}
				},
				"Chamber2": {
					"position": {
						"0.2": {
							"vector": [0, 0, 0]
						},
						"0.3": {
							"vector": [0, 0, 5]
						},
						"0.4": {
							"vector": [0, 0, 0]
						}
					}
				},
				"Chamber": {
					"position": {
						"0.2": {
							"vector": [0, 0, 0]
						},
						"0.3": {
							"vector": [0, 0, 4]
						},
						"0.4": {
							"vector": [0, 0, 0]
						}
					}
				},
				"Chamber4": {
					"rotation": {
						"0.2": {
							"vector": [0, 0, 0]
						},
						"0.3": {
							"vector": [25, 0, 0]
						},
						"0.4": {
							"vector": [0, 0, 0]
						}
					}
				}
			},
			"sound_effects": {
				"0.2": {
					"effect": "shotgun_pump"
				}
			}
		},
		"animation.model.preparealt": {
			"loop": "hold_on_last_frame",
			"animation_length": 0.6667,
			"bones": {
				"main": {
					"rotation": {
						"0.0": {
							"vector": [0, 0, 0]
						},
						"0.0833": {
							"vector": [0, 0, 15]
						},
						"0.1667": {
							"vector": [0, 0, 12]
						},
						"0.25": {
							"vector": [0, 0, 30]
						},
						"0.3333": {
							"vector": [0.633, 8.9779, 34.0497]
						},
						"0.4583": {
							"vector": [1.34109, 8.90034, 38.60438]
						},
						"0.5417": {
							"vector": [0.633, 8.9779, 34.0497]
						}
					},
					"position": {
						"0.1667": {
							"vector": [0, 0, 0]
						},
						"0.2917": {
							"vector": [4.7, 0, 0]
						}
					}
				},
				"gun": {
					"rotation": {
						"0.0": {
							"vector": [0, 0, 0]
						},
						"0.2917": {
							"vector": [0, 0, 0]
						},
						"0.4167": {
							"vector": [0.70178, 7.96936, 17.54889]
						}
					},
					"position": {
						"0.0": {
							"vector": [0, 0, 0]
						},
						"0.2917": {
							"vector": [0, 0, 0]
						},
						"0.4167": {
							"vector": [-0.6, -0.9, 0]
						}
					}
				},
				"WoodGrip": {
					"position": {
						"0.0": {
							"vector": [0, 0, 0]
						},
						"0.0833": {
							"vector": [0, 0, 8]
						}
					}
				},
				"Bullet": {
					"rotation": {
						"0.0": {
							"vector": [0, 0, 0]
						},
						"0.4167": {
							"vector": [-20, -28, 0]
						}
					},
					"position": {
						"0.0": {
							"vector": [0, -9, 16]
						},
						"0.4167": {
							"vector": [3.9, -23.8, 21.5]
						}
					}
				},
				"Loader": {
					"rotation": {
						"0.0": {
							"vector": [0, 0, 0]
						},
						"0.0833": {
							"vector": [30, 0, 0]
						}
					}
				},
				"Chamber2": {
					"position": {
						"0.0": {
							"vector": [0, 0, 0]
						},
						"0.0833": {
							"vector": [0, 0, 5]
						}
					}
				},
				"Chamber": {
					"position": {
						"0.0": {
							"vector": [0, 0, 0]
						},
						"0.0833": {
							"vector": [0, 0, 4]
						}
					}
				},
				"rightarm": {
					"position": {
						"0.1667": {
							"vector": [0, 0, 0]
						},
						"0.2917": {
							"vector": [0, -10, 2]
						},
						"0.4167": {
							"vector": [0, -19, 9]
						}
					}
				},
				"leftarm": {
					"rotation": {
						"vector": [0, 0, 0]
					},
					"position": {
						"0.0": {
							"vector": [0, 0, 0]
						},
						"0.0833": {
							"vector": [0, 0, 9]
						}
					}
				},
				"Chamber4": {
					"rotation": {
						"0.0": {
							"vector": [0, 0, 0]
						},
						"0.0833": {
							"vector": [25, 0, 0]
						}
					}
				}
			},
			"sound_effects": {
				"0.0417": {
					"effect": "shotgunpump_back"
				}
			}
		},
		"animation.model.chamberload": {
			"loop": "hold_on_last_frame",
			"animation_length": 1.25,
			"bones": {
				"main": {
					"rotation": {
						"0.0": {
							"vector": [0.633, 8.9779, 34.0497]
						},
						"0.125": {
							"vector": [0.63584, 10.4778, 34.06655]
						},
						"0.2917": {
							"vector": [0.97255, 10.19865, 35.91942]
						},
						"0.375": {
							"vector": [1.23243, 7.66544, 37.64187]
						},
						"0.4583": {
							"vector": [1.23552, 8.66521, 37.66363]
						},
						"0.5417": {
							"vector": [0.96707, 8.19893, 35.88513]
						},
						"0.625": {
							"vector": [1.69063, 8.58859, 40.69698]
						},
						"0.7083": {
							"vector": [0.85595, 9.04328, 31.48607]
						},
						"0.7917": {
							"vector": [0, -9, 22]
						},
						"0.9167": {
							"vector": [0, -6.75, 22]
						},
						"1.0417": {
							"vector": [-2.76374, -5.24381, 18.98764]
						},
						"1.1667": {
							"vector": [-0.4709, -3.97223, 28.76633]
						}
					},
					"position": {
						"0.0": {
							"vector": [4.7, 0, 0]
						},
						"0.7083": {
							"vector": [4.7, 0, 0]
						},
						"0.9583": {
							"vector": [4.7, 0, 2.3]
						}
					}
				},
				"gun": {
					"rotation": {
						"0.0": {
							"vector": [0.70178, 7.96936, 17.54889]
						},
						"0.4583": {
							"vector": [0.70178, 7.96936, 17.54889]
						},
						"0.5833": {
							"vector": [1.39801, 7.87768, 22.59626]
						},
						"0.8333": {
							"vector": [9.10072, 8.45313, 71.2292]
						},
						"1.0": {
							"vector": [30.38023, 1.0552, 121.66676]
						}
					},
					"position": {
						"0.0": {
							"vector": [-0.6, -0.9, 0]
						},
						"0.5833": {
							"vector": [-0.6, -0.9, 0]
						},
						"0.8333": {
							"vector": [-6.2, 0, 0]
						}
					}
				},
				"WoodGrip": {
					"position": {
						"0.0": {
							"vector": [0, 0, 8]
						},
						"0.4583": {
							"vector": [0, 0, 8]
						},
						"0.5833": {
							"vector": [0, 0, 0]
						}
					}
				},
				"Bullet": {
					"rotation": {
						"0.0": {
							"vector": [-20, -28, 0]
						},
						"0.25": {
							"vector": [-18.70826, -7.17173, -7.12591]
						},
						"0.375": {
							"vector": [0, 0, 0]
						},
						"0.75": {
							"vector": [0, 0, 0]
						}
					},
					"position": {
						"0.0": {
							"vector": [3.9, -23.8, 21.5]
						},
						"0.25": {
							"vector": [-1.9, 0.5, 3]
						},
						"0.375": {
							"vector": [-0.5, 0, 3.2]
						},
						"0.75": {
							"vector": [0, 0, 0]
						}
					}
				},
				"Bullet2": {
					"rotation": {
						"0.75": {
							"vector": [0, 0, 0]
						},
						"1.0": {
							"vector": [-33.22484, 28.65244, 6.68827]
						}
					},
					"position": {
						"0.75": {
							"vector": [0, 0, 0]
						},
						"0.8333": {
							"vector": [-0.2, 2.3, 11.23]
						},
						"0.875": {
							"vector": [-0.55, -1.8, 16.85]
						},
						"0.9583": {
							"vector": [9.42, -12.85, 31.01]
						},
						"1.0": {
							"vector": [14.4, -14.1, 33.7]
						}
					}
				},
				"Loader": {
					"rotation": {
						"0.0": {
							"vector": [30, 0, 0]
						},
						"0.4583": {
							"vector": [30, 0, 0]
						},
						"0.5833": {
							"vector": [0, 0, 0]
						}
					}
				},
				"Chamber2": {
					"position": {
						"0.0": {
							"vector": [0, 0, 5]
						},
						"0.4583": {
							"vector": [0, 0, 5]
						},
						"0.5833": {
							"vector": [0, 0, 0]
						}
					}
				},
				"Chamber": {
					"position": {
						"0.0": {
							"vector": [0, 0, 4]
						},
						"0.4583": {
							"vector": [0, 0, 4]
						},
						"0.5833": {
							"vector": [0, 0, 0]
						}
					}
				},
				"rightarm": {
					"rotation": {
						"0.0": {
							"vector": [0, 0, 0]
						},
						"0.25": {
							"vector": [-15, 0, 0]
						},
						"0.375": {
							"vector": [-15.8851, 2.29087, 4.53184]
						},
						"0.4167": {
							"vector": [-15.8851, 2.29087, 4.53184]
						},
						"0.5833": {
							"vector": [0, 0, 0]
						},
						"0.8333": {
							"vector": [-3.93547, 13.15405, 53.82732]
						}
					},
					"position": {
						"0.0": {
							"vector": [0, -19, 9]
						},
						"0.25": {
							"vector": [-4.4, 5, -10.5]
						},
						"0.375": {
							"vector": [-3.6, 3.5, -10.5]
						},
						"0.4167": {
							"vector": [-3.6, 3.5, -10.5]
						},
						"0.5833": {
							"vector": [0, 0, 0]
						},
						"0.8333": {
							"vector": [0, 0, 0]
						},
						"1.0": {
							"vector": [-7, -21, 22]
						}
					}
				},
				"leftarm": {
					"rotation": {
						"0.5833": {
							"vector": [0, 0, 0]
						},
						"0.8333": {
							"vector": [6.00198, -8.96887, -22.31929]
						},
						"0.9167": {
							"vector": [8.09298, -4.0511, -23.62258]
						},
						"1.0": {
							"vector": [-2.56602, 0.86666, -24.92586]
						}
					},
					"position": {
						"0.0": {
							"vector": [0, 0, 9]
						},
						"0.4583": {
							"vector": [0, 0, 9]
						},
						"0.5833": {
							"vector": [0, 0, 0]
						},
						"0.7917": {
							"vector": [3.1, 3.6, 0]
						},
						"1.0": {
							"vector": [-1.7, 0.8, -2.6]
						}
					}
				},
				"Chamber4": {
					"rotation": {
						"0.0": {
							"vector": [25, 0, 0]
						},
						"0.4583": {
							"vector": [25, 0, 0]
						},
						"0.5833": {
							"vector": [0, 0, 0]
						}
					}
				}
			},
			"sound_effects": {
				"0.1667": {
					"effect": "shotgun_load_shell"
				},
				"0.4583": {
					"effect": "shotgunpump_forward"
				}
			}
		},
		"animation.model.prepare": {
			"loop": "hold_on_last_frame",
			"animation_length": 0.75,
			"bones": {
				"main": {
					"rotation": {
						"0.0": {
							"vector": [0, 0, 0]
						},
						"0.125": {
							"vector": [0, 0, 22]
						},
						"0.2083": {
							"vector": [0, -7.5, 22]
						},
						"0.2917": {
							"vector": [0, -9, 22]
						},
						"0.4167": {
							"vector": [0, -6.75, 22]
						},
						"0.5417": {
							"vector": [-0.58659, -5.3342, 29.14947]
						},
						"0.6667": {
							"vector": [-0.4709, -3.97223, 28.76633]
						}
					},
					"position": {
						"0.0": {
							"vector": [0, 0, 0]
						},
						"0.125": {
							"vector": [3.6, 0, 0]
						},
						"0.2083": {
							"vector": [4.7, 0, 0]
						},
						"0.5833": {
							"vector": [4.7, 0, 2.3]
						}
					}
				},
				"gun": {
					"rotation": {
						"0.0": {
							"vector": [0, 0, 0]
						},
						"0.125": {
							"vector": [0, 0, 5]
						},
						"0.2083": {
							"vector": [0, 0, 21]
						},
						"0.3333": {
							"vector": [3.10072, 8.45313, 71.2292]
						},
						"0.5": {
							"vector": [30.38023, 1.0552, 121.66676]
						}
					},
					"position": {
						"0.0": {
							"vector": [0, 0, 0]
						},
						"0.125": {
							"vector": [-0.1, 0, 0]
						},
						"0.3333": {
							"vector": [-6.2, 0, 0]
						}
					}
				},
				"Bullet2": {
					"rotation": {
						"0.25": {
							"vector": [0, 0, 0]
						},
						"0.5": {
							"vector": [-33.22484, 28.65244, 6.68827]
						}
					},
					"position": {
						"0.25": {
							"vector": [0, 0, 0]
						},
						"0.3333": {
							"vector": [-0.2, 2.3, 11.23]
						},
						"0.375": {
							"vector": [-0.55, -1.8, 16.85]
						},
						"0.4583": {
							"vector": [9.42, -12.85, 31.01]
						},
						"0.5": {
							"vector": [14.4, -14.1, 33.7]
						}
					}
				},
				"rightarm": {
					"rotation": {
						"0.0": {
							"vector": [0, 0, 0]
						},
						"0.25": {
							"vector": [-2.51486, 5.75166, 26.76804]
						},
						"0.3333": {
							"vector": [-3.93547, 13.15405, 53.82732]
						}
					},
					"position": {
						"0.0": {
							"vector": [0, 0, 0]
						},
						"0.3333": {
							"vector": [0, 0, 0]
						},
						"0.5": {
							"vector": [-7, -21, 22]
						}
					}
				},
				"leftarm": {
					"rotation": {
						"0.0": {
							"vector": [0, 0, 0]
						},
						"0.25": {
							"vector": [4.06818, -11.23308, -22.4244]
						},
						"0.3333": {
							"vector": [8.75198, -8.96887, -22.31929]
						},
						"0.4167": {
							"vector": [8.09298, -4.0511, -23.62258]
						},
						"0.5": {
							"vector": [-2.56602, 0.86666, -24.92586]
						}
					},
					"position": {
						"0.0": {
							"vector": [0, 0, 0]
						},
						"0.2917": {
							"vector": [3.1, 3.6, 0]
						},
						"0.5": {
							"vector": [-1.7, 0.8, -2.6]
						}
					}
				}
			}
		},
		"animation.model.iterativeload": {
			"loop": "hold_on_last_frame",
			"animation_length": 0.8333,
			"bones": {
				"main": {
					"rotation": {
						"0.0": {
							"vector": [-0.4709, -3.97223, 28.76633]
						},
						"0.125": {
							"vector": [1.0291, -3.97223, 28.76633]
						},
						"0.2083": {
							"vector": [0.90713, -4.0018, 30.52033]
						},
						"0.2917": {
							"vector": [2.65713, -4.0018, 30.52033]
						},
						"0.375": {
							"vector": [4.15713, -4.0018, 30.52033]
						},
						"0.5": {
							"vector": [3.15713, -4.0018, 30.52033]
						},
						"0.625": {
							"vector": [-0.4709, -3.97223, 28.76633]
						},
						"0.7083": {
							"vector": [-0.7209, -3.97223, 28.76633]
						},
						"0.7917": {
							"vector": [-0.4709, -3.97223, 28.76633]
						}
					},
					"position": {
						"0.0": {
							"vector": [4.7, 0, 2.3]
						},
						"0.625": {
							"vector": [4.7, 0, 2.3]
						}
					}
				},
				"gun": {
					"rotation": {
						"vector": [30.38023, 1.0552, 121.66676]
					},
					"position": {
						"vector": [-6.2, 0, 0]
					}
				},
				"Bullet2": {
					"rotation": {
						"0.0": {
							"vector": [-33.22484, 28.65244, 6.68827]
						},
						"0.2083": {
							"vector": [-32, 0, 0]
						},
						"0.3333": {
							"vector": [0, 0, 0]
						}
					},
					"position": {
						"0.0": {
							"vector": [14.4, -14.1, 33.7]
						},
						"0.2083": {
							"vector": [0, -1.8, 4]
						},
						"0.3333": {
							"vector": [0, 0, 2]
						},
						"0.4167": {
							"vector": [0, 0, 0]
						}
					}
				},
				"rightarm": {
					"rotation": {
						"0.0": {
							"vector": [-3.93547, 13.15405, 53.82732]
						},
						"0.2083": {
							"vector": [-4.07312, 19.88969, 51.91571]
						},
						"0.3333": {
							"vector": [-3.24104, 19.83118, 59.25644]
						},
						"0.5417": {
							"vector": [-4.07312, 19.88969, 51.91571]
						},
						"0.7917": {
							"vector": [-3.93547, 13.15405, 53.82732]
						}
					},
					"position": {
						"0.0": {
							"vector": [-7, -21, 22]
						},
						"0.2083": {
							"vector": [-4.9, -6.3, -11.4]
						},
						"0.3333": {
							"vector": [-4.9, -6.3, -12.9]
						},
						"0.4167": {
							"vector": [-4.9, -6.3, -14.5]
						},
						"0.5417": {
							"vector": [-4.9, -6.3, -11.4]
						},
						"0.7917": {
							"vector": [-7, -21, 22]
						}
					}
				},
				"leftarm": {
					"rotation": {
						"vector": [-2.56602, 0.86666, -24.92586]
					},
					"position": {
						"vector": [-1.7, 0.8, -2.6]
					}
				}
			},
			"sound_effects": {
				"0.2083": {
					"effect": "shotgun_load_shell2"
				}
			}
		},
		"animation.model.finish": {
			"loop": "hold_on_last_frame",
			"animation_length": 0.7917,
			"bones": {
				"main": {
					"rotation": {
						"0.0": {
							"vector": [-0.4709, -3.97223, 28.76633]
						},
						"0.2083": {
							"vector": [-0.58659, -5.3342, 29.14947]
						},
						"0.3333": {
							"vector": [0, -6.75, 22]
						},
						"0.4583": {
							"vector": [0, 0, 0]
						},
						"0.5833": {
							"vector": [0, 0, -3.5]
						},
						"0.6667": {
							"vector": [0, 0, 0]
						}
					},
					"position": {
						"0.0": {
							"vector": [4.7, 0, 2.3]
						},
						"0.125": {
							"vector": [4.7, 0, 8.3]
						},
						"0.4583": {
							"vector": [0, 0, 0]
						},
						"0.6667": {
							"vector": [0, 0, 0]
						}
					}
				},
				"gun": {
					"rotation": {
						"0.0": {
							"vector": [30.38023, 1.0552, 121.66676]
						},
						"0.125": {
							"vector": [3.10072, 8.45313, 71.2292]
						},
						"0.25": {
							"vector": [0, 0, 21]
						},
						"0.375": {
							"vector": [0, 0, 5]
						},
						"0.5": {
							"vector": [0, 0, 0]
						}
					},
					"position": {
						"0.0": {
							"vector": [-6.2, 0, 0]
						},
						"0.125": {
							"vector": [-6.2, 0, 0]
						},
						"0.375": {
							"vector": [-0.1, 0, 0]
						},
						"0.5": {
							"vector": [0, 0, 0]
						}
					}
				},
				"Bullet2": {
					"rotation": {
						"vector": [0, 0, 0]
					},
					"position": {
						"vector": [0, 0, 0]
					}
				},
				"rightarm": {
					"rotation": {
						"0.0": {
							"vector": [-3.93547, 13.15405, 53.82732]
						},
						"0.125": {
							"vector": [0, 0, 0]
						}
					},
					"position": {
						"0.0": {
							"vector": [-7, -21, 22]
						},
						"0.125": {
							"vector": [0, 0, 0]
						}
					}
				},
				"leftarm": {
					"rotation": {
						"0.0": {
							"vector": [-2.56602, 0.86666, -24.92586]
						},
						"0.125": {
							"vector": [8.09298, -4.0511, -23.62258]
						},
						"0.25": {
							"vector": [8.75198, -8.96887, -22.31929]
						},
						"0.375": {
							"vector": [4.06818, -11.23308, -22.4244]
						},
						"0.5": {
							"vector": [0, 0, 0]
						}
					},
					"position": {
						"0.0": {
							"vector": [-1.7, 0.8, -2.6]
						},
						"0.0833": {
							"vector": [4.62, 0.64, 2.05]
						},
						"0.25": {
							"vector": [-2.15, 2.15, -0.97]
						},
						"0.3333": {
							"vector": [-0.33, 2.06, -3]
						},
						"0.5": {
							"vector": [0, 0, 0]
						}
					}
				}
			}
		},
		"animation.model.inspect": {
			"loop": "hold_on_last_frame",
			"animation_length": 3.8,
			"bones": {
				"main": {
					"rotation": {
						"0.0": {
							"vector": [0, 0, 0]
						},
						"0.1667": {
							"vector": [-8.41746, -13.59608, -21.21259],
							"easing": "linear"
						},
						"0.3": {
							"vector": [-8.39812, -20.10111, -31.77688]
						},
						"0.4333": {
							"vector": [-9.55676, -20.88889, -28.55629]
						},
						"0.5333": {
							"vector": [-8.77652, -21.21647, -30.72851]
						},
						"0.7667": {
							"vector": [-9.4227, -20.94881, -28.93303]
						},
						"1.0": {
							"vector": [-3.1216, -20.98207, -46.44405]
						},
						"1.1333": {
							"vector": [-4.564, -20.73064, -42.44007]
						},
						"1.2333": {
							"vector": [-4.86325, -20.9153, -41.60203]
						},
						"1.3333": {
							"vector": [-4.58308, -20.97575, -42.38574]
						},
						"1.4667": {
							"vector": [-4.01131, -21.08802, -43.97908]
						},
						"1.6": {
							"vector": [-4.38767, -21.01662, -42.9316]
						},
						"1.7": {
							"vector": [-4.18847, -21.05622, -43.48691],
							"easing": "linear"
						},
						"2.0333": {
							"vector": [-16.91438, 5.38499, 54.40399],
							"easing": "linear"
						},
						"2.1667": {
							"vector": [-15.22513, 5.80082, 60.04554]
						},
						"2.3": {
							"vector": [-15.70981, 5.86025, 59.48558]
						},
						"2.4333": {
							"vector": [-15.93602, 7.03904, 62.69373]
						},
						"2.5667": {
							"vector": [-15.60896, 7.75082, 65.23442]
						},
						"2.7333": {
							"vector": [-15.71675, 7.52491, 64.42194]
						},
						"2.9": {
							"vector": [-15.56389, 7.84019, 65.55973]
						},
						"3.1": {
							"vector": [-15.61778, 7.73186, 65.16659]
						},
						"3.2667": {
							"vector": [-15.9801, 6.93689, 62.33342]
						},
						"3.4": {
							"vector": [-8.86998, 2.42135, 33.56191]
						},
						"3.5333": {
							"vector": [0, -1.75, -2.75]
						},
						"3.7": {
							"vector": [0, 0, 0]
						}
					},
					"position": {
						"0.0": {
							"vector": [0, 0, 0]
						},
						"0.3": {
							"vector": [-0.475, 1.475, -8.7]
						},
						"0.4": {
							"vector": [-0.195, 1, -7.7]
						},
						"0.5333": {
							"vector": [-0.03, 0.725, -7.7]
						},
						"0.7": {
							"vector": [0, 1.125, -7.7]
						},
						"0.9": {
							"vector": [0.125, 1.4, -8.275]
						},
						"1.2": {
							"vector": [-0.02, 1.475, -8]
						},
						"1.4": {
							"vector": [0.11, 1.425, -8.175]
						},
						"1.6667": {
							"vector": [0.275, 1.25, -7.975]
						},
						"1.8": {
							"vector": [-0.13, -1.19, -8.65]
						},
						"1.9667": {
							"vector": [-0.545, -1.325, -11.15]
						},
						"2.1333": {
							"vector": [-0.415, -1.395, -10.545]
						},
						"2.2667": {
							"vector": [-0.525, -1.455, -9.17]
						},
						"2.4": {
							"vector": [-0.49, -1.43, -9.85]
						},
						"2.5667": {
							"vector": [-0.455, -1.5, -9.24]
						},
						"2.7667": {
							"vector": [-0.53, -1.5, -9.27]
						},
						"3.0": {
							"vector": [-0.49, -1.41, -9.3]
						},
						"3.2333": {
							"vector": [-0.545, -1.325, -9.325]
						},
						"3.3667": {
							"vector": [-1.005, -0.61, -7.41]
						},
						"3.6333": {
							"vector": [0, 0, 0]
						}
					}
				},
				"leftarm": {
					"rotation": {
						"0.0": {
							"vector": [0, 0, 0]
						},
						"0.1667": {
							"vector": [0, 0, -2.5]
						},
						"1.7333": {
							"vector": [0, 0, -2.5]
						},
						"2.0333": {
							"vector": [0, 0, 0]
						},
						"3.2": {
							"vector": [0, 0, 0]
						},
						"3.5667": {
							"vector": [0, 0, 0]
						}
					},
					"position": {
						"0.0": {
							"vector": [0, 0, 0]
						},
						"0.1667": {
							"vector": [11.23986, -30.20851, 24.64864]
						},
						"1.7333": {
							"vector": [11.23986, -30.20851, 24.64864]
						},
						"2.0333": {
							"vector": [0, 0, 0]
						},
						"2.1667": {
							"vector": [0.77, 0.66, 2.25]
						},
						"3.1": {
							"vector": [0.77, 0.66, 2.25]
						},
						"3.2": {
							"vector": [0, 0, 0]
						},
						"3.5667": {
							"vector": [0, 0, 0]
						}
					}
				},
				"WoodGrip": {
					"position": {
						"2.0333": {
							"vector": [0, 0, 0]
						},
						"2.1667": {
							"vector": [0, 0, 5]
						},
						"3.1": {
							"vector": [0, 0, 5]
						},
						"3.2": {
							"vector": [0, 0, 0]
						}
					}
				},
				"Bullet": {
					"position": {
						"2.0333": {
							"vector": [0, 0, 0]
						},
						"2.1667": {
							"vector": [0, 0, 2]
						},
						"3.1": {
							"vector": [0, 0, 2]
						},
						"3.2": {
							"vector": [0, 0, 0]
						}
					}
				},
				"Loader": {
					"rotation": {
						"2.0333": {
							"vector": [0, 0, 0]
						},
						"2.1667": {
							"vector": [12.5, 0, 0]
						},
						"3.1": {
							"vector": [12.5, 0, 0]
						},
						"3.2": {
							"vector": [0, 0, 0]
						}
					}
				},
				"Chamber2": {
					"position": {
						"2.0333": {
							"vector": [0, 0, 0]
						},
						"2.1667": {
							"vector": [0, 0, 3]
						},
						"3.1": {
							"vector": [0, 0, 3]
						},
						"3.2": {
							"vector": [0, 0, 0]
						}
					}
				},
				"Chamber": {
					"position": {
						"2.0333": {
							"vector": [0, 0, 0]
						},
						"2.1667": {
							"vector": [0, 0, 2.175]
						},
						"3.1": {
							"vector": [0, 0, 2.175]
						},
						"3.2": {
							"vector": [0, 0, 0]
						}
					}
				},
				"Chamber4": {
					"rotation": {
						"2.0333": {
							"vector": [0, 0, 0]
						},
						"2.1667": {
							"vector": [25, 0, 0]
						},
						"3.1": {
							"vector": [25, 0, 0]
						},
						"3.2": {
							"vector": [0, 0, 0]
						}
					}
				}
			},
			"sound_effects": {
				"2.0333": {
					"effect": "shotgunpump_back"
				},
				"3.1": {
					"effect": "shotgunpump_forward"
				}
			}
		}
	},
	"geckolib_format_version": 2
}