{
	"format_version": "1.8.0",
	"animations": {
		"animation.model.fire": {
			"loop": "hold_on_last_frame",
			"animation_length": 0.5833,
			"bones": {
				"main": {
					"rotation": {
						"0.0": {
							"vector": [-3, 0, 0]
						},
						"0.0417": {
							"vector": [-1, 0, 0]
						},
						"0.0833": {
							"vector": [0, 0, 0]
						},
						"0.125": {
							"vector": [0, 0, 0]
						},
						"0.2083": {
							"vector": [0.75, 0, 6]
						},
						"0.2917": {
							"vector": [0.5, 0, 10.75]
						},
						"0.375": {
							"vector": [0, 0, 11]
						},
						"0.5": {
							"vector": [0, 0, 0]
						}
					},
					"position": {
						"0.0": {
							"vector": [0, 0, 2]
						},
						"0.0417": {
							"vector": [0, 0, 0.2]
						},
						"0.0833": {
							"vector": [0, 0, 0]
						}
					}
				},
				"Lever": {
					"rotation": {
						"0.125": {
							"vector": [0, 0, 0]
						},
						"0.2083": {
							"vector": [-40, 0, 0]
						},
						"0.375": {
							"vector": [-40, 0, 0]
						},
						"0.4583": {
							"vector": [0, 0, 0]
						}
					}
				},
				"rightarm": {
					"rotation": {
						"0.125": {
							"vector": [0, 0, 0]
						},
						"0.2083": {
							"vector": [22.5, 0, 0]
						},
						"0.375": {
							"vector": [22.5, 0, 0]
						},
						"0.4583": {
							"vector": [0, 0, 0]
						}
					},
					"position": {
						"0.125": {
							"vector": [0, 0, 0]
						},
						"0.2083": {
							"vector": [0, 5.3, -4.5]
						},
						"0.375": {
							"vector": [0, 5.3, -4.5]
						},
						"0.4583": {
							"vector": [0, 0, 0]
						}
					}
				},
				"trigger": {
					"rotation": {
						"0.0": {
							"vector": [40, 0, 0]
						},
						"0.0417": {
							"vector": [0, 0, 0]
						}
					}
				},
				"Bullet": {
					"rotation": {
						"0.0": {
							"vector": [0, 0, 0]
						},
						"0.2917": {
							"vector": [26, 0, 0]
						},
						"0.375": {
							"vector": [13.5, 0, 0]
						}
					},
					"position": {
						"0.125": {
							"vector": [0, 0, 0]
						},
						"0.2083": {
							"vector": [0, 1, 1.7]
						},
						"0.2917": {
							"vector": [0, 24.7, 46.9]
						},
						"0.375": {
							"vector": [0, 24.7, 64.9]
						},
						"0.5": {
							"vector": [0, -23.3, 64.9]
						},
						"0.5833": {
							"vector": [0, -23.3, 2.9]
						}
					}
				},
				"Bullet2": {
					"rotation": {
						"0.2917": {
							"vector": [0, 0, 0]
						},
						"0.375": {
							"vector": [-17.5, 0, 0]
						}
					},
					"position": {
						"0.2917": {
							"vector": [0, 0, 0]
						},
						"0.375": {
							"vector": [0, 1.3, 1]
						}
					}
				},
				"Chamber": {
					"rotation": {
						"0.125": {
							"vector": [0, 0, 0]
						},
						"0.2083": {
							"vector": [-80, 0, 0]
						},
						"0.375": {
							"vector": [-80, 0, 0]
						},
						"0.4583": {
							"vector": [0, 0, 0]
						}
					}
				},
				"Hammer": {
					"rotation": {
						"0.0": {
							"vector": [62.5, 0, 0]
						},
						"0.125": {
							"vector": [62.5, 0, 0]
						},
						"0.2083": {
							"vector": [0, 0, 0]
						}
					}
				}
			},
			"sound_effects": {
				"0.125": {
					"effect": "gun_cocking"
				},
				"0.3333": {
					"effect": "shotgun_shell_fell"
				}
			}
		},
		"animation.model.finish": {
			"loop": "hold_on_last_frame",
			"animation_length": 0.5,
			"bones": {
				"main": {
					"rotation": {
						"0.0": {
							"vector": [0.24805, 0.09486, 10.74914]
						},
						"0.0833": {
							"vector": [-3.49904, -0.01641, 14.99768]
						},
						"0.25": {
							"vector": [0, 0, 0]
						},
						"0.3333": {
							"vector": [0.85038, -0.00656, 5.99907]
						},
						"0.4167": {
							"vector": [0, 0, 0]
						}
					},
					"position": {
						"0.0": {
							"vector": [0, 0, 0.275]
						},
						"0.1667": {
							"vector": [-0.01982, -0.22697, -0.04302]
						},
						"0.3333": {
							"vector": [0, 0, 0]
						}
					}
				},
				"Lever": {
					"rotation": {
						"0.0": {
							"vector": [-40, 0, 0]
						},
						"0.1667": {
							"vector": [-40, 0, 0]
						},
						"0.25": {
							"vector": [-40, 0, 0]
						},
						"0.3333": {
							"vector": [0, 0, 0]
						}
					}
				},
				"Bullet": {
					"rotation": {
						"vector": [0, 0, 0]
					},
					"position": {
						"vector": [0, 0, 0]
					}
				},
				"rightarm": {
					"rotation": {
						"0.0": {
							"vector": [0, 0, 0]
						},
						"0.1667": {
							"vector": [27.5, 0, 0]
						},
						"0.25": {
							"vector": [27.5, 0, 0]
						},
						"0.3333": {
							"vector": [0, 0, 0]
						}
					},
					"position": {
						"0.0": {
							"vector": [-7, 2.3, 12.5]
						},
						"0.1667": {
							"vector": [-3.50433, 7.50049, -4.4037]
						},
						"0.25": {
							"vector": [-3.50433, 7.50049, -4.4037]
						},
						"0.3333": {
							"vector": [0, 0, 0]
						}
					}
				},
				"Bullet2": {
					"rotation": {
						"vector": [0, 0, 0]
					},
					"position": {
						"vector": [0, 0, 0]
					}
				},
				"Chamber": {
					"rotation": {
						"0.0": {
							"vector": [-80, 0, 0]
						},
						"0.1667": {
							"vector": [-80, 0, 0]
						},
						"0.25": {
							"vector": [-80, 0, 0]
						},
						"0.3333": {
							"vector": [0, 0, 0]
						}
					}
				}
			},
			"sound_effects": {
				"0.125": {
					"effect": "lever_close"
				}
			}
		},
		"animation.model.iterativeload": {
			"loop": "hold_on_last_frame",
			"animation_length": 0.9583,
			"bones": {
				"main": {
					"rotation": {
						"0.0": {
							"vector": [0.24805, 0.09486, 10.74914]
						},
						"0.125": {
							"vector": [0.25195, 0.08395, 13.24911]
						},
						"0.25": {
							"vector": [2.75195, 0.08395, 13.24911]
						},
						"0.375": {
							"vector": [2.7488, -0.15613, 18.24335]
						},
						"0.5": {
							"vector": [3.75313, 0.02392, 14.49767]
						},
						"0.75": {
							"vector": [0.24805, 0.09486, 10.74914]
						},
						"0.8333": {
							"vector": [-0.50195, 0.09486, 10.74914]
						},
						"0.9583": {
							"vector": [0.24805, 0.09486, 10.74914]
						}
					},
					"position": {
						"0.0": {
							"vector": [0, 0, 0.275]
						},
						"0.1667": {
							"vector": [0, 0, 0.925]
						},
						"0.4583": {
							"vector": [0, -0.175, 0.93]
						},
						"0.625": {
							"vector": [0, 0, 0.275]
						}
					}
				},
				"Lever": {
					"rotation": {
						"vector": [-40, 0, 0]
					}
				},
				"Bullet": {
					"rotation": {
						"vector": [0, 0, 0]
					},
					"position": {
						"vector": [0, 0, 0]
					}
				},
				"rightarm": {
					"rotation": {
						"0.0": {
							"vector": [0, 0, 0]
						},
						"0.125": {
							"vector": [-5, 0, 0]
						},
						"0.2917": {
							"vector": [7.86477, 3.69692, 11.6156]
						},
						"0.4167": {
							"vector": [13.36477, 3.69692, 11.6156]
						},
						"0.625": {
							"vector": [0, 0, 0]
						}
					},
					"position": {
						"0.0": {
							"vector": [-7, 2.3, 12.5]
						},
						"0.2917": {
							"vector": [-3.9, 17.7, 0]
						},
						"0.4167": {
							"vector": [-3, 18, -2.3]
						},
						"0.5417": {
							"vector": [-4.2, 18, -2.1]
						},
						"0.7083": {
							"vector": [-6, 10.15, 21.1]
						},
						"0.875": {
							"vector": [-7, 2.3, 12.5]
						}
					}
				},
				"Bullet2": {
					"rotation": {
						"0.0": {
							"vector": [0, 0, 0]
						},
						"0.125": {
							"vector": [-15, 0, 0]
						},
						"0.2917": {
							"vector": [13.87647, -7.24305, 1.95155]
						},
						"0.4167": {
							"vector": [0, 0, 0]
						}
					},
					"position": {
						"0.0": {
							"vector": [-5, -11, 22.92]
						},
						"0.125": {
							"vector": [-1.1, 0.58196, 9.86552]
						},
						"0.2917": {
							"vector": [-0.8443, 1.02154, 3.08654]
						},
						"0.4167": {
							"vector": [0, 0, 0]
						}
					}
				},
				"Chamber": {
					"rotation": {
						"vector": [-80, 0, 0]
					}
				}
			},
			"sound_effects": {
				"0.4167": {
					"effect": "shotgun_load_shell"
				}
			}
		},
		"animation.model.chamberload": {
			"loop": "hold_on_last_frame",
			"animation_length": 0.9583,
			"bones": {
				"main": {
					"rotation": {
						"0.0": {
							"vector": [0.24805, 0.09486, 10.74914]
						},
						"0.125": {
							"vector": [0.25195, 0.08395, 13.24911]
						},
						"0.25": {
							"vector": [2.75195, 0.08395, 13.24911]
						},
						"0.375": {
							"vector": [2.7488, -0.15613, 18.24335]
						},
						"0.5": {
							"vector": [3.75313, 0.02392, 14.49767]
						},
						"0.75": {
							"vector": [0.24805, 0.09486, 10.74914]
						}
					},
					"position": {
						"0.0": {
							"vector": [0, 0, 0.275]
						},
						"0.1667": {
							"vector": [0, 0, 0.925]
						},
						"0.4583": {
							"vector": [0, -0.175, 0.93]
						},
						"0.625": {
							"vector": [0, 0, 0.275]
						}
					}
				},
				"Lever": {
					"rotation": {
						"vector": [-40, 0, 0]
					}
				},
				"Bullet": {
					"rotation": {
						"0.0": {
							"vector": [0, 0, 0]
						},
						"0.125": {
							"vector": [-15, 0, 0]
						},
						"0.2917": {
							"vector": [13.87647, -7.24305, 1.95155]
						},
						"0.4167": {
							"vector": [0, 0, 0]
						}
					},
					"position": {
						"0.0": {
							"vector": [-5, -11, 22.92]
						},
						"0.125": {
							"vector": [-2.8, -4, 16.92]
						},
						"0.2917": {
							"vector": [-0.8, 1.7, 2.92]
						},
						"0.4167": {
							"vector": [0, 0, 0]
						}
					}
				},
				"rightarm": {
					"rotation": {
						"0.0": {
							"vector": [0, 0, 0]
						},
						"0.125": {
							"vector": [-5, 0, 0]
						},
						"0.2917": {
							"vector": [7.86477, 3.69692, 11.6156]
						},
						"0.4167": {
							"vector": [13.36477, 3.69692, 11.6156]
						},
						"0.7083": {
							"vector": [0, 0, 0]
						}
					},
					"position": {
						"0.0": {
							"vector": [-7, 2.3, 12.5]
						},
						"0.2917": {
							"vector": [-3.9, 17.7, 0]
						},
						"0.4167": {
							"vector": [-3, 18, -2.3]
						},
						"0.5417": {
							"vector": [-4.2, 18, -2.1]
						},
						"0.7917": {
							"vector": [-6, 10.15, 21.1]
						},
						"0.9583": {
							"vector": [-7, 2.3, 12.5]
						}
					}
				},
				"Bullet2": {
					"position": {
						"vector": [0, -4, 19]
					}
				},
				"Chamber": {
					"rotation": {
						"vector": [-80, 0, 0]
					}
				}
			},
			"sound_effects": {
				"0.4167": {
					"effect": "shotgun_load_shell2"
				}
			}
		},
		"animation.model.prepare": {
			"loop": "hold_on_last_frame",
			"animation_length": 1.375,
			"bones": {
				"main": {
					"rotation": {
						"0.0": {
							"vector": [0, 0, 0]
						},
						"0.0833": {
							"vector": [-2.625, 0, 5]
						},
						"0.1667": {
							"vector": [-1.75, 0, 10]
						},
						"0.2917": {
							"vector": [-1.49732, 0.08175, 13.74911]
						},
						"0.4167": {
							"vector": [0.24805, 0.09486, 10.74914]
						},
						"0.5417": {
							"vector": [0.99805, 0.09486, 10.74914]
						},
						"0.6667": {
							"vector": [0.24805, 0.09486, 10.74914]
						},
						"0.7917": {
							"vector": [2.75195, 0.08395, 13.24911]
						},
						"0.9167": {
							"vector": [2.7488, -0.15613, 18.24335]
						},
						"1.0417": {
							"vector": [3.75313, 0.02392, 14.49767]
						},
						"1.2917": {
							"vector": [0.24805, 0.09486, 10.74914]
						}
					},
					"position": {
						"0.2083": {
							"vector": [0, 0, 0]
						},
						"0.3333": {
							"vector": [0, 0, -0.1]
						},
						"1.0": {
							"vector": [0, -0.175, 0.93]
						},
						"1.1667": {
							"vector": [0, 0, 0.275]
						}
					}
				},
				"Bullet": {
					"rotation": {
						"0.0": {
							"vector": [0, 0, 0]
						},
						"0.2917": {
							"vector": [22.5, 0, 0]
						},
						"0.6667": {
							"vector": [13.87647, -7.24305, 1.95155]
						},
						"0.7917": {
							"vector": [0, 0, 0]
						}
					},
					"position": {
						"0.125": {
							"vector": [0, 0, 0]
						},
						"0.2083": {
							"vector": [0, 2.93785, 8.42642]
						},
						"0.2917": {
							"vector": [0, 6.11383, 13.94953]
						},
						"0.4167": {
							"vector": [0.0967, 6.97082, 14.35746]
						},
						"0.5833": {
							"vector": [0.68925, 3.49451, 6.43296]
						},
						"0.6667": {
							"vector": [-0.8, 1.7, 2.92]
						},
						"0.7917": {
							"vector": [0, 0, 0]
						}
					}
				},
				"rightarm": {
					"rotation": {
						"0.125": {
							"vector": [0, 0, 0]
						},
						"0.2083": {
							"vector": [22.5, 0, 0]
						},
						"0.2917": {
							"vector": [-25, 0, 0]
						},
						"0.4167": {
							"vector": [-27.5, 0, 0]
						},
						"0.6667": {
							"vector": [7.86477, 3.69692, 11.6156]
						},
						"0.7917": {
							"vector": [13.36477, 3.69692, 11.6156]
						},
						"1.0833": {
							"vector": [0, 0, 0]
						}
					},
					"position": {
						"0.125": {
							"vector": [0, 0, 0]
						},
						"0.2083": {
							"vector": [0, 5.3, -4.5]
						},
						"0.2917": {
							"vector": [-3.29131, 5.53518, 5.72437]
						},
						"0.4167": {
							"vector": [-3.2134, 5.50264, 5.84242]
						},
						"0.6667": {
							"vector": [-3.9, 17.7, 0]
						},
						"0.7917": {
							"vector": [-3, 18, -2.3]
						},
						"0.9167": {
							"vector": [-4.2, 18, -2.1]
						},
						"1.1667": {
							"vector": [-6, 10.15, 21.1]
						},
						"1.3333": {
							"vector": [-7, 2.3, 12.5]
						}
					}
				},
				"Bullet2": {
					"position": {
						"0.0": {
							"vector": [0, 0, -1]
						},
						"0.25": {
							"vector": [0, -5, 16]
						},
						"0.4167": {
							"vector": [0, -4, 19]
						}
					}
				},
				"Lever": {
					"rotation": {
						"0.125": {
							"vector": [0, 0, 0]
						},
						"0.2083": {
							"vector": [-40, 0, 0]
						}
					}
				},
				"Chamber": {
					"rotation": {
						"0.125": {
							"vector": [0, 0, 0]
						},
						"0.2083": {
							"vector": [-80, 0, 0]
						}
					}
				}
			},
			"sound_effects": {
				"0.125": {
					"effect": "lever_open"
				},
				"0.6667": {
					"effect": "shotgun_load_shell"
				}
			}
		},
		"animation.model.prepareempty": {
			"loop": "hold_on_last_frame",
			"animation_length": 0.7083,
			"bones": {
				"main": {
					"rotation": {
						"0.0": {
							"vector": [0, 0, 0]
						},
						"0.0833": {
							"vector": [-2.625, 0, 5]
						},
						"0.1667": {
							"vector": [-1.75, 0, 10]
						},
						"0.2917": {
							"vector": [-1.49732, 0.08175, 13.74911]
						},
						"0.4167": {
							"vector": [0.24805, 0.09486, 10.74914]
						},
						"0.5417": {
							"vector": [0.99805, 0.09486, 10.74914]
						},
						"0.6667": {
							"vector": [0.24805, 0.09486, 10.74914]
						}
					},
					"position": {
						"0.2083": {
							"vector": [0, 0, 0]
						},
						"0.3333": {
							"vector": [0, 0, -0.1]
						}
					}
				},
				"Bullet": {
					"position": {
						"0.0": {
							"vector": [0, 0, -0.075]
						},
						"0.25": {
							"vector": [0, -11, 22.92]
						},
						"0.4167": {
							"vector": [-5, -11, 22.92]
						}
					}
				},
				"rightarm": {
					"rotation": {
						"0.125": {
							"vector": [0, 0, 0]
						},
						"0.2083": {
							"vector": [22.5, 0, 0]
						},
						"0.4167": {
							"vector": [0, 0, 0]
						}
					},
					"position": {
						"0.125": {
							"vector": [0, 0, 0]
						},
						"0.2083": {
							"vector": [0, 5.3, -4.5]
						},
						"0.4167": {
							"vector": [-7, 2.3, 12.5]
						}
					}
				},
				"Bullet2": {
					"position": {
						"0.0": {
							"vector": [0, 0, -1]
						},
						"0.25": {
							"vector": [0, -5, 16]
						},
						"0.4167": {
							"vector": [0, -4, 19]
						}
					}
				},
				"Lever": {
					"rotation": {
						"0.125": {
							"vector": [0, 0, 0]
						},
						"0.2083": {
							"vector": [-40, 0, 0]
						}
					}
				},
				"Chamber": {
					"rotation": {
						"0.125": {
							"vector": [0, 0, 0]
						},
						"0.2083": {
							"vector": [-80, 0, 0]
						}
					}
				}
			},
			"sound_effects": {
				"0.125": {
					"effect": "lever_open"
				}
			}
		},
		"animation.model.inspect": {
			"loop": "hold_on_last_frame",
			"animation_length": 5.7667,
			"bones": {
				"main": {
					"rotation": {
						"0.0": {
							"vector": [0, 0, 0]
						},
						"0.3333": {
							"vector": [0, -25.25, 0]
						},
						"0.6": {
							"vector": [2.5211, -27.89542, -5.37623]
						},
						"0.8333": {
							"vector": [4.21117, -30.47952, -8.70489]
						},
						"1.1": {
							"vector": [6.96233, -32.32352, -13.62441]
						},
						"1.4333": {
							"vector": [-16.62005, -24.79483, 36.01682]
						},
						"1.7": {
							"vector": [-26.95831, -12.59446, 67.36921]
						},
						"1.8333": {
							"vector": [-25.8056, -14.92875, 62.52724]
						},
						"2.0667": {
							"vector": [-26.95831, -12.59446, 67.36921]
						},
						"2.3": {
							"vector": [-26.04172, -14.49156, 63.45709]
						},
						"2.6667": {
							"vector": [-25.37358, -15.68466, 60.89085]
						},
						"2.8": {
							"vector": [-21.47462, -21.46804, 56.86557]
						},
						"2.9333": {
							"vector": [-25.37358, -15.68466, 60.89085]
						},
						"3.1333": {
							"vector": [-47.6346, -12.63176, 33.86403]
						},
						"3.4": {
							"vector": [-64.77517, -15.00793, 17.75624]
						},
						"3.7333": {
							"vector": [-66.02502, -23.11435, 1.46159]
						},
						"3.9": {
							"vector": [-71.32863, -22.02045, 1.75566]
						},
						"4.1667": {
							"vector": [-65.26395, -20.78982, 2.08648]
						},
						"4.5667": {
							"vector": [-59.2404, 23.53331, 10.89188]
						},
						"4.7333": {
							"vector": [-45.3976, 38.14932, 23.16955]
						},
						"5.0": {
							"vector": [-43.79735, 39.14892, 27.13059]
						},
						"5.2667": {
							"vector": [-45.19941, 41.90287, 31.97332]
						},
						"5.6333": {
							"vector": [-1, 0, 0],
							"easing": "linear"
						},
						"5.7": {
							"vector": [1.25, 0, 0]
						},
						"5.7667": {
							"vector": [0, 0, 0],
							"easing": "linear"
						}
					},
					"position": {
						"0.0": {
							"vector": [0, 0, 0]
						},
						"0.2667": {
							"vector": [1.47166, 0, -3.12037]
						},
						"1.0": {
							"vector": [1.47166, 0, -3.12037]
						},
						"1.5": {
							"vector": [2.69533, -0.47342, -2.44914]
						},
						"1.7667": {
							"vector": [2.8232, -0.47123, -2.66753]
						},
						"2.0": {
							"vector": [2.62285, -0.46804, -2.32196]
						},
						"3.2": {
							"vector": [1.86808, -1.21491, -2.47954]
						},
						"3.5333": {
							"vector": [2.29, -0.96, -5.04]
						},
						"3.9": {
							"vector": [2.74922, -0.67653, -5.75663]
						},
						"5.3667": {
							"vector": [2.74922, -0.67653, -5.75663]
						},
						"5.6333": {
							"vector": [0, 0, 0]
						}
					}
				},
				"leftarm": {
					"rotation": {
						"0.0": {
							"vector": [0, 0, 0]
						},
						"2.8": {
							"vector": [0, 0, 0]
						},
						"5.2667": {
							"vector": [0, 0, 0]
						},
						"5.6333": {
							"vector": [-1, 0, 0]
						}
					},
					"position": {
						"0.0": {
							"vector": [0, 0, 0]
						},
						"0.1667": {
							"vector": [-0.04873, -0.21344, -5.82684]
						},
						"2.8": {
							"vector": [-0.04873, -0.21344, -5.82684]
						},
						"2.9667": {
							"vector": [3.23165, -4.57968, -10.41113]
						},
						"3.2667": {
							"vector": [22.42299, -27.86016, 11.00642]
						},
						"3.6": {
							"vector": [19.68549, -22.45617, 52.15998]
						},
						"5.2667": {
							"vector": [19.68549, -22.45617, 52.15998]
						},
						"5.6333": {
							"vector": [0, 0, 0]
						}
					}
				},
				"Lever": {
					"rotation": {
						"1.7667": {
							"vector": [0, 0, 0]
						},
						"1.9": {
							"vector": [-22.5, 0, 0]
						},
						"2.6667": {
							"vector": [-22.5, 0, 0]
						},
						"2.8": {
							"vector": [0, 0, 0]
						}
					}
				},
				"Bullet": {
					"rotation": {
						"1.7667": {
							"vector": [0, 0, 0]
						},
						"1.9": {
							"vector": [14, 0, 0]
						}
					},
					"position": {
						"1.7667": {
							"vector": [0, 0, 0]
						},
						"1.9": {
							"vector": [0, 0.29083, 1.23973]
						}
					}
				},
				"Chamber": {
					"rotation": {
						"1.7667": {
							"vector": [0, 0, 0]
						},
						"1.9": {
							"vector": [-55, 0, 0]
						},
						"2.6667": {
							"vector": [-55, 0, 0]
						},
						"2.8": {
							"vector": [0, 0, 0]
						}
					}
				},
				"rightarm": {
					"rotation": {
						"1.7667": {
							"vector": [0, 0, 0]
						},
						"1.9": {
							"vector": [17.5, 0, 0]
						},
						"2.6": {
							"vector": [17.5, 0, 0]
						},
						"2.8": {
							"vector": [0, 0, 0]
						}
					},
					"position": {
						"0.0": {
							"vector": [0, 0, 0]
						},
						"1.7667": {
							"vector": [0, 0, 0]
						},
						"1.9": {
							"vector": [-0.06484, 2.9852, -0.29045]
						},
						"2.6": {
							"vector": [-0.06484, 2.9852, -0.29045]
						},
						"2.8": {
							"vector": [0, 0, 0]
						}
					}
				}
			},
			"sound_effects": {
				"1.7333": {
					"effect": "lever_open"
				},
				"2.6333": {
					"effect": "lever_close"
				}
			}
		},
		"animation.model.draw": {
			"loop": "hold_on_last_frame",
			"animation_length": 0.7,
			"bones": {
				"main": {
					"rotation": {
						"0.0": {
							"vector": [32.09413, -54.38778, -8.29667]
						},
						"0.25": {
							"vector": [0, 0, 6.5]
						},
						"0.35": {
							"vector": [0, 0, 14]
						},
						"0.45": {
							"vector": [0.32389, -0.60235, -2.1558],
							"easing": "linear"
						},
						"0.55": {
							"vector": [0, 0, 0],
							"easing": "linear"
						}
					},
					"position": {
						"0.0": {
							"vector": [0, -17.3, 0]
						},
						"0.15": {
							"vector": [-0.4, -2.525, -1.625],
							"easing": "linear"
						},
						"0.35": {
							"vector": [-0.05, 0, -2.49],
							"easing": "linear"
						},
						"0.5": {
							"vector": [0, 0, 0],
							"easing": "linear"
						}
					}
				},
				"leftarm": {
					"rotation": {
						"0.0": {
							"vector": [0, 0, 0]
						},
						"0.2": {
							"vector": [1, 0, -22]
						},
						"0.4": {
							"vector": [0, 0, 0]
						}
					},
					"position": {
						"0.0": {
							"vector": [0, 0, 0]
						},
						"0.2": {
							"vector": [3.53901, 3.6754, 5.59783]
						},
						"0.4": {
							"vector": [0, 0, 0]
						}
					}
				},
				"Lever": {
					"rotation": {
						"0.0": {
							"vector": [0, 0, 0]
						},
						"0.15": {
							"vector": [0, 0, 0]
						},
						"0.25": {
							"vector": [-52.5, 0, 0]
						},
						"0.35": {
							"vector": [-52.5, 0, 0]
						},
						"0.45": {
							"vector": [0, 0, 0]
						}
					}
				},
				"rightarm": {
					"rotation": {
						"0.0": {
							"vector": [0, 0, 0]
						},
						"0.15": {
							"vector": [0, 0, 0]
						},
						"0.25": {
							"vector": [22.5, 0, 0]
						},
						"0.35": {
							"vector": [22.5, 0, 0]
						},
						"0.45": {
							"vector": [0, 0, 0]
						}
					},
					"position": {
						"0.0": {
							"vector": [0, 0, 0]
						},
						"0.15": {
							"vector": [0, 0, 0]
						},
						"0.25": {
							"vector": [0.43506, 2.63103, -5.1006]
						},
						"0.35": {
							"vector": [0.43506, 2.63103, -5.1006]
						},
						"0.45": {
							"vector": [0, 0, 0]
						}
					}
				},
				"Chamber": {
					"rotation": {
						"0.15": {
							"vector": [0, 0, 0]
						},
						"0.25": {
							"vector": [-80, 0, 0]
						},
						"0.35": {
							"vector": [-80, 0, 0]
						},
						"0.45": {
							"vector": [0, 0, 0]
						}
					}
				},
				"Hammer": {
					"rotation": {
						"0.0": {
							"vector": [57.5, 0, 0]
						},
						"0.15": {
							"vector": [57.5, 0, 0]
						},
						"0.25": {
							"vector": [0, 0, 0]
						}
					}
				}
			},
			"sound_effects": {
				"0.2": {
					"effect": "gun_cocking"
				}
			}
		}
	},
	"geckolib_format_version": 2
}