{
	"format_version": "1.8.0",
	"animations": {
		"animation.model.draw": {
			"loop": true,
			"animation_length": 1.2,
			"bones": {
				"main": {
					"rotation": {
						"0.0": {
							"vector": [32.09413, -54.38778, -8.29667]
						},
						"0.35": {
							"vector": [-21.99482, -5.08075, 6.8716],
							"easing": "easeOutSine"
						},
						"0.5": {
							"vector": [-4.67611, -0.60235, -2.1558],
							"easing": "linear"
						},
						"0.7": {
							"vector": [0, 0, 0],
							"easing": "linear"
						},
						"0.8": {
							"vector": [1.5, 0, 1]
						},
						"0.9": {
							"vector": [0, 0, 0],
							"easing": "linear"
						}
					},
					"position": {
						"0.0": {
							"vector": [0, -17.3, 0]
						},
						"0.25": {
							"vector": [-0.4, -2.525, -1.625],
							"easing": "linear"
						},
						"0.4": {
							"vector": [-0.05, 0, -2.49],
							"easing": "linear"
						},
						"0.65": {
							"vector": [0, 0, 0],
							"easing": "linear"
						}
					}
				},
				"rightarm": {
					"rotation": {
						"0.0": {
							"vector": [0, 0, 0]
						},
						"0.35": {
							"vector": [-12.5, 0, 0]
						},
						"0.5": {
							"vector": [-10, 0, 0]
						},
						"0.6": {
							"vector": [2.5, 0, 0]
						},
						"0.7": {
							"vector": [0, 0, 0]
						}
					},
					"position": {
						"0.0": {
							"vector": [0, 0, 0]
						},
						"0.35": {
							"vector": [0, 8, -5]
						},
						"0.5": {
							"vector": [0, 7, -4]
						},
						"0.6": {
							"vector": [0, 7, 0]
						},
						"0.7": {
							"vector": [0, 0, 0]
						}
					}
				},
				"leftarm": {
					"rotation": {
						"0.0": {
							"vector": [0, 0, 0]
						},
						"0.2": {
							"vector": [1, 0, -22]
						},
						"0.4": {
							"vector": [0, 0, 0]
						}
					},
					"position": {
						"0.0": {
							"vector": [0, 0, 0]
						},
						"0.2": {
							"vector": [3.53901, 3.6754, 5.59783]
						},
						"0.4": {
							"vector": [0, 0, 0]
						}
					}
				},
				"Hammer": {
					"rotation": {
						"0.35": {
							"vector": [50, 0, 0]
						},
						"0.5": {
							"vector": [0, 0, 0]
						}
					}
				},
				"Cylinder": {
					"rotation": {
						"0.35": {
							"vector": [0, 0, 45]
						},
						"0.5": {
							"vector": [0, 0, 0]
						}
					}
				}
			},
			"sound_effects": {
				"0.35": {
					"effect": "hammer_cock"
				}
			}
		},
		"animation.model.inspect": {
			"loop": "hold_on_last_frame",
			"animation_length": 6.5,
			"bones": {
				"main": {
					"rotation": {
						"0.0": {
							"vector": [0, 0, 0]
						},
						"0.2333": {
							"vector": [5, 0, 0]
						},
						"0.6333": {
							"vector": [15.54729, -5.33415, 34.65928]
						},
						"0.8": {
							"vector": [17.96751, 0.61027, 36.59218]
						},
						"0.9333": {
							"vector": [19.96743, -0.56743, 36.17358]
						},
						"1.2": {
							"vector": [19.1192, 1.40607, 33.34794]
						},
						"1.3667": {
							"vector": [19.14656, -3.31806, 31.70937]
						},
						"1.5": {
							"vector": [19.26646, -2.49551, 29.3455]
						},
						"1.6667": {
							"vector": [19.26256, 2.22485, 30.99469]
						},
						"1.8": {
							"vector": [14.26256, 2.22485, 30.99469]
						},
						"1.9": {
							"vector": [-5.73744, 2.22485, 30.99469]
						},
						"2.1": {
							"vector": [0, 0, 0]
						},
						"2.7": {
							"vector": [-22.12893, -56.55679, -5.56528]
						},
						"2.8": {
							"vector": [-14.71599, -58.14111, -14.36367]
						},
						"2.9333": {
							"vector": [-6.65301, -59.07099, -23.80336]
						},
						"3.0": {
							"vector": [-2.47582, -59.2701, -28.66716]
						},
						"3.1": {
							"vector": [1.73254, -59.28633, -33.56177]
						},
						"3.2": {
							"vector": [5.91906, -59.11938, -38.43478]
						},
						"3.3333": {
							"vector": [10.03223, -58.77222, -43.23531]
						},
						"3.4333": {
							"vector": [10.03223, -58.77222, -43.23531]
						},
						"3.5667": {
							"vector": [5.91906, -59.11938, -38.43478]
						},
						"3.6667": {
							"vector": [1.73254, -59.28633, -33.56177]
						},
						"3.7667": {
							"vector": [1.61548, -56.78739, -33.42382]
						},
						"3.9333": {
							"vector": [1.51594, -54.28832, -33.30311]
						},
						"4.1": {
							"vector": [1.73254, -59.28633, -33.56177]
						},
						"4.3": {
							"vector": [1.61548, -56.78739, -33.42382]
						},
						"4.5": {
							"vector": [1.51594, -54.28832, -33.30311]
						},
						"4.7": {
							"vector": [1.73254, -59.28633, -33.56177]
						},
						"4.8333": {
							"vector": [2.83043, -71.77707, -34.76082]
						},
						"4.9667": {
							"vector": [3.26602, -74.27355, -35.21614]
						},
						"5.1": {
							"vector": [3.86851, -76.76874, -35.83824]
						},
						"5.2667": {
							"vector": [-47.7681, -42.11731, 24.10943]
						},
						"5.4333": {
							"vector": [-75.06829, -27.59303, 51.09395]
						},
						"5.5333": {
							"vector": [-75.38458, -25.17565, 51.80552]
						},
						"5.6333": {
							"vector": [-75.66242, -22.75499, 52.48939]
						},
						"5.7333": {
							"vector": [-75.90484, -20.33152, 53.14941]
						},
						"5.9667": {
							"vector": [-63.58279, -56.91172, 35.32832]
						},
						"6.0667": {
							"vector": [-21.93813, -56.02362, -6.48603]
						},
						"6.3333": {
							"vector": [0.32389, -0.60235, -2.1558],
							"easing": "linear"
						},
						"6.4333": {
							"vector": [0, 0, 2.5],
							"easing": "linear"
						},
						"6.5": {
							"vector": [0, 0, 0]
						}
					},
					"position": {
						"0.0": {
							"vector": [0, 0, 0]
						},
						"0.2333": {
							"vector": [0, 0, -0.5]
						},
						"2.2333": {
							"vector": [0, 0, 0]
						},
						"2.5333": {
							"vector": [0, 0, -3]
						},
						"2.8333": {
							"vector": [0, 4, -4]
						},
						"3.2667": {
							"vector": [0, 4, -4]
						},
						"3.6667": {
							"vector": [0, 4, -3.275]
						},
						"5.9667": {
							"vector": [0, 4, -3.275]
						},
						"6.4": {
							"vector": [0, 0, 0],
							"easing": "linear"
						}
					}
				},
				"rightarm": {
					"rotation": {
						"vector": [0, 0, 0]
					},
					"position": {
						"vector": [0, 0, 0]
					}
				},
				"leftarm": {
					"rotation": {
						"0.0": {
							"vector": [0, 0, 0]
						},
						"0.3333": {
							"vector": [-5.51624, 7.42536, -18.77036]
						},
						"1.7333": {
							"vector": [0, 0, 0]
						},
						"1.8": {
							"vector": [-12.5, 0, 0]
						},
						"1.9333": {
							"vector": [-12.5, 0, 0]
						},
						"2.2": {
							"vector": [0, 0, 0]
						},
						"3.6667": {
							"vector": [-32.60252, -4.67839, 8.84119]
						},
						"3.7667": {
							"vector": [-30.527, -15.40917, 2.32808]
						},
						"4.0": {
							"vector": [-32.60252, -4.67839, 8.84119]
						},
						"4.1": {
							"vector": [-30.527, -15.40917, 2.32808]
						},
						"4.3": {
							"vector": [-32.60252, -4.67839, 8.84119]
						},
						"4.5": {
							"vector": [-32.60252, -4.67839, 8.84119]
						},
						"6.4333": {
							"vector": [0, 0, 0]
						}
					},
					"position": {
						"0.0": {
							"vector": [0, 0, 0]
						},
						"0.3333": {
							"vector": [3, 14, -13]
						},
						"0.4": {
							"vector": [3, 9, -17]
						},
						"1.7333": {
							"vector": [3, 9, -17]
						},
						"1.8": {
							"vector": [3, 18, -17]
						},
						"1.9333": {
							"vector": [3, 18, -17]
						},
						"2.2": {
							"vector": [3, -10.38, -6.46]
						},
						"3.6667": {
							"vector": [-0.3, 11, -19.7]
						},
						"3.7667": {
							"vector": [-1, 11, -24]
						},
						"3.9333": {
							"vector": [-0.3, 11, -19.7]
						},
						"4.0333": {
							"vector": [-1, 11, -24]
						},
						"4.3": {
							"vector": [4, 9, -25]
						},
						"5.0": {
							"vector": [20, -14, 9]
						},
						"6.4333": {
							"vector": [0, 0, 0]
						}
					}
				},
				"frame2": {
					"rotation": {
						"0.3333": {
							"vector": [0, 0, 0]
						},
						"0.4333": {
							"vector": [57.5, 0, 0]
						},
						"1.7667": {
							"vector": [57.5, 0, 0]
						},
						"1.8667": {
							"vector": [0, 0, 0]
						}
					},
					"position": {
						"0.3333": {
							"vector": [0, 0, 0]
						},
						"0.4333": {
							"vector": [0, 0, 0]
						},
						"1.7667": {
							"vector": [0, 0, 0]
						}
					}
				},
				"Lillever": {
					"rotation": {
						"0.2333": {
							"vector": [0, 0, 0]
						},
						"0.3333": {
							"vector": [12.5, 0, 0]
						},
						"0.4333": {
							"vector": [0, 0, 0]
						},
						"1.7667": {
							"vector": [0, 0, 0]
						},
						"1.8667": {
							"vector": [5, 0, 0]
						},
						"1.9": {
							"vector": [0, 0, 0]
						}
					}
				}
			},
			"sound_effects": {
				"0.4333": {
					"effect": "ejector_rod"
				},
				"1.8333": {
					"effect": "close_cylinder"
				}
			}
		},
		"animation.model.prepare": {
			"loop": "hold_on_last_frame",
			"animation_length": 1.1,
			"blend_weight": "1",
			"bones": {
				"main": {
					"rotation": {
						"0.0": {
							"vector": [0, 0, 0]
						},
						"0.1333": {
							"vector": [5, 0, 0]
						},
						"0.5": {
							"vector": [14.74444, -7.54958, 31.06881]
						},
						"0.7": {
							"vector": [17.96751, 0.61027, 36.59218]
						},
						"0.8333": {
							"vector": [19.96743, -0.56743, 36.17358]
						},
						"1.1": {
							"vector": [19.1192, 1.40607, 33.34794]
						}
					},
					"position": {
						"0.0": {
							"vector": [0, 0, 0]
						},
						"0.3": {
							"vector": [0, 0, 0]
						},
						"0.5": {
							"vector": [0, -1.05, 1.1]
						},
						"0.6": {
							"vector": [0, -1.3, 1.425]
						}
					}
				},
				"rightarm": {
					"rotation": {
						"vector": [0, 0, 0]
					},
					"position": {
						"vector": [0, 0, 0]
					}
				},
				"leftarm": {
					"rotation": {
						"0.0": {
							"vector": [0, 0, 0]
						},
						"0.2333": {
							"vector": [-6.18715, 3.65114, -24.10564]
						},
						"0.6333": {
							"vector": [-6.49293, -3.41158, -33.81804]
						}
					},
					"position": {
						"0.0": {
							"vector": [0, 0, 0]
						},
						"0.2333": {
							"vector": [2.5, 14, -5.975]
						},
						"0.4333": {
							"vector": [3.2, 18, -14.67]
						},
						"0.6333": {
							"vector": [3.5, 11.3, -12.97]
						}
					}
				},
				"frame2": {
					"rotation": {
						"0.0": {
							"vector": [0, 0, 0]
						},
						"0.3333": {
							"vector": [0, 0, 0]
						},
						"0.4333": {
							"vector": [42.5, 0, 0]
						}
					},
					"position": {
						"0.0": {
							"vector": [0, 0, 0]
						},
						"0.3333": {
							"vector": [0, 0, 0]
						}
					}
				},
				"Lillever": {
					"rotation": {
						"0.2333": {
							"vector": [0, 0, 0]
						},
						"0.3333": {
							"vector": [25, 0, 0]
						},
						"0.4333": {
							"vector": [0, 0, 0]
						}
					},
					"position": {
						"vector": [0, 0, 0]
					}
				}
			},
			"sound_effects": {
				"0.2333": {
					"effect": "ejector_rod"
				}
			}
		},
		"animation.model.fire": {
			"loop": "hold_on_last_frame",
			"animation_length": 1,
			"bones": {
				"main": {
					"rotation": {
						"0.0": {
							"vector": [-10, 0, 0]
						},
						"0.0833": {
							"vector": [0, 0, 0]
						},
						"0.25": {
							"vector": [-18.86653, -9.96368, 5.36947]
						},
						"0.4167": {
							"vector": [-20.16866, -6.51093, 6.43163]
						},
						"0.5833": {
							"vector": [0.50518, -5.08075, 6.8716],
							"easing": "easeOutSine"
						},
						"0.7083": {
							"vector": [0.32389, -0.60235, -2.1558],
							"easing": "linear"
						},
						"0.7917": {
							"vector": [0, 0, 0],
							"easing": "linear"
						}
					},
					"position": {
						"0.0": {
							"vector": [0, 0, 3]
						},
						"0.0833": {
							"vector": [0, 0, 0]
						},
						"0.25": {
							"vector": [-0.4, -2.525, -1.625],
							"easing": "linear"
						},
						"0.4583": {
							"vector": [-0.05, 0, -2.49],
							"easing": "linear"
						},
						"0.75": {
							"vector": [0, 0, 0],
							"easing": "linear"
						}
					}
				},
				"rightarm": {
					"rotation": {
						"0.0": {
							"vector": [0, 0, 0]
						},
						"0.0833": {
							"vector": [0, 0, 0]
						},
						"0.25": {
							"vector": [-10, 0, 0]
						},
						"0.4167": {
							"vector": [0, 0, 0]
						},
						"0.5833": {
							"vector": [0, 0, 0]
						}
					},
					"position": {
						"0.0": {
							"vector": [0, 0, 0]
						},
						"0.0833": {
							"vector": [0, 0, 0]
						},
						"0.25": {
							"vector": [0, 5.7, -3.4]
						},
						"0.4167": {
							"vector": [0, 5, 1]
						},
						"0.5833": {
							"vector": [0, 0, 0]
						}
					}
				},
				"Cylinder": {
					"rotation": {
						"0.0": {
							"vector": [0, 0, 45]
						},
						"0.3333": {
							"vector": [0, 0, 45]
						},
						"0.5": {
							"vector": [0, 0, 0]
						}
					},
					"position": {
						"0.0": {
							"vector": [0, 0, 0]
						},
						"0.3333": {
							"vector": [0, 0, 0]
						}
					}
				},
				"Hammer": {
					"rotation": {
						"0.0": {
							"vector": [37.5, 0, 0]
						},
						"0.25": {
							"vector": [37.5, 0, 0]
						},
						"0.4167": {
							"vector": [0, 0, 0]
						}
					},
					"position": {
						"0.0": {
							"vector": [0, 0, 0]
						},
						"0.25": {
							"vector": [0, 0, 0]
						},
						"0.4167": {
							"vector": [0, 0, 0]
						}
					}
				},
				"trigger": {
					"rotation": {
						"0.0": {
							"vector": [35, 0, 0]
						},
						"0.0417": {
							"vector": [0, 0, 0]
						}
					}
				}
			},
			"sound_effects": {
				"0.3333": {
					"effect": "hammer_cock"
				}
			}
		},
		"animation.model.iterativeload": {
			"loop": "hold_on_last_frame",
			"animation_length": 0.8333,
			"bones": {
				"main": {
					"rotation": {
						"0.0": {
							"vector": [19.1192, 1.40607, 33.34794]
						},
						"0.125": {
							"vector": [15.8692, 1.40607, 33.34794]
						},
						"0.25": {
							"vector": [13.00245, 2.2538, 29.69312]
						},
						"0.4583": {
							"vector": [13.85504, 1.92775, 31.09882]
						},
						"0.5417": {
							"vector": [15.92108, 1.79733, 31.6611]
						},
						"0.625": {
							"vector": [13.85504, 1.92775, 31.09882]
						},
						"0.7917": {
							"vector": [19.1192, 1.40607, 33.34794]
						}
					},
					"position": {
						"0.0": {
							"vector": [0, -1.3, 1.425]
						},
						"0.7917": {
							"vector": [0, -1.3, 1.425]
						}
					}
				},
				"frame2": {
					"rotation": {
						"vector": [42.5, 0, 0]
					}
				},
				"Cylinder": {
					"rotation": {
						"0.0": {
							"vector": [0, 0, 0]
						},
						"0.6667": {
							"vector": [0, 0, 0]
						},
						"0.7917": {
							"vector": [0, 0, 180]
						}
					},
					"position": {
						"vector": [0, 0, 0]
					}
				},
				"bone3": {
					"position": {
						"0.125": {
							"vector": [0, 0, 0]
						},
						"0.2083": {
							"vector": [0, 0, 3]
						},
						"0.2917": {
							"vector": [2.1, 0, 3]
						},
						"0.375": {
							"vector": [2.15, 0, 3]
						},
						"0.4583": {
							"vector": [0, 0, 3]
						},
						"0.5417": {
							"vector": [0, 0, 0]
						}
					}
				},
				"leftarm": {
					"rotation": {
						"0.0": {
							"vector": [-6.49293, -3.41158, -33.81804]
						},
						"0.125": {
							"vector": [-4.31026, -14.96853, -50.31279]
						},
						"0.2083": {
							"vector": [-3.69486, -25.28319, -53.82902]
						},
						"0.2917": {
							"vector": [-5.82818, -31.47718, -49.09077]
						},
						"0.375": {
							"vector": [-3.84013, -25.4753, -53.61891]
						},
						"0.4583": {
							"vector": [-3.69486, -25.28319, -53.82902]
						},
						"0.5417": {
							"vector": [-4.31026, -14.96853, -50.31279]
						},
						"0.6667": {
							"vector": [-3.27853, -1.49518, -31.19281]
						},
						"0.7917": {
							"vector": [-6.49293, -3.41158, -33.81804]
						}
					},
					"position": {
						"0.0": {
							"vector": [3.5, 11.3, -12.97]
						},
						"0.125": {
							"vector": [3.3, 15.1, -11.37]
						},
						"0.2083": {
							"vector": [3.3, 18.225, -9.995]
						},
						"0.2917": {
							"vector": [3.3, 21.27, -10]
						},
						"0.375": {
							"vector": [3.3, 21.45, -10]
						},
						"0.4583": {
							"vector": [3.3, 18.225, -9.995]
						},
						"0.5417": {
							"vector": [3.3, 15.1, -11.37]
						},
						"0.6667": {
							"vector": [3.5, 11.3, -15.22]
						},
						"0.7917": {
							"vector": [3.5, 11.3, -12.97]
						}
					}
				}
			},
			"sound_effects": {
				"0.25": {
					"effect": "cylinder_rotate"
				},
				"0.625": {
					"effect": "ejector_rod2"
				}
			}
		},
		"animation.model.finish": {
			"loop": "hold_on_last_frame",
			"animation_length": 0.6667,
			"bones": {
				"main": {
					"rotation": {
						"0.0": {
							"vector": [19.1192, 1.40607, 33.34794]
						},
						"0.0833": {
							"vector": [21.65932, 0.39181, 35.90441]
						},
						"0.25": {
							"vector": [9.38244, 1.03641, 33.74854]
						},
						"0.375": {
							"vector": [-9.30878, 0.5182, 16.87427]
						},
						"0.5": {
							"vector": [0, 0, 0]
						},
						"0.5833": {
							"vector": [1.5, 0, 0]
						},
						"0.6667": {
							"vector": [0, 0, 0]
						}
					},
					"position": {
						"0.0": {
							"vector": [0, -1.3, 1.425]
						},
						"0.0833": {
							"vector": [0, -1.75, 1.43]
						},
						"0.375": {
							"vector": [0, -0.05, 1.075]
						},
						"0.5833": {
							"vector": [0, 0, 0]
						}
					}
				},
				"frame2": {
					"rotation": {
						"0.0": {
							"vector": [42.5, 0, 0]
						},
						"0.125": {
							"vector": [42.5, 0, 0]
						},
						"0.25": {
							"vector": [0, 0, 0]
						}
					}
				},
				"Lillever": {
					"rotation": {
						"0.0": {
							"vector": [0, 0, 0]
						},
						"0.1667": {
							"vector": [0, 0, 0]
						},
						"0.2083": {
							"vector": [15, 0, 0]
						},
						"0.2917": {
							"vector": [0, 0, 0]
						}
					}
				},
				"leftarm": {
					"rotation": {
						"0.0": {
							"vector": [-6.49293, -3.41158, -33.81804]
						},
						"0.125": {
							"vector": [13.44532, -0.69539, -24.45294]
						},
						"0.25": {
							"vector": [-3.48369, 4.95522, -15.87869]
						},
						"0.375": {
							"vector": [0, 0, 0]
						}
					},
					"position": {
						"0.0": {
							"vector": [3.5, 11.3, -12.97]
						},
						"0.125": {
							"vector": [3.5, 4.525, -16.645]
						},
						"0.25": {
							"vector": [-0.375, 6.23, -19.24]
						},
						"0.5": {
							"vector": [0, 0, 0]
						}
					}
				}
			},
			"sound_effects": {
				"0.1667": {
					"effect": "close_cylinder"
				}
			}
		},
		"animation.model.hipfire": {
			"loop": true,
			"animation_length": 0.25,
			"bones": {
				"main": {
					"rotation": {
						"0.0": {
							"vector": [-7.5, 0, 2]
						},
						"0.0833": {
							"vector": [5, 0, 0]
						},
						"0.1667": {
							"vector": [0, 0, 0]
						}
					},
					"position": {
						"0.0": {
							"vector": [0, 0, 3]
						},
						"0.0833": {
							"vector": [0, 0, 0]
						},
						"0.1667": {
							"vector": [0, 0, 0]
						}
					}
				},
				"leftarm": {
					"rotation": {
						"vector": [-13.26267, -50.60319, -65.09908]
					},
					"position": {
						"0.0": {
							"vector": [-5, 21, 5]
						},
						"0.0833": {
							"vector": [-5, 21, 3]
						},
						"0.1667": {
							"vector": [-5, 19, 5]
						},
						"0.25": {
							"vector": [-5, 21, 5]
						}
					}
				},
				"Cylinder": {
					"rotation": {
						"0.0": {
							"vector": [0, 0, 90]
						},
						"0.1667": {
							"vector": [0, 0, 0]
						}
					},
					"position": {
						"vector": [0, 0, 0]
					}
				},
				"Hammer": {
					"rotation": {
						"0.0833": {
							"vector": [37.5, 0, 0]
						},
						"0.1667": {
							"vector": [0, 0, 0]
						}
					},
					"position": {
						"0.0833": {
							"vector": [0, 0, 0]
						},
						"0.1667": {
							"vector": [0, 0, 0]
						}
					}
				}
			},
			"sound_effects": {
				"0.0833": {
					"effect": "hammer_cock"
				}
			}
		},
		"animation.model.preparehip": {
			"loop": "hold_on_last_frame",
			"animation_length": 0.2083,
			"bones": {
				"main": {
					"rotation": {
						"0.0": {
							"vector": [0, 0, 0]
						},
						"0.0833": {
							"vector": [0, 0, 2]
						}
					}
				},
				"leftarm": {
					"rotation": {
						"0.0": {
							"vector": [0, 0, 0]
						},
						"0.1667": {
							"vector": [-13.26267, -50.60319, -65.09908]
						}
					},
					"position": {
						"0.0": {
							"vector": [0, 0, 0]
						},
						"0.0833": {
							"vector": [7.5, 10, 0.5]
						},
						"0.1667": {
							"vector": [-5, 21, 2]
						}
					}
				}
			}
		}
	},
	"geckolib_format_version": 2
}