{
	"format_version": "1.8.0",
	"animations": {
		"animation.model.draw": {
			"animation_length": 1.5,
			"bones": {
				"main": {
					"rotation": {
						"0.1333": {
							"vector": [67.18821, 9.23186, -3.86032]
						},
						"0.7333": {
							"vector": [-8.31605, -2.60135, -21.25252],
							"easing": "easeInOutSine"
						},
						"1.3": {
							"vector": [0.00872, -0.09962, -8.21001],
							"easing": "easeInQuad"
						},
						"1.5": {
							"vector": [0, 0, 0],
							"easing": "easeInElastic",
							"easingArgs": [2]
						}
					},
					"position": {
						"0.0": {
							"vector": [-4, -60, -14]
						},
						"0.5333": {
							"vector": [-1.69, 2.54, -12],
							"easing": "easeInOutSine"
						},
						"1.1": {
							"vector": [-0.35, 0.52, -1.21],
							"easing": "easeInQuad"
						},
						"1.2333": {
							"vector": [-0.09364, -0.77016, 0.36589],
							"easing": "easeOutBack",
							"easingArgs": [2]
						},
						"1.3667": {
							"vector": [0, 0, 0],
							"easing": "easeInOutSine"
						}
					}
				},
				"leftarm": {
					"rotation": {
						"0.0": {
							"vector": [78.71535, -25.318, 16.53512]
						},
						"1.0667": {
							"vector": [78.72, -25.32, 16.54]
						},
						"1.3667": {
							"vector": [0, 0, 0],
							"easing": "easeInOutQuad"
						}
					},
					"position": {
						"0.0": {
							"vector": [11, 0, 37]
						},
						"1.0": {
							"vector": [11, 0, 37]
						},
						"1.4333": {
							"vector": [0, 0, 0],
							"easing": "easeInOutQuad"
						}
					}
				},
				"front_handle": {
					"rotation": {
						"0.0": {
							"vector": [-65, 0, 0]
						},
						"0.8667": {
							"vector": [-65, 0, 0]
						},
						"1.1": {
							"vector": [0, 0, 0],
							"easing": "easeInQuad"
						}
					}
				},
				"_camera_": {
					"rotation": {
						"0.0": {
							"vector": [0, 0, 0]
						},
						"0.3": {
							"vector": [1, 1, 1],
							"easing": "easeInOutSine"
						},
						"0.8": {
							"vector": [-5, 2, 2],
							"easing": "easeInOutQuad"
						},
						"1.2667": {
							"vector": [0, 0, -1],
							"easing": "easeInOutQuad"
						},
						"1.5": {
							"vector": [0, 0, 0],
							"easing": "easeInElastic",
							"easingArgs": [2]
						}
					}
				},
				"scope_rotate": {
					"rotation": {
						"0.0": {
							"vector": [0, 0, 0]
						},
						"0.8": {
							"vector": [0, 0, 0]
						},
						"1.3": {
							"vector": [0, 0, 180],
							"easing": "easeInQuad"
						}
					}
				}
			},
			"sound_effects": {
				"0.0333": {
					"effect": "osprey_draw"
				},
				"0.6333": {
					"effect": "osprey_scoperotate"
				},
				"0.8667": {
					"effect": "osprey_handlerotate"
				}
			}
		},
		"animation.model.idle": {
			"animation_length": 0.0333,
			"bones": {
				"scope_rotate": {
					"rotation": {
						"vector": [0, 0, 180]
					}
				}
			}
		},
		"animation.model.fire": {
			"loop": true,
			"animation_length": 0.6222,
			"bones": {
				"main": {
					"rotation": {
						"0.0": {
							"vector": [0, 0, 0]
						},
						"0.2222": {
							"vector": [-3, 0, 0],
							"easing": "easeOutQuad"
						},
						"0.5778": {
							"vector": [0, 0, 0],
							"easing": "easeInOutQuad"
						}
					},
					"position": {
						"0.0": {
							"vector": [0, 0, 0]
						},
						"0.1333": {
							"vector": [0, 0.5, 3],
							"easing": "easeOutBack"
						},
						"0.4444": {
							"vector": [0, 0, 0],
							"easing": "easeInOutQuad"
						}
					}
				},
				"charging_lever": {
					"position": {
						"0.0": {
							"vector": [0, 0, 0]
						},
						"0.1333": {
							"vector": [0, 0, 20]
						},
						"0.2667": {
							"vector": [0, 0, 20]
						},
						"0.4": {
							"vector": [0, 0, 0]
						}
					}
				},
				"lever": {
					"rotation": {
						"0.2667": {
							"vector": [0, 0, 0]
						},
						"0.4": {
							"vector": [0, -20, 0],
							"easing": "easeOutSine"
						},
						"0.5333": {
							"vector": [0, 0, 0],
							"easing": "easeInOutSine"
						}
					}
				},
				"_camera_": {
					"rotation": {
						"0.0": {
							"vector": [0, 0, 0]
						},
						"0.2222": {
							"vector": [-1.5, 0, "math.sin(query.anim_time * 3000) * 0.5"],
							"easing": "easeInElastic",
							"easingArgs": [2]
						},
						"0.5778": {
							"vector": [0, 0, 0],
							"easing": "easeInOutSine"
						}
					}
				},
				"scope_rotate": {
					"rotation": {
						"vector": [0, 0, 180]
					}
				}
			}
		},
		"animation.model.reloadempty": {
			"animation_length": 5.8,
			"bones": {
				"main": {
					"rotation": {
						"0.1": {
							"vector": [0, 0, 0]
						},
						"0.7": {
							"vector": [-15.1133, -0.21867, -18.32165],
							"easing": "easeInElastic"
						},
						"1.0667": {
							"vector": [-14.60949, -1.48182, -22.49567],
							"easing": "easeInElastic",
							"easingArgs": [2]
						},
						"1.4": {
							"vector": [-12.16151, -0.95618, -20.05099],
							"easing": "easeInCubic"
						},
						"1.6667": {
							"vector": [-10.05987, -0.60994, -17.57542],
							"easing": "easeOutBack"
						},
						"2.8": {
							"vector": [-14.61, -1.48, -22.5],
							"easing": "easeInOutCubic"
						},
						"3.3333": {
							"vector": [-7.14802, -1.36731, -12.19275],
							"easing": "easeInOutQuad"
						},
						"3.6333": {
							"vector": [-7.15, -1.37, -12.19],
							"easing": "easeInOutQuad"
						},
						"3.8667": {
							"vector": [-4.64802, -1.36731, -12.19275],
							"easing": "easeOutBack"
						},
						"4.2": {
							"vector": [-7.274, 0.20789, 0.20863],
							"easing": "easeInOutQuad"
						},
						"4.3333": {
							"vector": [-12.274, 0.22528, -4.81028],
							"easing": "easeInQuad"
						},
						"4.4333": {
							"vector": [-13.27401, 0.22856, -4.81424],
							"easing": "easeInCubic"
						},
						"4.8667": {
							"vector": [-4.76676, 0.73326, -4.78405],
							"easing": "easeOutBack",
							"easingArgs": [1]
						},
						"5.4667": {
							"vector": [-0.11132, 0.01034, -5.10999],
							"easing": "easeInBack"
						},
						"5.7667": {
							"vector": [0, 0, 0],
							"easing": "easeInElastic",
							"easingArgs": [2]
						}
					},
					"position": {
						"0.0": {
							"vector": [0, 0, 0]
						},
						"0.8": {
							"vector": [-0.09307, 5.6337, -8.95881],
							"easing": "easeInElastic"
						},
						"1.0": {
							"vector": [-0.09307, 5.6337, -8.95881],
							"easing": "easeInElastic"
						},
						"1.3667": {
							"vector": [0.28106, 4.74943, -9.24184],
							"easing": "easeInCubic"
						},
						"1.6": {
							"vector": [0.59881, 4.00005, -9.40586],
							"easing": "easeOutBack"
						},
						"2.7333": {
							"vector": [-0.09, 5.63, -8.96],
							"easing": "easeInOutCubic"
						},
						"3.2667": {
							"vector": [1.1279, 3.66252, -9.08843],
							"easing": "easeInOutQuad"
						},
						"3.4": {
							"vector": [1.1, 3.8, -9.07],
							"easing": "easeInExpo"
						},
						"3.6": {
							"vector": [0.96, 4.41, -8.99],
							"easing": "easeInExpo"
						},
						"3.8": {
							"vector": [0.69754, 5.59922, -8.8356],
							"easing": "easeOutBack"
						},
						"4.1333": {
							"vector": [-2.09, 1.63, -8.96],
							"easing": "easeInOutQuad"
						},
						"4.3": {
							"vector": [-4.07442, 2.12413, -5.69166],
							"easing": "easeInQuad"
						},
						"4.4": {
							"vector": [-4.06969, 1.75018, -5.50022],
							"easing": "easeInCubic"
						},
						"4.7667": {
							"vector": [-4.10035, 1.29467, -10.83974],
							"easing": "easeOutBack",
							"easingArgs": [1]
						},
						"5.8": {
							"vector": [0, 0, 0],
							"easing": "easeInOutBack",
							"easingArgs": [1.5]
						}
					}
				},
				"armL_mag": {
					"rotation": {
						"1.4": {
							"vector": [0, 0, 0]
						},
						"1.7667": {
							"vector": [71.37959, -43.4088, -63.87608],
							"easing": "easeInElastic"
						},
						"2.2333": {
							"vector": [35.70383, 32.70888, -10.66956],
							"easing": "easeInOutQuad"
						},
						"2.7667": {
							"vector": [-20.08143, -5.14174, 8.34585],
							"easing": "easeInOutQuad"
						},
						"2.8333": {
							"vector": [-20.08143, -5.14174, 8.34585],
							"easing": "easeInOutQuad"
						},
						"3.1667": {
							"vector": [0, 0, 0],
							"easing": "easeInQuad"
						}
					},
					"position": {
						"1.0": {
							"vector": [0, 0, 0]
						},
						"1.3667": {
							"vector": [0, -7, 0],
							"easing": "easeInQuint"
						},
						"1.7333": {
							"vector": [12, -9, -14],
							"easing": "easeInElastic"
						},
						"2.2667": {
							"vector": [6.72588, -5.00252, 4.74043],
							"easing": "easeInOutQuad"
						},
						"2.7333": {
							"vector": [11.64499, -6.60216, -19.25908],
							"easing": "easeInOutQuad"
						},
						"2.8": {
							"vector": [11.64499, -6.60216, -19.25908],
							"easing": "easeInOutQuad"
						},
						"3.1": {
							"vector": [0, -7, 0],
							"easing": "easeInQuad"
						},
						"3.4": {
							"vector": [0, -4, 0],
							"easing": "easeInExpo"
						},
						"3.6333": {
							"vector": [0, 0, 0],
							"easing": "easeInExpo"
						}
					}
				},
				"leftarm": {
					"rotation": {
						"0.0333": {
							"vector": [0, 0, 0]
						},
						"0.3667": {
							"vector": [13.63582, -23.79202, 14.18461],
							"easing": "easeInOutSine"
						},
						"0.6333": {
							"vector": [-35, 0, 0],
							"easing": "easeInOutSine"
						},
						"1.1333": {
							"vector": [-37.5, 0, 0],
							"easing": "easeInOutBack"
						},
						"1.8667": {
							"vector": [-37.5, 0, 0]
						},
						"2.3": {
							"vector": [-37.5, 0, 0]
						},
						"2.6333": {
							"vector": [11.46006, -6.35782, 4.23973],
							"easing": "easeInOutQuad"
						},
						"3.8": {
							"vector": [11.46, -6.36, 4.24]
						},
						"4.1333": {
							"vector": [-16.47542, 30.9636, 20.33324],
							"easing": "easeInOutQuad"
						},
						"4.4": {
							"vector": [-16.47542, 30.9636, 20.33324],
							"easing": "easeInOutQuad"
						},
						"4.8333": {
							"vector": [-55.83715, 37.74957, -0.79982],
							"easing": "easeOutBack"
						},
						"5.6": {
							"vector": [0, 0, 0],
							"easing": "easeInElastic"
						}
					},
					"position": {
						"0.0": {
							"vector": [0, 0, 0]
						},
						"0.2667": {
							"vector": [2.87871, -6.7445, 14.74169],
							"easing": "easeInQuad"
						},
						"0.6": {
							"vector": [0, -2, 33],
							"easing": "easeOutQuad"
						},
						"1.0667": {
							"vector": [0, -1, 32.5],
							"easing": "easeInOutBack"
						},
						"1.8667": {
							"vector": [0, -1, 32.5]
						},
						"2.2333": {
							"vector": [0, -1, 32.5]
						},
						"2.5667": {
							"vector": [0, -1, 47.5],
							"easing": "easeInOutQuad"
						},
						"3.7333": {
							"vector": [0, -1, 47.5]
						},
						"3.9333": {
							"vector": [2.7644, 0.93492, 37.21355],
							"easing": "easeInQuad"
						},
						"4.1": {
							"vector": [4.41062, 4.87089, 26.47206],
							"easing": "easeOutQuad"
						},
						"4.3": {
							"vector": [4.41062, 4.87089, 45.47206],
							"easing": "easeInQuart"
						},
						"4.3667": {
							"vector": [4.41062, 4.87089, 45.47206],
							"easing": "easeInQuad"
						},
						"4.7667": {
							"vector": [-1.59, -0.13, 60.47],
							"easing": "easeOutBack"
						},
						"5.1333": {
							"vector": [6.89, 1.93, 35]
						},
						"5.2": {
							"vector": [7.73, 1.94, 28.05]
						},
						"5.2667": {
							"vector": [6.44, 1.96, 19.35]
						},
						"5.5667": {
							"vector": [0, 0, 0],
							"easing": "easeOutQuad"
						}
					},
					"scale": {
						"3.7333": {
							"vector": [1, 1, 1]
						},
						"4.1": {
							"vector": [1, 1.1, 1],
							"easing": "easeInOutQuad"
						},
						"4.3667": {
							"vector": [1, 1.1, 1]
						},
						"4.7667": {
							"vector": [1, 1, 1],
							"easing": "easeOutBack"
						}
					}
				},
				"magazine": {
					"rotation": {
						"1.5667": {
							"vector": [0, 0, 0]
						},
						"1.8667": {
							"vector": [145, 0, -37.5]
						},
						"2.2333": {
							"vector": [145, 0, -37.5]
						},
						"2.2667": {
							"vector": [0, 0, 0]
						}
					},
					"position": {
						"1.5667": {
							"vector": [0, 0, 0]
						},
						"1.6667": {
							"vector": [-8.93651, 0.59834, -11.42071]
						},
						"1.7333": {
							"vector": [-20.95898, -2.82134, -20.95295]
						},
						"1.8": {
							"vector": [-33.01, -9.09, -29.15]
						},
						"1.8667": {
							"vector": [-55.15298, -23.0898, -46.84026]
						},
						"2.2333": {
							"vector": [-55.15, -23.09, -46.84]
						},
						"2.2667": {
							"vector": [0, 0, 0]
						}
					}
				},
				"bullet": {
					"scale": {
						"0.0": {
							"vector": [0, 0, 0]
						},
						"2.1": {
							"vector": [0, 0, 0]
						},
						"2.1333": {
							"vector": [1, 1, 1]
						}
					}
				},
				"mag_lever": {
					"rotation": {
						"1.2333": {
							"vector": [0, 0, 0]
						},
						"1.3": {
							"vector": [-20, 0, 0],
							"easing": "easeInQuad"
						},
						"1.5": {
							"vector": [0, 0, 0],
							"easing": "easeInElastic",
							"easingArgs": [1.5]
						},
						"3.5333": {
							"vector": [0, 0, 0]
						},
						"3.6333": {
							"vector": [-20, 0, 0],
							"easing": "easeInQuad"
						},
						"3.8": {
							"vector": [0, 0, 0],
							"easing": "easeInElastic",
							"easingArgs": [1.5]
						}
					}
				},
				"charging_lever": {
					"position": {
						"4.1": {
							"vector": [0, 0, 0]
						},
						"4.3": {
							"vector": [0, 0, 19],
							"easing": "easeInQuart"
						},
						"4.3667": {
							"vector": [0, 0, 19]
						},
						"4.7": {
							"vector": [0, 0, 0],
							"easing": "easeInBounce",
							"easingArgs": [0.1]
						}
					}
				},
				"lever": {
					"rotation": {
						"4.0333": {
							"vector": [0, 0, 0]
						},
						"4.1333": {
							"vector": [0, -52.5, 0],
							"easing": "linear"
						},
						"4.4667": {
							"vector": [0, -52.5, 0]
						},
						"4.5667": {
							"vector": [0, 0, 0],
							"easing": "easeInBounce",
							"easingArgs": [0.2]
						}
					}
				},
				"scope_rotate": {
					"rotation": {
						"0.0": {
							"vector": [0, 0, 180]
						},
						"0.7": {
							"vector": [0, 0, 0],
							"easing": "easeInCubic"
						},
						"4.8667": {
							"vector": [0, 0, 0],
							"easing": "linear"
						},
						"5.5": {
							"vector": [0, 0, 180],
							"easing": "easeInCubic"
						}
					}
				},
				"_camera_": {
					"rotation": {
						"0.0": {
							"vector": [0, 0, 0]
						},
						"0.7": {
							"vector": [-2, 2, -1],
							"easing": "easeInElastic"
						},
						"0.9": {
							"vector": [-2, 2, -2],
							"easing": "easeOutBack",
							"easingArgs": [2]
						},
						"1.3667": {
							"vector": [1, 1, 0],
							"easing": "easeInCubic"
						},
						"1.9": {
							"vector": [2, -2, 1],
							"easing": "easeOutBack"
						},
						"2.3": {
							"vector": [0, 0, 0],
							"easing": "easeInOutQuad"
						},
						"2.8333": {
							"vector": [-1, -1, 0.5],
							"easing": "easeInOutSine"
						},
						"3.3333": {
							"vector": [2, 3, -1],
							"easing": "easeInOutQuad"
						},
						"3.5": {
							"vector": [1, 3, -0.75],
							"easing": "easeInQuint"
						},
						"3.6667": {
							"vector": [0, 3, -0.5],
							"easing": "easeInQuint"
						},
						"3.9": {
							"vector": [-1.5, 3, 0],
							"easing": "easeOutBack",
							"easingArgs": [2]
						},
						"4.1667": {
							"vector": [0, 3.5, 0],
							"easing": "easeInOutQuad"
						},
						"4.3333": {
							"vector": [1, 5, -2],
							"easing": "easeInCubic"
						},
						"4.4333": {
							"vector": [1, 5, -2],
							"easing": "easeInCubic"
						},
						"4.9": {
							"vector": [0, 3, -1],
							"easing": "easeInElastic",
							"easingArgs": [2]
						},
						"5.4667": {
							"vector": [0, 0, -1.5],
							"easing": "easeInBack"
						},
						"5.7333": {
							"vector": [0, 0, 0],
							"easing": "easeInElastic",
							"easingArgs": [2]
						}
					}
				},
				"bullet2": {
					"position": {
						"4.2333": {
							"vector": [0, 0, 0]
						},
						"4.3": {
							"vector": [0, 0, -20],
							"easing": "easeInSine"
						},
						"4.7": {
							"vector": [0, 0, -20],
							"easing": "easeInSine"
						},
						"4.7333": {
							"vector": [0, 0, 0]
						}
					}
				}
			},
			"sound_effects": {
				"0.0333": {
					"effect": "osprey_scoperotate"
				},
				"1.0": {
					"effect": "osprey_magout"
				},
				"2.2667": {
					"effect": "osprey_magin"
				},
				"4.1": {
					"effect": "osprey_charge"
				},
				"4.8667": {
					"effect": "osprey_scoperotate"
				},
				"5.0": {
					"effect": "osprey_reloadfinish"
				}
			}
		},
		"animation.model.reload": {
			"animation_length": 4.9,
			"bones": {
				"main": {
					"rotation": {
						"0.1": {
							"vector": [0, 0, 0]
						},
						"0.7": {
							"vector": [-15.1133, -0.21867, -18.32165],
							"easing": "easeInElastic"
						},
						"1.0667": {
							"vector": [-14.60949, -1.48182, -22.49567],
							"easing": "easeInElastic",
							"easingArgs": [2]
						},
						"1.4": {
							"vector": [-12.16151, -0.95618, -20.05099],
							"easing": "easeInCubic"
						},
						"1.6667": {
							"vector": [-10.05987, -0.60994, -17.57542],
							"easing": "easeOutBack"
						},
						"2.8": {
							"vector": [-14.61, -1.48, -22.5],
							"easing": "easeInOutCubic"
						},
						"3.3333": {
							"vector": [-7.14802, -1.36731, -12.19275],
							"easing": "easeInOutQuad"
						},
						"3.6333": {
							"vector": [-7.15, -1.37, -12.19],
							"easing": "easeInOutQuad"
						},
						"3.8667": {
							"vector": [-4.64802, -1.36731, -12.19275],
							"easing": "easeOutBack"
						},
						"4.5667": {
							"vector": [-0.11132, 0.01034, -5.10999],
							"easing": "easeInBack"
						},
						"4.8667": {
							"vector": [0, 0, 0],
							"easing": "easeInElastic",
							"easingArgs": [2]
						}
					},
					"position": {
						"0.0": {
							"vector": [0, 0, 0]
						},
						"0.8": {
							"vector": [-0.09307, 5.6337, -8.95881],
							"easing": "easeInElastic"
						},
						"1.0": {
							"vector": [-0.09307, 5.6337, -8.95881],
							"easing": "easeInElastic"
						},
						"1.3667": {
							"vector": [0.28106, 4.74943, -9.24184],
							"easing": "easeInCubic"
						},
						"1.6": {
							"vector": [0.59881, 4.00005, -9.40586],
							"easing": "easeOutBack"
						},
						"2.7333": {
							"vector": [-0.09, 5.63, -8.96],
							"easing": "easeInOutCubic"
						},
						"3.2667": {
							"vector": [1.1279, 3.66252, -9.08843],
							"easing": "easeInOutQuad"
						},
						"3.4": {
							"vector": [1.1, 3.8, -9.07],
							"easing": "easeInExpo"
						},
						"3.6": {
							"vector": [0.96, 4.41, -8.99],
							"easing": "easeInExpo"
						},
						"3.8": {
							"vector": [0.69754, 5.59922, -8.8356],
							"easing": "easeOutBack"
						},
						"4.9": {
							"vector": [0, 0, 0],
							"easing": "easeInOutBack",
							"easingArgs": [1]
						}
					}
				},
				"armL_mag": {
					"rotation": {
						"1.4": {
							"vector": [0, 0, 0]
						},
						"1.7667": {
							"vector": [71.37959, -43.4088, -63.87608],
							"easing": "easeInElastic"
						},
						"2.2333": {
							"vector": [35.70383, 32.70888, -10.66956],
							"easing": "easeInOutQuad"
						},
						"2.7667": {
							"vector": [-20.08143, -5.14174, 8.34585],
							"easing": "easeInOutQuad"
						},
						"2.8333": {
							"vector": [-20.08143, -5.14174, 8.34585],
							"easing": "easeInOutQuad"
						},
						"3.1667": {
							"vector": [0, 0, 0],
							"easing": "easeInQuad"
						}
					},
					"position": {
						"1.0": {
							"vector": [0, 0, 0]
						},
						"1.3667": {
							"vector": [0, -7, 0],
							"easing": "easeInQuint"
						},
						"1.7333": {
							"vector": [12, -9, -14],
							"easing": "easeInElastic"
						},
						"2.2667": {
							"vector": [6.72588, -5.00252, 4.74043],
							"easing": "easeInOutQuad"
						},
						"2.7333": {
							"vector": [11.64499, -6.60216, -19.25908],
							"easing": "easeInOutQuad"
						},
						"2.8": {
							"vector": [11.64499, -6.60216, -19.25908],
							"easing": "easeInOutQuad"
						},
						"3.1": {
							"vector": [0, -7, 0],
							"easing": "easeInQuad"
						},
						"3.4": {
							"vector": [0, -4, 0],
							"easing": "easeInExpo"
						},
						"3.6333": {
							"vector": [0, 0, 0],
							"easing": "easeInExpo"
						}
					}
				},
				"leftarm": {
					"rotation": {
						"0.0333": {
							"vector": [0, 0, 0]
						},
						"0.3667": {
							"vector": [13.63582, -23.79202, 14.18461],
							"easing": "easeInOutSine"
						},
						"0.6333": {
							"vector": [-35, 0, 0],
							"easing": "easeInOutSine"
						},
						"1.1333": {
							"vector": [-37.5, 0, 0],
							"easing": "easeInOutBack"
						},
						"1.8667": {
							"vector": [-37.5, 0, 0]
						},
						"2.3": {
							"vector": [-37.5, 0, 0]
						},
						"2.6333": {
							"vector": [11.46006, -6.35782, 4.23973],
							"easing": "easeInOutQuad"
						},
						"4.0333": {
							"vector": [11.46, -6.36, 4.24]
						},
						"4.7": {
							"vector": [0, 0, 0],
							"easing": "easeInElastic"
						}
					},
					"position": {
						"0.0": {
							"vector": [0, 0, 0]
						},
						"0.2667": {
							"vector": [2.87871, -6.7445, 14.74169],
							"easing": "easeInQuad"
						},
						"0.6": {
							"vector": [0, -2, 33],
							"easing": "easeOutQuad"
						},
						"1.0667": {
							"vector": [0, -1, 32.5],
							"easing": "easeInOutBack"
						},
						"1.8667": {
							"vector": [0, -1, 32.5]
						},
						"2.2333": {
							"vector": [0, -1, 32.5]
						},
						"2.5667": {
							"vector": [0, -1, 47.5],
							"easing": "easeInOutQuad"
						},
						"3.9667": {
							"vector": [0, -1, 47.5]
						},
						"4.2333": {
							"vector": [6.89, 1.93, 35]
						},
						"4.3": {
							"vector": [7.73, 1.94, 28.05]
						},
						"4.3667": {
							"vector": [6.44, 1.96, 19.35]
						},
						"4.6667": {
							"vector": [0, 0, 0],
							"easing": "easeOutQuad"
						}
					}
				},
				"magazine": {
					"rotation": {
						"1.5667": {
							"vector": [0, 0, 0]
						},
						"1.8667": {
							"vector": [145, 0, -37.5]
						},
						"2.2333": {
							"vector": [145, 0, -37.5]
						},
						"2.2667": {
							"vector": [0, 0, 0]
						}
					},
					"position": {
						"1.5667": {
							"vector": [0, 0, 0]
						},
						"1.6667": {
							"vector": [-8.93651, 0.59834, -11.42071]
						},
						"1.7333": {
							"vector": [-20.95898, -2.82134, -20.95295]
						},
						"1.8": {
							"vector": [-33.01, -9.09, -29.15]
						},
						"1.8667": {
							"vector": [-55.15298, -23.0898, -46.84026]
						},
						"2.2333": {
							"vector": [-55.15, -23.09, -46.84]
						},
						"2.2667": {
							"vector": [0, 0, 0]
						}
					}
				},
				"mag_lever": {
					"rotation": {
						"1.2333": {
							"vector": [0, 0, 0]
						},
						"1.3": {
							"vector": [-20, 0, 0],
							"easing": "easeInQuad"
						},
						"1.5": {
							"vector": [0, 0, 0],
							"easing": "easeInElastic",
							"easingArgs": [1.5]
						},
						"3.5333": {
							"vector": [0, 0, 0]
						},
						"3.6333": {
							"vector": [-20, 0, 0],
							"easing": "easeInQuad"
						},
						"3.8": {
							"vector": [0, 0, 0],
							"easing": "easeInElastic",
							"easingArgs": [1.5]
						}
					}
				},
				"scope_rotate": {
					"rotation": {
						"0.0": {
							"vector": [0, 0, 180]
						},
						"0.7": {
							"vector": [0, 0, 0],
							"easing": "easeInCubic"
						},
						"3.9667": {
							"vector": [0, 0, 0],
							"easing": "linear"
						},
						"4.6": {
							"vector": [0, 0, 180],
							"easing": "easeInCubic"
						}
					}
				},
				"_camera_": {
					"rotation": {
						"0.0": {
							"vector": [0, 0, 0]
						},
						"0.7": {
							"vector": [-2, 2, -1],
							"easing": "easeInElastic"
						},
						"0.9": {
							"vector": [-2, 2, -2],
							"easing": "easeOutBack",
							"easingArgs": [2]
						},
						"1.3667": {
							"vector": [1, 1, 0],
							"easing": "easeInCubic"
						},
						"1.9": {
							"vector": [2, -2, 1],
							"easing": "easeOutBack"
						},
						"2.3": {
							"vector": [0, 0, 0],
							"easing": "easeInOutQuad"
						},
						"2.8333": {
							"vector": [-1, -1, 0.5],
							"easing": "easeInOutSine"
						},
						"3.3333": {
							"vector": [2, 3, -1],
							"easing": "easeInOutQuad"
						},
						"3.5": {
							"vector": [1, 3, -0.75],
							"easing": "easeInQuint"
						},
						"3.6667": {
							"vector": [0, 3, -0.5],
							"easing": "easeInQuint"
						},
						"4.0": {
							"vector": [0, 3, -1],
							"easing": "easeInElastic",
							"easingArgs": [2]
						},
						"4.5667": {
							"vector": [0, 0, -1.5],
							"easing": "easeInBack"
						},
						"4.8333": {
							"vector": [0, 0, 0],
							"easing": "easeInElastic",
							"easingArgs": [2]
						}
					}
				}
			},
			"sound_effects": {
				"0.0333": {
					"effect": "osprey_scoperotate"
				},
				"1.0": {
					"effect": "osprey_magout"
				},
				"2.2667": {
					"effect": "osprey_magin"
				},
				"3.9667": {
					"effect": "osprey_scoperotate"
				},
				"4.1": {
					"effect": "osprey_reloadfinish"
				}
			}
		},
		"animation.model.inspect": {
			"animation_length": 4,
			"bones": {
				"scope_rotate": {
					"rotation": {
						"0.4": {
							"vector": [0, 0, 180]
						},
						"1.0667": {
							"vector": [0, 0, 0],
							"easing": "easeInQuart"
						},
						"3.1333": {
							"vector": [0, 0, 0],
							"easing": "easeInQuart"
						},
						"3.8": {
							"vector": [0, 0, 180],
							"easing": "easeInQuart"
						}
					}
				},
				"main": {
					"rotation": {
						"0.0667": {
							"vector": [0, 0, 0]
						},
						"1.0667": {
							"vector": [-1.04532, -22.67719, -7.38039],
							"easing": "easeInElastic",
							"easingArgs": [0.9]
						},
						"1.3": {
							"vector": [0, -22.5, -10],
							"easing": "easeInElastic",
							"easingArgs": [2]
						},
						"2.7667": {
							"vector": [1.06149, -29.49887, -10.14001],
							"easing": "easeInOutCubic"
						},
						"3.8": {
							"vector": [-0.16139, 1.27077, -4.56123],
							"easing": "easeInBack"
						},
						"4.0": {
							"vector": [0, 0, 0],
							"easing": "easeInElastic",
							"easingArgs": [1.5]
						}
					},
					"position": {
						"0.0": {
							"vector": [0, 0, 0]
						},
						"1.2": {
							"vector": [6, 0, -8],
							"easing": "easeInElastic",
							"easingArgs": [1]
						},
						"2.8667": {
							"vector": [7.83509, 0.27101, -10.44295],
							"easing": "easeInOutCubic"
						},
						"3.9333": {
							"vector": [0, 0, 0],
							"easing": "easeInOutBack"
						}
					}
				},
				"leftarm": {
					"rotation": {
						"0.0667": {
							"vector": [0, 0, 0]
						},
						"0.4": {
							"vector": [12.22259, 9.55671, 32.61183],
							"easing": "easeInQuad"
						},
						"0.7667": {
							"vector": [17.94765, 39.67889, 57.02783],
							"easing": "easeOutQuad"
						},
						"2.9667": {
							"vector": [17.95, 39.68, 57.03]
						},
						"3.3": {
							"vector": [6.24682, -0.38287, 20.10134],
							"easing": "easeInQuad"
						},
						"3.6333": {
							"vector": [0, 0, 0],
							"easing": "easeOutQuad"
						}
					},
					"position": {
						"0.0": {
							"vector": [0, 0, 0]
						},
						"0.7": {
							"vector": [0.25795, -3.20767, 11.94338],
							"easing": "easeInOutQuad"
						},
						"2.8667": {
							"vector": [0.26, -3.21, 11.94]
						},
						"3.5667": {
							"vector": [0, 0, 0],
							"easing": "easeInOutQuad"
						}
					}
				},
				"_camera_": {
					"rotation": {
						"0.0": {
							"vector": [0, 0, 0]
						},
						"1.0667": {
							"vector": [-1, 3, 2],
							"easing": "easeInOutQuad"
						},
						"1.3333": {
							"vector": [-1, 3, 1],
							"easing": "easeInElastic"
						},
						"2.9": {
							"vector": [1, 8, -1],
							"easing": "easeInOutQuad"
						},
						"3.8": {
							"vector": [0, 0, -1.5],
							"easing": "easeInOutQuad"
						},
						"3.9667": {
							"vector": [0, 0, 0],
							"easing": "easeInElastic",
							"easingArgs": [2]
						}
					}
				}
			},
			"sound_effects": {
				"0.0333": {
					"effect": "osprey_foley1"
				},
				"0.4": {
					"effect": "osprey_scoperotate"
				},
				"3.1333": {
					"effect": "osprey_scoperotate"
				},
				"3.1667": {
					"effect": "osprey_draw"
				}
			}
		},
		"animation.model.off_ground_sprinting": {
			"loop": true,
			"animation_length": 0.8,
			"bones": {
				"main": {
					"rotation": {
						"0.0": {
							"vector": [
								"6.9833 + math.sin(query.anim_time * 160) * 2",
								"-59.6763 + math.sin(query.anim_time * -160) * 3",
								"2.3451 + math.sin(query.anim_time * 60) * 3"
							],
							"easing": "easeInCubic"
						},
						"0.8": {
							"vector": [6.9832, -59.67626, 2.34512],
							"easing": "easeInOutSine"
						}
					},
					"position": {
						"0.0": {
							"vector": ["10 + math.sin(query.anim_time * 300) * 2", -13, 0],
							"easing": "easeOutQuad"
						},
						"0.8": {
							"vector": [10, -13, 0],
							"easing": "easeInQuart"
						}
					}
				}
			}
		},
		"animation.model.runningstart": {
			"animation_length": 0.3,
			"bones": {
				"main": {
					"rotation": {
						"0.0": {
							"vector": [0, 0, 0]
						},
						"0.3": {
							"vector": [6.9832, -59.67626, 2.34512],
							"easing": "easeInCubic"
						}
					},
					"position": {
						"0.0": {
							"vector": [0, 0, 0]
						},
						"0.3": {
							"vector": [15, -14, 0],
							"easing": "easeInQuad"
						}
					}
				}
			}
		},
		"animation.model.running": {
			"loop": true,
			"animation_length": 0.6,
			"bones": {
				"main": {
					"rotation": {
						"0.0": {
							"vector": [6.9832, -59.67626, 2.34512],
							"easing": "easeInOutCubic"
						},
						"0.0833": {
							"vector": [7.77606, -62.38382, 4.69084],
							"easing": "easeInSine"
						},
						"0.2": {
							"vector": [14.64828, -61.25508, -8.18417],
							"easing": "easeOutSine"
						},
						"0.3667": {
							"vector": [4.53131, -59.6562, -4.73062],
							"easing": "easeInQuad"
						},
						"0.6": {
							"vector": [6.9832, -59.67626, 2.34512],
							"easing": "easeInOutBack"
						}
					},
					"position": {
						"0.0": {
							"vector": [15, -14, 0],
							"easing": "easeInQuart"
						},
						"0.1333": {
							"vector": [13, -12, 0],
							"easing": "easeInOutQuad"
						},
						"0.3167": {
							"vector": [10, -15, 0],
							"easing": "easeInOutQuad"
						},
						"0.4833": {
							"vector": [13, -12, 0],
							"easing": "easeInSine"
						},
						"0.6": {
							"vector": [15, -14, 0],
							"easing": "easeInOutSine"
						}
					}
				}
			}
		},
		"animation.model.runningend": {
			"animation_length": 0.6667,
			"bones": {
				"main": {
					"rotation": {
						"0.1333": {
							"vector": [6.9832, -59.67626, 2.34512],
							"easing": "easeInOutCubic"
						},
						"0.3333": {
							"vector": [2.62981, -1.49924, 6.08096],
							"easing": "easeInOutQuad"
						},
						"0.6667": {
							"vector": [0, 0, 0],
							"easing": "easeInElastic",
							"easingArgs": [1.5]
						}
					},
					"position": {
						"0.0": {
							"vector": [15, -14, 0],
							"easing": "easeInQuart"
						},
						"0.2667": {
							"vector": [0.23, 0.56, -3.91],
							"easing": "easeInOutQuad"
						},
						"0.6": {
							"vector": [0, 0, 0],
							"easing": "easeInElastic",
							"easingArgs": [1]
						}
					}
				}
			}
		}
	},
	"geckolib_format_version": 2
}