{
	"format_version": "1.8.0",
	"animations": {
		"animation.model.runningstart": {
			"animation_length": 0.3,
			"bones": {
				"armR_melee": {
					"rotation": {
						"0.0": {
							"vector": [0, 0, 0]
						},
						"0.3": {
							"vector": [65.77138, -21.21625, -66.98337],
							"easing": "easeInOutQuad"
						}
					},
					"position": {
						"0.0": {
							"vector": [0, 0, 0]
						},
						"0.2333": {
							"vector": [-15, -10, 17],
							"easing": "easeInOutQuad"
						}
					}
				},
				"leftarm": {
					"rotation": {
						"0.0": {
							"vector": [0, 0, 0]
						},
						"0.2667": {
							"vector": [-7.5, 0, 2.5],
							"easing": "easeInOutSine"
						}
					},
					"position": {
						"0.0": {
							"vector": [0, 0, 0]
						},
						"0.2333": {
							"vector": [17, -16, 0],
							"easing": "easeInOutSine"
						}
					}
				}
			}
		},
		"animation.model.runningend": {
			"animation_length": 0.8,
			"bones": {
				"armR_melee": {
					"rotation": {
						"0.0667": {
							"vector": [65.77138, -21.21625, -66.98337]
						},
						"0.7667": {
							"vector": [0, 0, 0],
							"easing": "easeOutBack",
							"easingArgs": [1.3]
						}
					},
					"position": {
						"0.0": {
							"vector": [-15, -10, 17]
						},
						"0.6667": {
							"vector": [0, 0, 0],
							"easing": "easeOutBack",
							"easingArgs": [1.3]
						}
					}
				},
				"melee": {
					"rotation": {
						"0.1": {
							"vector": [-360, 0, 0]
						},
						"0.6667": {
							"vector": [0, 0, 0],
							"easing": "easeOutQuad"
						}
					},
					"position": {
						"0.1667": {
							"vector": [3.98229, -0.04007, 0.04831]
						},
						"0.7333": {
							"vector": [0, 0, 0],
							"easing": "easeInCubic"
						}
					}
				},
				"string": {
					"rotation": {
						"0.0": {
							"vector": [0, 0, 37.5]
						},
						"0.4": {
							"vector": [-50, 0, 84.95],
							"easing": "easeOutBack"
						},
						"0.7667": {
							"vector": [0, 0, 0],
							"easing": "easeInOutQuad"
						}
					}
				},
				"leftarm": {
					"rotation": {
						"0.3333": {
							"vector": [-7.5, 0, 2.5]
						},
						"0.7667": {
							"vector": [0, 0, 0],
							"easing": "easeInOutBack"
						}
					},
					"position": {
						"0.2333": {
							"vector": [17, -16, 0]
						},
						"0.7333": {
							"vector": [0, 0, 0],
							"easing": "easeInOutBack"
						}
					}
				},
				"main": {
					"position": {
						"0.0": {
							"vector": [3, 0, 0]
						},
						"0.4": {
							"vector": [2, 1, 0]
						},
						"0.7667": {
							"vector": [0, 0, 0],
							"easing": "easeInOutBack",
							"easingArgs": [3]
						}
					}
				},
				"rightarm": {
					"position": {
						"0.4333": {
							"vector": [-0.53331, -1.25922, 2.67019]
						},
						"0.7": {
							"vector": [0, 0, 0],
							"easing": "easeInOutQuad"
						}
					},
					"scale": {
						"0.4333": {
							"vector": [1, 1.2, 1]
						},
						"0.7": {
							"vector": [1, 1, 1],
							"easing": "easeInOutQuad"
						}
					}
				}
			},
			"sound_effects": {
				"0.0": {
					"effect": "knife_draw"
				}
			}
		},
		"animation.model.running": {
			"loop": true,
			"animation_length": 0.6,
			"bones": {
				"armR_melee": {
					"rotation": {
						"0.0": {
							"vector": [65.77138, -21.21625, -66.98337]
						},
						"0.2333": {
							"vector": [65.77, -21.22, -66.98]
						},
						"0.3667": {
							"vector": [-3.24025, -4.02945, -32.91374],
							"easing": "easeInOutSine"
						},
						"0.5": {
							"vector": [-16.05367, 20.1529, -11.23279],
							"easing": "easeOutSine"
						},
						"0.5667": {
							"vector": [25.36143, -21.93446, -0.99859],
							"easing": "easeInSine"
						},
						"0.6": {
							"vector": [65.77138, -21.21625, -66.98337]
						}
					},
					"position": {
						"0.0": {
							"vector": [-15, -10, 17]
						},
						"0.2667": {
							"vector": [-20, -10, 17],
							"easing": "easeInSine"
						},
						"0.4": {
							"vector": [-6, -5, -8],
							"easing": "easeOutSine"
						},
						"0.5333": {
							"vector": [-6, -11, 2],
							"easing": "easeInOutSine"
						},
						"0.6": {
							"vector": [-15, -10, 17],
							"easing": "easeInSine"
						}
					}
				},
				"string": {
					"rotation": {
						"vector": [0, 0, 37.5]
					}
				},
				"leftarm": {
					"rotation": {
						"0.0": {
							"vector": [-7.5, 0, 2.5]
						},
						"0.1333": {
							"vector": [-7.5, 0, 2.5],
							"easing": "easeInOutSine"
						},
						"0.3333": {
							"vector": [-26.19458, 16.42722, -45.49842],
							"easing": "easeInOutSine"
						},
						"0.6": {
							"vector": [-7.5, 0, 2.5]
						}
					},
					"position": {
						"0.0": {
							"vector": [17, -16, 0]
						},
						"0.1667": {
							"vector": [10, 2, -8],
							"easing": "easeInOutSine"
						},
						"0.3667": {
							"vector": [8, -8, 5],
							"easing": "easeInOutSine"
						},
						"0.6": {
							"vector": [17, -16, 0]
						}
					}
				},
				"main": {
					"position": {
						"vector": [3, 0, 0]
					}
				},
				"rightarm": {
					"position": {
						"vector": [-0.53331, -1.25922, 2.67019]
					},
					"scale": {
						"vector": [1, 1.2, 1]
					}
				}
			}
		},
		"animation.model.off_ground_sprinting": {
			"loop": true,
			"animation_length": 1,
			"bones": {
				"armR_melee": {
					"rotation": {
						"0.0": {
							"vector": [-3.24025, -4.02945, -32.91374],
							"easing": "easeInOutSine"
						},
						"0.5": {
							"vector": ["-3.24 + math.sin(query.anim_time * 60) * 3", -4.03, "-32.91 + math.sin(query.anim_time * 120) * 10"],
							"easing": "easeOutCubic"
						},
						"1.0": {
							"vector": [-3.24025, -4.02945, -32.91374],
							"easing": "easeInOutSine"
						}
					},
					"position": {
						"0.0": {
							"vector": [-6, -5, -8],
							"easing": "easeOutSine"
						},
						"0.5": {
							"vector": ["-6 + math.sin(query.anim_time * 60) * 7", "-5 + math.sin(query.anim_time * 120) * 5", -8],
							"easing": "easeOutCubic"
						},
						"1.0": {
							"vector": [-6, -5, -8],
							"easing": "easeInOutSine"
						}
					}
				},
				"leftarm": {
					"rotation": {
						"0.0": {
							"vector": [-7.5, 0, 2.5],
							"easing": "linear"
						},
						"0.4333": {
							"vector": ["math.sin(query.anim_time * 60) * 3", 0, "math.sin(query.anim_time * 120) * 5"],
							"easing": "easeInOutSine"
						},
						"1.0": {
							"vector": [-7.5, 0, 2.5],
							"easing": "easeInOutQuad"
						}
					},
					"position": {
						"0.0": {
							"vector": [10, 2, -8],
							"easing": "linear"
						},
						"0.5667": {
							"vector": ["10 + math.sin(query.anim_time * 60) * 3", "2 + math.sin(query.anim_time * 70) * 5", -8],
							"easing": "easeOutCubic"
						},
						"1.0": {
							"vector": [10, 2, -8],
							"easing": "easeInOutSine"
						}
					}
				}
			}
		},
		"animation.model.off_ground": {
			"loop": true
		},
		"animation.model.walking": {
			"loop": true,
			"animation_length": 0.8,
			"bones": {
				"main": {
					"rotation": {
						"0.0": {
							"vector": [0, 0, 0]
						},
						"0.2333": {
							"vector": [0, 0, 2],
							"easing": "easeInQuad"
						},
						"0.4667": {
							"vector": [0, 0, 4],
							"easing": "easeOutQuad"
						},
						"0.6333": {
							"vector": [0, 0, 2],
							"easing": "easeInQuad"
						},
						"0.8": {
							"vector": [0, 0, 0],
							"easing": "easeOutQuad"
						}
					},
					"position": {
						"0.0": {
							"vector": [0, 0, 0]
						},
						"0.1667": {
							"vector": [-0.5, -0.75, 0],
							"easing": "easeInQuad"
						},
						"0.4": {
							"vector": [-1, 0, 0],
							"easing": "easeOutQuad"
						},
						"0.5667": {
							"vector": [-0.5, -0.75, 0],
							"easing": "easeInQuad"
						},
						"0.8": {
							"vector": [0, 0, 0],
							"easing": "easeOutQuad"
						}
					}
				},
				"leftarm": {
					"rotation": {
						"0.0": {
							"vector": [0, 0, 0]
						},
						"0.4": {
							"vector": ["math.sin(query.anim_time * 60) * 3", 0, "math.sin(query.anim_time * 120) * 5"],
							"easing": "easeOutQuint"
						},
						"0.8": {
							"vector": [0, 0, 0],
							"easing": "easeInOutSine"
						}
					},
					"position": {
						"0.0": {
							"vector": [0, 0, 0]
						},
						"0.3667": {
							"vector": ["math.sin(query.anim_time * 60) ", "math.sin(query.anim_time * 120)", 0],
							"easing": "easeOutQuart"
						},
						"0.8": {
							"vector": [0, 0, 0],
							"easing": "easeInOutQuad"
						}
					}
				}
			}
		},
		"animation.model.walking_backwards": {
			"loop": true,
			"animation_length": 0.8,
			"bones": {
				"main": {
					"rotation": {
						"0.0": {
							"vector": [-2.5, 0, 0]
						},
						"0.2333": {
							"vector": [-2.5, 0, 2],
							"easing": "easeInQuad"
						},
						"0.4667": {
							"vector": [-2.5, 0, 4],
							"easing": "easeOutQuad"
						},
						"0.6333": {
							"vector": [-2.5, 0, 2],
							"easing": "easeInQuad"
						},
						"0.8": {
							"vector": [-2.5, 0, 0],
							"easing": "easeOutQuad"
						}
					},
					"position": {
						"0.0": {
							"vector": [0, 0.5, 0]
						},
						"0.1667": {
							"vector": [-0.5, -0.25, 0],
							"easing": "easeInQuad"
						},
						"0.4": {
							"vector": [-1, 0.5, 0],
							"easing": "easeOutQuad"
						},
						"0.5667": {
							"vector": [-0.5, -0.25, 0],
							"easing": "easeInQuad"
						},
						"0.8": {
							"vector": [0, 0.5, 0],
							"easing": "easeOutQuad"
						}
					}
				},
				"leftarm": {
					"rotation": {
						"0.0": {
							"vector": [0, 0, 0]
						},
						"0.4": {
							"vector": ["math.sin(query.anim_time * 60) * 3", 0, "math.sin(query.anim_time * 120) * 5"],
							"easing": "easeOutQuint"
						},
						"0.8": {
							"vector": [0, 0, 0],
							"easing": "easeInOutSine"
						}
					},
					"position": {
						"0.0": {
							"vector": [0, 0, 0]
						},
						"0.3667": {
							"vector": ["math.sin(query.anim_time * 60) ", "math.sin(query.anim_time * 120)", 0],
							"easing": "easeOutQuart"
						},
						"0.8": {
							"vector": [0, 0, 0],
							"easing": "easeInOutQuad"
						}
					}
				}
			}
		},
		"animation.model.walking_right": {
			"loop": true,
			"animation_length": 0.8,
			"bones": {
				"main": {
					"rotation": {
						"0.0": {
							"vector": [0, 0, -2.5]
						},
						"0.2333": {
							"vector": [0, 0, -0.5],
							"easing": "easeInQuad"
						},
						"0.4667": {
							"vector": [0, 0, 1.5],
							"easing": "easeOutQuad"
						},
						"0.6333": {
							"vector": [0, 0, -0.5],
							"easing": "easeInQuad"
						},
						"0.8": {
							"vector": [0, 0, -2.5],
							"easing": "easeOutQuad"
						}
					},
					"position": {
						"0.0": {
							"vector": [0, 0, 0]
						},
						"0.1667": {
							"vector": [-0.5, -0.75, 0],
							"easing": "easeInQuad"
						},
						"0.4": {
							"vector": [-1, 0, 0],
							"easing": "easeOutQuad"
						},
						"0.5667": {
							"vector": [-0.5, -0.75, 0],
							"easing": "easeInQuad"
						},
						"0.8": {
							"vector": [0, 0, 0],
							"easing": "easeOutQuad"
						}
					}
				},
				"leftarm": {
					"rotation": {
						"0.0": {
							"vector": [0, 0, 0]
						},
						"0.4": {
							"vector": ["math.sin(query.anim_time * 60) * 3", 0, "math.sin(query.anim_time * 120) * 5"],
							"easing": "easeOutQuint"
						},
						"0.8": {
							"vector": [0, 0, 0],
							"easing": "easeInOutSine"
						}
					},
					"position": {
						"0.0": {
							"vector": [0, 0, 0]
						},
						"0.3667": {
							"vector": ["math.sin(query.anim_time * 60) ", "math.sin(query.anim_time * 120)", 0],
							"easing": "easeOutQuart"
						},
						"0.8": {
							"vector": [0, 0, 0],
							"easing": "easeInOutQuad"
						}
					}
				}
			}
		},
		"animation.model.walking_left": {
			"loop": true,
			"animation_length": 0.8,
			"bones": {
				"main": {
					"rotation": {
						"0.0": {
							"vector": [0, 0, 2.5]
						},
						"0.2333": {
							"vector": [0, 0, 4.5],
							"easing": "easeInQuad"
						},
						"0.4667": {
							"vector": [0, 0, 6.5],
							"easing": "easeOutQuad"
						},
						"0.6333": {
							"vector": [0, 0, 4.5],
							"easing": "easeInQuad"
						},
						"0.8": {
							"vector": [0, 0, 2.5],
							"easing": "easeOutQuad"
						}
					},
					"position": {
						"0.0": {
							"vector": [0, 0, 0]
						},
						"0.1667": {
							"vector": [-0.5, -0.75, 0],
							"easing": "easeInQuad"
						},
						"0.4": {
							"vector": [-1, 0, 0],
							"easing": "easeOutQuad"
						},
						"0.5667": {
							"vector": [-0.5, -0.75, 0],
							"easing": "easeInQuad"
						},
						"0.8": {
							"vector": [0, 0, 0],
							"easing": "easeOutQuad"
						}
					}
				},
				"leftarm": {
					"rotation": {
						"0.0": {
							"vector": [0, 0, 0]
						},
						"0.4": {
							"vector": ["math.sin(query.anim_time * 60) * 3", 0, "math.sin(query.anim_time * 120) * 5"],
							"easing": "easeOutQuint"
						},
						"0.8": {
							"vector": [0, 0, 0],
							"easing": "easeInOutSine"
						}
					},
					"position": {
						"0.0": {
							"vector": [0, 0, 0]
						},
						"0.3667": {
							"vector": ["math.sin(query.anim_time * 60) ", "math.sin(query.anim_time * 120)", 0],
							"easing": "easeOutQuart"
						},
						"0.8": {
							"vector": [0, 0, 0],
							"easing": "easeInOutQuad"
						}
					}
				}
			}
		}
	},
	"geckolib_format_version": 2
}