{
	"format_version": "1.8.0",
	"animations": {
		"animation.model.walking": {
			"loop": true,
			"animation_length": 1,
			"bones": {
				"main": {
					"rotation": {
						"0.0": {
							"vector": [0, 0, 0]
						},
						"0.2667": {
							"vector": [-0.04281, 0.95527, -1.51742],
							"easing": "easeInSine"
						},
						"0.5333": {
							"vector": [1.08676, 1.95431, 0.49854],
							"easing": "easeInOutSine"
						},
						"0.7333": {
							"vector": [1.15691, 0.91098, 4.48055],
							"easing": "easeInOutSine"
						},
						"1.0": {
							"vector": [0, 0, 0],
							"easing": "linear"
						}
					},
					"position": {
						"0.0": {
							"vector": [0, 0, 0]
						},
						"0.15": {
							"vector": [-0.25, 0.25, 0],
							"easing": "easeInSine"
						},
						"0.4": {
							"vector": [-0.5, -1, 0],
							"easing": "easeInOutQuad"
						},
						"0.6833": {
							"vector": [-0.25, 0.85, 0],
							"easing": "easeInOutSine"
						},
						"1.0": {
							"vector": [0, 0, 0],
							"easing": "easeOutQuad"
						}
					}
				}
			}
		},
		"animation.model.walking_aiming": {
			"loop": true,
			"animation_length": 1,
			"bones": {
				"main": {
					"rotation": {
						"0.0": {
							"vector": [0, 0, 0]
						},
						"0.2667": {
							"vector": ["-0.0428 / 5", "0.9553 / 10", "-1.5174 / 5"],
							"easing": "easeInSine"
						},
						"0.5333": {
							"vector": ["1.0868 / 5", "0.5543 / 10", "0.4985 / 5"],
							"easing": "easeInOutSine"
						},
						"0.7333": {
							"vector": ["0.7569 / 5", "0.911 / 5", "2.4806 / 5"],
							"easing": "easeInOutSine"
						},
						"1.0": {
							"vector": [0, 0, 0],
							"easing": "linear"
						}
					},
					"position": {
						"0.0": {
							"vector": [0, 0, 0]
						},
						"0.15": {
							"vector": ["-0.25 / 5", "0.25 / 5", 0],
							"easing": "easeInSine"
						},
						"0.4": {
							"vector": ["-0.5 / 5", "-0.25 / 5", 0],
							"easing": "easeInOutQuad"
						},
						"0.6833": {
							"vector": ["-0.25 / 5", "0.45 / 5", 0],
							"easing": "easeInOutSine"
						},
						"1.0": {
							"vector": [0, 0, 0],
							"easing": "easeOutQuad"
						}
					}
				}
			}
		},
		"animation.model.walking_backwards": {
			"loop": true,
			"animation_length": 1,
			"bones": {
				"main": {
					"rotation": {
						"0.0": {
							"vector": [1, 0, 0]
						},
						"0.2667": {
							"vector": [0.95741, 0.92865, -1.53386],
							"easing": "easeInSine"
						},
						"0.5333": {
							"vector": [2.08621, 1.96271, 0.46434],
							"easing": "easeInOutSine"
						},
						"0.7333": {
							"vector": [2.15981, 0.98896, 4.46402],
							"easing": "easeInOutSine"
						},
						"1.0": {
							"vector": [1, 0, 0],
							"easing": "linear"
						}
					},
					"position": {
						"0.0": {
							"vector": [0, 0, 0]
						},
						"0.15": {
							"vector": [-0.25, 0.25, 0],
							"easing": "easeInSine"
						},
						"0.4": {
							"vector": [-0.5, -1, 0],
							"easing": "easeInOutQuad"
						},
						"0.7": {
							"vector": [-0.25, 0.85, 0],
							"easing": "easeInOutSine"
						},
						"1.0": {
							"vector": [0, 0, 0],
							"easing": "easeOutQuad"
						}
					}
				}
			}
		},
		"animation.model.walking_right": {
			"loop": true,
			"animation_length": 1,
			"bones": {
				"main": {
					"rotation": {
						"0.0": {
							"vector": [0, 0, -2.5]
						},
						"0.2667": {
							"vector": [-0.0011, 0.95623, -4.01707],
							"easing": "easeInSine"
						},
						"0.5333": {
							"vector": [1.17099, 1.90505, -2.00053],
							"easing": "easeInOutSine"
						},
						"0.7333": {
							"vector": [1.19554, 0.85965, 1.98032],
							"easing": "easeInOutSine"
						},
						"1.0": {
							"vector": [0, 0, -2.5],
							"easing": "linear"
						}
					},
					"position": {
						"0.0": {
							"vector": [0, 0, 0]
						},
						"0.15": {
							"vector": [-0.25, 0.25, 0],
							"easing": "easeInSine"
						},
						"0.4": {
							"vector": [-0.5, -1, 0],
							"easing": "easeInOutQuad"
						},
						"0.7": {
							"vector": [-0.25, 0.85, 0],
							"easing": "easeInOutSine"
						},
						"1.0": {
							"vector": [0, 0, 0],
							"easing": "easeOutQuad"
						}
					}
				}
			}
		},
		"animation.model.walking_left": {
			"loop": true,
			"animation_length": 1,
			"bones": {
				"main": {
					"rotation": {
						"0.0": {
							"vector": [0, 0, 2.5]
						},
						"0.2667": {
							"vector": [-0.08444, 0.95249, 0.98223],
							"easing": "easeInSine"
						},
						"0.5333": {
							"vector": [1.00046, 1.99985, 2.99747],
							"easing": "easeInOutSine"
						},
						"0.7333": {
							"vector": [1.11608, 0.96057, 6.98071],
							"easing": "easeInOutSine"
						},
						"1.0": {
							"vector": [0, 0, 2.5],
							"easing": "linear"
						}
					},
					"position": {
						"0.0": {
							"vector": [0, 0, 0]
						},
						"0.15": {
							"vector": [-0.25, 0.25, 0],
							"easing": "easeInSine"
						},
						"0.4": {
							"vector": [-0.5, -1, 0],
							"easing": "easeInOutQuad"
						},
						"0.7": {
							"vector": [-0.25, 0.85, 0],
							"easing": "easeInOutSine"
						},
						"1.0": {
							"vector": [0, 0, 0],
							"easing": "easeOutQuad"
						}
					}
				}
			}
		},
		"animation.model.off_ground": {
			"animation_length": 0.0333
		},
		"animation.model.off_ground_sprinting": {
			"loop": true,
			"animation_length": 0.8,
			"bones": {
				"main": {
					"rotation": {
						"0.0": {
							"vector": [
								"6.9833 + math.sin(query.anim_time * 160) * 2",
								"-59.6763 + math.sin(query.anim_time * -160) * 3",
								"2.3451 + math.sin(query.anim_time * 60) * 3"
							],
							"easing": "easeInCubic"
						},
						"0.8": {
							"vector": [6.9832, -59.67626, 2.34512],
							"easing": "easeInOutSine"
						}
					},
					"position": {
						"0.0": {
							"vector": ["10 + math.sin(query.anim_time * 300) * 2", -3, 0],
							"easing": "easeOutQuad"
						},
						"0.8": {
							"vector": [10, -3, 0],
							"easing": "easeInQuart"
						}
					}
				}
			}
		},
		"animation.model.runningstart": {
			"animation_length": 0.3,
			"bones": {
				"main": {
					"rotation": {
						"0.0": {
							"vector": [0, 0, 0]
						},
						"0.3": {
							"vector": [6.9832, -59.67626, 2.34512],
							"easing": "easeInCubic"
						}
					},
					"position": {
						"0.0": {
							"vector": [0, 0, 0]
						},
						"0.3": {
							"vector": [15, -7, 0],
							"easing": "easeInQuad"
						}
					}
				}
			}
		},
		"animation.model.running": {
			"loop": true,
			"animation_length": 0.6,
			"bones": {
				"main": {
					"rotation": {
						"0.0": {
							"vector": [6.9832, -59.67626, 2.34512],
							"easing": "easeInOutCubic"
						},
						"0.0833": {
							"vector": [7.77606, -62.38382, 4.69084],
							"easing": "easeInSine"
						},
						"0.2": {
							"vector": [14.64828, -61.25508, -8.18417],
							"easing": "easeOutSine"
						},
						"0.3667": {
							"vector": [4.53131, -59.6562, -4.73062],
							"easing": "easeInQuad"
						},
						"0.6": {
							"vector": [6.9832, -59.67626, 2.34512],
							"easing": "easeInOutBack"
						}
					},
					"position": {
						"0.0": {
							"vector": [15, -7, 0],
							"easing": "easeInQuart"
						},
						"0.1333": {
							"vector": [13, -5, 0],
							"easing": "easeInOutQuad"
						},
						"0.3167": {
							"vector": [10, -8, 0],
							"easing": "easeInOutQuad"
						},
						"0.4833": {
							"vector": [13, -5, 0],
							"easing": "easeInSine"
						},
						"0.6": {
							"vector": [15, -7, 0],
							"easing": "easeInOutSine"
						}
					}
				}
			}
		},
		"animation.model.runningend": {
			"animation_length": 0.6667,
			"bones": {
				"main": {
					"rotation": {
						"0.1333": {
							"vector": [6.9832, -59.67626, 2.34512],
							"easing": "easeInOutCubic"
						},
						"0.3333": {
							"vector": [2.85, -1.02, -3.91],
							"easing": "easeInOutQuad"
						},
						"0.6667": {
							"vector": [0, 0, 0],
							"easing": "easeInElastic",
							"easingArgs": [1.5]
						}
					},
					"position": {
						"0.0": {
							"vector": [15, -7, 0],
							"easing": "easeInQuart"
						},
						"0.2667": {
							"vector": [0.23, 1.56, -3.91],
							"easing": "easeInOutQuad"
						},
						"0.6": {
							"vector": [0, 0, 0],
							"easing": "easeInElastic",
							"easingArgs": [1]
						}
					}
				}
			}
		}
	},
	"geckolib_format_version": 2
}