{
	"format_version": "1.8.0",
	"animations": {
		"animation.model.draw": {
			"animation_length": 0.7,
			"bones": {
				"main": {
					"rotation": {
						"0.0333": {
							"vector": [36.05706, 0.98998, -8.5944]
						},
						"0.3333": {
							"vector": [2.60364, 0.76712, -11.50243],
							"easing": "easeOutSine"
						},
						"0.6667": {
							"vector": [0, 0, 0],
							"easing": "easeInElastic"
						}
					},
					"position": {
						"0.0": {
							"vector": [-12, -25, 30]
						},
						"0.2333": {
							"vector": [-5, 1, -11],
							"easing": "easeOutSine"
						},
						"0.6": {
							"vector": [0, 0, 0],
							"easing": "easeInElastic"
						}
					}
				},
				"handleL": {
					"rotation": {
						"0.0": {
							"vector": [0, 0, -90]
						},
						"0.4": {
							"vector": [0, 0, -90]
						},
						"0.5333": {
							"vector": [0, 0, 0],
							"easing": "easeInOutSine"
						}
					}
				},
				"handleR": {
					"rotation": {
						"0.0": {
							"vector": [0, 0, 90]
						},
						"0.4": {
							"vector": [0, 0, 90]
						},
						"0.5333": {
							"vector": [0, 0, 0],
							"easing": "easeInOutSine"
						}
					}
				},
				"sight_rear": {
					"rotation": {
						"0.0": {
							"vector": [90, 0, 0]
						},
						"0.5333": {
							"vector": [90, 0, 0]
						},
						"0.6667": {
							"vector": [0, 0, 0],
							"easing": "easeInOutSine"
						}
					}
				},
				"sight_front": {
					"rotation": {
						"0.0": {
							"vector": [-90, 0, 0]
						},
						"0.5333": {
							"vector": [-90, 0, 0]
						},
						"0.6667": {
							"vector": [0, 0, 0],
							"easing": "easeInOutSine"
						}
					}
				},
				"leftarm": {
					"rotation": {
						"0.0": {
							"vector": [-26.92072, 8.18235, -17.45271]
						},
						"0.2667": {
							"vector": [-26.92, 8.18, -17.45]
						},
						"0.5": {
							"vector": [0, 0, 0],
							"easing": "easeInOutQuad"
						}
					},
					"position": {
						"0.0": {
							"vector": [0, -6, 3]
						},
						"0.2333": {
							"vector": [0, -6, 3]
						},
						"0.4667": {
							"vector": [0, 0, 0],
							"easing": "easeInOutQuad"
						}
					}
				},
				"_camera_": {
					"rotation": {
						"0.0": {
							"vector": [0, 0, 0]
						},
						"0.1": {
							"vector": [1, 0.5, 0.25],
							"easing": "easeInOutSine"
						},
						"0.3333": {
							"vector": [-1, 1, 1],
							"easing": "easeInOutSine"
						},
						"0.6667": {
							"vector": [0, 0, 0],
							"easing": "easeInElastic"
						}
					}
				}
			},
			"sound_effects": {
				"0.0667": {
					"effect": "masamune_foley"
				},
				"0.3": {
					"effect": "masamune_foley"
				}
			}
		},
		"animation.model.drawempty": {
			"animation_length": 0.7,
			"bones": {
				"main": {
					"rotation": {
						"0.0333": {
							"vector": [36.05706, 0.98998, -8.5944]
						},
						"0.3333": {
							"vector": [2.60364, 0.76712, -11.50243],
							"easing": "easeOutSine"
						},
						"0.6667": {
							"vector": [0, 0, 0],
							"easing": "easeInElastic"
						}
					},
					"position": {
						"0.0": {
							"vector": [-12, -25, 30]
						},
						"0.2333": {
							"vector": [-5, 1, -11],
							"easing": "easeOutSine"
						},
						"0.6": {
							"vector": [0, 0, 0],
							"easing": "easeInElastic"
						}
					}
				},
				"slide1": {
					"position": {
						"vector": [0, 0, 9]
					}
				},
				"sight_rear": {
					"rotation": {
						"0.0": {
							"vector": [90, 0, 0]
						},
						"0.5333": {
							"vector": [90, 0, 0]
						},
						"0.6667": {
							"vector": [0, 0, 0],
							"easing": "easeInOutSine"
						}
					}
				},
				"sight_front": {
					"rotation": {
						"0.0": {
							"vector": [-90, 0, 0]
						},
						"0.5333": {
							"vector": [-90, 0, 0]
						},
						"0.6667": {
							"vector": [0, 0, 0],
							"easing": "easeInOutSine"
						}
					}
				},
				"bullet2": {
					"scale": {
						"vector": [0, 0, 0]
					}
				},
				"leftarm": {
					"rotation": {
						"0.0": {
							"vector": [-26.92072, 8.18235, -17.45271]
						},
						"0.2667": {
							"vector": [-26.92, 8.18, -17.45]
						},
						"0.5": {
							"vector": [0, 0, 0],
							"easing": "easeInOutQuad"
						}
					},
					"position": {
						"0.0": {
							"vector": [0, -6, 3]
						},
						"0.2333": {
							"vector": [0, -6, 3]
						},
						"0.4667": {
							"vector": [0, 0, 0],
							"easing": "easeInOutQuad"
						}
					}
				},
				"_camera_": {
					"rotation": {
						"0.0": {
							"vector": [0, 0, 0]
						},
						"0.1": {
							"vector": [1, 0.5, 0.25],
							"easing": "easeInOutSine"
						},
						"0.3333": {
							"vector": [-1, 1, 1],
							"easing": "easeInOutSine"
						},
						"0.6667": {
							"vector": [0, 0, 0],
							"easing": "easeInElastic"
						}
					}
				}
			},
			"sound_effects": {
				"0.0667": {
					"effect": "masamune_foley"
				},
				"0.3": {
					"effect": "masamune_foley"
				}
			}
		},
		"animation.model.fire": {
			"animation_length": 0.1,
			"bones": {
				"main": {
					"rotation": {
						"0.0": {
							"vector": [0, 0, 0]
						},
						"0.0333": {
							"vector": [0, 0, "math.sin(query.anim_time*5000)*0.75"]
						},
						"0.1": {
							"vector": [0, 0, 0]
						}
					},
					"position": {
						"0.0": {
							"vector": [0, 0, 0]
						},
						"0.0333": {
							"vector": [0, 0, 1]
						},
						"0.1": {
							"vector": [0, 0, 0]
						}
					}
				},
				"slide1": {
					"position": {
						"0.0": {
							"vector": [0, 0, 0]
						},
						"0.0333": {
							"vector": [0, 0, 9]
						},
						"0.0667": {
							"vector": [0, 0, 0]
						}
					}
				}
			}
		},
		"animation.model.fireempty": {
			"loop": "hold_on_last_frame",
			"animation_length": 0.1,
			"bones": {
				"main": {
					"rotation": {
						"0.0": {
							"vector": [0, 0, 0]
						},
						"0.0333": {
							"vector": [0, 0, "math.sin(query.anim_time*5000)*0.75"]
						},
						"0.1": {
							"vector": [0, 0, 0]
						}
					},
					"position": {
						"0.0": {
							"vector": [0, 0, 0]
						},
						"0.0333": {
							"vector": [0, 0, 1]
						},
						"0.1": {
							"vector": [0, 0, 0]
						}
					}
				},
				"slide1": {
					"position": {
						"0.0": {
							"vector": [0, 0, 0]
						},
						"0.0333": {
							"vector": [0, 0, 9]
						}
					}
				}
			}
		},
		"animation.model.completefire": {
			"animation_length": 0.2,
			"sound_effects": {
				"0.0": {
					"effect": "masamune_fire_complete"
				}
			}
		},
		"animation.model.completefireempty": {
			"animation_length": 0.2,
			"bones": {
				"slide1": {
					"position": {
						"vector": [0, 0, 9]
					}
				},
				"bullet2": {
					"scale": {
						"vector": [0, 0, 0]
					}
				}
			},
			"sound_effects": {
				"0.0": {
					"effect": "masamune_fire_complete"
				}
			}
		},
		"animation.model.idle": {
			"animation_length": 0.0417
		},
		"animation.model.idleempty": {
			"animation_length": 0.0417,
			"bones": {
				"slide1": {
					"position": {
						"vector": [0, 0, 9]
					}
				}
			}
		},
		"animation.model.reloadempty": {
			"animation_length": 3.4,
			"bones": {
				"main": {
					"rotation": {
						"0.0667": {
							"vector": [0, 0, 0]
						},
						"0.3333": {
							"vector": [-10.30186, -2.81935, -40.66237],
							"easing": "easeInOutQuad"
						},
						"0.5333": {
							"vector": [-10.41175, -2.37043, -38.19855],
							"easing": "easeOutBack",
							"easingArgs": [4]
						},
						"0.8667": {
							"vector": [-10.57444, -1.45893, -33.28091],
							"easing": "easeInQuad"
						},
						"1.1333": {
							"vector": [-5.65088, -2.07319, -23.05471],
							"easing": "easeOutBack"
						},
						"1.5": {
							"vector": [-9.82393, -3.70754, -48.15294],
							"easing": "easeInOutQuad"
						},
						"1.9333": {
							"vector": [-19.73323, -2.87874, -48.41117],
							"easing": "easeInQuint"
						},
						"2.1": {
							"vector": [-24.42699, -4.55531, -53.13181],
							"easing": "easeOutBack",
							"easingArgs": [3]
						},
						"2.4667": {
							"vector": [-0.14724, -0.23662, -6.10714],
							"easing": "easeInOutSine"
						},
						"2.7": {
							"vector": [-0.20674, 0.7569, -7.1052],
							"easing": "easeInQuad"
						},
						"2.9": {
							"vector": [1.78906, 5.9334, -12.03668],
							"easing": "easeInElastic",
							"easingArgs": [1.5]
						},
						"3.3667": {
							"vector": [0, 0, 0],
							"easing": "easeInOutBack"
						}
					},
					"position": {
						"0.0": {
							"vector": [0, 0, 0]
						},
						"0.2667": {
							"vector": [-3, 3, -10],
							"easing": "easeInOutQuad"
						},
						"0.5": {
							"vector": [-2.85305, 2.80279, -10.04551],
							"easing": "easeOutBack",
							"easingArgs": [7]
						},
						"0.8": {
							"vector": [-2.34364, 1.95762, -10.23439],
							"easing": "easeInQuad"
						},
						"1.1": {
							"vector": [-1.70249, 0.44791, -10.53927],
							"easing": "easeOutBack"
						},
						"1.4667": {
							"vector": [-0.16272, 2.58481, -7.55782],
							"easing": "easeInOutQuad"
						},
						"1.9": {
							"vector": [-2.54113, 3.20338, -8.18339],
							"easing": "easeInQuint"
						},
						"2.0667": {
							"vector": [-3.73303, 4.11408, -8.4336],
							"easing": "easeOutBack",
							"easingArgs": [3]
						},
						"2.4333": {
							"vector": [-2.38161, 0.85701, -10.10898],
							"easing": "easeInOutSine"
						},
						"2.6667": {
							"vector": [-2.38, 0.86, -10.61],
							"easing": "easeInQuad"
						},
						"2.8667": {
							"vector": [-3.38, -0.14, -12.61],
							"easing": "easeInElastic",
							"easingArgs": [1.5]
						},
						"3.3333": {
							"vector": [0, 0, 0],
							"easing": "easeInElastic"
						}
					}
				},
				"slide1": {
					"position": {
						"0.0": {
							"vector": [0, 0, 9]
						},
						"2.4333": {
							"vector": [0, 0, 9]
						},
						"2.7333": {
							"vector": [0, 0, 0],
							"easing": "easeInExpo"
						}
					}
				},
				"armL_mag": {
					"rotation": {
						"0.6333": {
							"vector": [0, 0, 0]
						},
						"0.8": {
							"vector": [0, 0, 0],
							"easing": "easeInCubic"
						},
						"1.1": {
							"vector": [37.69778, -21.2842, 25.15933],
							"easing": "easeOutSine"
						},
						"1.2": {
							"vector": [-18.49332, -22.61368, 71.7232]
						},
						"1.5667": {
							"vector": [0, 0, 0],
							"easing": "easeInOutQuad"
						},
						"1.9": {
							"vector": [0, 0, 0]
						}
					},
					"position": {
						"0.6333": {
							"vector": [0, 0, 0]
						},
						"0.8": {
							"vector": [0, -2.5, 0.67],
							"easing": "easeInCubic"
						},
						"1.0667": {
							"vector": [-3.23035, -29.8438, 17.89734],
							"easing": "easeOutSine"
						},
						"1.2": {
							"vector": [15.63846, -58.27667, 24.61986]
						},
						"1.3333": {
							"vector": [17.63003, -24.82365, 12.29949],
							"easing": "easeInQuad"
						},
						"1.5": {
							"vector": [0, -14, 3.5],
							"easing": "easeOutQuad"
						},
						"1.9": {
							"vector": [0, 0, 0],
							"easing": "easeInExpo"
						}
					}
				},
				"magazine": {
					"position": {
						"0.3667": {
							"vector": [0, 0, 0]
						},
						"0.4667": {
							"vector": [0, -6, 1.6],
							"easing": "easeOutQuad"
						},
						"1.1333": {
							"vector": [0, -6, 1.6]
						},
						"1.1667": {
							"vector": [0, 0, 0]
						}
					}
				},
				"bullet2": {
					"scale": {
						"0.0": {
							"vector": [0, 0, 0]
						},
						"1.0667": {
							"vector": [0, 0, 0]
						},
						"1.1": {
							"vector": [1, 1, 1]
						}
					}
				},
				"leftarm": {
					"rotation": {
						"0.0333": {
							"vector": [0, 0, 0]
						},
						"0.3333": {
							"vector": [-35.14945, -8.88334, -23.27718]
						},
						"0.4": {
							"vector": [-35.14945, -8.88334, -23.27718]
						},
						"0.6333": {
							"vector": [-13.5333, -16.39651, -46.08074],
							"easing": "easeInOutQuad"
						},
						"1.1333": {
							"vector": [-13.53, -16.4, -46.08]
						},
						"1.1667": {
							"vector": [-27.13123, -36.37466, -35.57693],
							"easing": "easeInOutQuad"
						},
						"1.9": {
							"vector": [-27.13123, -36.37466, -35.57693],
							"easing": "easeInOutQuad"
						},
						"2.0333": {
							"vector": [-27.13123, -36.37466, -35.57693],
							"easing": "easeInOutSine"
						},
						"2.5": {
							"vector": [-78.53, -16.4, -46.08],
							"easing": "easeInOutSine"
						},
						"2.6": {
							"vector": [-83.18692, -8.95186, -45.13446],
							"easing": "easeInSine"
						},
						"2.8667": {
							"vector": [-45.31523, -33.49344, -44.415],
							"easing": "easeInElastic"
						},
						"3.1": {
							"vector": [0, 0, 0],
							"easing": "easeInOutQuad"
						}
					},
					"position": {
						"0.0": {
							"vector": [0, 0, 0]
						},
						"0.3": {
							"vector": [-4.70731, -10.97114, 6.95498]
						},
						"0.3667": {
							"vector": [-4.70731, -10.97114, 6.95498]
						},
						"0.6": {
							"vector": [-1.826, -7.99672, 14.65276],
							"easing": "easeInOutQuad"
						},
						"1.1333": {
							"vector": [-1.83, -8, 14.65]
						},
						"1.1667": {
							"vector": [-9.83, -11, 13.65],
							"easing": "easeInOutQuad"
						},
						"1.9": {
							"vector": [-9.83, -11, 13.65],
							"easing": "easeInOutQuad"
						},
						"2.0": {
							"vector": [-9.83, -11, 13.65],
							"easing": "easeInOutSine"
						},
						"2.2667": {
							"vector": [-2.8651, -12.13381, 12.91253],
							"easing": "easeInOutSine"
						},
						"2.4667": {
							"vector": [-2.89006, -6.30456, 8.16912],
							"easing": "easeInOutSine"
						},
						"2.5667": {
							"vector": [-2.85057, -6.30713, 7.16991],
							"easing": "easeInSine"
						},
						"2.8333": {
							"vector": [-2.61304, -6.32542, 1.1747],
							"easing": "easeInElastic"
						},
						"3.0667": {
							"vector": [0, 0, 0],
							"easing": "easeInOutQuad"
						}
					},
					"scale": {
						"0.0": {
							"vector": [1, 1, 1]
						},
						"0.3": {
							"vector": [1, 1.1, 1],
							"easing": "easeInOutQuad"
						},
						"2.8333": {
							"vector": [1, 1.1, 1]
						},
						"3.0667": {
							"vector": [1, 1, 1],
							"easing": "easeInOutQuad"
						}
					}
				},
				"_camera_": {
					"rotation": {
						"0.0": {
							"vector": [0, 0, 0]
						},
						"0.3667": {
							"vector": [-1, 2, 0.5],
							"easing": "easeInOutSine"
						},
						"0.6667": {
							"vector": [-0.25, 1, 0],
							"easing": "easeInOutSine"
						},
						"1.1667": {
							"vector": [3, -1, -1],
							"easing": "easeInElastic",
							"easingArgs": [1.5]
						},
						"1.6333": {
							"vector": [1, -2, -1],
							"easing": "easeInOutQuad"
						},
						"1.9333": {
							"vector": [0, 1, 0],
							"easing": "easeInQuart"
						},
						"2.2": {
							"vector": [-2, 3, 2],
							"easing": "easeOutBack"
						},
						"2.5667": {
							"vector": [0, 2, 1],
							"easing": "easeInOutSine"
						},
						"2.9667": {
							"vector": [1, 1.25, 0.5],
							"easing": "easeInElastic",
							"easingArgs": [2]
						},
						"3.3333": {
							"vector": [0, 0, 0],
							"easing": "easeInOutQuad"
						}
					}
				}
			},
			"sound_effects": {
				"0.0333": {
					"effect": "masamune_foley"
				},
				"0.3333": {
					"effect": "masamune_magout"
				},
				"1.2": {
					"effect": "masamune_foley"
				},
				"1.6": {
					"effect": "masamune_magin"
				},
				"2.4667": {
					"effect": "masamune_charge"
				},
				"2.8333": {
					"effect": "masamune_foley4"
				}
			}
		},
		"animation.model.reload": {
			"animation_length": 2.7,
			"bones": {
				"main": {
					"rotation": {
						"0.0667": {
							"vector": [0, 0, 0]
						},
						"0.3333": {
							"vector": [-10.30186, -2.81935, -40.66237],
							"easing": "easeInOutQuad"
						},
						"0.5333": {
							"vector": [-10.41175, -2.37043, -38.19855],
							"easing": "easeOutBack",
							"easingArgs": [4]
						},
						"0.8667": {
							"vector": [-10.57444, -1.45893, -33.28091],
							"easing": "easeInQuad"
						},
						"1.1333": {
							"vector": [-5.65088, -2.07319, -23.05471],
							"easing": "easeOutBack"
						},
						"1.5": {
							"vector": [-9.82393, -3.70754, -48.15294],
							"easing": "easeInOutQuad"
						},
						"1.9333": {
							"vector": [-19.73323, -2.87874, -48.41117],
							"easing": "easeInQuint"
						},
						"2.1": {
							"vector": [-24.42699, -4.55531, -53.13181],
							"easing": "easeOutBack",
							"easingArgs": [3]
						},
						"2.4": {
							"vector": [0.66713, 0.21895, -5.99951],
							"easing": "easeInOutQuad"
						},
						"2.7": {
							"vector": [0, 0, 0],
							"easing": "easeInElastic"
						}
					},
					"position": {
						"0.0": {
							"vector": [0, 0, 0]
						},
						"0.2667": {
							"vector": [-3, 3, -10],
							"easing": "easeInOutQuad"
						},
						"0.5": {
							"vector": [-2.85305, 2.80279, -10.04551],
							"easing": "easeOutBack",
							"easingArgs": [7]
						},
						"0.8": {
							"vector": [-2.34364, 1.95762, -10.23439],
							"easing": "easeInQuad"
						},
						"1.1": {
							"vector": [-1.70249, 0.44791, -10.53927],
							"easing": "easeOutBack"
						},
						"1.4667": {
							"vector": [-0.16272, 2.58481, -7.55782],
							"easing": "easeInOutQuad"
						},
						"1.9": {
							"vector": [-2.54113, 3.20338, -8.18339],
							"easing": "easeInQuint"
						},
						"2.0667": {
							"vector": [-3.73303, 4.11408, -8.4336],
							"easing": "easeOutBack",
							"easingArgs": [3]
						},
						"2.3333": {
							"vector": [-0.78, -0.25, -10],
							"easing": "easeInOutQuad"
						},
						"2.6667": {
							"vector": [0, 0, 0],
							"easing": "easeInElastic"
						}
					}
				},
				"armL_mag": {
					"rotation": {
						"0.6333": {
							"vector": [0, 0, 0]
						},
						"0.8": {
							"vector": [0, 0, 0],
							"easing": "easeInCubic"
						},
						"1.1": {
							"vector": [37.69778, -21.2842, 25.15933],
							"easing": "easeOutSine"
						},
						"1.2": {
							"vector": [-18.49332, -22.61368, 71.7232]
						},
						"1.5667": {
							"vector": [0, 0, 0],
							"easing": "easeInOutQuad"
						},
						"1.9": {
							"vector": [0, 0, 0]
						}
					},
					"position": {
						"0.6333": {
							"vector": [0, 0, 0]
						},
						"0.8": {
							"vector": [0, -2.5, 0.67],
							"easing": "easeInCubic"
						},
						"1.0667": {
							"vector": [-3.23035, -29.8438, 17.89734],
							"easing": "easeOutSine"
						},
						"1.2": {
							"vector": [15.63846, -58.27667, 24.61986]
						},
						"1.3333": {
							"vector": [17.63003, -24.82365, 12.29949],
							"easing": "easeInQuad"
						},
						"1.5": {
							"vector": [0, -14, 3.5],
							"easing": "easeOutQuad"
						},
						"1.9": {
							"vector": [0, 0, 0],
							"easing": "easeInExpo"
						}
					}
				},
				"magazine": {
					"position": {
						"0.3667": {
							"vector": [0, 0, 0]
						},
						"0.4667": {
							"vector": [0, -6, 1.6],
							"easing": "easeOutQuad"
						},
						"1.1333": {
							"vector": [0, -6, 1.6]
						},
						"1.1667": {
							"vector": [0, 0, 0]
						}
					}
				},
				"leftarm": {
					"rotation": {
						"0.0333": {
							"vector": [0, 0, 0]
						},
						"0.3333": {
							"vector": [-35.14945, -8.88334, -23.27718]
						},
						"0.4": {
							"vector": [-35.14945, -8.88334, -23.27718]
						},
						"0.6333": {
							"vector": [-13.5333, -16.39651, -46.08074],
							"easing": "easeInOutQuad"
						},
						"1.1333": {
							"vector": [-13.53, -16.4, -46.08]
						},
						"1.1667": {
							"vector": [-27.13123, -36.37466, -35.57693],
							"easing": "easeInOutQuad"
						},
						"1.9": {
							"vector": [-27.13123, -36.37466, -35.57693],
							"easing": "easeInOutQuad"
						},
						"2.0667": {
							"vector": [-27.13123, -36.37466, -35.57693],
							"easing": "easeInOutSine"
						},
						"2.5": {
							"vector": [0, 0, 0],
							"easing": "easeInOutQuad"
						}
					},
					"position": {
						"0.0": {
							"vector": [0, 0, 0]
						},
						"0.3": {
							"vector": [-4.70731, -10.97114, 6.95498]
						},
						"0.3667": {
							"vector": [-4.70731, -10.97114, 6.95498]
						},
						"0.6": {
							"vector": [-1.826, -7.99672, 14.65276],
							"easing": "easeInOutQuad"
						},
						"1.1333": {
							"vector": [-1.83, -8, 14.65]
						},
						"1.1667": {
							"vector": [-9.83, -11, 13.65],
							"easing": "easeInOutQuad"
						},
						"1.9": {
							"vector": [-9.83, -11, 13.65],
							"easing": "easeInOutQuad"
						},
						"2.0333": {
							"vector": [-9.83, -11, 13.65],
							"easing": "easeInOutSine"
						},
						"2.4667": {
							"vector": [0, 0, 0],
							"easing": "easeInOutQuad"
						}
					},
					"scale": {
						"0.0": {
							"vector": [1, 1, 1]
						},
						"0.3": {
							"vector": [1, 1.1, 1],
							"easing": "easeInOutQuad"
						},
						"2.0333": {
							"vector": [1, 1.1, 1]
						},
						"2.4667": {
							"vector": [1, 1, 1],
							"easing": "easeInOutQuad"
						}
					}
				},
				"_camera_": {
					"rotation": {
						"0.0": {
							"vector": [0, 0, 0]
						},
						"0.3667": {
							"vector": [-1, 2, 0.5],
							"easing": "easeInOutSine"
						},
						"0.6667": {
							"vector": [-0.25, 1, 0],
							"easing": "easeInOutSine"
						},
						"1.1667": {
							"vector": [3, -1, -1],
							"easing": "easeInElastic",
							"easingArgs": [1.5]
						},
						"1.6333": {
							"vector": [1, -2, -1],
							"easing": "easeInOutQuad"
						},
						"1.9333": {
							"vector": [0, 1, 0],
							"easing": "easeInQuart"
						},
						"2.2": {
							"vector": [-2, 3, 2],
							"easing": "easeOutBack"
						},
						"2.5667": {
							"vector": [0, 0, 0],
							"easing": "easeInElastic"
						}
					}
				}
			},
			"sound_effects": {
				"0.0333": {
					"effect": "masamune_foley"
				},
				"0.3333": {
					"effect": "masamune_magout"
				},
				"1.2": {
					"effect": "masamune_foley"
				},
				"1.6": {
					"effect": "masamune_magin"
				},
				"2.1": {
					"effect": "masamune_foley4"
				}
			}
		},
		"animation.model.inspect": {
			"loop": true,
			"animation_length": 7.9,
			"bones": {
				"main": {
					"rotation": {
						"0.0333": {
							"vector": [0, 0, 0]
						},
						"0.5667": {
							"vector": [5.01838, -39.40576, -24.5793],
							"easing": "easeInElastic"
						},
						"2.5": {
							"vector": [13.45877, -49.3647, -25.91695],
							"easing": "easeInOutQuart"
						},
						"2.9": {
							"vector": [-4.98162, -39.40576, -24.5793],
							"easing": "easeInOutSine"
						},
						"3.2": {
							"vector": [-7.01396, -39.14873, -21.36782],
							"easing": "easeOutBack",
							"easingArgs": [3]
						},
						"3.3667": {
							"vector": [-4.49, -39.15, -21.4],
							"easing": "easeInSine"
						},
						"3.6667": {
							"vector": [0.44, -39.19, -21.84],
							"easing": "easeOutBack",
							"easingArgs": [3]
						},
						"4.6333": {
							"vector": [6.36952, -22.23097, -24.67727],
							"easing": "easeInOutCubic"
						},
						"5.3333": {
							"vector": [-1.64682, -14.20251, -22.73789],
							"easing": "easeInOutCubic"
						},
						"5.5667": {
							"vector": [-5.96519, -14.57443, -27.83878],
							"easing": "easeOutBack",
							"easingArgs": [2]
						},
						"6.2333": {
							"vector": [-11.77214, 16.40434, 53.36894],
							"easing": "easeInOutBack",
							"easingArgs": [0.45]
						},
						"6.4333": {
							"vector": [-14.25411, 16.43638, 53.57448],
							"easing": "easeInQuad"
						},
						"6.9": {
							"vector": [-14.25411, 16.43638, 53.57448],
							"easing": "easeInQuad"
						},
						"7.1": {
							"vector": [-10.94715, 17.38429, 58.44428],
							"easing": "easeOutBack"
						},
						"7.5": {
							"vector": [0, 0, 12.5],
							"easing": "easeInOutQuad"
						},
						"7.8667": {
							"vector": [0, 0, 0],
							"easing": "easeInElastic"
						}
					},
					"position": {
						"0.0": {
							"vector": [0, 0, 0]
						},
						"0.5": {
							"vector": [4, 5, 0],
							"easing": "easeInElastic"
						},
						"2.4333": {
							"vector": [11.51989, 7.03326, -5.04876],
							"easing": "easeInOutQuart"
						},
						"2.8333": {
							"vector": [4, 5, 0],
							"easing": "easeInOutSine"
						},
						"3.2": {
							"vector": [4, 5, 0]
						},
						"3.3667": {
							"vector": [4.40977, 4.08984, -0.06071]
						},
						"3.6": {
							"vector": [4.59643, 3.66041, -0.07393],
							"easing": "easeOutBack",
							"easingArgs": [3]
						},
						"4.5667": {
							"vector": [3.86065, -6.73509, 0.02013],
							"easing": "easeInOutCubic"
						},
						"5.2667": {
							"vector": [2.59643, 3.66041, -0.07393],
							"easing": "easeInOutCubic"
						},
						"5.5": {
							"vector": [2.02083, 5.01428, -0.02005],
							"easing": "easeOutBack",
							"easingArgs": [2]
						},
						"5.8333": {
							"vector": [4.28817, -1.54883, -1.04211],
							"easing": "easeInQuad"
						},
						"6.1667": {
							"vector": [3.51439, 3.68124, -6.77561],
							"easing": "easeInElastic"
						},
						"7.0333": {
							"vector": [3.40138, 3.2814, -6.88712],
							"easing": "easeInOutBack",
							"easingArgs": [-2]
						},
						"7.4333": {
							"vector": [1, 1, -5],
							"easing": "easeInOutQuad"
						},
						"7.8": {
							"vector": [0, 0, 0],
							"easing": "easeInElastic"
						}
					}
				},
				"rightarm": {
					"rotation": {
						"5.6": {
							"vector": [0, 0, 0]
						},
						"6.0667": {
							"vector": [-17.17515, 9.69816, -2.46283],
							"easing": "easeInOutQuad"
						},
						"7.2667": {
							"vector": [-17.18, 9.7, -2.46]
						},
						"7.5667": {
							"vector": [0, 0, 0],
							"easing": "easeInOutQuad"
						}
					},
					"position": {
						"5.5667": {
							"vector": [0, 0, 0]
						},
						"6.0333": {
							"vector": [3.85887, -6.02229, -0.91711],
							"easing": "easeInOutQuad"
						},
						"7.2": {
							"vector": [3.86, -6.02, -0.92]
						},
						"7.5": {
							"vector": [0, 0, 0],
							"easing": "easeInOutQuad"
						}
					}
				},
				"armL_mag": {
					"rotation": {
						"3.2": {
							"vector": [0, 0, 0]
						},
						"3.4": {
							"vector": [0, 0, 0],
							"easing": "easeInSine"
						},
						"3.8": {
							"vector": [0, 0, 32.5],
							"easing": "easeInOutQuad"
						},
						"4.6": {
							"vector": [-43.57833, -7.33109, 32.43588],
							"easing": "easeInOutCubic"
						},
						"5.0": {
							"vector": [0, 0, 0],
							"easing": "easeInOutSine"
						},
						"5.3333": {
							"vector": [0, 0, 0]
						}
					},
					"position": {
						"3.2": {
							"vector": [0, 0, 0]
						},
						"3.3667": {
							"vector": [0, -8, 2],
							"easing": "easeInSine"
						},
						"3.7333": {
							"vector": [5.4154, -6.70959, -2],
							"easing": "easeInOutQuad"
						},
						"4.5333": {
							"vector": [9.88604, 4.08897, -4.17933],
							"easing": "easeInOutCubic"
						},
						"4.9333": {
							"vector": [0, -11, 2.9],
							"easing": "easeInOutSine"
						},
						"5.3": {
							"vector": [0, 0, 0],
							"easing": "easeInCubic"
						}
					}
				},
				"magazine": {
					"position": {
						"2.8333": {
							"vector": [0, 0, 0]
						},
						"2.9333": {
							"vector": [0, -2, 0.55]
						},
						"4.6333": {
							"vector": [0, -2, 0.55]
						},
						"4.8": {
							"vector": [0, 0, 0]
						}
					}
				},
				"leftarm": {
					"rotation": {
						"0.0": {
							"vector": [0, 0, 0]
						},
						"0.3667": {
							"vector": [-23.876, 11.61693, -6.03204],
							"easing": "easeInOutQuad"
						},
						"2.5333": {
							"vector": [-23.88, 11.62, -6.03]
						},
						"2.8667": {
							"vector": [-44.75854, 6.40023, -34.40607],
							"easing": "easeInOutSine"
						},
						"3.2": {
							"vector": [-24.76, 6.4, -34.41],
							"easing": "easeInOutCubic"
						},
						"5.6": {
							"vector": [-24.76, 6.4, -34.41]
						},
						"6.0667": {
							"vector": [-11.54997, 34.39215, -30.3437],
							"easing": "easeInOutQuad"
						},
						"6.4333": {
							"vector": [-11.54997, 34.39215, -30.3437],
							"easing": "easeInOutQuad"
						},
						"6.9": {
							"vector": [-11.54997, 34.39215, -30.3437],
							"easing": "easeInOutQuad"
						},
						"7.1333": {
							"vector": [-70.61271, 20.21669, -92.84814],
							"easing": "easeOutBack"
						},
						"7.3": {
							"vector": [-21.19913, -3.18475, -31.83018],
							"easing": "easeInQuad"
						},
						"7.4667": {
							"vector": [0, 0, 0],
							"easing": "easeOutQuad"
						}
					},
					"position": {
						"0.0": {
							"vector": [0, 0, 0]
						},
						"0.3333": {
							"vector": [0.24316, -10.92326, 0.90009],
							"easing": "easeInOutQuad"
						},
						"2.4667": {
							"vector": [0.21951, -10.96545, 0.86601]
						},
						"2.8": {
							"vector": [1.14823, -16.56305, 2.63539],
							"easing": "easeInOutSine"
						},
						"3.1333": {
							"vector": [4.79887, -14.82744, 7.65554],
							"easing": "easeInOutCubic"
						},
						"4.6333": {
							"vector": [4.82673, -14.75875, 7.68204]
						},
						"4.8": {
							"vector": [4.63707, -12.03823, 6.93184]
						},
						"5.5667": {
							"vector": [5.14577, -12.55036, 7.62889]
						},
						"6.0333": {
							"vector": [18.7638, 7.6356, -2.95646],
							"easing": "easeInOutQuad"
						},
						"6.4": {
							"vector": [18.7638, 7.6356, 13.04354],
							"easing": "easeInQuad"
						},
						"6.8667": {
							"vector": [18.7638, 7.6356, 13.04354],
							"easing": "easeInQuad"
						},
						"7.1": {
							"vector": [18.7638, 10.6356, 18.04354],
							"easing": "easeOutBack"
						},
						"7.2667": {
							"vector": [10.03179, 5.63599, 7.3833],
							"easing": "easeInQuad"
						},
						"7.4": {
							"vector": [0, 0, 0],
							"easing": "easeOutQuad"
						}
					},
					"scale": {
						"0.0": {
							"vector": [1, 1, 1]
						},
						"0.3333": {
							"vector": [1, 1.3, 1]
						},
						"7.1": {
							"vector": [1, 1.3, 1]
						},
						"7.4": {
							"vector": [1, 1, 1]
						}
					}
				},
				"_camera_": {
					"rotation": {
						"0.0": {
							"vector": [0, 0, 0]
						},
						"0.5": {
							"vector": [-2, -2, -2],
							"easing": "easeInOutQuad"
						},
						"2.4": {
							"vector": [3, 4, -1],
							"easing": "easeInOutQuart"
						},
						"2.9333": {
							"vector": [1, 0, 1],
							"easing": "easeInOutSine"
						},
						"3.2333": {
							"vector": [2, 0, 1],
							"easing": "easeInOutQuad"
						},
						"3.5": {
							"vector": [3, 0, 1],
							"easing": "easeOutBack",
							"easingArgs": [4]
						},
						"4.0667": {
							"vector": [1, -3, 1],
							"easing": "easeInOutQuad"
						},
						"4.7": {
							"vector": [1.3, -3.2, 1.3],
							"easing": "easeInOutBack",
							"easingArgs": [-2]
						},
						"5.0333": {
							"vector": [3, -1, -1],
							"easing": "easeInOutQuad"
						},
						"5.3": {
							"vector": [1, -1, 0],
							"easing": "easeInQuad"
						},
						"5.5667": {
							"vector": [0, -1, 1],
							"easing": "easeOutBack",
							"easingArgs": [3]
						},
						"5.9": {
							"vector": [2, -1, 0],
							"easing": "easeInQuad"
						},
						"6.3": {
							"vector": [0, -1, -1],
							"easing": "easeInOutQuad"
						},
						"7.1667": {
							"vector": [1.3, -0.7, -0.8],
							"easing": "easeInOutQuint"
						},
						"7.5667": {
							"vector": [0, 0, 0],
							"easing": "easeInElastic"
						}
					}
				},
				"slide1": {
					"position": {
						"6.1": {
							"vector": [0, 0, 0]
						},
						"6.4": {
							"vector": [0, 0, 16],
							"easing": "easeInQuad"
						},
						"6.9": {
							"vector": [0, 0, 16]
						},
						"7.1": {
							"vector": [0, 0, 0],
							"easing": "easeInBounce",
							"easingArgs": [0.05]
						}
					}
				},
				"handleL": {
					"rotation": {
						"0.6667": {
							"vector": [0, 0, 0]
						},
						"0.9": {
							"vector": [0, 0, -90],
							"easing": "easeInQuad"
						},
						"5.6667": {
							"vector": [0, 0, -90],
							"easing": "easeInQuad"
						},
						"5.9": {
							"vector": [0, 0, 0],
							"easing": "easeInQuad"
						}
					}
				},
				"handleR": {
					"rotation": {
						"0.6667": {
							"vector": [0, 0, 0]
						},
						"0.9": {
							"vector": [0, 0, 90],
							"easing": "easeInQuad"
						},
						"5.6667": {
							"vector": [0, 0, 90],
							"easing": "easeInQuad"
						},
						"5.9": {
							"vector": [0, 0, 0],
							"easing": "easeInQuad"
						}
					}
				},
				"sight_rear": {
					"rotation": {
						"1.0": {
							"vector": [0, 0, 0]
						},
						"1.3": {
							"vector": [90, 0, 0],
							"easing": "easeInQuad"
						},
						"6.7": {
							"vector": [90, 0, 0],
							"easing": "easeInQuad"
						},
						"7.0": {
							"vector": [0, 0, 0],
							"easing": "easeInQuad"
						}
					}
				},
				"sight_front": {
					"rotation": {
						"0.8": {
							"vector": [0, 0, 0]
						},
						"1.1": {
							"vector": [90, 0, 0],
							"easing": "easeInQuad"
						},
						"6.5": {
							"vector": [90, 0, 0],
							"easing": "easeInQuad"
						},
						"6.8": {
							"vector": [0, 0, 0],
							"easing": "easeInQuad"
						}
					}
				}
			},
			"sound_effects": {
				"0.0333": {
					"effect": "masamune_foley"
				},
				"1.2": {
					"effect": "masamune_foley"
				},
				"2.4667": {
					"effect": "masamune_foley"
				},
				"2.8333": {
					"effect": "masamune_magout"
				},
				"3.8667": {
					"effect": "masamune_foley"
				},
				"4.6": {
					"effect": "masamune_foley"
				},
				"5.0333": {
					"effect": "masamune_magin"
				},
				"5.7": {
					"effect": "masamune_foley"
				},
				"6.2": {
					"effect": "masamune_charge_back"
				},
				"6.8": {
					"effect": "masamune_charge_forward"
				},
				"7.1333": {
					"effect": "masamune_foley"
				},
				"7.4667": {
					"effect": "masamune_foley4"
				}
			}
		},
		"animation.model.inspectempty": {
			"loop": true,
			"animation_length": 7.9,
			"bones": {
				"main": {
					"rotation": {
						"0.0333": {
							"vector": [0, 0, 0]
						},
						"0.5667": {
							"vector": [5.01838, -39.40576, -24.5793],
							"easing": "easeInElastic"
						},
						"2.5": {
							"vector": [13.45877, -49.3647, -25.91695],
							"easing": "easeInOutQuart"
						},
						"2.9": {
							"vector": [-4.98162, -39.40576, -24.5793],
							"easing": "easeInOutSine"
						},
						"3.2": {
							"vector": [-7.01396, -39.14873, -21.36782],
							"easing": "easeOutBack",
							"easingArgs": [3]
						},
						"3.3667": {
							"vector": [-4.49, -39.15, -21.4],
							"easing": "easeInSine"
						},
						"3.6667": {
							"vector": [0.44, -39.19, -21.84],
							"easing": "easeOutBack",
							"easingArgs": [3]
						},
						"4.6333": {
							"vector": [6.36952, -22.23097, -24.67727],
							"easing": "easeInOutCubic"
						},
						"5.3333": {
							"vector": [-1.64682, -14.20251, -22.73789],
							"easing": "easeInOutCubic"
						},
						"5.5667": {
							"vector": [-5.96519, -14.57443, -27.83878],
							"easing": "easeOutBack",
							"easingArgs": [2]
						},
						"6.2333": {
							"vector": [-11.77214, 16.40434, 53.36894],
							"easing": "easeInOutBack",
							"easingArgs": [0.45]
						},
						"7.1": {
							"vector": [-10.94715, 17.38429, 58.44428],
							"easing": "easeInOutQuart"
						},
						"7.5": {
							"vector": [0, 0, 12.5],
							"easing": "easeInOutQuad"
						},
						"7.8667": {
							"vector": [0, 0, 0],
							"easing": "easeInElastic"
						}
					},
					"position": {
						"0.0": {
							"vector": [0, 0, 0]
						},
						"0.5": {
							"vector": [4, 5, 0],
							"easing": "easeInElastic"
						},
						"2.4333": {
							"vector": [11.51989, 7.03326, -5.04876],
							"easing": "easeInOutQuart"
						},
						"2.8333": {
							"vector": [4, 5, 0],
							"easing": "easeInOutSine"
						},
						"3.2": {
							"vector": [4, 5, 0]
						},
						"3.3667": {
							"vector": [4.40977, 4.08984, -0.06071]
						},
						"3.6": {
							"vector": [4.59643, 3.66041, -0.07393],
							"easing": "easeOutBack",
							"easingArgs": [3]
						},
						"4.5667": {
							"vector": [3.86065, -6.73509, 0.02013],
							"easing": "easeInOutCubic"
						},
						"5.2667": {
							"vector": [2.59643, 3.66041, -0.07393],
							"easing": "easeInOutCubic"
						},
						"5.5": {
							"vector": [2.02083, 5.01428, -0.02005],
							"easing": "easeOutBack",
							"easingArgs": [2]
						},
						"5.8333": {
							"vector": [4.28817, -1.54883, -1.04211],
							"easing": "easeInQuad"
						},
						"6.1667": {
							"vector": [3.51439, 3.68124, -6.77561],
							"easing": "easeInElastic"
						},
						"7.0333": {
							"vector": [3.40138, 3.2814, -6.88712],
							"easing": "easeInOutBack",
							"easingArgs": [-2]
						},
						"7.4333": {
							"vector": [1, 1, -5],
							"easing": "easeInOutQuad"
						},
						"7.8": {
							"vector": [0, 0, 0],
							"easing": "easeInElastic"
						}
					}
				},
				"rightarm": {
					"rotation": {
						"5.6": {
							"vector": [0, 0, 0]
						},
						"6.0667": {
							"vector": [-17.17515, 9.69816, -2.46283],
							"easing": "easeInOutQuad"
						},
						"7.2667": {
							"vector": [-17.18, 9.7, -2.46]
						},
						"7.5667": {
							"vector": [0, 0, 0],
							"easing": "easeInOutQuad"
						}
					},
					"position": {
						"5.5667": {
							"vector": [0, 0, 0]
						},
						"6.0333": {
							"vector": [3.85887, -6.02229, -0.91711],
							"easing": "easeInOutQuad"
						},
						"7.2": {
							"vector": [3.86, -6.02, -0.92]
						},
						"7.5": {
							"vector": [0, 0, 0],
							"easing": "easeInOutQuad"
						}
					}
				},
				"armL_mag": {
					"rotation": {
						"3.2": {
							"vector": [0, 0, 0]
						},
						"3.4": {
							"vector": [0, 0, 0],
							"easing": "easeInSine"
						},
						"3.8": {
							"vector": [0, 0, 32.5],
							"easing": "easeInOutQuad"
						},
						"4.6": {
							"vector": [-43.57833, -7.33109, 32.43588],
							"easing": "easeInOutCubic"
						},
						"5.0": {
							"vector": [0, 0, 0],
							"easing": "easeInOutSine"
						},
						"5.3333": {
							"vector": [0, 0, 0]
						}
					},
					"position": {
						"3.2": {
							"vector": [0, 0, 0]
						},
						"3.3667": {
							"vector": [0, -8, 2],
							"easing": "easeInSine"
						},
						"3.7333": {
							"vector": [5.4154, -6.70959, -2],
							"easing": "easeInOutQuad"
						},
						"4.5333": {
							"vector": [9.88604, 4.08897, -4.17933],
							"easing": "easeInOutCubic"
						},
						"4.9333": {
							"vector": [0, -11, 2.9],
							"easing": "easeInOutSine"
						},
						"5.3": {
							"vector": [0, 0, 0],
							"easing": "easeInCubic"
						}
					}
				},
				"magazine": {
					"position": {
						"2.8333": {
							"vector": [0, 0, 0]
						},
						"2.9333": {
							"vector": [0, -2, 0.55]
						},
						"4.6333": {
							"vector": [0, -2, 0.55]
						},
						"4.8": {
							"vector": [0, 0, 0]
						}
					}
				},
				"leftarm": {
					"rotation": {
						"0.0": {
							"vector": [0, 0, 0]
						},
						"0.3667": {
							"vector": [-23.876, 11.61693, -6.03204],
							"easing": "easeInOutQuad"
						},
						"2.5333": {
							"vector": [-23.88, 11.62, -6.03]
						},
						"2.8667": {
							"vector": [-44.75854, 6.40023, -34.40607],
							"easing": "easeInOutSine"
						},
						"3.2": {
							"vector": [-24.76, 6.4, -34.41],
							"easing": "easeInOutCubic"
						},
						"5.6": {
							"vector": [-24.76, 6.4, -34.41]
						},
						"6.0667": {
							"vector": [15.6963, 17.09277, -24.90695],
							"easing": "easeInOutQuad"
						},
						"7.1667": {
							"vector": [15.6963, 17.09277, -24.90695],
							"easing": "easeInOutQuad"
						},
						"7.5": {
							"vector": [0, 0, 0],
							"easing": "easeInOutQuad"
						}
					},
					"position": {
						"0.0": {
							"vector": [0, 0, 0]
						},
						"0.3333": {
							"vector": [0.24316, -10.92326, 0.90009],
							"easing": "easeInOutQuad"
						},
						"2.4667": {
							"vector": [0.21951, -10.96545, 0.86601]
						},
						"2.8": {
							"vector": [1.14823, -16.56305, 2.63539],
							"easing": "easeInOutSine"
						},
						"3.1333": {
							"vector": [4.79887, -14.82744, 7.65554],
							"easing": "easeInOutCubic"
						},
						"4.6333": {
							"vector": [4.82673, -14.75875, 7.68204]
						},
						"4.8": {
							"vector": [4.63707, -12.03823, 6.93184]
						},
						"5.5667": {
							"vector": [5.14577, -12.55036, 7.62889]
						},
						"6.0333": {
							"vector": [9.97523, 4.41049, 1.66521],
							"easing": "easeInOutQuad"
						},
						"7.1333": {
							"vector": [9.97523, 4.41049, 1.66521],
							"easing": "easeInOutQuad"
						},
						"7.4667": {
							"vector": [0, 0, 0],
							"easing": "easeInOutQuad"
						}
					},
					"scale": {
						"0.0": {
							"vector": [1, 1, 1]
						},
						"0.3333": {
							"vector": [1, 1.3, 1]
						},
						"5.5667": {
							"vector": [1, 1.3, 1]
						},
						"6.0333": {
							"vector": [1, 1, 1]
						}
					}
				},
				"_camera_": {
					"rotation": {
						"0.0": {
							"vector": [0, 0, 0]
						},
						"0.5": {
							"vector": [-2, -2, -2],
							"easing": "easeInOutQuad"
						},
						"2.4": {
							"vector": [3, 4, -1],
							"easing": "easeInOutQuart"
						},
						"2.9333": {
							"vector": [1, 0, 1],
							"easing": "easeInOutSine"
						},
						"3.2333": {
							"vector": [2, 0, 1],
							"easing": "easeInOutQuad"
						},
						"3.5": {
							"vector": [3, 0, 1],
							"easing": "easeOutBack",
							"easingArgs": [4]
						},
						"4.0667": {
							"vector": [1, -3, 1],
							"easing": "easeInOutQuad"
						},
						"4.7": {
							"vector": [1.3, -3.2, 1.3],
							"easing": "easeInOutBack",
							"easingArgs": [-2]
						},
						"5.0333": {
							"vector": [3, -1, -1],
							"easing": "easeInOutQuad"
						},
						"5.3": {
							"vector": [1, -1, 0],
							"easing": "easeInQuad"
						},
						"5.5667": {
							"vector": [0, -1, 1],
							"easing": "easeOutBack",
							"easingArgs": [3]
						},
						"5.9": {
							"vector": [2, -1, 0],
							"easing": "easeInQuad"
						},
						"6.3": {
							"vector": [0, -1, -1],
							"easing": "easeInOutQuad"
						},
						"7.1667": {
							"vector": [1.3, -0.7, -0.8],
							"easing": "easeInOutQuint"
						},
						"7.5667": {
							"vector": [0, 0, 0],
							"easing": "easeInElastic"
						}
					}
				},
				"slide1": {
					"position": {
						"vector": [0, 0, 9]
					}
				},
				"sight_rear": {
					"rotation": {
						"1.0": {
							"vector": [0, 0, 0]
						},
						"1.3": {
							"vector": [90, 0, 0],
							"easing": "easeInQuad"
						},
						"6.7": {
							"vector": [90, 0, 0],
							"easing": "easeInQuad"
						},
						"7.0": {
							"vector": [0, 0, 0],
							"easing": "easeInQuad"
						}
					}
				},
				"sight_front": {
					"rotation": {
						"0.8": {
							"vector": [0, 0, 0]
						},
						"1.1": {
							"vector": [90, 0, 0],
							"easing": "easeInQuad"
						},
						"6.5": {
							"vector": [90, 0, 0],
							"easing": "easeInQuad"
						},
						"6.8": {
							"vector": [0, 0, 0],
							"easing": "easeInQuad"
						}
					}
				},
				"bullet2": {
					"scale": {
						"vector": [0, 0, 0]
					}
				}
			},
			"sound_effects": {
				"0.0333": {
					"effect": "masamune_foley"
				},
				"1.2": {
					"effect": "masamune_foley"
				},
				"2.4667": {
					"effect": "masamune_foley"
				},
				"2.8333": {
					"effect": "masamune_magout"
				},
				"3.8667": {
					"effect": "masamune_foley"
				},
				"4.6": {
					"effect": "masamune_foley"
				},
				"5.0333": {
					"effect": "masamune_magin"
				},
				"5.7": {
					"effect": "masamune_foley"
				},
				"7.1333": {
					"effect": "masamune_foley"
				},
				"7.4667": {
					"effect": "masamune_foley4"
				}
			}
		}
	}
}