{
	"format_version": "1.8.0",
	"animations": {
		"animation.model.fire": {
			"loop": true,
			"animation_length": 0.7,
			"bones": {
				"main": {
					"rotation": {
						"0.0": {
							"vector": [0, 0, "math.sin(query.anim_time * 2000) * 2"]
						},
						"0.2667": {
							"vector": [-10, 2, "math.sin(query.anim_time * 2000) * 2"],
							"easing": "easeOutCubic"
						},
						"0.6667": {
							"vector": [0, 0, 0],
							"easing": "easeInOutQuart"
						}
					},
					"position": {
						"0.0": {
							"vector": [0, 0, 0]
						},
						"0.1": {
							"vector": [0, -3, 10],
							"easing": "easeOutBack"
						},
						"0.6": {
							"vector": [0, 0, 0],
							"easing": "easeInOutQuad"
						}
					}
				},
				"gun": {
					"rotation": {
						"0.0": {
							"vector": [0, 0, 0]
						},
						"0.1333": {
							"vector": [-10, 0, 0],
							"easing": "easeOutBack"
						},
						"0.6333": {
							"vector": [0, 0, 0],
							"easing": "easeInOutQuart"
						}
					}
				},
				"chamber2": {
					"rotation": {
						"0.0": {
							"vector": [0, 0, -60]
						},
						"0.2667": {
							"vector": [0, 0, -60]
						},
						"0.4667": {
							"vector": [0, 0, 0]
						}
					}
				},
				"speedloader": {
					"scale": {
						"vector": [0, 0, 0]
					}
				},
				"leftarm": {
					"scale": {
						"vector": [0, 0, 0]
					}
				},
				"hammer": {
					"rotation": {
						"0.2667": {
							"vector": [0, 0, 0]
						},
						"0.3667": {
							"vector": [-10, 0, 0]
						},
						"0.4667": {
							"vector": [0, 0, 0]
						}
					}
				},
				"_camera_": {
					"rotation": {
						"0.0": {
							"vector": [0, 0, 0]
						},
						"0.2667": {
							"vector": [-1.5, 0, 0],
							"easing": "easeOutBack",
							"easingArgs": [3]
						},
						"0.6333": {
							"vector": [0, 0, 0],
							"easing": "easeInOutSine"
						}
					}
				}
			}
		},
		"animation.model.draw": {
			"loop": true,
			"animation_length": 0.8333,
			"bones": {
				"main": {
					"rotation": {
						"0.0": {
							"vector": [70.4377, 4.2453, 11.76782]
						},
						"0.3": {
							"vector": [-25.23772, 12.3071, -2.20462],
							"easing": "easeOutQuad"
						},
						"0.8": {
							"vector": [0, 0, 0],
							"easing": "easeInOutBack",
							"easingArgs": [2]
						}
					},
					"position": {
						"0.0": {
							"vector": [0, -25, 8]
						},
						"0.2333": {
							"vector": [-5, 7, 0],
							"easing": "easeInOutQuad"
						},
						"0.8": {
							"vector": [0, 0, 0],
							"easing": "easeInOutQuart"
						}
					}
				},
				"gun": {
					"rotation": {
						"0.0": {
							"vector": [515, 0, 0]
						},
						"0.4": {
							"vector": [-19.43339, -11.09078, -1.3275],
							"easing": "easeInOutQuad"
						},
						"0.8": {
							"vector": [0, 0, 0],
							"easing": "easeInOutCubic"
						}
					},
					"position": {
						"0.0": {
							"vector": [5, 0, 5]
						},
						"0.3": {
							"vector": [5, 0, 5]
						},
						"0.8": {
							"vector": [0, 0, 0],
							"easing": "easeInOutCubic"
						}
					}
				},
				"speedloader": {
					"scale": {
						"vector": [0, 0, 0]
					}
				},
				"leftarm": {
					"scale": {
						"vector": [0, 0, 0]
					}
				},
				"_camera_": {
					"rotation": {
						"0.0": {
							"vector": [0, 0, 0]
						},
						"0.4333": {
							"vector": [-2, 3, -1],
							"easing": "easeInOutBack",
							"easingArgs": [4]
						},
						"0.8": {
							"vector": [0, 0, 0],
							"easing": "easeInOutQuad"
						}
					}
				}
			},
			"sound_effects": {
				"0.0333": {
					"effect": "overture_inspect1"
				}
			}
		},
		"animation.model.reloadempty": {
			"loop": true,
			"animation_length": 3.2,
			"bones": {
				"main": {
					"rotation": {
						"0.0": {
							"vector": [0, 0, 0]
						},
						"0.2": {
							"vector": [0, 2.5, -15],
							"easing": "easeInQuad"
						},
						"0.3333": {
							"vector": [-3.7494, 2.16489, 15.02363],
							"easing": "easeOutBack",
							"easingArgs": [0.6]
						},
						"0.5667": {
							"vector": [-26.42082, 6.64163, 12.79588],
							"easing": "easeInOutQuad"
						},
						"0.9": {
							"vector": [-41.93819, 9.64717, 8.35082],
							"easing": "easeOutBack",
							"easingArgs": [0.6]
						},
						"1.4333": {
							"vector": [-7.69449, 7.3251, -2.30116],
							"easing": "easeInOutQuad"
						},
						"1.6333": {
							"vector": [-6.69, 7.33, -2.3],
							"easing": "easeInSine"
						},
						"1.8": {
							"vector": [-4.59, 7.33, -2.3],
							"easing": "easeOutBack"
						},
						"2.0667": {
							"vector": [-9.4827, 8.50053, 10.26549],
							"easing": "easeInOutQuad"
						},
						"2.2": {
							"vector": [-7.69, 7.33, -2.3],
							"easing": "easeInQuad"
						},
						"2.3667": {
							"vector": [-5.57666, 5.00315, -14.87154],
							"easing": "easeOutBack",
							"easingArgs": [3]
						},
						"2.6667": {
							"vector": [-21.36273, 9.88784, 22.85905],
							"easing": "easeInOutBack"
						},
						"2.9": {
							"vector": [-13.65064, 4.17542, -32.97238],
							"easing": "easeInElastic"
						},
						"3.2": {
							"vector": [0, 0, 0],
							"easing": "easeInOutSine"
						}
					},
					"position": {
						"0.0": {
							"vector": [0, 0, 0]
						},
						"0.1667": {
							"vector": [-3, 0, 0],
							"easing": "easeInQuad"
						},
						"0.3333": {
							"vector": [2, 1, 2],
							"easing": "easeOutBack",
							"easingArgs": [0.6]
						},
						"0.5333": {
							"vector": [2, 8, -2],
							"easing": "easeInOutQuad"
						},
						"0.8667": {
							"vector": [2, 4, 4],
							"easing": "easeInOutBack"
						},
						"1.4": {
							"vector": [2, 6, -3],
							"easing": "easeInOutQuad"
						},
						"1.5667": {
							"vector": [2, 6, -4],
							"easing": "easeInSine"
						},
						"1.7667": {
							"vector": [2, 6, -4.56],
							"easing": "easeOutBack"
						},
						"2.3333": {
							"vector": [2, 6, -3],
							"easing": "easeInOutSine"
						},
						"2.6": {
							"vector": [7, 1, -3],
							"easing": "easeInOutBack"
						},
						"2.8": {
							"vector": [-11, 1, -3],
							"easing": "easeInElastic"
						},
						"3.1667": {
							"vector": [0, 0, 0],
							"easing": "easeInOutSine"
						}
					}
				},
				"gun": {
					"rotation": {
						"0.0": {
							"vector": [0, 0, 0]
						},
						"0.1667": {
							"vector": [0, -10, 0],
							"easing": "easeOutSine"
						},
						"0.7333": {
							"vector": [0, -10, 0]
						},
						"1.0": {
							"vector": [-10, -10, 0],
							"easing": "easeOutBack"
						},
						"1.6333": {
							"vector": [0, -10, 0]
						},
						"1.9333": {
							"vector": [0.50445, -9.83591, -0.02466],
							"easing": "easeOutBack",
							"easingArgs": [15]
						},
						"2.7333": {
							"vector": [0, -10, 0]
						},
						"2.9": {
							"vector": [0, 0, 0],
							"easing": "easeInOutSine"
						}
					},
					"position": {
						"0.0": {
							"vector": [0, 0, 0]
						},
						"0.1667": {
							"vector": [4, 0, 2],
							"easing": "easeOutSine"
						},
						"2.6333": {
							"vector": [4, 0, 2]
						},
						"2.8": {
							"vector": [0, 0, 0],
							"easing": "easeInOutSine"
						}
					}
				},
				"chamber1": {
					"rotation": {
						"0.1667": {
							"vector": [0, 0, 0]
						},
						"0.4": {
							"vector": [0, 0, 90],
							"easing": "easeInBounce",
							"easingArgs": [0.1]
						},
						"2.7": {
							"vector": [0, 0, 90]
						},
						"2.8333": {
							"vector": [0, 0, 0],
							"easing": "easeInSine"
						}
					}
				},
				"chamber2": {
					"rotation": {
						"0.2333": {
							"vector": [0, 0, 0]
						},
						"0.8": {
							"vector": [0, 0, 30],
							"easing": "easeInElastic"
						},
						"2.1667": {
							"vector": [0, 0, 10],
							"easing": "easeOutSine"
						},
						"2.5667": {
							"vector": [0, 0, "360 * 2"],
							"easing": "easeOutQuad"
						},
						"2.8667": {
							"vector": [0, 0, "360 * 2"]
						},
						"2.9": {
							"vector": [0, 0, 0],
							"easing": "step",
							"easingArgs": [2]
						}
					}
				},
				"bullets2": {
					"rotation": {
						"0.8": {
							"vector": [0, 0, 0]
						},
						"1.0": {
							"vector": [0, 55, 0]
						},
						"1.6667": {
							"vector": [0, 55, 0]
						},
						"1.7": {
							"vector": [0, 0, 0]
						}
					},
					"position": {
						"0.7333": {
							"vector": [0, 0, 0]
						},
						"0.8": {
							"vector": [0, 0, 11]
						},
						"0.9": {
							"vector": [4.21502, 2.06819, 20.02445]
						},
						"1.0": {
							"vector": [9.44452, 3.96871, 24.60701]
						},
						"1.6667": {
							"vector": [9.44, 3.97, 24.61]
						},
						"1.7": {
							"vector": [0, 0, 0]
						}
					},
					"scale": {
						"0.9": {
							"vector": [1, 1, 1]
						},
						"1.0": {
							"vector": [0, 0, 0]
						},
						"1.7": {
							"vector": [0, 0, 0]
						},
						"1.7333": {
							"vector": [1, 1, 1]
						}
					}
				},
				"b8": {
					"rotation": {
						"0.7333": {
							"vector": [0, 0, 0]
						},
						"0.9333": {
							"vector": [0, 37.5, 22.5],
							"easing": "easeInOutQuad"
						},
						"1.6667": {
							"vector": [0, 37.5, 22.5]
						},
						"1.7": {
							"vector": [0, 0, 0]
						}
					},
					"position": {
						"0.7333": {
							"vector": [0, 0, 0]
						},
						"0.9333": {
							"vector": [-0.08958, 1.01565, 2.82142],
							"easing": "easeInOutQuad"
						},
						"1.6667": {
							"vector": [-0.09, 1.02, 2.82]
						},
						"1.7": {
							"vector": [0, 0, 0]
						}
					}
				},
				"b9": {
					"rotation": {
						"0.7333": {
							"vector": [0, 0, 0]
						},
						"0.9333": {
							"vector": [17.64168, -7.15102, -2.26708],
							"easing": "easeInOutQuad"
						},
						"1.6667": {
							"vector": [17.64, -7.15, -2.27]
						},
						"1.7": {
							"vector": [0, 0, 0]
						}
					},
					"position": {
						"0.7333": {
							"vector": [0, 0, 0]
						},
						"0.9333": {
							"vector": [0.14931, -1.69275, -4.70237],
							"easing": "easeInOutQuad"
						},
						"1.6667": {
							"vector": [0.15, -1.69, -4.7]
						},
						"1.7": {
							"vector": [0, 0, 0]
						}
					}
				},
				"b10": {
					"rotation": {
						"0.7333": {
							"vector": [0, 0, 0]
						},
						"0.9333": {
							"vector": [0, 0, 0],
							"easing": "easeInOutQuad"
						},
						"1.6667": {
							"vector": [0, 0, 0]
						},
						"1.7": {
							"vector": [0, 0, 0]
						}
					},
					"position": {
						"0.7333": {
							"vector": [0, 0, 0]
						},
						"0.9333": {
							"vector": [0.02986, -0.33855, -0.94047],
							"easing": "easeInOutQuad"
						},
						"1.6667": {
							"vector": [0.03, -0.34, -0.94]
						},
						"1.7": {
							"vector": [0, 0, 0]
						}
					}
				},
				"b11": {
					"rotation": {
						"0.7333": {
							"vector": [0, 0, 0]
						},
						"0.9333": {
							"vector": [25.0209, -2.26564, -1.0571],
							"easing": "easeInOutQuad"
						},
						"1.6667": {
							"vector": [25.02, -2.27, -1.06]
						},
						"1.7": {
							"vector": [0, 0, 0]
						}
					},
					"position": {
						"0.7333": {
							"vector": [0, 0, 0]
						},
						"0.9333": {
							"vector": [0, 0, 1],
							"easing": "easeInOutQuad"
						},
						"1.6667": {
							"vector": [0, 0, 1]
						},
						"1.7": {
							"vector": [0, 0, 0]
						}
					}
				},
				"b12": {
					"rotation": {
						"0.7333": {
							"vector": [0, 0, 0]
						},
						"0.9333": {
							"vector": [-30, 0, 0],
							"easing": "easeInOutQuad"
						},
						"1.6667": {
							"vector": [-30, 0, 0]
						},
						"1.7": {
							"vector": [0, 0, 0]
						}
					},
					"position": {
						"0.7333": {
							"vector": [0, 0, 0]
						},
						"0.9333": {
							"vector": [-0.08958, 1.01565, 5.82142],
							"easing": "easeInOutQuad"
						},
						"1.6667": {
							"vector": [-0.09, 1.02, 5.82]
						},
						"1.7": {
							"vector": [0, 0, 0]
						}
					}
				},
				"speedloader": {
					"rotation": {
						"1.0667": {
							"vector": [-2.3802, -35.49255, 50.03227]
						},
						"2.8333": {
							"vector": [-2.38, -35.49, 50.03]
						},
						"2.8667": {
							"vector": [0, 0, 0]
						}
					},
					"position": {
						"1.0333": {
							"vector": [0, 0, 0]
						},
						"1.0667": {
							"vector": [16.45577, -22.85695, 3.15631]
						},
						"2.8333": {
							"vector": [16.46, -22.86, 3.16]
						},
						"2.8667": {
							"vector": [0, 0, 0]
						}
					},
					"scale": {
						"0.0": {
							"vector": [0, 0, 0]
						},
						"1.0667": {
							"vector": [0, 0, 0]
						},
						"1.1": {
							"vector": [0.94, 0.94, 0.94]
						},
						"2.8": {
							"vector": [0.94, 0.94, 0.94]
						},
						"2.8333": {
							"vector": [0, 0, 0]
						},
						"2.8667": {
							"vector": [0, 0, 0]
						},
						"2.9": {
							"vector": [1, 1, 1]
						}
					}
				},
				"bullets": {
					"scale": {
						"1.7": {
							"vector": [1, 1, 1]
						},
						"1.7333": {
							"vector": [0, 0, 0]
						}
					}
				},
				"leftarm": {
					"position": {
						"1.0667": {
							"vector": [0, 0, 0]
						},
						"1.1": {
							"vector": [0, 15, 7]
						},
						"2.7333": {
							"vector": [0, 15, 7]
						},
						"2.7667": {
							"vector": [0, 0, 0]
						}
					},
					"scale": {
						"0.0": {
							"vector": [0, 0, 0]
						},
						"1.0667": {
							"vector": [0, 0, 0]
						},
						"1.1": {
							"vector": [1, 1.3, 1]
						},
						"2.7333": {
							"vector": [1, 1.3, 1]
						},
						"2.7667": {
							"vector": [0, 0, 0]
						},
						"3.1667": {
							"vector": [0, 0, 0]
						},
						"3.2": {
							"vector": [1, 1, 1]
						}
					}
				},
				"armL_mag": {
					"rotation": {
						"1.1": {
							"vector": [0, 0, 0]
						},
						"1.5333": {
							"vector": [-26.05573, 15.81499, -7.59001],
							"easing": "easeInOutCubic"
						},
						"1.6667": {
							"vector": [-26.06, 15.81, -7.59],
							"easing": "easeInQuad"
						},
						"1.8": {
							"vector": [-26.06, 15.81, -7.59],
							"easing": "easeInQuad"
						},
						"2.0333": {
							"vector": [-39.01001, -11.70491, -52.3095]
						},
						"2.3333": {
							"vector": [-58.25312, -25.79037, -14.83235],
							"easing": "easeInOutBack",
							"easingArgs": [2]
						},
						"2.7333": {
							"vector": [0, 0, 0],
							"easing": "easeInOutSine"
						}
					},
					"position": {
						"1.1": {
							"vector": [-1.02646, 6.0811, 18.12548]
						},
						"1.4667": {
							"vector": [-1.92551, 11.56861, 1.36912],
							"easing": "easeInOutCubic"
						},
						"1.6333": {
							"vector": [-0.96367, 11.55139, -4.69717],
							"easing": "easeInQuad"
						},
						"1.8": {
							"vector": [-1.1204, 11.53264, -4.59871],
							"easing": "easeInQuad"
						},
						"2.0": {
							"vector": [3.02241, 14.89414, -8.6516]
						},
						"2.3667": {
							"vector": [1.23636, -13.17058, -10.70251],
							"easing": "easeInOutBack"
						},
						"2.6667": {
							"vector": [0, 0, 0],
							"easing": "easeInOutSine"
						}
					}
				},
				"base": {
					"rotation": {
						"1.6667": {
							"vector": [0, 0, 0]
						},
						"2.0333": {
							"vector": [0, 12.5, 57.5],
							"easing": "easeInOutQuad"
						},
						"2.8333": {
							"vector": [0, 12.5, 57.5]
						},
						"2.8667": {
							"vector": [0, 0, 0]
						}
					},
					"position": {
						"1.6667": {
							"vector": [0, 0, 0]
						},
						"1.7": {
							"vector": [0, -0.08, 0.12]
						},
						"1.7333": {
							"vector": [0, -0.32, 0.48]
						},
						"1.7667": {
							"vector": [0.1817, -0.62746, 1.06808]
						},
						"1.8": {
							"vector": [0.51943, -0.96242, 1.9041]
						},
						"1.8333": {
							"vector": [0.97101, -2.3442, 4.22333]
						},
						"1.8667": {
							"vector": [1.29766, -3.33786, 5.70695]
						},
						"1.9": {
							"vector": [1.6213, -4.53568, 7.40136]
						},
						"1.9333": {
							"vector": [1.93892, -5.89655, 9.34258]
						},
						"1.9667": {
							"vector": [2.8688, -9.8031, 14.44636]
						},
						"2.0": {
							"vector": [3.57461, -12.59252, 18.56322]
						},
						"2.0333": {
							"vector": [4.20801, -14.60369, 23.23269],
							"easing": "linear"
						},
						"2.8333": {
							"vector": [4.21, -14.6, 23.23]
						},
						"2.8667": {
							"vector": [0, 0, 0]
						}
					},
					"scale": {
						"2.0333": {
							"vector": [1, 1, 1]
						},
						"2.0667": {
							"vector": [0, 0, 0]
						}
					}
				},
				"_camera_": {
					"rotation": {
						"0.0": {
							"vector": [0, 0, 0]
						},
						"0.2": {
							"vector": [-0.5, 1, 0.4],
							"easing": "easeInSine"
						},
						"0.4": {
							"vector": [1, -1.5, -1],
							"easing": "easeOutBack"
						},
						"0.5667": {
							"vector": [-2, -1, -0.5],
							"easing": "easeInOutSine"
						},
						"1.0667": {
							"vector": [2, 0, 0],
							"easing": "easeInOutBack"
						},
						"1.5667": {
							"vector": [-1, 3, -1],
							"easing": "easeInOutQuad"
						},
						"1.6667": {
							"vector": [-0.7, 2.6, -0.7],
							"easing": "easeInCubic"
						},
						"1.8333": {
							"vector": [-0.2, 2, 0],
							"easing": "easeOutBack",
							"easingArgs": [1]
						},
						"2.0": {
							"vector": [-2, 3, 1.2],
							"easing": "easeInOutQuad"
						},
						"2.4": {
							"vector": [-1, 4.5, 2],
							"easing": "easeInOutBack",
							"easingArgs": [3]
						},
						"2.6333": {
							"vector": [1, -1, 2],
							"easing": "easeInOutQuad"
						},
						"3.0": {
							"vector": [-1, 1, -3],
							"easing": "easeInOutBack",
							"easingArgs": [3]
						},
						"3.2": {
							"vector": [0, 0, 0],
							"easing": "easeInOutSine"
						}
					}
				},
				"rightarm": {
					"rotation": {
						"0.3": {
							"vector": [0, 0, 0]
						},
						"0.6": {
							"vector": [-15, 0, 0],
							"easing": "easeInOutQuad"
						},
						"0.7333": {
							"vector": [-15, 0, 0],
							"easing": "easeInOutQuad"
						},
						"0.9667": {
							"vector": [-12.5, 0, 0],
							"easing": "easeOutBack"
						},
						"1.3": {
							"vector": [0, 0, 0],
							"easing": "easeInOutQuad"
						}
					},
					"position": {
						"0.7333": {
							"vector": [0, 0, 0]
						},
						"0.9667": {
							"vector": [-0.17777, -0.41974, 0.89006],
							"easing": "easeOutBack"
						},
						"1.3": {
							"vector": [0, 0, 0],
							"easing": "easeInOutQuad"
						}
					}
				}
			},
			"sound_effects": {
				"0.2": {
					"effect": "overture_open"
				},
				"0.7333": {
					"effect": "overture_eject"
				},
				"1.5333": {
					"effect": "overture_load"
				},
				"2.1667": {
					"effect": "overture_chamber_spin"
				},
				"2.7": {
					"effect": "overture_finish"
				}
			}
		},
		"animation.model.reload": {
			"loop": true,
			"animation_length": 2.6333,
			"bones": {
				"main": {
					"rotation": {
						"0.0": {
							"vector": [0, 0, 0]
						},
						"0.2": {
							"vector": [0, 2.5, -15],
							"easing": "easeInQuad"
						},
						"0.3333": {
							"vector": [-3.7494, 2.16489, 15.02363],
							"easing": "easeOutBack",
							"easingArgs": [0.6]
						},
						"0.5333": {
							"vector": [-26.42082, 6.64163, 12.79588],
							"easing": "easeInOutQuad"
						},
						"0.8667": {
							"vector": [-41.93819, 9.64717, 8.35082],
							"easing": "easeOutBack",
							"easingArgs": [0.6]
						},
						"1.4": {
							"vector": [-7.69449, 7.3251, -2.30116],
							"easing": "easeInOutQuad"
						},
						"1.6": {
							"vector": [-6.69, 7.33, -2.3],
							"easing": "easeInSine"
						},
						"1.8": {
							"vector": [-4.59, 7.33, -2.3],
							"easing": "easeOutBack"
						},
						"2.0667": {
							"vector": [-9.4827, 8.50053, 10.26549],
							"easing": "easeInOutQuad"
						},
						"2.1333": {
							"vector": [-7.69, 7.33, -2.3],
							"easing": "easeInQuad"
						},
						"2.3": {
							"vector": [-5.57666, 5.00315, -14.87154],
							"easing": "easeOutBack",
							"easingArgs": [3]
						},
						"2.6333": {
							"vector": [0, 0, 0],
							"easing": "easeInOutSine"
						}
					},
					"position": {
						"0.0": {
							"vector": [0, 0, 0]
						},
						"0.1667": {
							"vector": [-3, 0, 0],
							"easing": "easeInQuad"
						},
						"0.3": {
							"vector": [2, 1, 2],
							"easing": "easeOutBack",
							"easingArgs": [0.6]
						},
						"0.5": {
							"vector": [2, 8, -2],
							"easing": "easeInOutQuad"
						},
						"0.8": {
							"vector": [2, 4, 4],
							"easing": "easeInOutBack"
						},
						"1.3333": {
							"vector": [2, 6, -3],
							"easing": "easeInOutQuad"
						},
						"1.5333": {
							"vector": [2, 6, -4],
							"easing": "easeInSine"
						},
						"1.7333": {
							"vector": [2, 6, -4.56],
							"easing": "easeOutBack"
						},
						"2.2333": {
							"vector": [2, 2, -3],
							"easing": "easeInOutSine"
						},
						"2.6": {
							"vector": [0, 0, 0],
							"easing": "easeInOutSine"
						}
					}
				},
				"gun": {
					"rotation": {
						"0.0": {
							"vector": [0, 0, 0]
						},
						"0.1667": {
							"vector": [0, -10, 0],
							"easing": "easeOutSine"
						},
						"0.7333": {
							"vector": [0, -10, 0]
						},
						"0.9667": {
							"vector": [-10, -10, 0],
							"easing": "easeOutBack"
						},
						"1.5667": {
							"vector": [0, -10, 0]
						},
						"1.9": {
							"vector": [0.50445, -9.83591, -0.02466],
							"easing": "easeOutBack",
							"easingArgs": [15]
						},
						"2.1": {
							"vector": [0, -10, 0]
						},
						"2.3333": {
							"vector": [0, 0, 0],
							"easing": "easeInOutSine"
						}
					},
					"position": {
						"0.0": {
							"vector": [0, 0, 0]
						},
						"0.1667": {
							"vector": [4, 0, 2],
							"easing": "easeOutSine"
						},
						"2.0667": {
							"vector": [4, 0, 2]
						},
						"2.2667": {
							"vector": [0, 0, 0],
							"easing": "easeInOutSine"
						}
					}
				},
				"chamber1": {
					"rotation": {
						"0.1667": {
							"vector": [0, 0, 0]
						},
						"0.3667": {
							"vector": [0, 0, 90],
							"easing": "easeInBounce",
							"easingArgs": [0.1]
						},
						"2.0667": {
							"vector": [0, 0, 90]
						},
						"2.2333": {
							"vector": [0, 0, 0],
							"easing": "easeOutQuad"
						}
					}
				},
				"chamber2": {
					"rotation": {
						"0.2": {
							"vector": [0, 0, 0]
						},
						"0.7667": {
							"vector": [0, 0, 30],
							"easing": "easeInElastic"
						},
						"1.7": {
							"vector": [0, 0, 22],
							"easing": "easeOutElastic"
						},
						"2.1": {
							"vector": [0, 0, 22],
							"easing": "easeOutElastic"
						},
						"2.2": {
							"vector": [0, 0, 0],
							"easing": "linear"
						}
					}
				},
				"bullets2": {
					"rotation": {
						"0.7667": {
							"vector": [0, 0, 0]
						},
						"0.9333": {
							"vector": [0, 55, 0]
						},
						"1.6667": {
							"vector": [0, 55, 0]
						},
						"1.7": {
							"vector": [0, 0, 0]
						}
					},
					"position": {
						"0.7": {
							"vector": [0, 0, 0]
						},
						"0.7667": {
							"vector": [0, 0, 11]
						},
						"0.8667": {
							"vector": [4.21502, 2.06819, 20.02445]
						},
						"0.9333": {
							"vector": [9.44452, 3.96871, 24.60701]
						},
						"1.6667": {
							"vector": [9.44, 3.97, 24.61]
						},
						"1.7": {
							"vector": [0, 0, 0]
						}
					},
					"scale": {
						"0.8667": {
							"vector": [1, 1, 1]
						},
						"0.9333": {
							"vector": [0, 0, 0]
						},
						"1.7": {
							"vector": [0, 0, 0]
						},
						"1.7333": {
							"vector": [1, 1, 1]
						}
					}
				},
				"b8": {
					"rotation": {
						"0.7333": {
							"vector": [0, 0, 0]
						},
						"0.8667": {
							"vector": [0, 37.5, 22.5],
							"easing": "easeInOutQuad"
						},
						"1.6667": {
							"vector": [0, 37.5, 22.5]
						},
						"1.7": {
							"vector": [0, 0, 0]
						}
					},
					"position": {
						"0.7333": {
							"vector": [0, 0, 0]
						},
						"0.8667": {
							"vector": [-0.08958, 1.01565, 2.82142],
							"easing": "easeInOutQuad"
						},
						"1.6667": {
							"vector": [-0.09, 1.02, 2.82]
						},
						"1.7": {
							"vector": [0, 0, 0]
						}
					},
					"scale": {
						"vector": [1, 1, 1]
					}
				},
				"b9": {
					"rotation": {
						"0.7333": {
							"vector": [0, 0, 0]
						},
						"0.8667": {
							"vector": [17.64168, -7.15102, -2.26708],
							"easing": "easeInOutQuad"
						},
						"1.6667": {
							"vector": [17.64, -7.15, -2.27]
						},
						"1.7": {
							"vector": [0, 0, 0]
						}
					},
					"position": {
						"0.7333": {
							"vector": [0, 0, 0]
						},
						"0.8667": {
							"vector": [0.14931, -1.69275, -4.70237],
							"easing": "easeInOutQuad"
						},
						"1.6667": {
							"vector": [0.15, -1.69, -4.7]
						},
						"1.7": {
							"vector": [0, 0, 0]
						}
					},
					"scale": {
						"vector": [1, 1, 1]
					}
				},
				"b10": {
					"rotation": {
						"0.7333": {
							"vector": [0, 0, 0]
						},
						"0.8667": {
							"vector": [0, 0, 0],
							"easing": "easeInOutQuad"
						},
						"1.6667": {
							"vector": [0, 0, 0]
						},
						"1.7": {
							"vector": [0, 0, 0]
						}
					},
					"position": {
						"0.7333": {
							"vector": [0, 0, 0]
						},
						"0.8667": {
							"vector": [0.02986, -0.33855, -0.94047],
							"easing": "easeInOutQuad"
						},
						"1.6667": {
							"vector": [0.03, -0.34, -0.94]
						},
						"1.7": {
							"vector": [0, 0, 0]
						}
					},
					"scale": {
						"vector": [1, 1, 1]
					}
				},
				"b11": {
					"rotation": {
						"0.7333": {
							"vector": [0, 0, 0]
						},
						"0.8667": {
							"vector": [25.0209, -2.26564, -1.0571],
							"easing": "easeInOutQuad"
						},
						"1.6667": {
							"vector": [25.02, -2.27, -1.06]
						},
						"1.7": {
							"vector": [0, 0, 0]
						}
					},
					"position": {
						"0.7333": {
							"vector": [0, 0, 0]
						},
						"0.8667": {
							"vector": [0, 0, 1],
							"easing": "easeInOutQuad"
						},
						"1.6667": {
							"vector": [0, 0, 1]
						},
						"1.7": {
							"vector": [0, 0, 0]
						}
					},
					"scale": {
						"vector": [1, 1, 1]
					}
				},
				"b12": {
					"rotation": {
						"0.7333": {
							"vector": [0, 0, 0]
						},
						"0.8667": {
							"vector": [-30, 0, 0],
							"easing": "easeInOutQuad"
						},
						"1.6667": {
							"vector": [-30, 0, 0]
						},
						"1.7": {
							"vector": [0, 0, 0]
						}
					},
					"position": {
						"0.7333": {
							"vector": [0, 0, 0]
						},
						"0.8667": {
							"vector": [-0.08958, 1.01565, 5.82142],
							"easing": "easeInOutQuad"
						},
						"1.6667": {
							"vector": [-0.09, 1.02, 5.82]
						},
						"1.7": {
							"vector": [0, 0, 0]
						}
					},
					"scale": {
						"vector": [1, 1, 1]
					}
				},
				"speedloader": {
					"rotation": {
						"1.0": {
							"vector": [-12.65889, -33.51267, 68.07402]
						},
						"2.4333": {
							"vector": [-2.38, -35.49, 50.03]
						},
						"2.4667": {
							"vector": [0, 0, 0]
						}
					},
					"position": {
						"0.0": {
							"vector": [0, 0, 0]
						},
						"0.9667": {
							"vector": [0, 0, 0]
						},
						"1.0": {
							"vector": [16.45577, -22.85695, 3.15631]
						},
						"2.4333": {
							"vector": [16.46, -22.86, 3.16]
						},
						"2.4667": {
							"vector": [0, 0, 0]
						}
					},
					"scale": {
						"0.0": {
							"vector": [0, 0, 0]
						},
						"1.0": {
							"vector": [0, 0, 0]
						},
						"1.0333": {
							"vector": [0.94, 0.94, 0.94]
						},
						"2.4": {
							"vector": [0.94, 0.94, 0.94]
						},
						"2.4333": {
							"vector": [0, 0, 0]
						},
						"2.4667": {
							"vector": [0, 0, 0]
						}
					}
				},
				"bullets": {
					"scale": {
						"1.6667": {
							"vector": [1, 1, 1]
						},
						"1.7": {
							"vector": [0, 0, 0]
						}
					}
				},
				"leftarm": {
					"position": {
						"1.0": {
							"vector": [0, 0, 0]
						},
						"1.0333": {
							"vector": [0, 15, 14]
						},
						"2.3333": {
							"vector": [0, 15, 14]
						},
						"2.5333": {
							"vector": [0, 0, 0]
						}
					},
					"scale": {
						"0.0": {
							"vector": [0, 0, 0]
						},
						"1.0": {
							"vector": [0, 0, 0]
						},
						"1.0333": {
							"vector": [1, 1.6, 1]
						},
						"2.3333": {
							"vector": [1, 1.6, 1]
						},
						"2.6333": {
							"vector": [1, 1, 1]
						}
					}
				},
				"armL_mag": {
					"rotation": {
						"1.0333": {
							"vector": [0, 0, 0]
						},
						"1.4667": {
							"vector": [-26.05573, 15.81499, -7.59001],
							"easing": "easeInOutCubic"
						},
						"1.6": {
							"vector": [-26.06, 15.81, -7.59],
							"easing": "easeInQuad"
						},
						"1.8": {
							"vector": [-26.06, 15.81, -7.59],
							"easing": "easeInQuad"
						},
						"2.0667": {
							"vector": [-39.01001, -11.70491, -52.3095]
						},
						"2.2333": {
							"vector": [-58.98548, -0.81638, -21.21911],
							"easing": "easeInCubic"
						},
						"2.6": {
							"vector": [0, 0, 0],
							"easing": "easeInSine"
						}
					},
					"position": {
						"1.0333": {
							"vector": [-0.72771, 3.36066, 13.94099]
						},
						"1.4": {
							"vector": [-1.93447, 11.54582, 1.50074],
							"easing": "easeInOutCubic"
						},
						"1.5667": {
							"vector": [-1.1204, 11.53264, -4.59871],
							"easing": "easeInQuad"
						},
						"1.7667": {
							"vector": [-1.1204, 11.53264, -4.59871],
							"easing": "easeInQuad"
						},
						"2.0333": {
							"vector": [4.66982, 14.73285, -9.62743]
						},
						"2.2333": {
							"vector": [-6.53162, 5.80753, -17.31018],
							"easing": "easeInQuad"
						},
						"2.5667": {
							"vector": [0, 0, 0],
							"easing": "easeInSine"
						}
					}
				},
				"base": {
					"rotation": {
						"1.6667": {
							"vector": [0, 0, 0]
						},
						"2.0": {
							"vector": [0, 12.5, 57.5],
							"easing": "easeInOutQuad"
						},
						"2.4333": {
							"vector": [0, 12.5, 57.5]
						},
						"2.4667": {
							"vector": [0, 0, 0]
						}
					},
					"position": {
						"1.6667": {
							"vector": [0, 0, 0]
						},
						"1.7": {
							"vector": [0.14822, -0.05919, 0.47669]
						},
						"1.7333": {
							"vector": [0.37929, -0.2797, 1.06368]
						},
						"1.7667": {
							"vector": [0.74552, -0.51194, 1.89863]
						},
						"1.8": {
							"vector": [0.9894, -0.92975, 2.96441]
						},
						"1.8333": {
							"vector": [1.90563, -2.27243, 5.60892]
						},
						"1.8667": {
							"vector": [2.48582, -3.14313, 7.22104]
						},
						"1.9": {
							"vector": [3.05542, -4.16276, 9.0584]
						},
						"1.9333": {
							"vector": [5.17175, -6.37308, 11.78866]
						},
						"1.9667": {
							"vector": [9.07018, -10.43034, 18.48744]
						},
						"2.0": {
							"vector": [11.20605, -12.73575, 22.952],
							"easing": "linear"
						},
						"2.4333": {
							"vector": [4.21, -14.6, 23.23]
						},
						"2.4667": {
							"vector": [0, 0, 0]
						}
					},
					"scale": {
						"2.0": {
							"vector": [1, 1, 1]
						},
						"2.0333": {
							"vector": [0, 0, 0]
						}
					}
				},
				"_camera_": {
					"rotation": {
						"0.0": {
							"vector": [0, 0, 0]
						},
						"0.2": {
							"vector": [-0.5, 1, 0.4],
							"easing": "easeInSine"
						},
						"0.4": {
							"vector": [1, -1.5, -1],
							"easing": "easeOutBack"
						},
						"0.5667": {
							"vector": [-2, -1, -0.5],
							"easing": "easeInOutSine"
						},
						"1.0333": {
							"vector": [2, 0, 0],
							"easing": "easeInOutBack"
						},
						"1.5333": {
							"vector": [-1, 3, 1],
							"easing": "easeInOutQuad"
						},
						"1.6667": {
							"vector": [-0.7, 2.6, 0.7],
							"easing": "easeInCubic"
						},
						"1.8333": {
							"vector": [-0.2, 2, 0],
							"easing": "easeOutBack",
							"easingArgs": [1]
						},
						"2.0667": {
							"vector": [-1, -1, 2],
							"easing": "easeInOutQuad"
						},
						"2.3333": {
							"vector": [-4, 1, -3],
							"easing": "easeInOutBack",
							"easingArgs": [1]
						},
						"2.5333": {
							"vector": [0, 0, 0],
							"easing": "easeInOutSine"
						}
					}
				},
				"rightarm": {
					"rotation": {
						"0.3": {
							"vector": [0, 0, 0]
						},
						"0.6": {
							"vector": [-15, 0, 0],
							"easing": "easeInOutQuad"
						},
						"0.7333": {
							"vector": [-15, 0, 0],
							"easing": "easeInOutQuad"
						},
						"0.9667": {
							"vector": [-12.5, 0, 0],
							"easing": "easeOutBack"
						},
						"1.3": {
							"vector": [0, 0, 0],
							"easing": "easeInOutQuad"
						}
					},
					"position": {
						"0.7333": {
							"vector": [0, 0, 0]
						},
						"0.9667": {
							"vector": [-0.17777, -0.41974, 0.89006],
							"easing": "easeOutBack"
						},
						"1.3": {
							"vector": [0, 0, 0],
							"easing": "easeInOutQuad"
						}
					}
				}
			},
			"sound_effects": {
				"0.2": {
					"effect": "overture_open"
				},
				"0.7333": {
					"effect": "overture_eject"
				},
				"1.4667": {
					"effect": "overture_load"
				},
				"2.1": {
					"effect": "overture_finish"
				}
			}
		},
		"animation.model.preparefire": {
			"animation_length": 0.3,
			"bones": {
				"main": {
					"rotation": {
						"0.0333": {
							"vector": [0, 0, 0]
						},
						"0.3": {
							"vector": [0, 0, 5],
							"easing": "easeInQuad"
						}
					},
					"position": {
						"0.0": {
							"vector": [0, 0, 0]
						},
						"0.2667": {
							"vector": [-0.75, 0, 1],
							"easing": "easeInQuad"
						}
					}
				}
			}
		},
		"animation.model.inspect_old": {
			"loop": true,
			"animation_length": 6.1667,
			"bones": {
				"main": {
					"rotation": {
						"0.0": {
							"vector": [0, 0, 0]
						},
						"0.2667": {
							"vector": [15.34721, 12.06754, 3.28396],
							"easing": "easeInOutQuad"
						},
						"0.8": {
							"vector": [-9.65, 12.07, 3.28],
							"easing": "easeOutBack"
						},
						"1.2333": {
							"vector": [-3.48079, 7.51255, 29.30222],
							"easing": "easeInOutBack",
							"easingArgs": [2]
						},
						"1.8667": {
							"vector": [-3.14772, 7.65454, 31.81784],
							"easing": "easeInOutQuad"
						},
						"2.2667": {
							"vector": [-2.63411, 3.1885, -13.18213],
							"easing": "easeInOutBack",
							"easingArgs": [2]
						},
						"3.0667": {
							"vector": [-3.82691, 43.72732, 60.76099],
							"easing": "easeInOutQuart"
						},
						"4.2667": {
							"vector": [-6.20056, 43.50876, 57.3207],
							"easing": "easeInOutSine"
						},
						"4.6333": {
							"vector": [-25.37469, 14.87503, -0.02934],
							"easing": "easeInOutQuad"
						},
						"5.2333": {
							"vector": [26.04978, 14.52592, 3.26222],
							"easing": "easeInOutBack",
							"easingArgs": [2]
						},
						"6.1333": {
							"vector": [0, 0, 0],
							"easing": "easeInOutBack",
							"easingArgs": [3]
						}
					},
					"position": {
						"0.0": {
							"vector": [0, 0, 0]
						},
						"0.2333": {
							"vector": [0, -3, 4],
							"easing": "easeInOutQuad"
						},
						"0.7": {
							"vector": [0, 8, -3],
							"easing": "easeOutBack"
						},
						"1.2": {
							"vector": [3, 6, -3],
							"easing": "easeInOutBack",
							"easingArgs": [2]
						},
						"1.8333": {
							"vector": [3.59036, 5.63559, -3.09315],
							"easing": "easeInOutBack",
							"easingArgs": [-2]
						},
						"2.2": {
							"vector": [-1.41, 5.64, -3.09],
							"easing": "easeInOutBack",
							"easingArgs": [2]
						},
						"3.0": {
							"vector": [6.59, 7.64, -3.09],
							"easing": "easeInOutQuart"
						},
						"4.2": {
							"vector": [6.7075, 7.40323, -3.23191],
							"easing": "easeInOutSine"
						},
						"4.5667": {
							"vector": [-1.29, 16.4, 3],
							"easing": "easeInOutSine"
						},
						"5.1333": {
							"vector": [-1.29, -4.3, 3],
							"easing": "easeInOutBack",
							"easingArgs": [2]
						},
						"6.0333": {
							"vector": [0, 0, 0],
							"easing": "easeInOutBack",
							"easingArgs": [1]
						}
					}
				},
				"gun": {
					"rotation": {
						"0.0": {
							"vector": [0, 0, 0]
						},
						"0.3333": {
							"vector": [55.44067, -9.99038, -2.53852],
							"easing": "easeInOutQuad"
						},
						"0.8": {
							"vector": [-653.4501, -10.80263, -1.60595]
						},
						"1.0": {
							"vector": ["-19.6851 + (-360 * 2)", -0.58093, -5.94504],
							"easing": "easeOutSine"
						},
						"1.3667": {
							"vector": ["-10.4745 + (-360 * 2)", -19.83167, -0.70308],
							"easing": "easeOutBack",
							"easingArgs": [1]
						},
						"1.9": {
							"vector": ["-10.4745 + (-360 * 2)", -19.83167, -0.70308],
							"easing": "easeOutBack"
						},
						"2.2667": {
							"vector": [-729.88619, -0.46835, -4.19979],
							"easing": "easeInOutBack",
							"easingArgs": [2]
						},
						"2.5": {
							"vector": [-729.88619, -0.46835, -4.19979],
							"easing": "easeInOutBack",
							"easingArgs": [2]
						},
						"3.0333": {
							"vector": ["-10 + (-360 * 2)", -9.99, -2.54]
						},
						"3.2333": {
							"vector": ["-12.5 + (-360 * 2)", -9.99, -2.54],
							"easing": "easeInSine"
						},
						"3.6667": {
							"vector": ["-12.5 + (-360 * 2)", -9.99, -2.54],
							"easing": "easeInSine"
						},
						"3.8667": {
							"vector": ["-10 + (-360 * 2)", -9.99, -2.54],
							"easing": "easeInOutSine"
						},
						"4.2667": {
							"vector": ["-10 + (-360 * 2)", -9.99, -2.54]
						},
						"4.9": {
							"vector": ["-60 + (-360 * 2)", -9.99, -2.54],
							"easing": "easeInOutQuad"
						},
						"5.3333": {
							"vector": ["10 + (-360)", -9.99, -2.54],
							"easing": "easeOutSine"
						},
						"5.5667": {
							"vector": ["10.7365 + (-360)", 11.41686, 1.44062],
							"easing": "easeOutQuad"
						},
						"6.1": {
							"vector": [-360, -0.35, -0.04],
							"easing": "easeInOutBack",
							"easingArgs": [3]
						},
						"6.1333": {
							"vector": [0, 0, 0],
							"easing": "linear"
						}
					},
					"position": {
						"0.0": {
							"vector": [0, 0, 0]
						},
						"0.2333": {
							"vector": [4.4505, -0.55359, 3.0422],
							"easing": "easeInOutQuad"
						},
						"0.8": {
							"vector": [5.43965, -0.51764, 3.1847],
							"easing": "easeInOutQuad"
						},
						"1.0": {
							"vector": [3.44, -0.52, 3.18]
						},
						"1.2333": {
							"vector": [5.47226, -0.60729, 2.83305],
							"easing": "easeOutQuad"
						},
						"2.0333": {
							"vector": [5.47226, -0.60729, 2.83305],
							"easing": "easeOutQuad"
						},
						"2.2333": {
							"vector": [2.47226, -0.60729, 2.83305],
							"easing": "easeOutBack"
						},
						"2.4667": {
							"vector": [2.47226, -0.60729, 2.83305],
							"easing": "easeOutBack"
						},
						"3.0": {
							"vector": [0, -0.61, 2.83],
							"easing": "easeInOutQuad"
						},
						"4.2667": {
							"vector": [0, -0.61, 2.83]
						},
						"4.6": {
							"vector": [5.07406, -0.03488, 4.04886],
							"easing": "easeInOutQuad"
						},
						"5.3": {
							"vector": [5.07, -0.03, 4.05]
						},
						"5.8333": {
							"vector": [0, 0, 0],
							"easing": "easeOutCubic"
						}
					}
				},
				"chamber1": {
					"rotation": {
						"1.0": {
							"vector": [0, 0, 0]
						},
						"1.2333": {
							"vector": [0, 0, 90],
							"easing": "easeInBounce",
							"easingArgs": [0.25]
						},
						"2.0333": {
							"vector": [0, 0, 90],
							"easing": "linear"
						},
						"2.2": {
							"vector": [0, 0, 0],
							"easing": "easeInBounce",
							"easingArgs": [0.25]
						}
					}
				},
				"chamber2": {
					"rotation": {
						"1.1333": {
							"vector": [0, 0, 0]
						},
						"1.8667": {
							"vector": [0, 0, 15],
							"easing": "easeOutSine"
						},
						"2.0333": {
							"vector": [0, 0, 15]
						},
						"2.2": {
							"vector": [0, 0, 0],
							"easing": "easeOutCubic"
						}
					}
				},
				"hammer": {
					"rotation": {
						"3.0": {
							"vector": [0, 0, 0]
						},
						"3.2": {
							"vector": [-10, 0, 0],
							"easing": "easeInSine"
						},
						"3.7": {
							"vector": [-10, 0, 0],
							"easing": "easeInSine"
						},
						"3.9": {
							"vector": [0, 0, 0],
							"easing": "easeInOutSine"
						}
					}
				},
				"rightarm": {
					"rotation": {
						"2.5": {
							"vector": [0, 0, 0]
						},
						"3.0": {
							"vector": [-10, 0, 0]
						},
						"3.2": {
							"vector": [-7.5, 0, 0],
							"easing": "easeInSine"
						},
						"3.7": {
							"vector": [-7.5, 0, 0],
							"easing": "easeInSine"
						},
						"3.9": {
							"vector": [-10, 0, 0],
							"easing": "easeInOutSine"
						},
						"4.5": {
							"vector": [0, 0, 0],
							"easing": "easeInOutQuint"
						}
					},
					"position": {
						"2.5": {
							"vector": [0, 0, 0]
						},
						"3.0": {
							"vector": [-2.63165, -2.00376, 3.03725]
						},
						"3.9": {
							"vector": [-2.63165, -2.00376, 3.03725]
						},
						"4.4667": {
							"vector": [0, 0, 0],
							"easing": "easeInOutQuint"
						}
					}
				},
				"speedloader": {
					"scale": {
						"vector": [0, 0, 0]
					}
				},
				"leftarm": {
					"scale": {
						"vector": [0, 0, 0]
					}
				},
				"_camera_": {
					"rotation": {
						"0.0": {
							"vector": [0, 0, 0]
						},
						"0.2333": {
							"vector": [3, 2, 0.5],
							"easing": "easeInOutSine"
						},
						"0.6": {
							"vector": [-2, 1, 0.2],
							"easing": "easeInOutBack"
						},
						"1.4": {
							"vector": [2, -3, 1],
							"easing": "easeInOutBack"
						},
						"1.9": {
							"vector": [2.3, -3.5, 1.3],
							"easing": "easeInOutSine"
						},
						"2.3": {
							"vector": [-1, 2, -1],
							"easing": "easeInOutBack"
						},
						"3.0": {
							"vector": [-2, 1, 0.5],
							"easing": "easeInOutQuad"
						},
						"3.2333": {
							"vector": [-1, 1.2, -0.7],
							"easing": "easeInOutQuad"
						},
						"3.7333": {
							"vector": [-1.3, 1.4, -0.5],
							"easing": "easeInOutSine"
						},
						"3.9667": {
							"vector": [-2, 1, 0.5],
							"easing": "easeInOutQuad"
						},
						"4.7": {
							"vector": [-3, 3, 2],
							"easing": "easeInOutBack",
							"easingArgs": [2]
						},
						"5.2": {
							"vector": [2, 2, 1],
							"easing": "easeInOutBack"
						},
						"6.1333": {
							"vector": [0, 0, 0],
							"easing": "easeInOutBack",
							"easingArgs": [3]
						}
					}
				}
			},
			"sound_effects": {
				"0.4": {
					"effect": "overture_inspect1"
				},
				"0.9667": {
					"effect": "overture_inspect2"
				},
				"1.9333": {
					"effect": "overture_inspect3"
				},
				"4.9333": {
					"effect": "overture_inspect1"
				}
			}
		},
		"animation.model.inspect": {
			"animation_length": 6.1667,
			"bones": {
				"main": {
					"rotation": {
						"0.0333": {
							"vector": [0, 0, 0]
						},
						"0.2667": {
							"vector": [24.09418, 0.56443, 16.72268],
							"easing": "easeInOutSine"
						},
						"0.6": {
							"vector": [-15, 10, 7.5],
							"easing": "easeInElastic"
						},
						"0.9": {
							"vector": [-25.99141, 14.89185, -19.69248],
							"easing": "easeInOutQuad"
						},
						"1.2": {
							"vector": [-9.70025, 11.95467, 16.2822],
							"easing": "easeInElastic",
							"easingArgs": [1.25]
						},
						"1.5667": {
							"vector": [-4.16802, 12.14798, 18.8309],
							"easing": "easeInOutSine"
						},
						"1.7": {
							"vector": [-4.16802, 12.14798, 18.8309],
							"easing": "easeInOutSine"
						},
						"1.9667": {
							"vector": [5.18797, 1.99164, 15.36038],
							"easing": "easeInOutSine"
						},
						"2.3": {
							"vector": [-10.86878, 12.01354, -19.84352],
							"easing": "easeInElastic",
							"easingArgs": [1.25]
						},
						"2.8333": {
							"vector": [-14.52982, -31.73651, -35.73451],
							"easing": "easeInOutBack"
						},
						"3.2667": {
							"vector": [-11.44739, -32.86488, -41.49474],
							"easing": "easeInOutQuad"
						},
						"3.8": {
							"vector": [-44.04825, 44.12315, 58.29491],
							"easing": "easeInOutBack",
							"easingArgs": [0.6]
						},
						"4.5": {
							"vector": [-51.54825, 44.12315, 58.29491],
							"easing": "easeInOutSine"
						},
						"4.8667": {
							"vector": [-59.20556, 61.91045, 59.08775],
							"easing": "easeOutElastic"
						},
						"5.2": {
							"vector": [53.28261, 59.89512, 85.93825],
							"easing": "easeInElastic"
						},
						"5.6": {
							"vector": [7.85952, 17.34551, 17.35666],
							"easing": "easeInElastic"
						},
						"6.1667": {
							"vector": [0, 0, 0],
							"easing": "easeInElastic"
						}
					},
					"position": {
						"0.0": {
							"vector": [0, 0, 0]
						},
						"0.2333": {
							"vector": [-11, -7, 0],
							"easing": "easeInOutSine"
						},
						"0.5333": {
							"vector": [-11, 4, -3],
							"easing": "easeInElastic"
						},
						"0.8333": {
							"vector": [-13, 7, -3],
							"easing": "easeInOutSine"
						},
						"1.1333": {
							"vector": [-4, 2, -3],
							"easing": "easeInElastic",
							"easingArgs": [1.25]
						},
						"1.4333": {
							"vector": [-2, 3, -1],
							"easing": "easeInOutSine"
						},
						"1.5667": {
							"vector": [-2, 3, -1],
							"easing": "easeInOutSine"
						},
						"1.9": {
							"vector": [2, 0, -2],
							"easing": "easeInOutSine"
						},
						"2.2": {
							"vector": [-8, -1, -2],
							"easing": "easeInElastic",
							"easingArgs": [1.25]
						},
						"2.7667": {
							"vector": [3, 4, -2],
							"easing": "easeInOutBack"
						},
						"3.1333": {
							"vector": [2.75, 4, -2],
							"easing": "easeInOutQuad"
						},
						"3.7333": {
							"vector": [13.75, 2, -2],
							"easing": "easeInOutBack",
							"easingArgs": [0.6]
						},
						"4.3667": {
							"vector": [15.75, 2, -2],
							"easing": "easeInOutSine"
						},
						"4.8": {
							"vector": [21.75, -5, -2],
							"easing": "easeOutElastic"
						},
						"5.1667": {
							"vector": [-16.25, -1, -5],
							"easing": "easeInElastic"
						},
						"5.5667": {
							"vector": [1, -5, -6],
							"easing": "easeInElastic"
						},
						"6.0667": {
							"vector": [0, 0, 0],
							"easing": "easeInElastic"
						}
					}
				},
				"gun": {
					"rotation": {
						"0.0": {
							"vector": [0, 0, 0]
						},
						"0.2333": {
							"vector": [10, -7.5, 0]
						},
						"0.3333": {
							"vector": [0, -7.5, 0],
							"easing": "easeInQuad"
						},
						"0.9333": {
							"vector": [-717.46123, -12.49517, -0.22311],
							"easing": "easeInElastic",
							"easingArgs": [0.65]
						},
						"1.2": {
							"vector": [-717.46, -12.5, -0.22]
						},
						"1.9": {
							"vector": [-719.96, -12.5, -0.22],
							"easing": "easeInOutSine"
						},
						"4.2667": {
							"vector": [-719.96, -12.5, -0.22]
						},
						"4.9332": {
							"vector": [-719.96, 0, 0],
							"easing": "easeInOutSine"
						},
						"4.9333": {
							"vector": [-359.96, 0, 0],
							"easing": "easeInOutSine"
						},
						"5.3667": {
							"vector": [0, -10, 0],
							"easing": "easeInElastic",
							"easingArgs": [0.65]
						},
						"5.6": {
							"vector": [0, -10, 0]
						},
						"5.8333": {
							"vector": [0, 0, 0],
							"easing": "easeInOutQuad"
						}
					},
					"position": {
						"0.0": {
							"vector": [0, 0, 0]
						},
						"0.2333": {
							"vector": [4, 0, 5]
						},
						"5.1333": {
							"vector": [4, 0, 5]
						},
						"5.2667": {
							"vector": [0, 0, 5],
							"easing": "easeInOutSine"
						},
						"5.6": {
							"vector": [0, 0, 5]
						},
						"5.8333": {
							"vector": [0, 0, 0],
							"easing": "easeInOutQuad"
						}
					}
				},
				"chamber1": {
					"rotation": {
						"0.9": {
							"vector": [0, 0, 0]
						},
						"1.3": {
							"vector": [0, 0, 90],
							"easing": "easeInBounce",
							"easingArgs": [0.1]
						},
						"1.9667": {
							"vector": [0, 0, 90]
						},
						"2.1667": {
							"vector": [0, 0, 0],
							"easing": "easeInCubic"
						}
					}
				},
				"chamber2": {
					"rotation": {
						"1.0333": {
							"vector": [0, 0, 0]
						},
						"1.7": {
							"vector": [0, 0, 10],
							"easing": "easeInOutSine"
						},
						"2.1": {
							"vector": [0, 0, 10]
						},
						"2.1667": {
							"vector": [0, 0, 0]
						}
					}
				},
				"leftarm": {
					"scale": {
						"vector": [0, 0, 0]
					}
				},
				"speedloader": {
					"scale": {
						"vector": [0, 0, 0]
					}
				},
				"_camera_": {
					"rotation": {
						"0.0": {
							"vector": [0, 0, 0]
						},
						"0.2667": {
							"vector": [1, 1, 0.5],
							"easing": "easeInOutSine"
						},
						"0.8667": {
							"vector": [-2, 2, 0],
							"easing": "easeInElastic",
							"easingArgs": [2]
						},
						"1.3": {
							"vector": [1, 0.3, 1],
							"easing": "easeInElastic"
						},
						"1.6667": {
							"vector": [1.75, 1, 1.2],
							"easing": "easeInCubic"
						},
						"1.9667": {
							"vector": [1, 0, 0.5],
							"easing": "easeInOutQuad"
						},
						"2.4": {
							"vector": [0, 3, -2],
							"easing": "easeInElastic"
						},
						"2.9": {
							"vector": [-1, 1, -1],
							"easing": "easeInOutSine"
						},
						"3.3333": {
							"vector": [-1.25, 1.5, -1.2],
							"easing": "easeInOutQuad"
						},
						"3.9": {
							"vector": [1, -1, 1],
							"easing": "easeInElastic"
						},
						"4.5333": {
							"vector": [1.5, -2, 1.35],
							"easing": "easeInOutSine"
						},
						"4.8333": {
							"vector": [2, -1, 1],
							"easing": "easeInOutQuad"
						},
						"5.2333": {
							"vector": [0, 3, -2],
							"easing": "easeInElastic"
						},
						"5.7667": {
							"vector": [2, 1, -1],
							"easing": "easeInElastic"
						},
						"6.1": {
							"vector": [0, 0, 0],
							"easing": "easeInOutSine"
						}
					}
				}
			},
			"sound_effects": {
				"0.4": {
					"effect": "overture_inspect1"
				},
				"0.9667": {
					"effect": "overture_inspect2"
				},
				"1.9333": {
					"effect": "overture_inspect3"
				},
				"4.9333": {
					"effect": "overture_inspect1"
				}
			}
		}
	},
	"geckolib_format_version": 2
}
