{
  "name" : "cp2077_malorian_arms_3516",
  "type": "Gun",
  "compatibleAttachmentGroups": [
    "chimera"
  ],
  "features": [
    {
      "type": "Sound",
      "fireSound": "malorian_arms_fire_alt",
      "fireSoundVolume": 1,
      "condition": {
        "selectedFireMode": "cp2077_quickmelee"
      }
    },
    {
      "type": "Accuracy",
      "accuracyModifier": 2
    },
    {
      "type": "MuzzleFlash",
      "effects": [
        {
          "phase": "firing",
          "name": "cp2077_explosion_new_ext",
          "condition": {
            "selectedFireMode": "cp2077_quickmelee"
          }
        },
        {
          "phase": "firing",
          "name": "muzzle_flash",
          "condition": {
            "unselectedFireMode": "cp2077_quickmelee"
          }
        },
        {
          "phase": "hit_scan_acquired",
          "name": "tracer",
          "condition": {
            "unselectedFireMode": "cp2077_quickmelee"
          }
        }
      ]
    },
    {
      "type": "PartVisibility",
      "parts": [
        {
          "name": "bullet2",
          "visible": true,
          "condition": "ammoCount > 0"
        },
        {
          "name": "bullet",
          "visible": true,
          "condition": "ammoCount > 0"
        }
      ]
    },
    {
      "type": "FireMode",
      "fireModes": [
        {
          "name": "single",
          "displayName": "label.pointblank.fireMode.single",
          "type": "SINGLE",
          "rpm": 180,
          "damage": 12.0
        },
        {
          "name": "cp2077_quickmelee",
          "displayName": "label.pointblank.fireMode.cp2077_quickmelee",
          "type": "SINGLE",
          "rpm": 90,
          "damage": 20.0,
          "animationName": "animation.model.altfire",
          "maxShootingDistance": 4.0,
          "prepareFireAnimations": [
            {
              "name": "animation.model.preparealtfire",
              "duration": 400
            }
          ]
        }
      ]
    }
  ],
  "maxAmmoCapacity" : 10,
  "compatibleAmmo" : ["ammo50ae", "ammocreative"],
  "damage" : 12.0,
  "rpm" : 180,
  "fireModes" : ["SINGLE"],
  "fireSound" : "malorian_arms_fire",
  "drawCooldownDuration" : 900,
  "aimingZoom" : 0.25,
  "gunRecoilInitialAmplitude" : 0.125,
  "shakeRecoilAmplitude" : 0.35,
  "shakeRecoilSpeed" : 2.5,
  "viewRecoilAmplitude" : 3.25,
  "inspectCooldownDuration": 5000,
  "firstPersonFallbackAnimations": "cp2077_fpp_weapon_light",
  "glowingParts": [
    {
      "name": "glow_malorian"
    },
    {
      "name": "glow_malorian2"
    },
    {
      "name": "glow_malorian3"
    }
  ],
  "phasedReloads": [
    {
      "phase": "RELOADING",
      "condition": "reloadIterationIndex == 0",
      "duration": 3730,
      "animation": "animation.model.reloadempty"
    },
    {
      "phase": "RELOADING",
      "condition": "reloadIterationIndex > 0",
      "duration": 2770,
      "animation": "animation.model.reload"
    }
  ]
}
