{
  "name" : "cp2077_arasaka_nowaki",
  "type": "Gun",
  "compatibleAttachmentGroups": [
    "ar_sightsandscopes",
    "ar_muzzle",
    "cp2077_long_scope",
    "cp2077_short_scope",
    "chimera"
  ],
  "features": [
    {
      "type": "FireMode",
      "fireModes": [
        {
          "name": "burst",
          "displayName": "label.pointblank.fireMode.burst",
          "type": "BURST",
          "rpm": 700,
          "damage": 7.0,
          "burstShots": 3,
          "isUsingDefaultMuzzle": true,
          "fireAnimations": [
            {
              "name": "animation.model.fireempty",
              "duration": 100,
              "condition": "ammoCount == 0"
            }
          ],
          "completeFireAnimations": [
            {
              "name": "animation.model.completefire",
              "duration": 100,
              "condition": "ammoCount > 0"
            },
            {
              "name": "animation.model.completefireempty",
              "duration": 100,
              "condition": "ammoCount == 0"
            }
          ]
        }
      ]
    },
    {
        "type": "Aiming",
        "zoom": 0.25,
        "condition": {
            "allOf": [
              {
                "doesNotHaveAttachmentGroup": "ar_sightsandscopes"
              },
              {
                "doesNotHaveAttachmentGroup": "cp2077_short_scope"
              },
              {
                "doesNotHaveAttachmentGroup": "cp2077_long_scope"
              }
            ]
        }
    },
    {
      "type": "PartVisibility",
      "parts": [
        {
          "name": "sight_rear",
          "visible": true,
          "condition": {
              "allOf": [
              {
                "doesNotHaveAttachmentGroup": "ar_sightsandscopes"
              },
              {
                "doesNotHaveAttachmentGroup": "cp2077_short_scope"
              },
              {
                "doesNotHaveAttachmentGroup": "cp2077_long_scope"
              }
            ]
          }
        },
        {
          "name": "glow2",
          "visible": true,
          "condition": {
              "allOf": [
              {
                "doesNotHaveAttachmentGroup": "ar_sightsandscopes"
              },
              {
                "doesNotHaveAttachmentGroup": "cp2077_short_scope"
              },
              {
                "doesNotHaveAttachmentGroup": "cp2077_long_scope"
              }
            ]
          }
        },
        {
          "name": "bullet2",
          "visible": true,
          "condition": "ammoCount > 0"
        }
      ]
    },
    {
      "type": "MuzzleFlash",
      "effects": [
        {
          "phase": "firing",
          "name": "muzzle_flash"
        }
      ],
        "condition": {
          "allOf": [
            {
              "isUsingDefaultMuzzle": true
            },
            {
              "doesNotHaveAttachmentGroup": "ar_muzzle"
            }
          ]
        }
    },
    {
      "type": "Sound",
      "fireSound": "masamune_fire_suppressed",
      "fireSoundVolume": 0.5,
      "condition": {
      "allOf": [
          {
            "hasAttachmentGroup": "ar_suppressors"
          }
        ]
      }
    }
  ],
  "maxAmmoCapacity" : 21,
  "compatibleAmmo" : ["ammo556", "ammocreative"],
  "fireSound" : "masamune_fire",
  "damage": 7.0,
  "gunRecoilInitialAmplitude" : 0.2,
  "shakeRecoilAmplitude" : 0.35,
  "shakeRecoilSpeed" : 2,
  "viewRecoilAmplitude" : 2,
  "firstPersonFallbackAnimations": "cp2077_fpp_weapon_medium",
  "glowingParts": [
    {
      "name": "glow"
    },
    {
      "name": "glow2"
    }
  ],
  "effects": [
    {
      "phase": "hit_scan_acquired",
      "name": "tracer"
    }
  ],
  "drawAnimations": [
    {
      "name": "animation.model.draw",
      "duration": 700,
      "condition": "ammoCount > 0"
    },
    {
      "name": "animation.model.drawempty",
      "duration": 700,
      "condition": "ammoCount == 0"
    }
  ],
  "idleAnimations": [
    {
      "name": "animation.model.idle",
      "duration": 0,
      "condition": "ammoCount > 0"
    },
    {
      "name": "animation.model.idleempty",
      "duration": 0,
      "condition": "ammoCount == 0"
    }
  ],
  "inspectAnimations": [
    {
      "name": "animation.model.inspect",
      "duration": 7900,
      "condition": "ammoCount > 0"
    },
    {
      "name": "animation.model.inspectempty",
      "duration": 7900,
      "condition": "ammoCount == 0"
    }
  ],
  "phasedReloads": [
    {
      "phase": "RELOADING",
      "condition": "reloadIterationIndex == 0",
      "duration": 3400,
      "animation": "animation.model.reloadempty"
    },
    {
      "phase": "RELOADING",
      "condition": "reloadIterationIndex > 0",
      "duration": 2700,
      "animation": "animation.model.reload"
    }
  ]
}
