{
  "name" : "cp2077_darra_da8_umbra",
  "type": "Gun",
  "compatibleAttachmentGroups": [
    "ar_muzzle"
  ],
  "features": [
    {
        "type": "Aiming",
        "zoom": 0.25,
        "condition": {
            "allOf": [
              {
                "doesNotHaveAttachmentGroup": "ar_sightsandscopes"
              },
              {
                "doesNotHaveAttachmentGroup": "cp2077_short_scope"
              },
              {
                "doesNotHaveAttachmentGroup": "cp2077_long_scope"
              }
            ]
        }
    },
    {
      "type": "PartVisibility",
      "parts": [
        {
          "name": "RAIL",
          "visible": false,
          "condition": {
              "allOf": [
              {
                "doesNotHaveAttachmentGroup": "ar_sightsandscopes"
              },
              {
                "doesNotHaveAttachmentGroup": "cp2077_short_scope"
              },
              {
                "doesNotHaveAttachmentGroup": "cp2077_long_scope"
              }
            ]
          }
        },
        {
          "name": "bullet2",
          "visible": true,
          "condition": "ammoCount > 0"
        },
        {
          "name": "bullet",
          "visible": true,
          "condition": "ammoCount > 1"
        }
      ]
    },
    {
      "type": "MuzzleFlash",
      "effects": [
        {
          "phase": "firing",
          "name": "muzzle_flash"
        }
      ],
        "condition": {
          "allOf": [
            {
              "isUsingDefaultMuzzle": true
            },
            {
              "doesNotHaveAttachmentGroup": "ar_muzzle"
            }
          ]
        }
    },
    {
      "type": "Sound",
      "fireSound": "umbra_fire_suppressed",
      "fireSoundVolume": 0.5,
      "condition": {
      "allOf": [
          {
            "hasAttachmentGroup": "ar_suppressors"
          }
        ]
      }
    }
  ],
  "maxAmmoCapacity" : 40,
  "compatibleAmmo" : ["ammo556", "ammocreative"],
  "damage" : 2.0,
  "rpm" : 600,
  "fireModes" : ["AUTOMATIC", "BURST", "SINGLE"],
  "fireSound" : "umbra_fire",
  "drawCooldownDuration" : 1000,
  "gunRecoilInitialAmplitude" : 0.3,
  "shakeRecoilAmplitude" : 0.25,
  "shakeRecoilSpeed" : 2,
  "viewRecoilAmplitude" : 1.75,
  "inspectCooldownDuration": 6670,
  "firstPersonFallbackAnimations": "cp2077_fpp_weapon_medium",
  "effects": [
    {
      "phase": "hit_scan_acquired",
      "name": "tracer"
    }
  ],
  "glowingParts": [
    {
      "name": "glow"
    }
  ],
  "phasedReloads": [
    {
      "phase": "RELOADING",
      "condition": "reloadIterationIndex == 0",
      "duration": 2600,
      "animation": "animation.model.reloadempty"
    },
    {
      "phase": "RELOADING",
      "condition": "reloadIterationIndex > 0",
      "duration": 2000,
      "animation": "animation.model.reload"
    }
  ]
}
