{
	"format_version": "1.12.0",
	"minecraft:geometry": [
		{
			"description": {
				"identifier": "geometry.unknown",
				"texture_width": 128,
				"texture_height": 128,
				"visible_bounds_width": 19,
				"visible_bounds_height": 4,
				"visible_bounds_offset": [0, 1, 0]
			},
			"bones": [
				{
					"name": "main",
					"pivot": [0, 20, 0]
				},
				{
					"name": "gun",
					"parent": "main",
					"pivot": [1, 11, -1]
				},
				{
					"name": "Stock",
					"parent": "gun",
					"pivot": [-0.83318, 16.17495, 16.18078],
					"cubes": [
						{
							"origin": [-4.07756, 13.11512, -2.90972],
							"size": [1.64657, 3.486, 13.55137],
							"pivot": [-2.51216, 15.36141, 7.81032],
							"rotation": [17.5, 0, -180],
							"uv": {
								"north": {"uv": [98, 17], "uv_size": [2, 3]},
								"east": {"uv": [59, 24], "uv_size": [14, 3]},
								"south": {"uv": [98, 76], "uv_size": [2, 3]},
								"west": {"uv": [59, 27], "uv_size": [14, 3]},
								"up": {"uv": [60, 72], "uv_size": [2, 14]},
								"down": {"uv": [62, 86], "uv_size": [2, -14]}
							}
						},
						{
							"origin": [-2.87756, 9.79046, -2.65798],
							"size": [0.76447, 0.061, 12.25137],
							"pivot": [-2.51216, 12.03675, 6.76206],
							"rotation": [17.5, 0, -180],
							"uv": {
								"north": {"uv": [38, 108], "uv_size": [1, 1]},
								"east": {"uv": [89, 43], "uv_size": [12, 1]},
								"south": {"uv": [108, 38], "uv_size": [1, 1]},
								"west": {"uv": [89, 44], "uv_size": [12, 1]},
								"up": {"uv": [86, 90], "uv_size": [1, 12]},
								"down": {"uv": [0, 103], "uv_size": [1, -12]}
							}
						},
						{
							"origin": [-3.96936, 5.67172, 9.56166],
							"size": [1.51391, 4.27884, 25.98281],
							"pivot": [-2.45806, 10.67997, 16.75371],
							"rotation": [16, 0, -180],
							"uv": {
								"north": {"uv": [92, 76], "uv_size": [2, 4]},
								"east": {"uv": [32, 32], "uv_size": [26, 4]},
								"south": {"uv": [52, 93], "uv_size": [2, 4]},
								"west": {"uv": [32, 36], "uv_size": [26, 4]},
								"up": {"uv": [54, 58], "uv_size": [2, 26]},
								"down": {"uv": [56, 84], "uv_size": [2, -26]}
							}
						},
						{
							"origin": [-2.76936, -0.82852, 8.1467],
							"size": [0.76447, 0.06098, 13.39776],
							"pivot": [-2.45806, 5.17997, 16.75371],
							"rotation": [16, 0, -180],
							"uv": {
								"north": {"uv": [39, 108], "uv_size": [1, 1]},
								"east": {"uv": [83, 26], "uv_size": [13, 1]},
								"south": {"uv": [108, 39], "uv_size": [1, 1]},
								"west": {"uv": [84, 47], "uv_size": [13, 1]},
								"up": {"uv": [84, 90], "uv_size": [1, 13]},
								"down": {"uv": [85, 103], "uv_size": [1, -13]}
							}
						},
						{
							"origin": [-3.26936, -1.94841, 20.65425],
							"size": [1.76447, 0.16098, 0.59776],
							"pivot": [-2.45806, 4.16008, 16.46126],
							"rotation": [16, 0, -180],
							"uv": {
								"north": {"uv": [105, 42], "uv_size": [2, 1]},
								"east": {"uv": [108, 40], "uv_size": [1, 1]},
								"south": {"uv": [105, 43], "uv_size": [2, 1]},
								"west": {"uv": [108, 41], "uv_size": [1, 1]},
								"up": {"uv": [105, 44], "uv_size": [2, 1]},
								"down": {"uv": [105, 46], "uv_size": [2, -1]}
							}
						},
						{
							"origin": [-3.26936, -2.84841, 20.65425],
							"size": [1.76447, 0.16098, 0.59776],
							"pivot": [-2.45806, 4.16008, 16.46126],
							"rotation": [16, 0, -180],
							"uv": {
								"north": {"uv": [105, 46], "uv_size": [2, 1]},
								"east": {"uv": [108, 42], "uv_size": [1, 1]},
								"south": {"uv": [105, 47], "uv_size": [2, 1]},
								"west": {"uv": [108, 43], "uv_size": [1, 1]},
								"up": {"uv": [105, 48], "uv_size": [2, 1]},
								"down": {"uv": [54, 106], "uv_size": [2, -1]}
							}
						},
						{
							"origin": [-1.66936, -3.00315, 20.60988],
							"size": [0.16447, 0.73902, 0.59776],
							"pivot": [-2.45806, 4.00534, 16.41689],
							"rotation": [16, 0, -180],
							"uv": {
								"north": {"uv": [108, 44], "uv_size": [1, 1]},
								"east": {"uv": [108, 45], "uv_size": [1, 1]},
								"south": {"uv": [46, 108], "uv_size": [1, 1]},
								"west": {"uv": [108, 46], "uv_size": [1, 1]},
								"up": {"uv": [47, 108], "uv_size": [1, 1]},
								"down": {"uv": [108, 48], "uv_size": [1, -1]}
							}
						},
						{
							"origin": [-0.06936, -3.00315, 20.60988],
							"size": [0.16447, 0.73902, 0.59776],
							"pivot": [-0.85806, 4.00534, 16.41689],
							"rotation": [16, 0, -180],
							"uv": {
								"north": {"uv": [48, 108], "uv_size": [1, 1]},
								"east": {"uv": [108, 48], "uv_size": [1, 1]},
								"south": {"uv": [49, 108], "uv_size": [1, 1]},
								"west": {"uv": [108, 49], "uv_size": [1, 1]},
								"up": {"uv": [50, 108], "uv_size": [1, 1]},
								"down": {"uv": [108, 51], "uv_size": [1, -1]}
							}
						},
						{
							"origin": [-4.04159, 18.27567, 7.624],
							"size": [1.51391, 3.74284, 29.53006],
							"pivot": [-2.52123, 19.87909, 19.37403],
							"rotation": [1, 0, -180],
							"uv": {
								"north": {"uv": [93, 64], "uv_size": [2, 4]},
								"east": {"uv": [32, 0], "uv_size": [30, 4]},
								"south": {"uv": [93, 68], "uv_size": [2, 4]},
								"west": {"uv": [32, 4], "uv_size": [30, 4]},
								"up": {"uv": [18, 56], "uv_size": [2, 30]},
								"down": {"uv": [20, 86], "uv_size": [2, -30]}
							}
						},
						{
							"origin": [-4.04159, 13.1935, 10.22699],
							"size": [1.51391, 4.41284, 26.85006],
							"pivot": [-2.52123, 15.46692, 19.29702],
							"rotation": [1, 0, -180],
							"uv": {
								"north": {"uv": [82, 93], "uv_size": [2, 4]},
								"east": {"uv": [32, 16], "uv_size": [27, 4]},
								"south": {"uv": [93, 88], "uv_size": [2, 4]},
								"west": {"uv": [32, 20], "uv_size": [27, 4]},
								"up": {"uv": [46, 58], "uv_size": [2, 27]},
								"down": {"uv": [48, 85], "uv_size": [2, -27]}
							}
						},
						{
							"origin": [-4.04159, 8.78134, 23.61398],
							"size": [1.51391, 3.74484, 13.38606],
							"pivot": [-2.52123, 11.05476, 19.22],
							"rotation": [1, 0, -180],
							"uv": {
								"north": {"uv": [91, 93], "uv_size": [2, 4]},
								"east": {"uv": [58, 42], "uv_size": [13, 4]},
								"south": {"uv": [93, 92], "uv_size": [2, 4]},
								"west": {"uv": [58, 58], "uv_size": [13, 4]},
								"up": {"uv": [72, 71], "uv_size": [2, 13]},
								"down": {"uv": [73, 29], "uv_size": [2, -13]}
							}
						},
						{
							"origin": [-4.0957, 3.69917, 35.02287],
							"size": [1.56801, 3.10721, 1.90015],
							"pivot": [-2.52123, 6.64259, 19.14299],
							"rotation": [1, 0, -180],
							"uv": {
								"north": {"uv": [100, 17], "uv_size": [2, 3]},
								"east": {"uv": [100, 76], "uv_size": [2, 3]},
								"south": {"uv": [100, 87], "uv_size": [2, 3]},
								"west": {"uv": [100, 90], "uv_size": [2, 3]},
								"up": {"uv": [101, 43], "uv_size": [2, 2]},
								"down": {"uv": [101, 60], "uv_size": [2, -2]}
							}
						},
						{
							"origin": [-4.0957, 25.23972, 37.15375],
							"size": [1.56801, 8.00573, 2.06006],
							"pivot": [-2.52123, 19.84314, 21.43378],
							"rotation": [1, 0, -180],
							"uv": {
								"north": {"uv": [3, 85], "uv_size": [2, 8]},
								"east": {"uv": [52, 85], "uv_size": [2, 8]},
								"south": {"uv": [82, 85], "uv_size": [2, 8]},
								"west": {"uv": [27, 86], "uv_size": [2, 8]},
								"up": {"uv": [101, 60], "uv_size": [2, 2]},
								"down": {"uv": [101, 71], "uv_size": [2, -2]}
							}
						},
						{
							"origin": [-4.04159, 17.36453, 4.63733],
							"size": [1.51391, 3.74284, 4.33806],
							"pivot": [-2.52123, 18.90095, 6.27036],
							"rotation": [-34, 0, -180],
							"uv": {
								"north": {"uv": [94, 14], "uv_size": [2, 4]},
								"east": {"uv": [60, 86], "uv_size": [4, 4]},
								"south": {"uv": [27, 94], "uv_size": [2, 4]},
								"west": {"uv": [64, 86], "uv_size": [4, 4]},
								"up": {"uv": [72, 94], "uv_size": [2, 4]},
								"down": {"uv": [74, 98], "uv_size": [2, -4]}
							}
						},
						{
							"origin": [-4.11349, 10.2679, -2.92007],
							"size": [1.58983, 3.82907, 13.58215],
							"pivot": [-2.53013, 15.28014, 8.11467],
							"rotation": [17.5, 0, -180],
							"uv": {
								"north": {"uv": [94, 76], "uv_size": [2, 4]},
								"east": {"uv": [26, 56], "uv_size": [14, 4]},
								"south": {"uv": [95, 64], "uv_size": [2, 4]},
								"west": {"uv": [58, 38], "uv_size": [14, 4]},
								"up": {"uv": [64, 72], "uv_size": [2, 14]},
								"down": {"uv": [66, 86], "uv_size": [2, -14]}
							}
						},
						{
							"origin": [3.18651, 12.8679, -1.82007],
							"size": [0.35, 0.46598, 7.85137],
							"pivot": [1.46987, 15.28014, 8.11467],
							"rotation": [17.5, 0, -180],
							"uv": {
								"north": {"uv": [51, 108], "uv_size": [1, 1]},
								"east": {"uv": [71, 45], "uv_size": [8, 1]},
								"south": {"uv": [108, 51], "uv_size": [1, 1]},
								"west": {"uv": [94, 20], "uv_size": [8, 1]},
								"up": {"uv": [97, 88], "uv_size": [1, 8]},
								"down": {"uv": [91, 105], "uv_size": [1, -8]}
							}
						},
						{
							"origin": [3.53651, 12.8679, -1.82007],
							"size": [0.35, 0.46598, 0.35137],
							"pivot": [1.46987, 15.28014, 8.11467],
							"rotation": [17.5, 0, -180],
							"uv": {
								"north": {"uv": [52, 108], "uv_size": [1, 1]},
								"east": {"uv": [108, 52], "uv_size": [1, 1]},
								"south": {"uv": [53, 108], "uv_size": [1, 1]},
								"west": {"uv": [108, 53], "uv_size": [1, 1]},
								"up": {"uv": [54, 108], "uv_size": [1, 1]},
								"down": {"uv": [55, 109], "uv_size": [1, -1]}
							}
						},
						{
							"origin": [3.53651, 10.6126, 5.33281],
							"size": [0.35, 0.46598, 0.35137],
							"pivot": [1.46987, 13.02485, 15.26755],
							"rotation": [17.5, 0, -180],
							"uv": {
								"north": {"uv": [56, 108], "uv_size": [1, 1]},
								"east": {"uv": [57, 108], "uv_size": [1, 1]},
								"south": {"uv": [58, 108], "uv_size": [1, 1]},
								"west": {"uv": [108, 58], "uv_size": [1, 1]},
								"up": {"uv": [59, 108], "uv_size": [1, 1]},
								"down": {"uv": [108, 60], "uv_size": [1, -1]}
							}
						},
						{
							"origin": [-2.47746, 13.11599, -2.90959],
							"size": [1.5179, 3.486, 13.25137],
							"pivot": [-2.5354, 15.36218, 7.8082],
							"rotation": [17.5, 0, -180],
							"uv": {
								"north": {"uv": [93, 100], "uv_size": [2, 3]},
								"east": {"uv": [68, 62], "uv_size": [13, 3]},
								"south": {"uv": [100, 93], "uv_size": [2, 3]},
								"west": {"uv": [68, 65], "uv_size": [13, 3]},
								"up": {"uv": [74, 71], "uv_size": [2, 13]},
								"down": {"uv": [75, 29], "uv_size": [2, -13]}
							}
						},
						{
							"origin": [-2.45545, 5.67172, 9.36441],
							"size": [1.59383, 4.27884, 26.18006],
							"pivot": [-2.45806, 10.67997, 16.75371],
							"rotation": [16, 0, -180],
							"uv": {
								"north": {"uv": [95, 68], "uv_size": [2, 4]},
								"east": {"uv": [32, 40], "uv_size": [26, 4]},
								"south": {"uv": [95, 88], "uv_size": [2, 4]},
								"west": {"uv": [32, 44], "uv_size": [26, 4]},
								"up": {"uv": [26, 60], "uv_size": [2, 26]},
								"down": {"uv": [28, 86], "uv_size": [2, -26]}
							}
						},
						{
							"origin": [-2.52768, 18.27567, 7.624],
							"size": [1.53972, 3.74284, 29.53006],
							"pivot": [-2.52123, 19.87909, 19.37403],
							"rotation": [1, 0, -180],
							"uv": {
								"north": {"uv": [95, 92], "uv_size": [2, 4]},
								"east": {"uv": [32, 8], "uv_size": [30, 4]},
								"south": {"uv": [96, 14], "uv_size": [2, 4]},
								"west": {"uv": [32, 12], "uv_size": [30, 4]},
								"up": {"uv": [22, 56], "uv_size": [2, 30]},
								"down": {"uv": [24, 86], "uv_size": [2, -30]}
							}
						},
						{
							"origin": [-2.52768, 24.2142, 7.69416],
							"size": [1.00696, 1.15431, 31.57356],
							"pivot": [-2.52123, 23.22909, 19.37403],
							"rotation": [1, 0, -180],
							"uv": {
								"north": {"uv": [71, 42], "uv_size": [1, 1]},
								"east": {"uv": [62, 14], "uv_size": [32, 1]},
								"south": {"uv": [56, 105], "uv_size": [1, 1]},
								"west": {"uv": [62, 15], "uv_size": [32, 1]},
								"up": {"uv": [68, 71], "uv_size": [1, 32]},
								"down": {"uv": [69, 103], "uv_size": [1, -32]}
							}
						},
						{
							"origin": [-3.50883, 24.2142, 7.69416],
							"size": [0.98115, 1.15431, 31.57356],
							"pivot": [-2.52123, 23.22909, 19.37403],
							"rotation": [1, 0, -180],
							"uv": {
								"north": {"uv": [57, 105], "uv_size": [1, 1]},
								"east": {"uv": [70, 7], "uv_size": [32, 1]},
								"south": {"uv": [105, 58], "uv_size": [1, 1]},
								"west": {"uv": [70, 8], "uv_size": [32, 1]},
								"up": {"uv": [70, 71], "uv_size": [1, 32]},
								"down": {"uv": [71, 103], "uv_size": [1, -32]}
							}
						},
						{
							"origin": [-3.69677, 21.63524, 7.6679],
							"size": [1.53972, 0.92884, 31.57356],
							"pivot": [-2.92691, 21.69766, 22.43293],
							"rotation": [0.81918, -0.57356, -145.0041],
							"uv": {
								"north": {"uv": [103, 26], "uv_size": [2, 1]},
								"east": {"uv": [70, 9], "uv_size": [32, 1]},
								"south": {"uv": [103, 31], "uv_size": [2, 1]},
								"west": {"uv": [70, 10], "uv_size": [32, 1]},
								"up": {"uv": [0, 48], "uv_size": [2, 32]},
								"down": {"uv": [2, 80], "uv_size": [2, -32]}
							}
						},
						{
							"origin": [-2.87484, 21.64264, 7.66803],
							"size": [1.51391, 0.92884, 31.57356],
							"pivot": [-2.11788, 21.70506, 22.43306],
							"rotation": [0.81918, 0.57356, 145.0041],
							"uv": {
								"north": {"uv": [103, 44], "uv_size": [2, 1]},
								"east": {"uv": [70, 11], "uv_size": [32, 1]},
								"south": {"uv": [103, 74], "uv_size": [2, 1]},
								"west": {"uv": [70, 12], "uv_size": [32, 1]},
								"up": {"uv": [4, 48], "uv_size": [2, 32]},
								"down": {"uv": [6, 80], "uv_size": [2, -32]}
							}
						},
						{
							"origin": [-2.52768, 13.1935, 10.22699],
							"size": [1.53972, 4.41284, 26.85006],
							"pivot": [-2.52123, 15.46692, 19.29702],
							"rotation": [1, 0, -180],
							"uv": {
								"north": {"uv": [46, 96], "uv_size": [2, 4]},
								"east": {"uv": [32, 24], "uv_size": [27, 4]},
								"south": {"uv": [48, 96], "uv_size": [2, 4]},
								"west": {"uv": [32, 28], "uv_size": [27, 4]},
								"up": {"uv": [50, 58], "uv_size": [2, 27]},
								"down": {"uv": [52, 85], "uv_size": [2, -27]}
							}
						},
						{
							"origin": [-2.52768, 8.78134, 23.61398],
							"size": [1.53972, 3.74484, 13.38606],
							"pivot": [-2.52123, 11.05476, 19.22],
							"rotation": [1, 0, -180],
							"uv": {
								"north": {"uv": [50, 96], "uv_size": [2, 4]},
								"east": {"uv": [59, 16], "uv_size": [13, 4]},
								"south": {"uv": [96, 76], "uv_size": [2, 4]},
								"west": {"uv": [59, 20], "uv_size": [13, 4]},
								"up": {"uv": [76, 71], "uv_size": [2, 13]},
								"down": {"uv": [77, 29], "uv_size": [2, -13]}
							}
						},
						{
							"origin": [-2.58178, 3.69917, 35.02287],
							"size": [1.59383, 3.10721, 1.90015],
							"pivot": [-2.52123, 6.64259, 19.14299],
							"rotation": [1, 0, -180],
							"uv": {
								"north": {"uv": [95, 100], "uv_size": [2, 3]},
								"east": {"uv": [100, 96], "uv_size": [2, 3]},
								"south": {"uv": [100, 99], "uv_size": [2, 3]},
								"west": {"uv": [22, 101], "uv_size": [2, 3]},
								"up": {"uv": [101, 74], "uv_size": [2, 2]},
								"down": {"uv": [101, 85], "uv_size": [2, -2]}
							}
						},
						{
							"origin": [-2.58178, 25.23972, 37.15375],
							"size": [1.59383, 8.00573, 2.06006],
							"pivot": [-2.52123, 19.84314, 21.43378],
							"rotation": [1, 0, -180],
							"uv": {
								"north": {"uv": [86, 64], "uv_size": [2, 8]},
								"east": {"uv": [86, 72], "uv_size": [2, 8]},
								"south": {"uv": [87, 80], "uv_size": [2, 8]},
								"west": {"uv": [88, 16], "uv_size": [2, 8]},
								"up": {"uv": [101, 85], "uv_size": [2, 2]},
								"down": {"uv": [88, 103], "uv_size": [2, -2]}
							}
						},
						{
							"origin": [-4.0957, 18.23972, 37.15375],
							"size": [1.56801, 7.00573, 2.06006],
							"pivot": [-2.52123, 19.84314, 21.43378],
							"rotation": [1, 0, -180],
							"uv": {
								"north": {"uv": [64, 90], "uv_size": [2, 7]},
								"east": {"uv": [66, 90], "uv_size": [2, 7]},
								"south": {"uv": [76, 90], "uv_size": [2, 7]},
								"west": {"uv": [78, 90], "uv_size": [2, 7]},
								"up": {"uv": [20, 102], "uv_size": [2, 2]},
								"down": {"uv": [102, 23], "uv_size": [2, -2]}
							}
						},
						{
							"origin": [-2.58178, 18.23972, 37.15375],
							"size": [1.59383, 7.00573, 2.06006],
							"pivot": [-2.52123, 19.84314, 21.43378],
							"rotation": [1, 0, -180],
							"uv": {
								"north": {"uv": [89, 80], "uv_size": [2, 7]},
								"east": {"uv": [90, 16], "uv_size": [2, 7]},
								"south": {"uv": [60, 90], "uv_size": [2, 7]},
								"west": {"uv": [62, 90], "uv_size": [2, 7]},
								"up": {"uv": [102, 12], "uv_size": [2, 2]},
								"down": {"uv": [18, 104], "uv_size": [2, -2]}
							}
						},
						{
							"origin": [-2.52768, 17.36453, 4.63733],
							"size": [1.53972, 3.74284, 4.33806],
							"pivot": [-2.52123, 18.90095, 6.27036],
							"rotation": [-34, 0, -180],
							"uv": {
								"north": {"uv": [93, 96], "uv_size": [2, 4]},
								"east": {"uv": [88, 3], "uv_size": [4, 4]},
								"south": {"uv": [95, 96], "uv_size": [2, 4]},
								"west": {"uv": [88, 64], "uv_size": [4, 4]},
								"up": {"uv": [22, 97], "uv_size": [2, 4]},
								"down": {"uv": [24, 101], "uv_size": [2, -4]}
							}
						},
						{
							"origin": [-2.49493, 10.2679, -2.92007],
							"size": [1.64984, 2.77998, 13.25137],
							"pivot": [-2.47816, 15.28014, 8.11467],
							"rotation": [17.5, 0, -180],
							"uv": {
								"north": {"uv": [24, 101], "uv_size": [2, 3]},
								"east": {"uv": [68, 68], "uv_size": [13, 3]},
								"south": {"uv": [101, 29], "uv_size": [2, 3]},
								"west": {"uv": [70, 4], "uv_size": [13, 3]},
								"up": {"uv": [78, 71], "uv_size": [2, 13]},
								"down": {"uv": [79, 29], "uv_size": [2, -13]}
							}
						}
					]
				},
				{
					"name": "trigger",
					"parent": "Stock",
					"pivot": [-2.529, 14.90385, 3.15391],
					"cubes": [
						{
							"origin": [-2.76123, 13.6768, 1.07235],
							"size": [0.46447, 1.48714, 0.5094],
							"pivot": [-2.529, 14.24402, 1.56429],
							"rotation": [40, 0, -180],
							"uv": {
								"north": {"uv": [75, 108], "uv_size": [1, 1]},
								"east": {"uv": [108, 75], "uv_size": [1, 1]},
								"south": {"uv": [76, 108], "uv_size": [1, 1]},
								"west": {"uv": [108, 76], "uv_size": [1, 1]},
								"up": {"uv": [77, 108], "uv_size": [1, 1]},
								"down": {"uv": [108, 78], "uv_size": [1, -1]}
							}
						},
						{
							"origin": [-2.76123, 14.62335, 1.57822],
							"size": [0.46447, 1.261, 0.55137],
							"pivot": [-2.529, 15.30385, 1.85391],
							"rotation": [17.5, 0, -180],
							"uv": {
								"north": {"uv": [72, 108], "uv_size": [1, 1]},
								"east": {"uv": [108, 72], "uv_size": [1, 1]},
								"south": {"uv": [73, 108], "uv_size": [1, 1]},
								"west": {"uv": [108, 73], "uv_size": [1, 1]},
								"up": {"uv": [74, 108], "uv_size": [1, 1]},
								"down": {"uv": [108, 75], "uv_size": [1, -1]}
							}
						}
					]
				},
				{
					"name": "Ring3",
					"parent": "Stock",
					"pivot": [-0.77176, 18.01809, 6.68169],
					"rotation": [0, 0, -10],
					"cubes": [
						{
							"origin": [-1.36203, 17.68206, 6.031],
							"size": [0.05, 0.26598, 1.05137],
							"pivot": [-0.83703, 17.81506, 6.55669],
							"rotation": [-0.51259, -17.32427, -81.61716],
							"uv": {
								"north": {"uv": [63, 108], "uv_size": [1, 1]},
								"east": {"uv": [108, 63], "uv_size": [1, 1]},
								"south": {"uv": [64, 108], "uv_size": [1, 1]},
								"west": {"uv": [108, 64], "uv_size": [1, 1]},
								"up": {"uv": [65, 108], "uv_size": [1, 1]},
								"down": {"uv": [108, 66], "uv_size": [1, -1]}
							}
						},
						{
							"origin": [-0.36203, 17.68206, 6.031],
							"size": [0.05, 0.26598, 1.05137],
							"pivot": [-0.83703, 17.81506, 6.55669],
							"rotation": [-0.51259, -17.32427, -81.61716],
							"uv": {
								"north": {"uv": [69, 108], "uv_size": [1, 1]},
								"east": {"uv": [108, 69], "uv_size": [1, 1]},
								"south": {"uv": [70, 108], "uv_size": [1, 1]},
								"west": {"uv": [108, 70], "uv_size": [1, 1]},
								"up": {"uv": [71, 108], "uv_size": [1, 1]},
								"down": {"uv": [108, 72], "uv_size": [1, -1]}
							}
						},
						{
							"origin": [-1.31203, 17.68206, 6.031],
							"size": [0.95, 0.26598, 0.05137],
							"pivot": [-0.83703, 17.81506, 6.55669],
							"rotation": [-0.51259, -17.32427, -81.61716],
							"uv": {
								"north": {"uv": [60, 108], "uv_size": [1, 1]},
								"east": {"uv": [108, 60], "uv_size": [1, 1]},
								"south": {"uv": [61, 108], "uv_size": [1, 1]},
								"west": {"uv": [108, 61], "uv_size": [1, 1]},
								"up": {"uv": [62, 108], "uv_size": [1, 1]},
								"down": {"uv": [108, 63], "uv_size": [1, -1]}
							}
						},
						{
							"origin": [-1.31203, 17.68206, 7.031],
							"size": [0.95, 0.26598, 0.05137],
							"pivot": [-0.83703, 17.81506, 6.55669],
							"rotation": [-0.51259, -17.32427, -81.61716],
							"uv": {
								"north": {"uv": [66, 108], "uv_size": [1, 1]},
								"east": {"uv": [108, 66], "uv_size": [1, 1]},
								"south": {"uv": [67, 108], "uv_size": [1, 1]},
								"west": {"uv": [108, 67], "uv_size": [1, 1]},
								"up": {"uv": [68, 108], "uv_size": [1, 1]},
								"down": {"uv": [108, 69], "uv_size": [1, -1]}
							}
						}
					]
				},
				{
					"name": "Frame",
					"parent": "gun",
					"pivot": [-2, 23, -6],
					"cubes": [
						{
							"origin": [-4.11123, 19.66971, -14.59282],
							"size": [1.26447, 5.41745, 8.23467],
							"uv": {
								"north": {"uv": [64, 101], "uv_size": [1, 5]},
								"east": {"uv": [62, 4], "uv_size": [8, 5]},
								"south": {"uv": [101, 64], "uv_size": [1, 5]},
								"west": {"uv": [62, 9], "uv_size": [8, 5]},
								"up": {"uv": [72, 16], "uv_size": [1, 8]},
								"down": {"uv": [30, 105], "uv_size": [1, -8]}
							}
						},
						{
							"origin": [-2.14676, 17.99889, -10.59205],
							"size": [1.175, 3.61222, 4.43391],
							"pivot": [-2, 20.09889, -6.59205],
							"rotation": [20, 0, 0],
							"uv": {
								"north": {"uv": [86, 80], "uv_size": [1, 4]},
								"east": {"uv": [88, 68], "uv_size": [4, 4]},
								"south": {"uv": [90, 101], "uv_size": [1, 4]},
								"west": {"uv": [88, 72], "uv_size": [4, 4]},
								"up": {"uv": [1, 102], "uv_size": [1, 4]},
								"down": {"uv": [2, 106], "uv_size": [1, -4]}
							}
						},
						{
							"origin": [-4.08623, 17.99889, -10.59205],
							"size": [1.13947, 3.61222, 4.43391],
							"pivot": [-2, 20.09889, -6.59205],
							"rotation": [20, 0, 0],
							"uv": {
								"north": {"uv": [3, 102], "uv_size": [1, 4]},
								"east": {"uv": [88, 76], "uv_size": [4, 4]},
								"south": {"uv": [102, 3], "uv_size": [1, 4]},
								"west": {"uv": [87, 88], "uv_size": [4, 4]},
								"up": {"uv": [4, 102], "uv_size": [1, 4]},
								"down": {"uv": [5, 106], "uv_size": [1, -4]}
							}
						},
						{
							"origin": [-2.54676, 16.41651, -12.76191],
							"size": [1.575, 3.61222, 4.53391],
							"pivot": [-2, 18.51651, -8.46191],
							"rotation": [-40, 0, 0],
							"uv": {
								"north": {"uv": [52, 97], "uv_size": [2, 4]},
								"east": {"uv": [83, 3], "uv_size": [5, 4]},
								"south": {"uv": [60, 97], "uv_size": [2, 4]},
								"west": {"uv": [83, 16], "uv_size": [5, 4]},
								"up": {"uv": [46, 91], "uv_size": [2, 5]},
								"down": {"uv": [48, 96], "uv_size": [2, -5]}
							}
						},
						{
							"origin": [-4.08623, 16.41651, -12.76191],
							"size": [1.53947, 3.61222, 4.53391],
							"pivot": [-2, 18.51651, -8.46191],
							"rotation": [-40, 0, 0],
							"uv": {
								"north": {"uv": [62, 97], "uv_size": [2, 4]},
								"east": {"uv": [83, 20], "uv_size": [5, 4]},
								"south": {"uv": [64, 97], "uv_size": [2, 4]},
								"west": {"uv": [84, 43], "uv_size": [5, 4]},
								"up": {"uv": [50, 91], "uv_size": [2, 5]},
								"down": {"uv": [91, 93], "uv_size": [2, -5]}
							}
						},
						{
							"origin": [-1.89493, 13.20617, -8.1868],
							"size": [1.04984, 6.2548, 3.19647],
							"pivot": [-2.47816, 18.3745, -2.25559],
							"rotation": [17.5, 0, -180],
							"uv": {
								"north": {"uv": [79, 84], "uv_size": [1, 6]},
								"east": {"uv": [76, 84], "uv_size": [3, 6]},
								"south": {"uv": [7, 101], "uv_size": [1, 6]},
								"west": {"uv": [84, 84], "uv_size": [3, 6]},
								"up": {"uv": [88, 103], "uv_size": [1, 3]},
								"down": {"uv": [89, 106], "uv_size": [1, -3]}
							}
						},
						{
							"origin": [-4.11349, 13.19499, -8.19033],
							"size": [0.98983, 6.26598, 3.2],
							"pivot": [-2.53013, 18.3745, -2.25559],
							"rotation": [17.5, 0, -180],
							"uv": {
								"north": {"uv": [52, 101], "uv_size": [1, 6]},
								"east": {"uv": [0, 85], "uv_size": [3, 6]},
								"south": {"uv": [53, 101], "uv_size": [1, 6]},
								"west": {"uv": [46, 85], "uv_size": [3, 6]},
								"up": {"uv": [103, 91], "uv_size": [1, 3]},
								"down": {"uv": [93, 106], "uv_size": [1, -3]}
							}
						},
						{
							"origin": [-1.89493, 13.19499, -4.99033],
							"size": [1.04984, 6.26598, 2.52079],
							"pivot": [-2.47816, 18.3745, -2.25559],
							"rotation": [17.5, 0, -180],
							"uv": {
								"north": {"uv": [60, 101], "uv_size": [1, 6]},
								"east": {"uv": [49, 85], "uv_size": [3, 6]},
								"south": {"uv": [61, 101], "uv_size": [1, 6]},
								"west": {"uv": [18, 86], "uv_size": [3, 6]},
								"up": {"uv": [94, 103], "uv_size": [1, 3]},
								"down": {"uv": [103, 97], "uv_size": [1, -3]}
							}
						},
						{
							"origin": [-4.11349, 13.19499, -4.99033],
							"size": [0.98983, 6.26598, 2.52079],
							"pivot": [-2.53013, 18.3745, -2.25559],
							"rotation": [17.5, 0, -180],
							"uv": {
								"north": {"uv": [62, 101], "uv_size": [1, 6]},
								"east": {"uv": [21, 86], "uv_size": [3, 6]},
								"south": {"uv": [63, 101], "uv_size": [1, 6]},
								"west": {"uv": [24, 86], "uv_size": [3, 6]},
								"up": {"uv": [95, 103], "uv_size": [1, 3]},
								"down": {"uv": [96, 106], "uv_size": [1, -3]}
							}
						},
						{
							"origin": [-4.32022, 19.79451, -14.59205],
							"size": [1.51385, 0.92892, 9.91836],
							"pivot": [-2.59081, 20.54262, -15.5358],
							"rotation": [0, 0, -34.9959],
							"uv": {
								"north": {"uv": [103, 75], "uv_size": [2, 1]},
								"east": {"uv": [91, 83], "uv_size": [10, 1]},
								"south": {"uv": [103, 79], "uv_size": [2, 1]},
								"west": {"uv": [91, 84], "uv_size": [10, 1]},
								"up": {"uv": [84, 64], "uv_size": [2, 10]},
								"down": {"uv": [72, 94], "uv_size": [2, -10]}
							}
						},
						{
							"origin": [-3.57848, 18.93793, -14.59205],
							"size": [0.99199, 1.15442, 9.91836],
							"pivot": [-2.58003, 20.54273, -15.5241],
							"rotation": [0, 0, 0],
							"uv": {
								"north": {"uv": [105, 59], "uv_size": [1, 1]},
								"east": {"uv": [91, 85], "uv_size": [10, 1]},
								"south": {"uv": [105, 65], "uv_size": [1, 1]},
								"west": {"uv": [91, 86], "uv_size": [10, 1]},
								"up": {"uv": [18, 92], "uv_size": [1, 10]},
								"down": {"uv": [19, 102], "uv_size": [1, -10]}
							}
						},
						{
							"origin": [-2.27988, 19.80195, -14.59205],
							"size": [1.53978, 0.92892, 9.91836],
							"pivot": [-2.48014, 20.54265, -15.5358],
							"rotation": [0, 0, 34.9959],
							"uv": {
								"north": {"uv": [103, 97], "uv_size": [2, 1]},
								"east": {"uv": [92, 3], "uv_size": [10, 1]},
								"south": {"uv": [103, 98], "uv_size": [2, 1]},
								"west": {"uv": [92, 4], "uv_size": [10, 1]},
								"up": {"uv": [74, 84], "uv_size": [2, 10]},
								"down": {"uv": [84, 84], "uv_size": [2, -10]}
							}
						},
						{
							"origin": [-2.58649, 18.93793, -14.59205],
							"size": [1.10697, 1.15442, 9.91836],
							"pivot": [-2.58003, 20.54273, -15.5241],
							"rotation": [0, 0, 0],
							"uv": {
								"north": {"uv": [105, 66], "uv_size": [1, 1]},
								"east": {"uv": [92, 5], "uv_size": [10, 1]},
								"south": {"uv": [68, 105], "uv_size": [1, 1]},
								"west": {"uv": [92, 6], "uv_size": [10, 1]},
								"up": {"uv": [20, 92], "uv_size": [1, 10]},
								"down": {"uv": [21, 102], "uv_size": [1, -10]}
							}
						},
						{
							"origin": [-3.78031, 25.18597, -19.32596],
							"size": [1.51385, 0.92892, 10.56782],
							"pivot": [-2.52369, 25.16024, -17.88287],
							"rotation": [0, 0, 145.0041],
							"uv": {
								"north": {"uv": [104, 10], "uv_size": [2, 1]},
								"east": {"uv": [89, 45], "uv_size": [11, 1]},
								"south": {"uv": [104, 12], "uv_size": [2, 1]},
								"west": {"uv": [89, 46], "uv_size": [11, 1]},
								"up": {"uv": [5, 80], "uv_size": [2, 11]},
								"down": {"uv": [80, 82], "uv_size": [2, -11]}
							}
						},
						{
							"origin": [-2.57587, 24.46062, -19.32596],
							"size": [1.10697, 1.15442, 10.56782],
							"pivot": [-2.52369, 25.16024, -17.88287],
							"rotation": [0, 0, -180],
							"uv": {
								"north": {"uv": [69, 105], "uv_size": [1, 1]},
								"east": {"uv": [89, 87], "uv_size": [11, 1]},
								"south": {"uv": [105, 69], "uv_size": [1, 1]},
								"west": {"uv": [90, 23], "uv_size": [11, 1]},
								"up": {"uv": [1, 91], "uv_size": [1, 11]},
								"down": {"uv": [2, 102], "uv_size": [1, -11]}
							}
						},
						{
							"origin": [-3.56786, 24.46062, -19.32596],
							"size": [0.99199, 1.15442, 10.56782],
							"pivot": [-2.52369, 25.16024, -17.88287],
							"rotation": [0, 0, -180],
							"uv": {
								"north": {"uv": [105, 70], "uv_size": [1, 1]},
								"east": {"uv": [91, 13], "uv_size": [11, 1]},
								"south": {"uv": [105, 71], "uv_size": [1, 1]},
								"west": {"uv": [91, 80], "uv_size": [11, 1]},
								"up": {"uv": [5, 91], "uv_size": [1, 11]},
								"down": {"uv": [6, 102], "uv_size": [1, -11]}
							}
						},
						{
							"origin": [-2.79815, 25.19206, -19.37412],
							"size": [1.53978, 0.92892, 10.61598],
							"pivot": [-2.52369, 25.16024, -17.88287],
							"rotation": [0, 0, -145.0041],
							"uv": {
								"north": {"uv": [104, 13], "uv_size": [2, 1]},
								"east": {"uv": [91, 81], "uv_size": [11, 1]},
								"south": {"uv": [20, 104], "uv_size": [2, 1]},
								"west": {"uv": [91, 82], "uv_size": [11, 1]},
								"up": {"uv": [81, 16], "uv_size": [2, 11]},
								"down": {"uv": [30, 92], "uv_size": [2, -11]}
							}
						},
						{
							"origin": [-2.29815, 25.22127, -8.82412],
							"size": [1.01933, 0.89972, 2.06598],
							"pivot": [-2.52369, 25.16024, -17.88287],
							"rotation": [0, 0, -145.0041],
							"uv": {
								"north": {"uv": [107, 104], "uv_size": [1, 1]},
								"east": {"uv": [105, 29], "uv_size": [2, 1]},
								"south": {"uv": [105, 107], "uv_size": [1, 1]},
								"west": {"uv": [30, 105], "uv_size": [2, 1]},
								"up": {"uv": [105, 30], "uv_size": [1, 2]},
								"down": {"uv": [35, 107], "uv_size": [1, -2]}
							}
						},
						{
							"origin": [-3.78031, 25.18597, -8.77596],
							"size": [0.81385, 0.92892, 2.41782],
							"pivot": [-2.52369, 25.16024, -17.88287],
							"rotation": [0, 0, 145.0041],
							"uv": {
								"north": {"uv": [107, 103], "uv_size": [1, 1]},
								"east": {"uv": [105, 23], "uv_size": [2, 1]},
								"south": {"uv": [104, 107], "uv_size": [1, 1]},
								"west": {"uv": [105, 26], "uv_size": [2, 1]},
								"up": {"uv": [27, 105], "uv_size": [1, 2]},
								"down": {"uv": [28, 107], "uv_size": [1, -2]}
							}
						},
						{
							"origin": [-2.58649, 18.93793, -1.62424],
							"size": [1.10697, 1.15442, 9.91836],
							"pivot": [-2.58003, 20.54273, -2.55628],
							"rotation": [0, 0, 0],
							"uv": {
								"north": {"uv": [106, 106], "uv_size": [1, 1]},
								"east": {"uv": [92, 21], "uv_size": [10, 1]},
								"south": {"uv": [0, 107], "uv_size": [1, 1]},
								"west": {"uv": [92, 22], "uv_size": [10, 1]},
								"up": {"uv": [26, 92], "uv_size": [1, 10]},
								"down": {"uv": [92, 74], "uv_size": [1, -10]}
							}
						},
						{
							"origin": [-3.56786, 22.18346, -2.499],
							"size": [0.99199, 1.10388, 8.7],
							"pivot": [-2.52369, 22.83254, -0.28291],
							"rotation": [21, 0, -180],
							"uv": {
								"north": {"uv": [105, 106], "uv_size": [1, 1]},
								"east": {"uv": [92, 74], "uv_size": [9, 1]},
								"south": {"uv": [106, 105], "uv_size": [1, 1]},
								"west": {"uv": [92, 75], "uv_size": [9, 1]},
								"up": {"uv": [3, 93], "uv_size": [1, 9]},
								"down": {"uv": [4, 102], "uv_size": [1, -9]}
							}
						},
						{
							"origin": [-2.57564, 22.30672, -6.93073],
							"size": [0.80987, 0.88752, 13.09052],
							"pivot": [-1.83321, 22.75048, -0.46047],
							"rotation": [17.45621, 11.86055, 146.83135],
							"uv": {
								"north": {"uv": [104, 106], "uv_size": [1, 1]},
								"east": {"uv": [83, 24], "uv_size": [13, 1]},
								"south": {"uv": [106, 104], "uv_size": [1, 1]},
								"west": {"uv": [83, 25], "uv_size": [13, 1]},
								"up": {"uv": [57, 84], "uv_size": [1, 13]},
								"down": {"uv": [29, 99], "uv_size": [1, -13]}
							}
						},
						{
							"origin": [-2.57587, 22.18346, -2.499],
							"size": [1.10697, 1.10388, 8.7],
							"pivot": [-2.52369, 22.83254, -0.28291],
							"rotation": [21, 0, -180],
							"uv": {
								"north": {"uv": [103, 106], "uv_size": [1, 1]},
								"east": {"uv": [92, 60], "uv_size": [9, 1]},
								"south": {"uv": [106, 103], "uv_size": [1, 1]},
								"west": {"uv": [92, 61], "uv_size": [9, 1]},
								"up": {"uv": [89, 92], "uv_size": [1, 9]},
								"down": {"uv": [90, 101], "uv_size": [1, -9]}
							}
						},
						{
							"origin": [-2.12315, 22.90576, -2.48952],
							"size": [0.83579, 0.88752, 8.69052],
							"pivot": [-2.52369, 22.83254, -0.28291],
							"rotation": [17.45621, -11.86055, -146.83135],
							"uv": {
								"north": {"uv": [102, 106], "uv_size": [1, 1]},
								"east": {"uv": [92, 58], "uv_size": [9, 1]},
								"south": {"uv": [106, 102], "uv_size": [1, 1]},
								"west": {"uv": [92, 59], "uv_size": [9, 1]},
								"up": {"uv": [87, 92], "uv_size": [1, 9]},
								"down": {"uv": [88, 101], "uv_size": [1, -9]}
							}
						},
						{
							"origin": [-2.24676, 19.69889, -14.59205],
							"size": [1.3, 5.4, 8.23391],
							"uv": {
								"north": {"uv": [77, 101], "uv_size": [1, 5]},
								"east": {"uv": [60, 62], "uv_size": [8, 5]},
								"south": {"uv": [78, 101], "uv_size": [1, 5]},
								"west": {"uv": [60, 67], "uv_size": [8, 5]},
								"up": {"uv": [31, 97], "uv_size": [1, 8]},
								"down": {"uv": [57, 105], "uv_size": [1, -8]}
							}
						},
						{
							"origin": [-4.09448, 20.49889, -19.37412],
							"size": [1.64772, 4.58827, 4.78207],
							"uv": {
								"north": {"uv": [92, 16], "uv_size": [2, 5]},
								"east": {"uv": [72, 38], "uv_size": [5, 5]},
								"south": {"uv": [22, 92], "uv_size": [2, 5]},
								"west": {"uv": [77, 38], "uv_size": [5, 5]},
								"up": {"uv": [24, 92], "uv_size": [2, 5]},
								"down": {"uv": [30, 97], "uv_size": [2, -5]}
							}
						},
						{
							"origin": [-4.11123, 20.41941, -16.37667],
							"size": [1.66447, 0.81222, 2.03391],
							"pivot": [-2.48788, 20.57552, -16.05972],
							"rotation": [-26.5, 0, 0],
							"uv": {
								"north": {"uv": [104, 20], "uv_size": [2, 1]},
								"east": {"uv": [104, 21], "uv_size": [2, 1]},
								"south": {"uv": [22, 104], "uv_size": [2, 1]},
								"west": {"uv": [104, 22], "uv_size": [2, 1]},
								"up": {"uv": [102, 7], "uv_size": [2, 2]},
								"down": {"uv": [102, 11], "uv_size": [2, -2]}
							}
						},
						{
							"origin": [-2.44676, 20.49889, -19.32596],
							"size": [1.5, 4.6, 4.73391],
							"uv": {
								"north": {"uv": [65, 101], "uv_size": [1, 5]},
								"east": {"uv": [79, 43], "uv_size": [5, 5]},
								"south": {"uv": [66, 101], "uv_size": [1, 5]},
								"west": {"uv": [0, 80], "uv_size": [5, 5]},
								"up": {"uv": [67, 101], "uv_size": [1, 5]},
								"down": {"uv": [76, 106], "uv_size": [1, -5]}
							}
						},
						{
							"origin": [-2.44676, 20.41941, -16.37667],
							"size": [1.5, 0.81222, 2.03391],
							"pivot": [-2.48788, 20.57552, -16.05972],
							"rotation": [-26.5, 0, 0],
							"uv": {
								"north": {"uv": [72, 105], "uv_size": [1, 1]},
								"east": {"uv": [24, 104], "uv_size": [2, 1]},
								"south": {"uv": [105, 72], "uv_size": [1, 1]},
								"west": {"uv": [104, 27], "uv_size": [2, 1]},
								"up": {"uv": [32, 104], "uv_size": [1, 2]},
								"down": {"uv": [33, 106], "uv_size": [1, -2]}
							}
						},
						{
							"origin": [-4.04575, 25.18345, -7.71368],
							"size": [0.56191, 0.56191, 1.1],
							"pivot": [-3.76479, 25.46441, -7.91368],
							"rotation": [0, 0, 44],
							"uv": {
								"north": {"uv": [86, 108], "uv_size": [1, 1]},
								"east": {"uv": [108, 86], "uv_size": [1, 1]},
								"south": {"uv": [87, 108], "uv_size": [1, 1]},
								"west": {"uv": [108, 87], "uv_size": [1, 1]},
								"up": {"uv": [88, 108], "uv_size": [1, 1]},
								"down": {"uv": [108, 89], "uv_size": [1, -1]}
							}
						},
						{
							"origin": [-3.92262, 25.06455, -8.68442],
							"size": [0.56191, 0.56191, 1.1],
							"pivot": [-3.64166, 25.34551, -8.13442],
							"rotation": [0, -20, 44],
							"uv": {
								"north": {"uv": [89, 108], "uv_size": [1, 1]},
								"east": {"uv": [108, 89], "uv_size": [1, 1]},
								"south": {"uv": [90, 108], "uv_size": [1, 1]},
								"west": {"uv": [108, 90], "uv_size": [1, 1]},
								"up": {"uv": [91, 108], "uv_size": [1, 1]},
								"down": {"uv": [108, 92], "uv_size": [1, -1]}
							}
						}
					]
				},
				{
					"name": "WoodGrip",
					"parent": "Frame",
					"pivot": [-2.52012, 23.20479, -29.87825],
					"rotation": [-3, 0, 0],
					"cubes": [
						{
							"origin": [-2.44758, 21.84246, -40.20629],
							"size": [1.47, 1.77598, 21.192],
							"uv": {
								"north": {"uv": [58, 104], "uv_size": [1, 2]},
								"east": {"uv": [58, 46], "uv_size": [21, 2]},
								"south": {"uv": [104, 58], "uv_size": [1, 2]},
								"west": {"uv": [59, 30], "uv_size": [21, 2]},
								"up": {"uv": [7, 80], "uv_size": [1, 21]},
								"down": {"uv": [32, 102], "uv_size": [1, -21]}
							}
						},
						{
							"origin": [-4.07877, 21.84246, -40.20629],
							"size": [1.63118, 1.77598, 21.192],
							"uv": {
								"north": {"uv": [102, 27], "uv_size": [2, 2]},
								"east": {"uv": [62, 0], "uv_size": [21, 2]},
								"south": {"uv": [32, 102], "uv_size": [2, 2]},
								"west": {"uv": [62, 2], "uv_size": [21, 2]},
								"up": {"uv": [30, 60], "uv_size": [2, 21]},
								"down": {"uv": [32, 81], "uv_size": [2, -21]}
							}
						},
						{
							"origin": [-2.01199, 22.02922, -40.20629],
							"size": [1.50899, 0.91034, 21.192],
							"pivot": [-2.4803, 23.14369, -20.08601],
							"rotation": [0, 0, 34.9959],
							"uv": {
								"north": {"uv": [104, 49], "uv_size": [2, 1]},
								"east": {"uv": [70, 13], "uv_size": [21, 1]},
								"south": {"uv": [104, 60], "uv_size": [2, 1]},
								"west": {"uv": [71, 58], "uv_size": [21, 1]},
								"up": {"uv": [34, 60], "uv_size": [2, 21]},
								"down": {"uv": [36, 81], "uv_size": [2, -21]}
							}
						},
						{
							"origin": [-2.58451, 21.09671, -40.20629],
							"size": [1.08483, 1.13133, 21.192],
							"pivot": [-2.57819, 23.14376, -20.07455],
							"rotation": [0, 0, 0],
							"uv": {
								"north": {"uv": [59, 106], "uv_size": [1, 1]},
								"east": {"uv": [71, 59], "uv_size": [21, 1]},
								"south": {"uv": [106, 59], "uv_size": [1, 1]},
								"west": {"uv": [71, 60], "uv_size": [21, 1]},
								"up": {"uv": [33, 81], "uv_size": [1, 21]},
								"down": {"uv": [34, 102], "uv_size": [1, -21]}
							}
						},
						{
							"origin": [-3.55667, 21.09671, -40.15729],
							"size": [0.97215, 1.13133, 21.192],
							"pivot": [-2.57819, 23.14376, -20.02555],
							"rotation": [0, 0, 0],
							"uv": {
								"north": {"uv": [106, 60], "uv_size": [1, 1]},
								"east": {"uv": [71, 61], "uv_size": [21, 1]},
								"south": {"uv": [106, 61], "uv_size": [1, 1]},
								"west": {"uv": [73, 29], "uv_size": [21, 1]},
								"up": {"uv": [35, 81], "uv_size": [1, 21]},
								"down": {"uv": [36, 102], "uv_size": [1, -21]}
							}
						},
						{
							"origin": [-4.55562, 22.02193, -40.20629],
							"size": [1.48358, 0.91034, 21.192],
							"pivot": [-2.58875, 23.14366, -20.08601],
							"rotation": [0, 0, -34.9959],
							"uv": {
								"north": {"uv": [106, 62], "uv_size": [1, 1]},
								"east": {"uv": [80, 30], "uv_size": [21, 1]},
								"south": {"uv": [106, 63], "uv_size": [1, 1]},
								"west": {"uv": [80, 31], "uv_size": [21, 1]},
								"up": {"uv": [37, 81], "uv_size": [1, 21]},
								"down": {"uv": [38, 102], "uv_size": [1, -21]}
							}
						},
						{
							"origin": [-3.06399, 24.57267, -40.20629],
							"size": [1.50899, 0.91034, 21.192],
							"pivot": [-2.52297, 24.1529, -24.00315],
							"rotation": [0, 0, -145.0041],
							"uv": {
								"north": {"uv": [104, 61], "uv_size": [2, 1]},
								"east": {"uv": [81, 27], "uv_size": [21, 1]},
								"south": {"uv": [104, 64], "uv_size": [2, 1]},
								"west": {"uv": [81, 28], "uv_size": [21, 1]},
								"up": {"uv": [38, 60], "uv_size": [2, 21]},
								"down": {"uv": [58, 83], "uv_size": [2, -21]}
							}
						},
						{
							"origin": [-2.57411, 23.74163, -40.20629],
							"size": [1.08483, 1.33133, 21.192],
							"pivot": [-2.52297, 24.1529, -24.00315],
							"rotation": [0, 0, -180],
							"uv": {
								"north": {"uv": [64, 106], "uv_size": [1, 1]},
								"east": {"uv": [81, 62], "uv_size": [21, 1]},
								"south": {"uv": [106, 64], "uv_size": [1, 1]},
								"west": {"uv": [81, 63], "uv_size": [21, 1]},
								"up": {"uv": [39, 81], "uv_size": [1, 21]},
								"down": {"uv": [82, 85], "uv_size": [1, -21]}
							}
						},
						{
							"origin": [-3.54626, 23.74162, -40.20629],
							"size": [0.97215, 1.33133, 21.192],
							"pivot": [-2.52297, 24.1529, -24.00315],
							"rotation": [0, 0, -180],
							"uv": {
								"north": {"uv": [65, 106], "uv_size": [1, 1]},
								"east": {"uv": [82, 38], "uv_size": [21, 1]},
								"south": {"uv": [106, 65], "uv_size": [1, 1]},
								"west": {"uv": [82, 39], "uv_size": [21, 1]},
								"up": {"uv": [80, 82], "uv_size": [1, 21]},
								"down": {"uv": [81, 103], "uv_size": [1, -21]}
							}
						},
						{
							"origin": [-3.48241, 24.5667, -40.20629],
							"size": [1.48358, 0.91034, 21.192],
							"pivot": [-2.52297, 24.1529, -24.00315],
							"rotation": [0, 0, 145.0041],
							"uv": {
								"north": {"uv": [66, 106], "uv_size": [1, 1]},
								"east": {"uv": [82, 40], "uv_size": [21, 1]},
								"south": {"uv": [106, 66], "uv_size": [1, 1]},
								"west": {"uv": [82, 41], "uv_size": [21, 1]},
								"up": {"uv": [58, 83], "uv_size": [1, 21]},
								"down": {"uv": [59, 104], "uv_size": [1, -21]}
							}
						}
					]
				},
				{
					"name": "Ring2",
					"parent": "Frame",
					"pivot": [-2.52141, 23.18159, -29.67264],
					"rotation": [-3, 0, 0],
					"cubes": [
						{
							"origin": [-2.44597, 21.78373, -40.41479],
							"size": [1.5288, 1.84701, 0.40768],
							"uv": {
								"north": {"uv": [103, 29], "uv_size": [2, 2]},
								"east": {"uv": [104, 71], "uv_size": [1, 2]},
								"south": {"uv": [103, 42], "uv_size": [2, 2]},
								"west": {"uv": [104, 83], "uv_size": [1, 2]},
								"up": {"uv": [104, 67], "uv_size": [2, 1]},
								"down": {"uv": [104, 74], "uv_size": [2, -1]}
							}
						},
						{
							"origin": [-4.1424, 21.78373, -40.41479],
							"size": [1.69643, 1.84701, 0.40768],
							"uv": {
								"north": {"uv": [68, 103], "uv_size": [2, 2]},
								"east": {"uv": [104, 85], "uv_size": [1, 2]},
								"south": {"uv": [103, 69], "uv_size": [2, 2]},
								"west": {"uv": [104, 87], "uv_size": [1, 2]},
								"up": {"uv": [104, 89], "uv_size": [2, 1]},
								"down": {"uv": [104, 91], "uv_size": [2, -1]}
							}
						},
						{
							"origin": [-2.00384, 21.97453, -40.41479],
							"size": [1.56935, 0.94676, 0.40768],
							"pivot": [-2.47999, 23.11803, -19.48871],
							"rotation": [0, 0, 34.9959],
							"uv": {
								"north": {"uv": [104, 91], "uv_size": [2, 1]},
								"east": {"uv": [86, 106], "uv_size": [1, 1]},
								"south": {"uv": [104, 92], "uv_size": [2, 1]},
								"west": {"uv": [106, 86], "uv_size": [1, 1]},
								"up": {"uv": [104, 93], "uv_size": [2, 1]},
								"down": {"uv": [104, 95], "uv_size": [2, -1]}
							}
						},
						{
							"origin": [-2.58838, 21.00815, -40.41479],
							"size": [1.12822, 1.17658, 0.40768],
							"pivot": [-2.5818, 23.11811, -19.47679],
							"rotation": [0, 0, 0],
							"uv": {
								"north": {"uv": [87, 106], "uv_size": [1, 1]},
								"east": {"uv": [106, 87], "uv_size": [1, 1]},
								"south": {"uv": [88, 106], "uv_size": [1, 1]},
								"west": {"uv": [106, 88], "uv_size": [1, 1]},
								"up": {"uv": [89, 106], "uv_size": [1, 1]},
								"down": {"uv": [106, 90], "uv_size": [1, -1]}
							}
						},
						{
							"origin": [-3.59942, 21.00815, -40.41479],
							"size": [1.01104, 1.17658, 0.40767],
							"pivot": [-2.5818, 23.11811, -19.42583],
							"rotation": [0, 0, 0],
							"uv": {
								"north": {"uv": [90, 106], "uv_size": [1, 1]},
								"east": {"uv": [106, 90], "uv_size": [1, 1]},
								"south": {"uv": [91, 106], "uv_size": [1, 1]},
								"west": {"uv": [106, 91], "uv_size": [1, 1]},
								"up": {"uv": [92, 106], "uv_size": [1, 1]},
								"down": {"uv": [106, 93], "uv_size": [1, -1]}
							}
						},
						{
							"origin": [-4.62745, 21.96695, -40.41479],
							"size": [1.54292, 0.94676, 0.40768],
							"pivot": [-2.59279, 23.118, -19.48871],
							"rotation": [0, 0, -34.9959],
							"uv": {
								"north": {"uv": [104, 95], "uv_size": [2, 1]},
								"east": {"uv": [93, 106], "uv_size": [1, 1]},
								"south": {"uv": [104, 96], "uv_size": [2, 1]},
								"west": {"uv": [106, 93], "uv_size": [1, 1]},
								"up": {"uv": [104, 100], "uv_size": [2, 1]},
								"down": {"uv": [104, 102], "uv_size": [2, -1]}
							}
						},
						{
							"origin": [-3.07615, 24.58863, -40.41479],
							"size": [1.56935, 0.94676, 0.40768],
							"pivot": [-2.52438, 24.16762, -23.56253],
							"rotation": [0, 0, -145.0041],
							"uv": {
								"north": {"uv": [104, 102], "uv_size": [2, 1]},
								"east": {"uv": [94, 106], "uv_size": [1, 1]},
								"south": {"uv": [104, 103], "uv_size": [2, 1]},
								"west": {"uv": [106, 94], "uv_size": [1, 1]},
								"up": {"uv": [104, 104], "uv_size": [2, 1]},
								"down": {"uv": [105, 1], "uv_size": [2, -1]}
							}
						},
						{
							"origin": [-2.57755, 23.92892, -40.41479],
							"size": [1.12822, 1.17658, 0.40768],
							"pivot": [-2.52438, 24.16762, -23.56253],
							"rotation": [0, 0, -180],
							"uv": {
								"north": {"uv": [95, 106], "uv_size": [1, 1]},
								"east": {"uv": [106, 95], "uv_size": [1, 1]},
								"south": {"uv": [96, 106], "uv_size": [1, 1]},
								"west": {"uv": [106, 96], "uv_size": [1, 1]},
								"up": {"uv": [97, 106], "uv_size": [1, 1]},
								"down": {"uv": [106, 98], "uv_size": [1, -1]}
							}
						},
						{
							"origin": [-3.5886, 23.92892, -40.41479],
							"size": [1.01104, 1.17658, 0.40768],
							"pivot": [-2.52438, 24.16762, -23.56253],
							"rotation": [0, 0, -180],
							"uv": {
								"north": {"uv": [98, 106], "uv_size": [1, 1]},
								"east": {"uv": [106, 98], "uv_size": [1, 1]},
								"south": {"uv": [99, 106], "uv_size": [1, 1]},
								"west": {"uv": [106, 99], "uv_size": [1, 1]},
								"up": {"uv": [100, 106], "uv_size": [1, 1]},
								"down": {"uv": [106, 101], "uv_size": [1, -1]}
							}
						},
						{
							"origin": [-3.53308, 24.58242, -40.41479],
							"size": [1.54292, 0.94676, 0.40768],
							"pivot": [-2.52438, 24.16762, -23.56253],
							"rotation": [0, 0, 145.0041],
							"uv": {
								"north": {"uv": [105, 1], "uv_size": [2, 1]},
								"east": {"uv": [101, 106], "uv_size": [1, 1]},
								"south": {"uv": [105, 2], "uv_size": [2, 1]},
								"west": {"uv": [106, 101], "uv_size": [1, 1]},
								"up": {"uv": [105, 7], "uv_size": [2, 1]},
								"down": {"uv": [105, 9], "uv_size": [2, -1]}
							}
						}
					]
				},
				{
					"name": "WoodGrip2",
					"parent": "Frame",
					"pivot": [-2.5185, 23.23839, -30.47265],
					"rotation": [-3, 0, 0],
					"cubes": [
						{
							"origin": [-2.4496, 21.92045, -43.13304],
							"size": [1.3965, 1.68718, 3.7474],
							"uv": {
								"north": {"uv": [59, 104], "uv_size": [1, 2]},
								"east": {"uv": [71, 43], "uv_size": [4, 2]},
								"south": {"uv": [104, 65], "uv_size": [1, 2]},
								"west": {"uv": [75, 43], "uv_size": [4, 2]},
								"up": {"uv": [26, 102], "uv_size": [1, 4]},
								"down": {"uv": [34, 106], "uv_size": [1, -4]}
							}
						},
						{
							"origin": [-3.99922, 21.92045, -43.13304],
							"size": [1.54962, 1.68718, 3.7474],
							"uv": {
								"north": {"uv": [35, 102], "uv_size": [2, 2]},
								"east": {"uv": [93, 72], "uv_size": [4, 2]},
								"south": {"uv": [37, 102], "uv_size": [2, 2]},
								"west": {"uv": [94, 18], "uv_size": [4, 2]},
								"up": {"uv": [97, 64], "uv_size": [2, 4]},
								"down": {"uv": [66, 101], "uv_size": [2, -4]}
							}
						},
						{
							"origin": [-2.02218, 22.10216, -43.13304],
							"size": [1.43354, 0.86483, 3.7474],
							"pivot": [-2.48067, 23.18033, -21.17002],
							"rotation": [0, 0, 34.9959],
							"uv": {
								"north": {"uv": [76, 106], "uv_size": [1, 1]},
								"east": {"uv": [102, 62], "uv_size": [4, 1]},
								"south": {"uv": [106, 76], "uv_size": [1, 1]},
								"west": {"uv": [102, 63], "uv_size": [4, 1]},
								"up": {"uv": [39, 102], "uv_size": [1, 4]},
								"down": {"uv": [102, 68], "uv_size": [1, -4]}
							}
						},
						{
							"origin": [-2.57968, 21.21199, -43.13304],
							"size": [1.03059, 1.07476, 3.7474],
							"pivot": [-2.57367, 23.1804, -21.15914],
							"rotation": [0, 0, 0],
							"uv": {
								"north": {"uv": [77, 106], "uv_size": [1, 1]},
								"east": {"uv": [102, 68], "uv_size": [4, 1]},
								"south": {"uv": [106, 77], "uv_size": [1, 1]},
								"west": {"uv": [102, 76], "uv_size": [4, 1]},
								"up": {"uv": [86, 102], "uv_size": [1, 4]},
								"down": {"uv": [102, 91], "uv_size": [1, -4]}
							}
						},
						{
							"origin": [-3.50323, 21.21199, -43.08649],
							"size": [0.92355, 1.07476, 3.7474],
							"pivot": [-2.57367, 23.1804, -21.11259],
							"rotation": [0, 0, 0],
							"uv": {
								"north": {"uv": [78, 106], "uv_size": [1, 1]},
								"east": {"uv": [102, 77], "uv_size": [4, 1]},
								"south": {"uv": [106, 78], "uv_size": [1, 1]},
								"west": {"uv": [102, 78], "uv_size": [4, 1]},
								"up": {"uv": [102, 91], "uv_size": [1, 4]},
								"down": {"uv": [102, 99], "uv_size": [1, -4]}
							}
						},
						{
							"origin": [-4.46584, 22.09523, -43.13304],
							"size": [1.4094, 0.86483, 3.7474],
							"pivot": [-2.58371, 23.1803, -21.17002],
							"rotation": [0, 0, -34.9959],
							"uv": {
								"north": {"uv": [79, 106], "uv_size": [1, 1]},
								"east": {"uv": [102, 80], "uv_size": [4, 1]},
								"south": {"uv": [106, 79], "uv_size": [1, 1]},
								"west": {"uv": [102, 81], "uv_size": [4, 1]},
								"up": {"uv": [98, 102], "uv_size": [1, 4]},
								"down": {"uv": [99, 106], "uv_size": [1, -4]}
							}
						},
						{
							"origin": [-3.04879, 24.55729, -43.13304],
							"size": [1.43354, 0.86483, 3.7474],
							"pivot": [-2.52122, 24.13909, -24.8913],
							"rotation": [0, 0, -145.0041],
							"uv": {
								"north": {"uv": [106, 80], "uv_size": [1, 1]},
								"east": {"uv": [102, 82], "uv_size": [4, 1]},
								"south": {"uv": [106, 81], "uv_size": [1, 1]},
								"west": {"uv": [102, 99], "uv_size": [4, 1]},
								"up": {"uv": [100, 102], "uv_size": [1, 4]},
								"down": {"uv": [102, 104], "uv_size": [1, -4]}
							}
						},
						{
							"origin": [-2.56979, 23.77209, -43.13304],
							"size": [1.03059, 1.26476, 3.7474],
							"pivot": [-2.52122, 24.13909, -24.8913],
							"rotation": [0, 0, -180],
							"uv": {
								"north": {"uv": [82, 106], "uv_size": [1, 1]},
								"east": {"uv": [103, 3], "uv_size": [4, 1]},
								"south": {"uv": [106, 82], "uv_size": [1, 1]},
								"west": {"uv": [103, 4], "uv_size": [4, 1]},
								"up": {"uv": [101, 102], "uv_size": [1, 4]},
								"down": {"uv": [0, 107], "uv_size": [1, -4]}
							}
						},
						{
							"origin": [-3.49334, 23.77209, -43.13304],
							"size": [0.92355, 1.26476, 3.7474],
							"pivot": [-2.52122, 24.13909, -24.8913],
							"rotation": [0, 0, -180],
							"uv": {
								"north": {"uv": [83, 106], "uv_size": [1, 1]},
								"east": {"uv": [103, 5], "uv_size": [4, 1]},
								"south": {"uv": [106, 83], "uv_size": [1, 1]},
								"west": {"uv": [103, 6], "uv_size": [4, 1]},
								"up": {"uv": [103, 17], "uv_size": [1, 4]},
								"down": {"uv": [103, 42], "uv_size": [1, -4]}
							}
						},
						{
							"origin": [-3.41909, 24.55162, -43.13304],
							"size": [1.4094, 0.86483, 3.7474],
							"pivot": [-2.52122, 24.13909, -24.8913],
							"rotation": [0, 0, 145.0041],
							"uv": {
								"north": {"uv": [106, 84], "uv_size": [1, 1]},
								"east": {"uv": [103, 24], "uv_size": [4, 1]},
								"south": {"uv": [106, 85], "uv_size": [1, 1]},
								"west": {"uv": [103, 25], "uv_size": [4, 1]},
								"up": {"uv": [103, 58], "uv_size": [1, 4]},
								"down": {"uv": [103, 68], "uv_size": [1, -4]}
							}
						}
					]
				},
				{
					"name": "Barrel",
					"parent": "gun",
					"pivot": [-2.0579, 26.35171, -71.004],
					"cubes": [
						{
							"origin": [-3.06951, 25.21682, -82.65198],
							"size": [0.95839, 0.53762, 63.50565],
							"inflate": 0.002,
							"pivot": [-2.59031, 24.5657, -25.84915],
							"rotation": [0, 0, -90],
							"uv": {
								"north": {"uv": [67, 106], "uv_size": [1, 1]},
								"east": {"uv": [40, 48], "uv_size": [64, 1]},
								"south": {"uv": [106, 67], "uv_size": [1, 1]},
								"west": {"uv": [40, 49], "uv_size": [64, 1]},
								"up": {"uv": [40, 50], "uv_size": [1, 64]},
								"down": {"uv": [41, 114], "uv_size": [1, -64]}
							}
						},
						{
							"origin": [-3.14113, 23.40847, -82.65198],
							"size": [0.95839, 0.53762, 63.50565],
							"inflate": 0.002,
							"pivot": [-2.59031, 24.5657, -25.84915],
							"rotation": [0, 0, 42.5],
							"uv": {
								"north": {"uv": [68, 106], "uv_size": [1, 1]},
								"east": {"uv": [42, 50], "uv_size": [64, 1]},
								"south": {"uv": [106, 68], "uv_size": [1, 1]},
								"west": {"uv": [42, 51], "uv_size": [64, 1]},
								"up": {"uv": [42, 52], "uv_size": [1, 64]},
								"down": {"uv": [43, 116], "uv_size": [1, -64]}
							}
						},
						{
							"origin": [-3.06951, 23.43632, -82.65198],
							"size": [0.95839, 0.53762, 63.50565],
							"inflate": 0.002,
							"uv": {
								"north": {"uv": [69, 106], "uv_size": [1, 1]},
								"east": {"uv": [44, 52], "uv_size": [64, 1]},
								"south": {"uv": [106, 69], "uv_size": [1, 1]},
								"west": {"uv": [44, 53], "uv_size": [64, 1]},
								"up": {"uv": [44, 54], "uv_size": [1, 64]},
								"down": {"uv": [45, 118], "uv_size": [1, -64]}
							}
						},
						{
							"origin": [-2.99789, 23.40847, -82.65198],
							"size": [0.95839, 0.53762, 63.50565],
							"inflate": 0.002,
							"pivot": [-2.59031, 24.5657, -25.84915],
							"rotation": [0, 0, -42.5],
							"uv": {
								"north": {"uv": [106, 70], "uv_size": [1, 1]},
								"east": {"uv": [46, 54], "uv_size": [64, 1]},
								"south": {"uv": [106, 71], "uv_size": [1, 1]},
								"west": {"uv": [46, 55], "uv_size": [64, 1]},
								"up": {"uv": [8, 56], "uv_size": [1, 64]},
								"down": {"uv": [9, 120], "uv_size": [1, -64]}
							}
						},
						{
							"origin": [-3.06951, 23.37696, -82.65198],
							"size": [0.95839, 0.53762, 63.50565],
							"inflate": 0.002,
							"pivot": [-2.59031, 24.5657, -25.84915],
							"rotation": [0, 0, -90],
							"uv": {
								"north": {"uv": [72, 106], "uv_size": [1, 1]},
								"east": {"uv": [46, 56], "uv_size": [64, 1]},
								"south": {"uv": [106, 72], "uv_size": [1, 1]},
								"west": {"uv": [46, 57], "uv_size": [64, 1]},
								"up": {"uv": [10, 56], "uv_size": [1, 64]},
								"down": {"uv": [11, 120], "uv_size": [1, -64]}
							}
						},
						{
							"origin": [-2.99789, 25.18531, -82.65198],
							"size": [0.95839, 0.53762, 63.50565],
							"inflate": 0.002,
							"pivot": [-2.59031, 24.5657, -25.84915],
							"rotation": [0, 0, 42.5],
							"uv": {
								"north": {"uv": [73, 106], "uv_size": [1, 1]},
								"east": {"uv": [58, 32], "uv_size": [64, 1]},
								"south": {"uv": [106, 73], "uv_size": [1, 1]},
								"west": {"uv": [58, 33], "uv_size": [64, 1]},
								"up": {"uv": [12, 56], "uv_size": [1, 64]},
								"down": {"uv": [13, 120], "uv_size": [1, -64]}
							}
						},
						{
							"origin": [-3.06951, 25.15746, -82.65198],
							"size": [0.95839, 0.53762, 63.50565],
							"inflate": 0.002,
							"uv": {
								"north": {"uv": [74, 106], "uv_size": [1, 1]},
								"east": {"uv": [58, 34], "uv_size": [64, 1]},
								"south": {"uv": [106, 74], "uv_size": [1, 1]},
								"west": {"uv": [58, 35], "uv_size": [64, 1]},
								"up": {"uv": [14, 56], "uv_size": [1, 64]},
								"down": {"uv": [15, 120], "uv_size": [1, -64]}
							}
						},
						{
							"origin": [-3.14113, 25.18531, -82.65198],
							"size": [0.95839, 0.53762, 63.50565],
							"inflate": 0.002,
							"pivot": [-2.59031, 24.5657, -25.84915],
							"rotation": [0, 0, -42.5],
							"uv": {
								"north": {"uv": [75, 106], "uv_size": [1, 1]},
								"east": {"uv": [58, 36], "uv_size": [64, 1]},
								"south": {"uv": [106, 75], "uv_size": [1, 1]},
								"west": {"uv": [58, 37], "uv_size": [64, 1]},
								"up": {"uv": [16, 56], "uv_size": [1, 64]},
								"down": {"uv": [17, 120], "uv_size": [1, -64]}
							}
						}
					]
				},
				{
					"name": "bulletstore",
					"parent": "Barrel",
					"pivot": [-2.59031, 22.7407, -45.64915]
				},
				{
					"name": "Chamber",
					"parent": "gun",
					"pivot": [-2.52369, 23.53254, -0.88291],
					"cubes": [
						{
							"origin": [-2.57587, 23.44695, -6.82852],
							"size": [0.90697, 0.97888, 4.54052],
							"pivot": [-2.52369, 23.53254, -0.88291],
							"rotation": [21, 0, -180],
							"uv": {
								"north": {"uv": [107, 0], "uv_size": [1, 1]},
								"east": {"uv": [98, 79], "uv_size": [5, 1]},
								"south": {"uv": [1, 107], "uv_size": [1, 1]},
								"west": {"uv": [99, 71], "uv_size": [5, 1]},
								"up": {"uv": [79, 101], "uv_size": [1, 5]},
								"down": {"uv": [82, 106], "uv_size": [1, -5]}
							}
						},
						{
							"origin": [-3.56786, 23.44695, -6.82852],
							"size": [0.99199, 0.97888, 4.54052],
							"pivot": [-2.52369, 23.53254, -0.88291],
							"rotation": [21, 0, -180],
							"uv": {
								"north": {"uv": [107, 1], "uv_size": [1, 1]},
								"east": {"uv": [100, 45], "uv_size": [5, 1]},
								"south": {"uv": [2, 107], "uv_size": [1, 1]},
								"west": {"uv": [100, 46], "uv_size": [5, 1]},
								"up": {"uv": [83, 101], "uv_size": [1, 5]},
								"down": {"uv": [87, 106], "uv_size": [1, -5]}
							}
						},
						{
							"origin": [-3.56786, 24.57732, -8.72596],
							"size": [0.99199, 1.03772, 2.32302],
							"pivot": [-2.52369, 25.16024, -15.48287],
							"rotation": [0, 0, -180],
							"uv": {
								"north": {"uv": [107, 102], "uv_size": [1, 1]},
								"east": {"uv": [105, 19], "uv_size": [2, 1]},
								"south": {"uv": [103, 107], "uv_size": [1, 1]},
								"west": {"uv": [22, 105], "uv_size": [2, 1]},
								"up": {"uv": [24, 105], "uv_size": [1, 2]},
								"down": {"uv": [25, 107], "uv_size": [1, -2]}
							}
						},
						{
							"origin": [-2.57587, 24.57732, -8.72596],
							"size": [0.90697, 1.03772, 2.32302],
							"pivot": [-2.52369, 25.16024, -15.48287],
							"rotation": [0, 0, -180],
							"uv": {
								"north": {"uv": [107, 101], "uv_size": [1, 1]},
								"east": {"uv": [105, 17], "uv_size": [2, 1]},
								"south": {"uv": [102, 107], "uv_size": [1, 1]},
								"west": {"uv": [105, 18], "uv_size": [2, 1]},
								"up": {"uv": [20, 105], "uv_size": [1, 2]},
								"down": {"uv": [21, 107], "uv_size": [1, -2]}
							}
						}
					]
				},
				{
					"name": "Lever",
					"parent": "gun",
					"pivot": [-2.54676, 19.15733, -7.93019]
				},
				{
					"name": "Teuing2",
					"parent": "Lever",
					"pivot": [-2.55, 16.2847, -1.20984],
					"rotation": [-90, 0, 0],
					"cubes": [
						{
							"origin": [-2.95078, 8.76848, -4.22925],
							"size": [0.80156, 3.77854, 1.98648],
							"pivot": [-2.55, 12.80775, -3.08601],
							"rotation": [-2.5, 0, 0],
							"uv": {
								"north": {"uv": [80, 103], "uv_size": [1, 4]},
								"east": {"uv": [78, 97], "uv_size": [2, 4]},
								"south": {"uv": [81, 103], "uv_size": [1, 4]},
								"west": {"uv": [82, 97], "uv_size": [2, 4]},
								"up": {"uv": [36, 105], "uv_size": [1, 2]},
								"down": {"uv": [105, 42], "uv_size": [1, -2]}
							}
						},
						{
							"origin": [-2.95078, 9.55565, -3.15684],
							"size": [0.80156, 3.17854, 0.58648],
							"pivot": [-2.55, 11.94492, -2.2636],
							"rotation": [-50, 0, 0],
							"uv": {
								"north": {"uv": [104, 7], "uv_size": [1, 3]},
								"east": {"uv": [104, 17], "uv_size": [1, 3]},
								"south": {"uv": [18, 104], "uv_size": [1, 3]},
								"west": {"uv": [19, 104], "uv_size": [1, 3]},
								"up": {"uv": [107, 105], "uv_size": [1, 1]},
								"down": {"uv": [106, 108], "uv_size": [1, -1]}
							}
						},
						{
							"origin": [-2.95078, 12.02098, -0.98128],
							"size": [0.80156, 0.77854, 0.58648],
							"pivot": [-2.55, 13.61025, -0.68804],
							"rotation": [-62.5, 0, 0],
							"uv": {
								"north": {"uv": [107, 106], "uv_size": [1, 1]},
								"east": {"uv": [107, 107], "uv_size": [1, 1]},
								"south": {"uv": [0, 108], "uv_size": [1, 1]},
								"west": {"uv": [108, 0], "uv_size": [1, 1]},
								"up": {"uv": [1, 108], "uv_size": [1, 1]},
								"down": {"uv": [108, 2], "uv_size": [1, -1]}
							}
						},
						{
							"origin": [-2.95078, 12.96431, -1.36972],
							"size": [0.80156, 1.37854, 0.58648],
							"pivot": [-2.55, 13.35358, -1.07648],
							"rotation": [-70, 0, 0],
							"uv": {
								"north": {"uv": [2, 108], "uv_size": [1, 1]},
								"east": {"uv": [108, 2], "uv_size": [1, 1]},
								"south": {"uv": [3, 108], "uv_size": [1, 1]},
								"west": {"uv": [108, 3], "uv_size": [1, 1]},
								"up": {"uv": [4, 108], "uv_size": [1, 1]},
								"down": {"uv": [108, 5], "uv_size": [1, -1]}
							}
						},
						{
							"origin": [-2.95078, 13.3948, -0.0003],
							"size": [0.80156, 4.37854, 0.58648],
							"pivot": [-2.55, 14.08407, 0.29294],
							"rotation": [-50, 0, 0],
							"uv": {
								"north": {"uv": [103, 83], "uv_size": [1, 4]},
								"east": {"uv": [84, 103], "uv_size": [1, 4]},
								"south": {"uv": [85, 103], "uv_size": [1, 4]},
								"west": {"uv": [103, 87], "uv_size": [1, 4]},
								"up": {"uv": [5, 108], "uv_size": [1, 1]},
								"down": {"uv": [108, 6], "uv_size": [1, -1]}
							}
						},
						{
							"origin": [-2.95078, 16.30894, 2.95534],
							"size": [0.80156, 0.97854, 0.58648],
							"pivot": [-2.55, 16.7982, 3.24858],
							"rotation": [-25, 0, 0],
							"uv": {
								"north": {"uv": [6, 108], "uv_size": [1, 1]},
								"east": {"uv": [108, 6], "uv_size": [1, 1]},
								"south": {"uv": [7, 108], "uv_size": [1, 1]},
								"west": {"uv": [108, 7], "uv_size": [1, 1]},
								"up": {"uv": [108, 8], "uv_size": [1, 1]},
								"down": {"uv": [108, 10], "uv_size": [1, -1]}
							}
						},
						{
							"origin": [-2.95078, 17.1518, 3.20102],
							"size": [0.80156, 1.47854, 0.58648],
							"pivot": [-2.55, 17.64106, 3.49426],
							"rotation": [-7.5, 0, 0],
							"uv": {
								"north": {"uv": [108, 10], "uv_size": [1, 1]},
								"east": {"uv": [108, 11], "uv_size": [1, 1]},
								"south": {"uv": [108, 12], "uv_size": [1, 1]},
								"west": {"uv": [108, 13], "uv_size": [1, 1]},
								"up": {"uv": [108, 14], "uv_size": [1, 1]},
								"down": {"uv": [108, 16], "uv_size": [1, -1]}
							}
						},
						{
							"origin": [-2.95078, 18.49103, 3.21099],
							"size": [0.80156, 1.47854, 0.58648],
							"pivot": [-2.55, 18.9803, 3.50423],
							"rotation": [15, 0, 0],
							"uv": {
								"north": {"uv": [108, 16], "uv_size": [1, 1]},
								"east": {"uv": [108, 17], "uv_size": [1, 1]},
								"south": {"uv": [18, 108], "uv_size": [1, 1]},
								"west": {"uv": [108, 18], "uv_size": [1, 1]},
								"up": {"uv": [19, 108], "uv_size": [1, 1]},
								"down": {"uv": [108, 20], "uv_size": [1, -1]}
							}
						},
						{
							"origin": [-2.95078, 19.75508, 2.71736],
							"size": [0.80156, 1.07854, 0.58648],
							"pivot": [-2.55, 20.24435, 3.0106],
							"rotation": [35, 0, 0],
							"uv": {
								"north": {"uv": [20, 108], "uv_size": [1, 1]},
								"east": {"uv": [108, 20], "uv_size": [1, 1]},
								"south": {"uv": [21, 108], "uv_size": [1, 1]},
								"west": {"uv": [108, 21], "uv_size": [1, 1]},
								"up": {"uv": [22, 108], "uv_size": [1, 1]},
								"down": {"uv": [108, 23], "uv_size": [1, -1]}
							}
						},
						{
							"origin": [-2.95078, 20.42154, 2.04937],
							"size": [0.80156, 1.47854, 0.58648],
							"pivot": [-2.55, 20.91081, 2.34261],
							"rotation": [57.5, 0, 0],
							"uv": {
								"north": {"uv": [23, 108], "uv_size": [1, 1]},
								"east": {"uv": [108, 23], "uv_size": [1, 1]},
								"south": {"uv": [24, 108], "uv_size": [1, 1]},
								"west": {"uv": [108, 24], "uv_size": [1, 1]},
								"up": {"uv": [25, 108], "uv_size": [1, 1]},
								"down": {"uv": [108, 26], "uv_size": [1, -1]}
							}
						},
						{
							"origin": [-2.95078, 21.27596, 1.0419],
							"size": [0.80156, 1.07854, 0.58648],
							"pivot": [-2.55, 21.76523, 1.33514],
							"rotation": [32.5, 0, 0],
							"uv": {
								"north": {"uv": [26, 108], "uv_size": [1, 1]},
								"east": {"uv": [108, 26], "uv_size": [1, 1]},
								"south": {"uv": [27, 108], "uv_size": [1, 1]},
								"west": {"uv": [108, 27], "uv_size": [1, 1]},
								"up": {"uv": [28, 108], "uv_size": [1, 1]},
								"down": {"uv": [108, 29], "uv_size": [1, -1]}
							}
						},
						{
							"origin": [-2.95078, 22.13471, 0.71394],
							"size": [0.80156, 1.07854, 0.58648],
							"pivot": [-2.55, 22.62398, 1.00718],
							"rotation": [6.5, 0, 0],
							"uv": {
								"north": {"uv": [29, 108], "uv_size": [1, 1]},
								"east": {"uv": [108, 29], "uv_size": [1, 1]},
								"south": {"uv": [30, 108], "uv_size": [1, 1]},
								"west": {"uv": [108, 30], "uv_size": [1, 1]},
								"up": {"uv": [31, 108], "uv_size": [1, 1]},
								"down": {"uv": [108, 32], "uv_size": [1, -1]}
							}
						},
						{
							"origin": [-2.95078, 23.07649, 0.77262],
							"size": [0.80156, 1.07854, 0.58648],
							"pivot": [-2.55, 23.56576, 1.06586],
							"rotation": [-16, 0, 0],
							"uv": {
								"north": {"uv": [32, 108], "uv_size": [1, 1]},
								"east": {"uv": [33, 108], "uv_size": [1, 1]},
								"south": {"uv": [34, 108], "uv_size": [1, 1]},
								"west": {"uv": [35, 108], "uv_size": [1, 1]},
								"up": {"uv": [36, 108], "uv_size": [1, 1]},
								"down": {"uv": [37, 109], "uv_size": [1, -1]}
							}
						}
					]
				},
				{
					"name": "hexadecagon",
					"parent": "Lever",
					"pivot": [-2.62, 19.52, -3.54],
					"cubes": [
						{
							"origin": [-2.893, 20.48988, -9.07],
							"size": [0.686, 1.42023, 7.14],
							"pivot": [-2.55, 21.2, -5.5],
							"rotation": [45, 0, 0],
							"uv": {
								"north": {"uv": [78, 108], "uv_size": [1, 1]},
								"east": {"uv": [94, 29], "uv_size": [7, 1]},
								"south": {"uv": [108, 78], "uv_size": [1, 1]},
								"west": {"uv": [96, 24], "uv_size": [7, 1]},
								"up": {"uv": [81, 64], "uv_size": [1, 7]},
								"down": {"uv": [92, 104], "uv_size": [1, -7]}
							}
						},
						{
							"origin": [-2.893, 20.48988, -9.07],
							"size": [0.686, 1.42023, 7.14],
							"pivot": [-2.55, 21.2, -5.5],
							"rotation": [22.5, 0, 0],
							"uv": {
								"north": {"uv": [79, 108], "uv_size": [1, 1]},
								"east": {"uv": [96, 25], "uv_size": [7, 1]},
								"south": {"uv": [108, 79], "uv_size": [1, 1]},
								"west": {"uv": [96, 26], "uv_size": [7, 1]},
								"up": {"uv": [97, 96], "uv_size": [1, 7]},
								"down": {"uv": [27, 105], "uv_size": [1, -7]}
							}
						},
						{
							"origin": [-2.893, 20.48988, -9.07],
							"size": [0.686, 1.42023, 7.14],
							"uv": {
								"north": {"uv": [80, 108], "uv_size": [1, 1]},
								"east": {"uv": [97, 47], "uv_size": [7, 1]},
								"south": {"uv": [108, 80], "uv_size": [1, 1]},
								"west": {"uv": [97, 72], "uv_size": [7, 1]},
								"up": {"uv": [28, 98], "uv_size": [1, 7]},
								"down": {"uv": [72, 105], "uv_size": [1, -7]}
							}
						},
						{
							"origin": [-2.893, 20.48988, -9.07],
							"size": [0.686, 1.42023, 7.14],
							"pivot": [-2.55, 21.2, -5.5],
							"rotation": [-22.5, 0, 0],
							"uv": {
								"north": {"uv": [81, 108], "uv_size": [1, 1]},
								"east": {"uv": [97, 73], "uv_size": [7, 1]},
								"south": {"uv": [108, 81], "uv_size": [1, 1]},
								"west": {"uv": [98, 14], "uv_size": [7, 1]},
								"up": {"uv": [73, 98], "uv_size": [1, 7]},
								"down": {"uv": [74, 105], "uv_size": [1, -7]}
							}
						},
						{
							"origin": [-2.893, 20.48988, -9.07],
							"size": [0.686, 1.42023, 7.14],
							"pivot": [-2.55, 21.2, -5.5],
							"rotation": [-45, 0, 0],
							"uv": {
								"north": {"uv": [82, 108], "uv_size": [1, 1]},
								"east": {"uv": [98, 15], "uv_size": [7, 1]},
								"south": {"uv": [108, 82], "uv_size": [1, 1]},
								"west": {"uv": [98, 16], "uv_size": [7, 1]},
								"up": {"uv": [75, 98], "uv_size": [1, 7]},
								"down": {"uv": [98, 95], "uv_size": [1, -7]}
							}
						},
						{
							"origin": [-2.893, 17.63, -6.21012],
							"size": [0.686, 7.14, 1.42023],
							"pivot": [-2.55, 21.2, -5.5],
							"rotation": [22.5, 0, 0],
							"uv": {
								"north": {"uv": [98, 95], "uv_size": [1, 7]},
								"east": {"uv": [29, 99], "uv_size": [1, 7]},
								"south": {"uv": [99, 64], "uv_size": [1, 7]},
								"west": {"uv": [99, 88], "uv_size": [1, 7]},
								"up": {"uv": [83, 108], "uv_size": [1, 1]},
								"down": {"uv": [108, 84], "uv_size": [1, -1]}
							}
						},
						{
							"origin": [-2.893, 17.63, -6.21012],
							"size": [0.686, 7.14, 1.42023],
							"uv": {
								"north": {"uv": [99, 95], "uv_size": [1, 7]},
								"east": {"uv": [46, 100], "uv_size": [1, 7]},
								"south": {"uv": [47, 100], "uv_size": [1, 7]},
								"west": {"uv": [48, 100], "uv_size": [1, 7]},
								"up": {"uv": [84, 108], "uv_size": [1, 1]},
								"down": {"uv": [108, 85], "uv_size": [1, -1]}
							}
						},
						{
							"origin": [-2.893, 17.63, -6.21012],
							"size": [0.686, 7.14, 1.42023],
							"pivot": [-2.55, 21.2, -5.5],
							"rotation": [-22.5, 0, 0],
							"uv": {
								"north": {"uv": [49, 100], "uv_size": [1, 7]},
								"east": {"uv": [50, 100], "uv_size": [1, 7]},
								"south": {"uv": [51, 100], "uv_size": [1, 7]},
								"west": {"uv": [100, 64], "uv_size": [1, 7]},
								"up": {"uv": [85, 108], "uv_size": [1, 1]},
								"down": {"uv": [108, 86], "uv_size": [1, -1]}
							}
						}
					]
				},
				{
					"name": "BulletShell",
					"parent": "gun",
					"pivot": [-2.52984, 24.73253, -9.96],
					"cubes": [
						{
							"origin": [-2.98276, 24.27961, -11.14778],
							"size": [0.90584, 0.90584, 2.37556],
							"uv": {
								"north": {"uv": [73, 105], "uv_size": [1, 1]},
								"east": {"uv": [104, 28], "uv_size": [2, 1]},
								"south": {"uv": [74, 105], "uv_size": [1, 1]},
								"west": {"uv": [35, 104], "uv_size": [2, 1]},
								"up": {"uv": [37, 104], "uv_size": [1, 2]},
								"down": {"uv": [38, 106], "uv_size": [1, -2]}
							}
						}
					]
				},
				{
					"name": "Bullet",
					"parent": "gun",
					"pivot": [-2.57518, 24.58395, -10.05764],
					"cubes": [
						{
							"origin": [-3.0281, 24.13103, -9.95289],
							"size": [0.90584, 0.90584, 2.37556],
							"uv": {
								"north": {"uv": [105, 74], "uv_size": [1, 1]},
								"east": {"uv": [104, 38], "uv_size": [2, 1]},
								"south": {"uv": [75, 105], "uv_size": [1, 1]},
								"west": {"uv": [104, 39], "uv_size": [2, 1]},
								"up": {"uv": [104, 40], "uv_size": [1, 2]},
								"down": {"uv": [104, 49], "uv_size": [1, -2]}
							}
						},
						{
							"origin": [-2.9194, 24.23973, -10.72889],
							"size": [0.68844, 0.68844, 0.952],
							"uv": {
								"north": {"uv": [105, 75], "uv_size": [1, 1]},
								"east": {"uv": [105, 79], "uv_size": [1, 1]},
								"south": {"uv": [105, 83], "uv_size": [1, 1]},
								"west": {"uv": [105, 84], "uv_size": [1, 1]},
								"up": {"uv": [105, 85], "uv_size": [1, 1]},
								"down": {"uv": [105, 87], "uv_size": [1, -1]}
							}
						},
						{
							"origin": [-2.84712, 24.31201, -11.58093],
							"size": [0.54387, 0.54387, 0.85208],
							"uv": {
								"north": {"uv": [105, 87], "uv_size": [1, 1]},
								"east": {"uv": [105, 88], "uv_size": [1, 1]},
								"south": {"uv": [90, 105], "uv_size": [1, 1]},
								"west": {"uv": [91, 105], "uv_size": [1, 1]},
								"up": {"uv": [105, 97], "uv_size": [1, 1]},
								"down": {"uv": [105, 99], "uv_size": [1, -1]}
							}
						}
					]
				},
				{
					"name": "sight",
					"parent": "gun",
					"pivot": [-2.59031, 25.5407, -36.54915],
					"cubes": [
						{
							"origin": [-2.7162, 25.62408, -80.55198],
							"size": [0.25178, 0.88963, 0.28065],
							"inflate": 0.002,
							"uv": {
								"north": {"uv": [104, 105], "uv_size": [1, 1]},
								"east": {"uv": [105, 105], "uv_size": [1, 1]},
								"south": {"uv": [1, 106], "uv_size": [1, 1]},
								"west": {"uv": [2, 106], "uv_size": [1, 1]},
								"up": {"uv": [3, 106], "uv_size": [1, 1]},
								"down": {"uv": [4, 107], "uv_size": [1, -1]}
							}
						},
						{
							"origin": [-2.7162, 25.42408, -80.37698],
							"size": [0.25178, 0.95072, 0.32564],
							"inflate": 0.002,
							"pivot": [-2.59031, 25.9564, -80.01165],
							"rotation": [32.5, 0, 0],
							"uv": {
								"north": {"uv": [5, 106], "uv_size": [1, 1]},
								"east": {"uv": [6, 106], "uv_size": [1, 1]},
								"south": {"uv": [106, 10], "uv_size": [1, 1]},
								"west": {"uv": [106, 11], "uv_size": [1, 1]},
								"up": {"uv": [106, 12], "uv_size": [1, 1]},
								"down": {"uv": [106, 14], "uv_size": [1, -1]}
							}
						},
						{
							"origin": [-3.06951, 25.69908, -22.95198],
							"size": [0.95839, 0.146, 3.58065],
							"inflate": 0.002,
							"uv": {
								"north": {"uv": [106, 20], "uv_size": [1, 1]},
								"east": {"uv": [101, 23], "uv_size": [4, 1]},
								"south": {"uv": [106, 21], "uv_size": [1, 1]},
								"west": {"uv": [102, 11], "uv_size": [4, 1]},
								"up": {"uv": [6, 102], "uv_size": [1, 4]},
								"down": {"uv": [102, 21], "uv_size": [1, -4]}
							}
						},
						{
							"origin": [-3.06951, 25.74908, -19.85198],
							"size": [0.25839, 0.396, 0.48065],
							"inflate": 0.002,
							"pivot": [-2.94031, 26.09708, -21.16165],
							"rotation": [0, 0, -27.5],
							"uv": {
								"north": {"uv": [22, 106], "uv_size": [1, 1]},
								"east": {"uv": [106, 22], "uv_size": [1, 1]},
								"south": {"uv": [23, 106], "uv_size": [1, 1]},
								"west": {"uv": [26, 106], "uv_size": [1, 1]},
								"up": {"uv": [106, 27], "uv_size": [1, 1]},
								"down": {"uv": [106, 29], "uv_size": [1, -1]}
							}
						},
						{
							"origin": [-3.07777, 26.08285, -19.85198],
							"size": [0.25839, 0.421, 0.48065],
							"inflate": 0.002,
							"uv": {
								"north": {"uv": [92, 108], "uv_size": [1, 1]},
								"east": {"uv": [108, 92], "uv_size": [1, 1]},
								"south": {"uv": [93, 108], "uv_size": [1, 1]},
								"west": {"uv": [108, 93], "uv_size": [1, 1]},
								"up": {"uv": [94, 108], "uv_size": [1, 1]},
								"down": {"uv": [108, 95], "uv_size": [1, -1]}
							}
						},
						{
							"origin": [-2.36125, 26.08285, -19.85198],
							"size": [0.25839, 0.421, 0.48065],
							"inflate": 0.002,
							"uv": {
								"north": {"uv": [95, 108], "uv_size": [1, 1]},
								"east": {"uv": [108, 95], "uv_size": [1, 1]},
								"south": {"uv": [96, 108], "uv_size": [1, 1]},
								"west": {"uv": [108, 96], "uv_size": [1, 1]},
								"up": {"uv": [97, 108], "uv_size": [1, 1]},
								"down": {"uv": [108, 98], "uv_size": [1, -1]}
							}
						},
						{
							"origin": [-2.86951, 25.74908, -19.85198],
							"size": [0.55839, 0.271, 0.48065],
							"inflate": 0.002,
							"uv": {
								"north": {"uv": [29, 106], "uv_size": [1, 1]},
								"east": {"uv": [30, 106], "uv_size": [1, 1]},
								"south": {"uv": [106, 30], "uv_size": [1, 1]},
								"west": {"uv": [31, 106], "uv_size": [1, 1]},
								"up": {"uv": [106, 31], "uv_size": [1, 1]},
								"down": {"uv": [32, 107], "uv_size": [1, -1]}
							}
						},
						{
							"origin": [-2.36951, 25.74908, -19.85198],
							"size": [0.25839, 0.396, 0.48065],
							"inflate": 0.002,
							"pivot": [-2.24031, 26.09708, -21.16165],
							"rotation": [0, 0, 27.5],
							"uv": {
								"north": {"uv": [33, 106], "uv_size": [1, 1]},
								"east": {"uv": [34, 106], "uv_size": [1, 1]},
								"south": {"uv": [37, 106], "uv_size": [1, 1]},
								"west": {"uv": [38, 106], "uv_size": [1, 1]},
								"up": {"uv": [106, 38], "uv_size": [1, 1]},
								"down": {"uv": [39, 107], "uv_size": [1, -1]}
							}
						}
					]
				},
				{
					"name": "Hammer2",
					"parent": "gun",
					"pivot": [-4.1, 22.36864, -3.06977],
					"rotation": [-100, 0, 0],
					"cubes": [
						{
							"origin": [-4.22578, 21.95994, -6.33688],
							"size": [0.92656, 2.68648, 0.77854],
							"pivot": [-4.1, 23.45318, -5.99761],
							"rotation": [-22.5, 0, 0],
							"uv": {
								"north": {"uv": [97, 103], "uv_size": [1, 3]},
								"east": {"uv": [103, 100], "uv_size": [1, 3]},
								"south": {"uv": [103, 103], "uv_size": [1, 3]},
								"west": {"uv": [104, 0], "uv_size": [1, 3]},
								"up": {"uv": [107, 2], "uv_size": [1, 1]},
								"down": {"uv": [3, 108], "uv_size": [1, -1]}
							}
						},
						{
							"origin": [-4.20078, 23.20397, -6.80399],
							"size": [0.85156, 1.38648, 0.47854],
							"pivot": [-4.1, 23.99721, -6.46472],
							"rotation": [-171, 0, 0],
							"uv": {
								"north": {"uv": [107, 3], "uv_size": [1, 1]},
								"east": {"uv": [4, 107], "uv_size": [1, 1]},
								"south": {"uv": [107, 4], "uv_size": [1, 1]},
								"west": {"uv": [5, 107], "uv_size": [1, 1]},
								"up": {"uv": [107, 5], "uv_size": [1, 1]},
								"down": {"uv": [6, 108], "uv_size": [1, -1]}
							}
						},
						{
							"origin": [-4.20078, 23.89612, -6.55297],
							"size": [0.85156, 0.58648, 0.47854],
							"pivot": [-4.1, 24.58936, -6.4137],
							"rotation": [169, 0, 0],
							"uv": {
								"north": {"uv": [107, 6], "uv_size": [1, 1]},
								"east": {"uv": [7, 107], "uv_size": [1, 1]},
								"south": {"uv": [107, 7], "uv_size": [1, 1]},
								"west": {"uv": [107, 8], "uv_size": [1, 1]},
								"up": {"uv": [107, 9], "uv_size": [1, 1]},
								"down": {"uv": [107, 11], "uv_size": [1, -1]}
							}
						},
						{
							"origin": [-4.20078, 25.30003, -6.51013],
							"size": [0.85156, 0.48648, 0.47854],
							"pivot": [-4.1, 25.49327, -6.27086],
							"rotation": [154, 0, 0],
							"uv": {
								"north": {"uv": [107, 11], "uv_size": [1, 1]},
								"east": {"uv": [107, 12], "uv_size": [1, 1]},
								"south": {"uv": [107, 13], "uv_size": [1, 1]},
								"west": {"uv": [107, 14], "uv_size": [1, 1]},
								"up": {"uv": [107, 15], "uv_size": [1, 1]},
								"down": {"uv": [107, 17], "uv_size": [1, -1]}
							}
						},
						{
							"origin": [-4.20078, 24.60718, -6.38796],
							"size": [0.85156, 0.48648, 0.47854],
							"pivot": [-4.1, 25.30042, -6.14869],
							"rotation": [-165, 0, 0],
							"uv": {
								"north": {"uv": [107, 17], "uv_size": [1, 1]},
								"east": {"uv": [18, 107], "uv_size": [1, 1]},
								"south": {"uv": [107, 18], "uv_size": [1, 1]},
								"west": {"uv": [19, 107], "uv_size": [1, 1]},
								"up": {"uv": [107, 19], "uv_size": [1, 1]},
								"down": {"uv": [20, 108], "uv_size": [1, -1]}
							}
						},
						{
							"origin": [-4.20078, 25.66265, -5.68476],
							"size": [0.85156, 0.48648, 0.32854],
							"pivot": [-4.1, 26.35589, -6.14549],
							"rotation": [-95, 0, 0],
							"uv": {
								"north": {"uv": [107, 20], "uv_size": [1, 1]},
								"east": {"uv": [21, 107], "uv_size": [1, 1]},
								"south": {"uv": [107, 21], "uv_size": [1, 1]},
								"west": {"uv": [22, 107], "uv_size": [1, 1]},
								"up": {"uv": [107, 22], "uv_size": [1, 1]},
								"down": {"uv": [23, 108], "uv_size": [1, -1]}
							}
						},
						{
							"origin": [-4.22578, 14.30844, -3.49863],
							"size": [0.92656, 1.28648, 0.67854],
							"pivot": [0.4922, 14.90688, -13.07536],
							"rotation": [45, 0, 0],
							"uv": {
								"north": {"uv": [107, 23], "uv_size": [1, 1]},
								"east": {"uv": [24, 107], "uv_size": [1, 1]},
								"south": {"uv": [107, 24], "uv_size": [1, 1]},
								"west": {"uv": [25, 107], "uv_size": [1, 1]},
								"up": {"uv": [107, 25], "uv_size": [1, 1]},
								"down": {"uv": [26, 108], "uv_size": [1, -1]}
							}
						},
						{
							"origin": [-4.22578, 23.52562, -8.85762],
							"size": [0.92656, 0.67854, 0.88648],
							"pivot": [0.4922, 14.90688, -13.07536],
							"rotation": [-22.5, 0, 0],
							"uv": {
								"north": {"uv": [107, 26], "uv_size": [1, 1]},
								"east": {"uv": [27, 107], "uv_size": [1, 1]},
								"south": {"uv": [107, 27], "uv_size": [1, 1]},
								"west": {"uv": [28, 107], "uv_size": [1, 1]},
								"up": {"uv": [107, 28], "uv_size": [1, 1]},
								"down": {"uv": [29, 108], "uv_size": [1, -1]}
							}
						},
						{
							"origin": [-4.22578, 20.91625, -5.06143],
							"size": [0.92656, 0.67854, 0.88648],
							"uv": {
								"north": {"uv": [107, 29], "uv_size": [1, 1]},
								"east": {"uv": [30, 107], "uv_size": [1, 1]},
								"south": {"uv": [107, 30], "uv_size": [1, 1]},
								"west": {"uv": [31, 107], "uv_size": [1, 1]},
								"up": {"uv": [107, 31], "uv_size": [1, 1]},
								"down": {"uv": [32, 108], "uv_size": [1, -1]}
							}
						},
						{
							"origin": [-4.22578, 17.05278, -2.55277],
							"size": [0.92656, 0.67854, 0.88648],
							"pivot": [0.4922, 14.90688, -13.07536],
							"rotation": [22.5, 0, 0],
							"uv": {
								"north": {"uv": [33, 107], "uv_size": [1, 1]},
								"east": {"uv": [34, 107], "uv_size": [1, 1]},
								"south": {"uv": [35, 107], "uv_size": [1, 1]},
								"west": {"uv": [36, 107], "uv_size": [1, 1]},
								"up": {"uv": [37, 107], "uv_size": [1, 1]},
								"down": {"uv": [38, 108], "uv_size": [1, -1]}
							}
						},
						{
							"origin": [-4.22578, 26.26869, -11.37039],
							"size": [0.92656, 0.88648, 0.67854],
							"pivot": [0.4922, 14.90688, -13.07536],
							"rotation": [-45, 0, 0],
							"uv": {
								"north": {"uv": [107, 38], "uv_size": [1, 1]},
								"east": {"uv": [39, 107], "uv_size": [1, 1]},
								"south": {"uv": [107, 39], "uv_size": [1, 1]},
								"west": {"uv": [107, 40], "uv_size": [1, 1]},
								"up": {"uv": [107, 41], "uv_size": [1, 1]},
								"down": {"uv": [107, 43], "uv_size": [1, -1]}
							}
						},
						{
							"origin": [-4.22578, 25.31069, -6.66461],
							"size": [0.92656, 0.68648, 0.47854],
							"pivot": [0.4922, 14.90688, -13.07536],
							"rotation": [-22.5, 0, 0],
							"uv": {
								"north": {"uv": [107, 43], "uv_size": [1, 1]},
								"east": {"uv": [107, 44], "uv_size": [1, 1]},
								"south": {"uv": [107, 45], "uv_size": [1, 1]},
								"west": {"uv": [46, 107], "uv_size": [1, 1]},
								"up": {"uv": [107, 46], "uv_size": [1, 1]},
								"down": {"uv": [47, 108], "uv_size": [1, -1]}
							}
						},
						{
							"origin": [-4.04819, 22.25878, -7.82081],
							"size": [0.56191, 0.56191, 2.4],
							"pivot": [-3.76723, 22.53974, -7.67081],
							"rotation": [28.23567, 25.03798, -38.26436],
							"uv": {
								"north": {"uv": [107, 98], "uv_size": [1, 1]},
								"east": {"uv": [105, 9], "uv_size": [2, 1]},
								"south": {"uv": [99, 107], "uv_size": [1, 1]},
								"west": {"uv": [105, 14], "uv_size": [2, 1]},
								"up": {"uv": [92, 104], "uv_size": [1, 2]},
								"down": {"uv": [102, 106], "uv_size": [1, -2]}
							}
						}
					]
				},
				{
					"name": "hexadecagon3",
					"parent": "Hammer2",
					"pivot": [-4.4, 22.42322, -3.14652],
					"rotation": [47.5, 0, 0],
					"cubes": [
						{
							"origin": [-4.2514, 22.28287, -3.85212],
							"size": [0.9778, 0.28071, 1.4112],
							"pivot": [-4.4, 22.42322, -3.14652],
							"rotation": [45, 0, 0],
							"uv": {
								"north": {"uv": [107, 47], "uv_size": [1, 1]},
								"east": {"uv": [48, 107], "uv_size": [1, 1]},
								"south": {"uv": [107, 48], "uv_size": [1, 1]},
								"west": {"uv": [49, 107], "uv_size": [1, 1]},
								"up": {"uv": [107, 49], "uv_size": [1, 1]},
								"down": {"uv": [50, 108], "uv_size": [1, -1]}
							}
						},
						{
							"origin": [-4.2514, 22.28287, -3.85212],
							"size": [0.9778, 0.28071, 1.4112],
							"pivot": [-4.4, 22.42322, -3.14652],
							"rotation": [22.5, 0, 0],
							"uv": {
								"north": {"uv": [107, 50], "uv_size": [1, 1]},
								"east": {"uv": [51, 107], "uv_size": [1, 1]},
								"south": {"uv": [107, 51], "uv_size": [1, 1]},
								"west": {"uv": [52, 107], "uv_size": [1, 1]},
								"up": {"uv": [53, 107], "uv_size": [1, 1]},
								"down": {"uv": [54, 108], "uv_size": [1, -1]}
							}
						},
						{
							"origin": [-4.2514, 22.28287, -3.85212],
							"size": [0.9778, 0.28071, 1.4112],
							"uv": {
								"north": {"uv": [55, 107], "uv_size": [1, 1]},
								"east": {"uv": [56, 107], "uv_size": [1, 1]},
								"south": {"uv": [57, 107], "uv_size": [1, 1]},
								"west": {"uv": [58, 107], "uv_size": [1, 1]},
								"up": {"uv": [107, 58], "uv_size": [1, 1]},
								"down": {"uv": [59, 108], "uv_size": [1, -1]}
							}
						},
						{
							"origin": [-4.2514, 22.28287, -3.85212],
							"size": [0.9778, 0.28071, 1.4112],
							"pivot": [-4.4, 22.42322, -3.14652],
							"rotation": [-22.5, 0, 0],
							"uv": {
								"north": {"uv": [107, 59], "uv_size": [1, 1]},
								"east": {"uv": [60, 107], "uv_size": [1, 1]},
								"south": {"uv": [107, 60], "uv_size": [1, 1]},
								"west": {"uv": [61, 107], "uv_size": [1, 1]},
								"up": {"uv": [107, 61], "uv_size": [1, 1]},
								"down": {"uv": [62, 108], "uv_size": [1, -1]}
							}
						},
						{
							"origin": [-4.2514, 22.28287, -3.85212],
							"size": [0.9778, 0.28071, 1.4112],
							"pivot": [-4.4, 22.42322, -3.14652],
							"rotation": [-45, 0, 0],
							"uv": {
								"north": {"uv": [107, 62], "uv_size": [1, 1]},
								"east": {"uv": [63, 107], "uv_size": [1, 1]},
								"south": {"uv": [107, 63], "uv_size": [1, 1]},
								"west": {"uv": [64, 107], "uv_size": [1, 1]},
								"up": {"uv": [107, 64], "uv_size": [1, 1]},
								"down": {"uv": [65, 108], "uv_size": [1, -1]}
							}
						},
						{
							"origin": [-4.2514, 21.71762, -3.28687],
							"size": [0.9778, 1.4112, 0.28071],
							"pivot": [-4.4, 22.42322, -3.14652],
							"rotation": [22.5, 0, 0],
							"uv": {
								"north": {"uv": [107, 65], "uv_size": [1, 1]},
								"east": {"uv": [66, 107], "uv_size": [1, 1]},
								"south": {"uv": [107, 66], "uv_size": [1, 1]},
								"west": {"uv": [67, 107], "uv_size": [1, 1]},
								"up": {"uv": [107, 67], "uv_size": [1, 1]},
								"down": {"uv": [68, 108], "uv_size": [1, -1]}
							}
						},
						{
							"origin": [-4.2514, 21.71762, -3.28687],
							"size": [0.9778, 1.4112, 0.28071],
							"uv": {
								"north": {"uv": [107, 68], "uv_size": [1, 1]},
								"east": {"uv": [69, 107], "uv_size": [1, 1]},
								"south": {"uv": [107, 69], "uv_size": [1, 1]},
								"west": {"uv": [70, 107], "uv_size": [1, 1]},
								"up": {"uv": [107, 70], "uv_size": [1, 1]},
								"down": {"uv": [71, 108], "uv_size": [1, -1]}
							}
						},
						{
							"origin": [-4.2514, 21.71762, -3.28687],
							"size": [0.9778, 1.4112, 0.28071],
							"pivot": [-4.4, 22.42322, -3.14652],
							"rotation": [-22.5, 0, 0],
							"uv": {
								"north": {"uv": [107, 71], "uv_size": [1, 1]},
								"east": {"uv": [72, 107], "uv_size": [1, 1]},
								"south": {"uv": [107, 72], "uv_size": [1, 1]},
								"west": {"uv": [73, 107], "uv_size": [1, 1]},
								"up": {"uv": [107, 73], "uv_size": [1, 1]},
								"down": {"uv": [74, 108], "uv_size": [1, -1]}
							}
						}
					]
				},
				{
					"name": "hexadecagon4",
					"parent": "Hammer2",
					"pivot": [-4.3575, 24.27584, -5.32689],
					"rotation": [47.5, 0, 0],
					"cubes": [
						{
							"origin": [-4.25391, 24.45935, -5.21254],
							"size": [0.95782, 0.23299, 0.4713],
							"pivot": [-4.3575, 24.57584, -5.32689],
							"rotation": [45, 0, 0],
							"uv": {
								"north": {"uv": [107, 74], "uv_size": [1, 1]},
								"east": {"uv": [75, 107], "uv_size": [1, 1]},
								"south": {"uv": [107, 75], "uv_size": [1, 1]},
								"west": {"uv": [76, 107], "uv_size": [1, 1]},
								"up": {"uv": [107, 76], "uv_size": [1, 1]},
								"down": {"uv": [77, 108], "uv_size": [1, -1]}
							}
						},
						{
							"origin": [-4.25391, 24.45935, -5.21254],
							"size": [0.95782, 0.23299, 0.4713],
							"pivot": [-4.3575, 24.57584, -5.32689],
							"rotation": [22.5, 0, 0],
							"uv": {
								"north": {"uv": [107, 77], "uv_size": [1, 1]},
								"east": {"uv": [78, 107], "uv_size": [1, 1]},
								"south": {"uv": [107, 78], "uv_size": [1, 1]},
								"west": {"uv": [79, 107], "uv_size": [1, 1]},
								"up": {"uv": [107, 79], "uv_size": [1, 1]},
								"down": {"uv": [80, 108], "uv_size": [1, -1]}
							}
						},
						{
							"origin": [-4.25391, 24.45935, -5.31254],
							"size": [0.95782, 0.23299, 0.5713],
							"uv": {
								"north": {"uv": [107, 80], "uv_size": [1, 1]},
								"east": {"uv": [81, 107], "uv_size": [1, 1]},
								"south": {"uv": [107, 81], "uv_size": [1, 1]},
								"west": {"uv": [82, 107], "uv_size": [1, 1]},
								"up": {"uv": [107, 82], "uv_size": [1, 1]},
								"down": {"uv": [83, 108], "uv_size": [1, -1]}
							}
						},
						{
							"origin": [-4.25391, 24.45935, -5.21254],
							"size": [0.95782, 0.23299, 0.4713],
							"pivot": [-4.3575, 24.57584, -5.32689],
							"rotation": [-22.5, 0, 0],
							"uv": {
								"north": {"uv": [107, 83], "uv_size": [1, 1]},
								"east": {"uv": [84, 107], "uv_size": [1, 1]},
								"south": {"uv": [107, 84], "uv_size": [1, 1]},
								"west": {"uv": [85, 107], "uv_size": [1, 1]},
								"up": {"uv": [107, 85], "uv_size": [1, 1]},
								"down": {"uv": [86, 108], "uv_size": [1, -1]}
							}
						},
						{
							"origin": [-4.25391, 24.45935, -5.91254],
							"size": [0.95782, 0.23299, 1.1713],
							"pivot": [-4.3575, 24.57584, -5.32689],
							"rotation": [-45, 0, 0],
							"uv": {
								"north": {"uv": [107, 86], "uv_size": [1, 1]},
								"east": {"uv": [87, 107], "uv_size": [1, 1]},
								"south": {"uv": [107, 87], "uv_size": [1, 1]},
								"west": {"uv": [88, 107], "uv_size": [1, 1]},
								"up": {"uv": [107, 88], "uv_size": [1, 1]},
								"down": {"uv": [89, 108], "uv_size": [1, -1]}
							}
						},
						{
							"origin": [-4.25391, 23.9902, -5.44338],
							"size": [0.95782, 1.1713, 0.23299],
							"pivot": [-4.3575, 24.57584, -5.32689],
							"rotation": [22.5, 0, 0],
							"uv": {
								"north": {"uv": [107, 89], "uv_size": [1, 1]},
								"east": {"uv": [90, 107], "uv_size": [1, 1]},
								"south": {"uv": [107, 90], "uv_size": [1, 1]},
								"west": {"uv": [91, 107], "uv_size": [1, 1]},
								"up": {"uv": [107, 91], "uv_size": [1, 1]},
								"down": {"uv": [92, 108], "uv_size": [1, -1]}
							}
						},
						{
							"origin": [-4.25391, 24.7902, -5.44338],
							"size": [0.95782, 0.3713, 0.23299],
							"uv": {
								"north": {"uv": [107, 92], "uv_size": [1, 1]},
								"east": {"uv": [93, 107], "uv_size": [1, 1]},
								"south": {"uv": [107, 93], "uv_size": [1, 1]},
								"west": {"uv": [94, 107], "uv_size": [1, 1]},
								"up": {"uv": [107, 94], "uv_size": [1, 1]},
								"down": {"uv": [95, 108], "uv_size": [1, -1]}
							}
						},
						{
							"origin": [-4.25391, 24.6902, -5.44338],
							"size": [0.95782, 0.4713, 0.23299],
							"pivot": [-4.3575, 24.57584, -5.32689],
							"rotation": [-22.5, 0, 0],
							"uv": {
								"north": {"uv": [107, 95], "uv_size": [1, 1]},
								"east": {"uv": [96, 107], "uv_size": [1, 1]},
								"south": {"uv": [107, 96], "uv_size": [1, 1]},
								"west": {"uv": [97, 107], "uv_size": [1, 1]},
								"up": {"uv": [107, 97], "uv_size": [1, 1]},
								"down": {"uv": [98, 108], "uv_size": [1, -1]}
							}
						}
					]
				},
				{
					"name": "Rod",
					"parent": "gun",
					"pivot": [-2.43493, 16.6315, 34.01391],
					"cubes": [
						{
							"origin": [-3.14993, 15.4415, 18.68641],
							"size": [1.43, 1.43, 20.63],
							"pivot": [-2.43493, 16.1565, 29.00141],
							"rotation": [0, 0, -135],
							"uv": {
								"north": {"uv": [107, 99], "uv_size": [1, 1]},
								"east": {"uv": [82, 42], "uv_size": [21, 1]},
								"south": {"uv": [100, 107], "uv_size": [1, 1]},
								"west": {"uv": [83, 0], "uv_size": [21, 1]},
								"up": {"uv": [83, 64], "uv_size": [1, 21]},
								"down": {"uv": [54, 105], "uv_size": [1, -21]}
							}
						},
						{
							"origin": [-0.49478, 24.38572, 38.68641],
							"size": [2.03, 3.93, 0.68],
							"pivot": [-0.95735, 21.72861, 15.40685],
							"rotation": [0, 0, -180],
							"uv": {
								"north": {"uv": [97, 68], "uv_size": [2, 4]},
								"east": {"uv": [70, 103], "uv_size": [1, 4]},
								"south": {"uv": [76, 97], "uv_size": [2, 4]},
								"west": {"uv": [71, 103], "uv_size": [1, 4]},
								"up": {"uv": [105, 15], "uv_size": [2, 1]},
								"down": {"uv": [105, 17], "uv_size": [2, -1]}
							}
						}
					]
				},
				{
					"name": "RodLoader",
					"parent": "gun",
					"pivot": [-2.4545, 12.14656, 38.30375],
					"rotation": [0, 0, 45],
					"cubes": [
						{
							"origin": [-0.21435, 22.57578, 18.38875],
							"size": [1.43, 1.43, 20.63],
							"pivot": [-0.97692, 17.71867, 15.10919],
							"rotation": [0, 0, -180],
							"uv": {
								"north": {"uv": [107, 100], "uv_size": [1, 1]},
								"east": {"uv": [83, 1], "uv_size": [21, 1]},
								"south": {"uv": [101, 107], "uv_size": [1, 1]},
								"west": {"uv": [83, 2], "uv_size": [21, 1]},
								"up": {"uv": [55, 84], "uv_size": [1, 21]},
								"down": {"uv": [56, 105], "uv_size": [1, -21]}
							}
						}
					]
				},
				{
					"name": "rightarm",
					"parent": "main",
					"pivot": [-4.3, 8.8, 21.8],
					"rotation": [-101.81106, -12.40003, -2.46982],
					"cubes": [
						{
							"origin": [-12.3, -18.2, 16.8],
							"size": [8, 24, 8],
							"uv": {
								"north": {"uv": [0, 0], "uv_size": [8, 24]},
								"east": {"uv": [8, 0], "uv_size": [8, 24]},
								"south": {"uv": [16, 0], "uv_size": [8, 24]},
								"west": {"uv": [0, 24], "uv_size": [8, 24]},
								"up": {"uv": [8, 48], "uv_size": [8, 8]},
								"down": {"uv": [16, 56], "uv_size": [8, -8]}
							}
						}
					]
				},
				{
					"name": "leftarm",
					"parent": "main",
					"pivot": [10.7, 11.3, -8.6],
					"rotation": [-119.61483, 1.67666, -38.31282],
					"cubes": [
						{
							"origin": [3.7, -11.7, -15],
							"size": [8, 24, 8],
							"uv": {
								"north": {"uv": [24, 0], "uv_size": [8, 24]},
								"east": {"uv": [8, 24], "uv_size": [8, 24]},
								"south": {"uv": [16, 24], "uv_size": [8, 24]},
								"west": {"uv": [24, 24], "uv_size": [8, 24]},
								"up": {"uv": [24, 48], "uv_size": [8, 8]},
								"down": {"uv": [32, 56], "uv_size": [8, -8]}
							}
						}
					]
				},
				{
					"name": "muzzleflash",
					"parent": "main",
					"pivot": [-2.6, 24.6, -84.05],
					"cubes": [
						{
							"origin": [-3.1, 24.1, -84.55],
							"size": [1, 1, 1],
							"inflate": -0.4,
							"uv": {
								"north": {"uv": [106, 39], "uv_size": [1, 1]},
								"east": {"uv": [106, 40], "uv_size": [1, 1]},
								"south": {"uv": [106, 41], "uv_size": [1, 1]},
								"west": {"uv": [106, 49], "uv_size": [1, 1]},
								"up": {"uv": [106, 50], "uv_size": [1, 1]},
								"down": {"uv": [106, 52], "uv_size": [1, -1]}
							}
						}
					]
				},
				{
					"name": "scope",
					"parent": "main",
					"pivot": [-2.58743, 26.44071, 2.24602],
					"cubes": [
						{
							"origin": [-3.08743, 25.94071, 1.74602],
							"size": [1, 1, 1],
							"inflate": -0.4,
							"uv": {
								"north": {"uv": [54, 106], "uv_size": [1, 1]},
								"east": {"uv": [55, 106], "uv_size": [1, 1]},
								"south": {"uv": [56, 106], "uv_size": [1, 1]},
								"west": {"uv": [57, 106], "uv_size": [1, 1]},
								"up": {"uv": [58, 106], "uv_size": [1, 1]},
								"down": {"uv": [106, 59], "uv_size": [1, -1]}
							}
						}
					]
				},
				{
					"name": "_cb_scope",
					"parent": "main",
					"pivot": [-0.47809, 14.56801, 16.14341],
					"cubes": [
						{
							"origin": [-1.95309, 22.628, -13.7216],
							"size": [1, 1, 1],
							"uv": {
								"north": {"uv": [62, 147], "uv_size": [1, 1]},
								"east": {"uv": [147, 62], "uv_size": [1, 1]},
								"south": {"uv": [63, 147], "uv_size": [1, 1]},
								"west": {"uv": [147, 63], "uv_size": [1, 1]},
								"up": {"uv": [64, 147], "uv_size": [1, 1]},
								"down": {"uv": [147, 65], "uv_size": [1, -1]}
							}
						}
					]
				}
			]
		}
	]
}