{
	"format_version": "1.12.0",
	"minecraft:geometry": [
		{
			"description": {
				"identifier": "geometry.unknown",
				"texture_width": 128,
				"texture_height": 128,
				"visible_bounds_width": 12,
				"visible_bounds_height": 4,
				"visible_bounds_offset": [0, 1, 0]
			},
			"bones": [
				{
					"name": "main",
					"pivot": [0, 22, 0]
				},
				{
					"name": "gun",
					"parent": "main",
					"pivot": [1, 13, -1]
				},
				{
					"name": "Grip",
					"parent": "gun",
					"pivot": [-4.728, 21.89017, -4.60048],
					"cubes": [
						{
							"origin": [-5.0763, 19.17559, -13.50333],
							"size": [1.15319, 4.31833, 2.03874],
							"pivot": [-3.91845, 21.23017, -13.43396],
							"rotation": [25, 0, -180],
							"uv": {
								"north": {"uv": [40, 28], "uv_size": [1, 4]},
								"east": {"uv": [23, 55], "uv_size": [2, 4]},
								"south": {"uv": [46, 65], "uv_size": [1, 4]},
								"west": {"uv": [55, 53], "uv_size": [2, 4]},
								"up": {"uv": [33, 70], "uv_size": [1, 2]},
								"down": {"uv": [34, 72], "uv_size": [1, -2]}
							}
						},
						{
							"origin": [-4.2513, 19.07559, -13.50333],
							"size": [0.82819, 4.5, 2.03874],
							"pivot": [-3.91845, 21.23017, -13.43396],
							"rotation": [25, 0, -180],
							"uv": {
								"north": {"uv": [56, 61], "uv_size": [1, 5]},
								"east": {"uv": [3, 55], "uv_size": [2, 5]},
								"south": {"uv": [57, 61], "uv_size": [1, 5]},
								"west": {"uv": [5, 55], "uv_size": [2, 5]},
								"up": {"uv": [40, 70], "uv_size": [1, 2]},
								"down": {"uv": [70, 46], "uv_size": [1, -2]}
							}
						},
						{
							"origin": [-5.5704, 22.1294, -10.82511],
							"size": [1.40319, 4.36879, 4.93555],
							"pivot": [-4.728, 21.99017, -10.20048],
							"rotation": [37.5, 0, -180],
							"uv": {
								"north": {"uv": [51, 65], "uv_size": [1, 4]},
								"east": {"uv": [30, 48], "uv_size": [5, 4]},
								"south": {"uv": [52, 65], "uv_size": [1, 4]},
								"west": {"uv": [48, 41], "uv_size": [5, 4]},
								"up": {"uv": [58, 61], "uv_size": [1, 5]},
								"down": {"uv": [59, 66], "uv_size": [1, -5]}
							}
						},
						{
							"origin": [-6.8704, 22.1294, -10.82511],
							"size": [1.32819, 4.36879, 4.93555],
							"pivot": [-4.728, 21.99017, -10.20048],
							"rotation": [37.5, 0, -180],
							"uv": {
								"north": {"uv": [53, 65], "uv_size": [1, 4]},
								"east": {"uv": [48, 45], "uv_size": [5, 4]},
								"south": {"uv": [54, 65], "uv_size": [1, 4]},
								"west": {"uv": [49, 0], "uv_size": [5, 4]},
								"up": {"uv": [61, 60], "uv_size": [1, 5]},
								"down": {"uv": [7, 67], "uv_size": [1, -5]}
							}
						},
						{
							"origin": [-5.8704, 22.03877, -10.86738],
							"size": [0.82819, 4.50724, 4.97781],
							"pivot": [-4.728, 21.99017, -10.20048],
							"rotation": [37.5, 0, -180],
							"uv": {
								"north": {"uv": [8, 62], "uv_size": [1, 5]},
								"east": {"uv": [45, 16], "uv_size": [5, 5]},
								"south": {"uv": [62, 8], "uv_size": [1, 5]},
								"west": {"uv": [45, 21], "uv_size": [5, 5]},
								"up": {"uv": [62, 41], "uv_size": [1, 5]},
								"down": {"uv": [62, 65], "uv_size": [1, -5]}
							}
						},
						{
							"origin": [-6.8704, 16.89681, -8.93358],
							"size": [1.32819, 4.67316, 8.93532],
							"pivot": [-4.728, 18.34017, -8.20048],
							"rotation": [82.5, 0, -180],
							"uv": {
								"north": {"uv": [63, 8], "uv_size": [1, 5]},
								"east": {"uv": [32, 32], "uv_size": [9, 5]},
								"south": {"uv": [35, 63], "uv_size": [1, 5]},
								"west": {"uv": [32, 37], "uv_size": [9, 5]},
								"up": {"uv": [25, 49], "uv_size": [1, 9]},
								"down": {"uv": [9, 60], "uv_size": [1, -9]}
							}
						},
						{
							"origin": [-5.5704, 16.89681, -8.93358],
							"size": [1.40319, 4.67316, 8.93532],
							"pivot": [-4.728, 18.34017, -8.20048],
							"rotation": [82.5, 0, -180],
							"uv": {
								"north": {"uv": [36, 63], "uv_size": [1, 5]},
								"east": {"uv": [40, 0], "uv_size": [9, 5]},
								"south": {"uv": [63, 41], "uv_size": [1, 5]},
								"west": {"uv": [40, 5], "uv_size": [9, 5]},
								"up": {"uv": [34, 52], "uv_size": [1, 9]},
								"down": {"uv": [10, 64], "uv_size": [1, -9]}
							}
						},
						{
							"origin": [-6.8704, 15.89681, -3.93358],
							"size": [1.32819, 1, 3.93532],
							"pivot": [-4.728, 18.34017, -8.20048],
							"rotation": [82.5, 0, -180],
							"uv": {
								"north": {"uv": [73, 19], "uv_size": [1, 1]},
								"east": {"uv": [65, 0], "uv_size": [4, 1]},
								"south": {"uv": [20, 73], "uv_size": [1, 1]},
								"west": {"uv": [65, 49], "uv_size": [4, 1]},
								"up": {"uv": [65, 60], "uv_size": [1, 4]},
								"down": {"uv": [61, 69], "uv_size": [1, -4]}
							}
						},
						{
							"origin": [-5.5704, 15.89681, -3.93358],
							"size": [1.40319, 1, 3.93532],
							"pivot": [-4.728, 18.34017, -8.20048],
							"rotation": [82.5, 0, -180],
							"uv": {
								"north": {"uv": [21, 73], "uv_size": [1, 1]},
								"east": {"uv": [65, 50], "uv_size": [4, 1]},
								"south": {"uv": [73, 21], "uv_size": [1, 1]},
								"west": {"uv": [62, 65], "uv_size": [4, 1]},
								"up": {"uv": [3, 66], "uv_size": [1, 4]},
								"down": {"uv": [4, 70], "uv_size": [1, -4]}
							}
						},
						{
							"origin": [-6.8704, 16.74804, -8.49345],
							"size": [1.32819, 1.57895, 8.85138],
							"pivot": [-4.728, 18.34017, -8.20048],
							"rotation": [66, 0, -180],
							"uv": {
								"north": {"uv": [70, 46], "uv_size": [1, 2]},
								"east": {"uv": [1, 49], "uv_size": [9, 2]},
								"south": {"uv": [48, 70], "uv_size": [1, 2]},
								"west": {"uv": [49, 4], "uv_size": [9, 2]},
								"up": {"uv": [11, 55], "uv_size": [1, 9]},
								"down": {"uv": [12, 64], "uv_size": [1, -9]}
							}
						},
						{
							"origin": [-5.8704, 16.66839, -8.5367],
							"size": [0.82819, 0.09425, 8.89463],
							"pivot": [-4.728, 18.34017, -8.20048],
							"rotation": [66, 0, -180],
							"uv": {
								"north": {"uv": [73, 22], "uv_size": [1, 1]},
								"east": {"uv": [53, 47], "uv_size": [9, 1]},
								"south": {"uv": [23, 73], "uv_size": [1, 1]},
								"west": {"uv": [53, 48], "uv_size": [9, 1]},
								"up": {"uv": [13, 55], "uv_size": [1, 9]},
								"down": {"uv": [14, 64], "uv_size": [1, -9]}
							}
						},
						{
							"origin": [-5.8704, 21.59339, -8.5367],
							"size": [0.82819, 0.09425, 8.49463],
							"pivot": [-4.728, 18.34017, -8.20048],
							"rotation": [82, 0, -180],
							"uv": {
								"north": {"uv": [73, 23], "uv_size": [1, 1]},
								"east": {"uv": [54, 3], "uv_size": [8, 1]},
								"south": {"uv": [24, 73], "uv_size": [1, 1]},
								"west": {"uv": [57, 0], "uv_size": [8, 1]},
								"up": {"uv": [46, 57], "uv_size": [1, 8]},
								"down": {"uv": [57, 61], "uv_size": [1, -8]}
							}
						},
						{
							"origin": [-5.5704, 16.74804, -8.49345],
							"size": [1.40319, 1.57895, 8.85138],
							"pivot": [-4.728, 18.34017, -8.20048],
							"rotation": [66, 0, -180],
							"uv": {
								"north": {"uv": [49, 70], "uv_size": [1, 2]},
								"east": {"uv": [49, 6], "uv_size": [9, 2]},
								"south": {"uv": [50, 70], "uv_size": [1, 2]},
								"west": {"uv": [49, 8], "uv_size": [9, 2]},
								"up": {"uv": [15, 55], "uv_size": [1, 9]},
								"down": {"uv": [16, 64], "uv_size": [1, -9]}
							}
						},
						{
							"origin": [-3.9513, 19.17559, -13.50333],
							"size": [1.32819, 4.31833, 2.03874],
							"pivot": [-3.91845, 21.23017, -13.43396],
							"rotation": [25, 0, -180],
							"uv": {
								"north": {"uv": [66, 4], "uv_size": [1, 4]},
								"east": {"uv": [55, 57], "uv_size": [2, 4]},
								"south": {"uv": [5, 66], "uv_size": [1, 4]},
								"west": {"uv": [58, 4], "uv_size": [2, 4]},
								"up": {"uv": [51, 70], "uv_size": [1, 2]},
								"down": {"uv": [52, 72], "uv_size": [1, -2]}
							}
						}
					]
				},
				{
					"name": "Frame",
					"parent": "gun",
					"pivot": [-1.32058, 20.14417, -12.44636],
					"cubes": [
						{
							"origin": [-3.9856, 18.73253, -19.72969],
							"size": [1.0934, 1.70642, 8.25786],
							"uv": {
								"north": {"uv": [70, 53], "uv_size": [1, 2]},
								"east": {"uv": [50, 22], "uv_size": [8, 2]},
								"south": {"uv": [55, 70], "uv_size": [1, 2]},
								"west": {"uv": [50, 24], "uv_size": [8, 2]},
								"up": {"uv": [58, 16], "uv_size": [1, 8]},
								"down": {"uv": [17, 66], "uv_size": [1, -8]}
							}
						},
						{
							"origin": [-5.05719, 18.73253, -19.72969],
							"size": [1.07819, 1.70642, 8.25786],
							"uv": {
								"north": {"uv": [58, 70], "uv_size": [1, 2]},
								"east": {"uv": [1, 51], "uv_size": [8, 2]},
								"south": {"uv": [59, 70], "uv_size": [1, 2]},
								"west": {"uv": [51, 49], "uv_size": [8, 2]},
								"up": {"uv": [18, 58], "uv_size": [1, 8]},
								"down": {"uv": [19, 66], "uv_size": [1, -8]}
							}
						},
						{
							"origin": [-5.05719, 18.73253, -23.29396],
							"size": [1.07159, 1.70642, 3.56427],
							"uv": {
								"north": {"uv": [62, 71], "uv_size": [1, 2]},
								"east": {"uv": [58, 45], "uv_size": [4, 2]},
								"south": {"uv": [63, 71], "uv_size": [1, 2]},
								"west": {"uv": [58, 53], "uv_size": [4, 2]},
								"up": {"uv": [33, 66], "uv_size": [1, 4]},
								"down": {"uv": [66, 45], "uv_size": [1, -4]}
							}
						},
						{
							"origin": [-3.9856, 18.73253, -23.29396],
							"size": [1.0934, 1.70642, 3.56427],
							"uv": {
								"north": {"uv": [56, 71], "uv_size": [1, 2]},
								"east": {"uv": [58, 41], "uv_size": [4, 2]},
								"south": {"uv": [57, 71], "uv_size": [1, 2]},
								"west": {"uv": [58, 43], "uv_size": [4, 2]},
								"up": {"uv": [31, 66], "uv_size": [1, 4]},
								"down": {"uv": [32, 70], "uv_size": [1, -4]}
							}
						},
						{
							"origin": [-3.9856, 18.84598, -23.61485],
							"size": [1.0934, 1.70642, 0.96427],
							"pivot": [-3.95515, 19.69919, -23.13271],
							"rotation": [20, 0, 0],
							"uv": {
								"north": {"uv": [71, 69], "uv_size": [1, 2]},
								"east": {"uv": [70, 71], "uv_size": [1, 2]},
								"south": {"uv": [71, 71], "uv_size": [1, 2]},
								"west": {"uv": [72, 2], "uv_size": [1, 2]},
								"up": {"uv": [37, 74], "uv_size": [1, 1]},
								"down": {"uv": [74, 38], "uv_size": [1, -1]}
							}
						},
						{
							"origin": [-5.05719, 18.84598, -23.61485],
							"size": [1.07159, 1.70642, 0.96427],
							"pivot": [-3.95515, 19.69919, -23.13271],
							"rotation": [20, 0, 0],
							"uv": {
								"north": {"uv": [64, 71], "uv_size": [1, 2]},
								"east": {"uv": [66, 71], "uv_size": [1, 2]},
								"south": {"uv": [67, 71], "uv_size": [1, 2]},
								"west": {"uv": [68, 71], "uv_size": [1, 2]},
								"up": {"uv": [36, 74], "uv_size": [1, 1]},
								"down": {"uv": [74, 37], "uv_size": [1, -1]}
							}
						},
						{
							"origin": [-5.05719, 20.24407, -24.42006],
							"size": [1.07159, 1.92333, 0.93956],
							"pivot": [-3.95515, 21.31419, -23.93792],
							"rotation": [33, 0, 0],
							"uv": {
								"north": {"uv": [10, 72], "uv_size": [1, 2]},
								"east": {"uv": [11, 72], "uv_size": [1, 2]},
								"south": {"uv": [12, 72], "uv_size": [1, 2]},
								"west": {"uv": [14, 72], "uv_size": [1, 2]},
								"up": {"uv": [39, 74], "uv_size": [1, 1]},
								"down": {"uv": [74, 40], "uv_size": [1, -1]}
							}
						},
						{
							"origin": [-3.9856, 20.24407, -24.42006],
							"size": [1.0934, 1.92333, 0.93956],
							"pivot": [-3.95515, 21.31419, -23.93792],
							"rotation": [33, 0, 0],
							"uv": {
								"north": {"uv": [72, 4], "uv_size": [1, 2]},
								"east": {"uv": [72, 6], "uv_size": [1, 2]},
								"south": {"uv": [7, 72], "uv_size": [1, 2]},
								"west": {"uv": [8, 72], "uv_size": [1, 2]},
								"up": {"uv": [38, 74], "uv_size": [1, 1]},
								"down": {"uv": [74, 39], "uv_size": [1, -1]}
							}
						},
						{
							"origin": [-5.05719, 21.87663, -25.18059],
							"size": [1.07159, 1.80642, 0.96427],
							"pivot": [-3.95515, 22.82984, -24.69845],
							"rotation": [21, 0, 0],
							"uv": {
								"north": {"uv": [72, 22], "uv_size": [1, 2]},
								"east": {"uv": [25, 72], "uv_size": [1, 2]},
								"south": {"uv": [72, 27], "uv_size": [1, 2]},
								"west": {"uv": [72, 29], "uv_size": [1, 2]},
								"up": {"uv": [41, 74], "uv_size": [1, 1]},
								"down": {"uv": [74, 42], "uv_size": [1, -1]}
							}
						},
						{
							"origin": [-3.9856, 21.87663, -25.18059],
							"size": [1.0934, 1.80642, 0.96427],
							"pivot": [-3.95515, 22.82984, -24.69845],
							"rotation": [21, 0, 0],
							"uv": {
								"north": {"uv": [15, 72], "uv_size": [1, 2]},
								"east": {"uv": [16, 72], "uv_size": [1, 2]},
								"south": {"uv": [72, 18], "uv_size": [1, 2]},
								"west": {"uv": [22, 72], "uv_size": [1, 2]},
								"up": {"uv": [40, 74], "uv_size": [1, 1]},
								"down": {"uv": [74, 41], "uv_size": [1, -1]}
							}
						},
						{
							"origin": [-3.9856, 23.4536, -25.45433],
							"size": [1.0934, 0.74321, 2.76037],
							"uv": {
								"north": {"uv": [43, 74], "uv_size": [1, 1]},
								"east": {"uv": [69, 0], "uv_size": [3, 1]},
								"south": {"uv": [74, 43], "uv_size": [1, 1]},
								"west": {"uv": [11, 69], "uv_size": [3, 1]},
								"up": {"uv": [14, 69], "uv_size": [1, 3]},
								"down": {"uv": [15, 72], "uv_size": [1, -3]}
							}
						},
						{
							"origin": [-5.05719, 23.4536, -25.45433],
							"size": [1.07159, 0.74321, 2.76037],
							"uv": {
								"north": {"uv": [42, 74], "uv_size": [1, 1]},
								"east": {"uv": [68, 52], "uv_size": [3, 1]},
								"south": {"uv": [74, 42], "uv_size": [1, 1]},
								"west": {"uv": [68, 58], "uv_size": [3, 1]},
								"up": {"uv": [69, 7], "uv_size": [1, 3]},
								"down": {"uv": [10, 72], "uv_size": [1, -3]}
							}
						},
						{
							"origin": [-3.9856, 21.5786, -24.55433],
							"size": [1.0934, 1.89321, 1.86037],
							"uv": {
								"north": {"uv": [35, 72], "uv_size": [1, 2]},
								"east": {"uv": [56, 66], "uv_size": [2, 2]},
								"south": {"uv": [72, 35], "uv_size": [1, 2]},
								"west": {"uv": [66, 57], "uv_size": [2, 2]},
								"up": {"uv": [36, 72], "uv_size": [1, 2]},
								"down": {"uv": [40, 74], "uv_size": [1, -2]}
							}
						},
						{
							"origin": [-5.05719, 21.5786, -24.55433],
							"size": [1.07159, 1.89321, 1.86037],
							"uv": {
								"north": {"uv": [72, 31], "uv_size": [1, 2]},
								"east": {"uv": [66, 51], "uv_size": [2, 2]},
								"south": {"uv": [33, 72], "uv_size": [1, 2]},
								"west": {"uv": [66, 55], "uv_size": [2, 2]},
								"up": {"uv": [72, 33], "uv_size": [1, 2]},
								"down": {"uv": [34, 74], "uv_size": [1, -2]}
							}
						},
						{
							"origin": [-3.9856, 20.3536, -23.75433],
							"size": [1.0934, 1.24321, 1.06037],
							"uv": {
								"north": {"uv": [56, 74], "uv_size": [1, 1]},
								"east": {"uv": [74, 56], "uv_size": [1, 1]},
								"south": {"uv": [57, 74], "uv_size": [1, 1]},
								"west": {"uv": [74, 57], "uv_size": [1, 1]},
								"up": {"uv": [58, 74], "uv_size": [1, 1]},
								"down": {"uv": [74, 59], "uv_size": [1, -1]}
							}
						},
						{
							"origin": [-5.05719, 20.3536, -23.75433],
							"size": [1.07159, 1.24321, 1.06037],
							"uv": {
								"north": {"uv": [53, 74], "uv_size": [1, 1]},
								"east": {"uv": [74, 53], "uv_size": [1, 1]},
								"south": {"uv": [54, 74], "uv_size": [1, 1]},
								"west": {"uv": [74, 54], "uv_size": [1, 1]},
								"up": {"uv": [55, 74], "uv_size": [1, 1]},
								"down": {"uv": [74, 56], "uv_size": [1, -1]}
							}
						},
						{
							"origin": [-3.9856, 20.43895, -17.59396],
							"size": [1.0934, 3.43496, 2.72213],
							"uv": {
								"north": {"uv": [56, 68], "uv_size": [1, 3]},
								"east": {"uv": [54, 0], "uv_size": [3, 3]},
								"south": {"uv": [57, 68], "uv_size": [1, 3]},
								"west": {"uv": [55, 16], "uv_size": [3, 3]},
								"up": {"uv": [62, 68], "uv_size": [1, 3]},
								"down": {"uv": [63, 71], "uv_size": [1, -3]}
							}
						},
						{
							"origin": [-5.0638, 20.43895, -17.59396],
							"size": [1.07819, 3.43496, 2.72213],
							"uv": {
								"north": {"uv": [64, 68], "uv_size": [1, 3]},
								"east": {"uv": [17, 55], "uv_size": [3, 3]},
								"south": {"uv": [66, 68], "uv_size": [1, 3]},
								"west": {"uv": [55, 19], "uv_size": [3, 3]},
								"up": {"uv": [67, 68], "uv_size": [1, 3]},
								"down": {"uv": [68, 71], "uv_size": [1, -3]}
							}
						},
						{
							"origin": [-5.0638, 20.43895, -14.87183],
							"size": [1.07819, 2.53496, 2.5],
							"uv": {
								"north": {"uv": [23, 70], "uv_size": [1, 3]},
								"east": {"uv": [55, 44], "uv_size": [3, 3]},
								"south": {"uv": [24, 70], "uv_size": [1, 3]},
								"west": {"uv": [48, 55], "uv_size": [3, 3]},
								"up": {"uv": [70, 24], "uv_size": [1, 3]},
								"down": {"uv": [30, 73], "uv_size": [1, -3]}
							}
						},
						{
							"origin": [-3.9856, 20.43895, -14.87183],
							"size": [1.0934, 2.53496, 2.5],
							"uv": {
								"north": {"uv": [19, 70], "uv_size": [1, 3]},
								"east": {"uv": [20, 55], "uv_size": [3, 3]},
								"south": {"uv": [20, 70], "uv_size": [1, 3]},
								"west": {"uv": [55, 41], "uv_size": [3, 3]},
								"up": {"uv": [21, 70], "uv_size": [1, 3]},
								"down": {"uv": [70, 24], "uv_size": [1, -3]}
							}
						},
						{
							"origin": [-5.0638, 22.37822, -15.2665],
							"size": [0.77819, 1.54258, 3.89467],
							"pivot": [-3.95185, 23.07822, -13.50076],
							"rotation": [-20, 0, 0],
							"uv": {
								"north": {"uv": [71, 2], "uv_size": [1, 2]},
								"east": {"uv": [58, 24], "uv_size": [4, 2]},
								"south": {"uv": [3, 71], "uv_size": [1, 2]},
								"west": {"uv": [30, 58], "uv_size": [4, 2]},
								"up": {"uv": [9, 66], "uv_size": [1, 4]},
								"down": {"uv": [17, 70], "uv_size": [1, -4]}
							}
						},
						{
							"origin": [-3.6856, 22.37822, -15.2665],
							"size": [0.7934, 1.54258, 3.89467],
							"pivot": [-3.95845, 23.07822, -13.50076],
							"rotation": [-20, 0, 0],
							"uv": {
								"north": {"uv": [70, 69], "uv_size": [1, 2]},
								"east": {"uv": [57, 1], "uv_size": [4, 2]},
								"south": {"uv": [2, 71], "uv_size": [1, 2]},
								"west": {"uv": [58, 8], "uv_size": [4, 2]},
								"up": {"uv": [6, 66], "uv_size": [1, 4]},
								"down": {"uv": [66, 12], "uv_size": [1, -4]}
							}
						},
						{
							"origin": [-5.0638, 24.57861, -18.42744],
							"size": [0.77819, 1.47119, 4.00851],
							"pivot": [-3.95185, 25.24569, -17.19851],
							"rotation": [-37.5, 0, 0],
							"uv": {
								"north": {"uv": [26, 73], "uv_size": [1, 1]},
								"east": {"uv": [66, 22], "uv_size": [4, 1]},
								"south": {"uv": [73, 26], "uv_size": [1, 1]},
								"west": {"uv": [66, 23], "uv_size": [4, 1]},
								"up": {"uv": [19, 66], "uv_size": [1, 4]},
								"down": {"uv": [30, 70], "uv_size": [1, -4]}
							}
						},
						{
							"origin": [-5.0638, 23.87861, -17.22744],
							"size": [0.77819, 0.57119, 1.10851],
							"pivot": [-3.95185, 24.54569, -17.19851],
							"rotation": [-37.5, 0, 0],
							"uv": {
								"north": {"uv": [75, 47], "uv_size": [1, 1]},
								"east": {"uv": [48, 75], "uv_size": [1, 1]},
								"south": {"uv": [75, 48], "uv_size": [1, 1]},
								"west": {"uv": [49, 75], "uv_size": [1, 1]},
								"up": {"uv": [75, 49], "uv_size": [1, 1]},
								"down": {"uv": [50, 76], "uv_size": [1, -1]}
							}
						},
						{
							"origin": [-3.6856, 24.57861, -18.42744],
							"size": [0.7934, 1.47119, 4.00851],
							"pivot": [-3.95845, 25.24569, -17.19851],
							"rotation": [-37.5, 0, 0],
							"uv": {
								"north": {"uv": [73, 24], "uv_size": [1, 1]},
								"east": {"uv": [65, 64], "uv_size": [4, 1]},
								"south": {"uv": [73, 25], "uv_size": [1, 1]},
								"west": {"uv": [66, 12], "uv_size": [4, 1]},
								"up": {"uv": [18, 66], "uv_size": [1, 4]},
								"down": {"uv": [66, 22], "uv_size": [1, -4]}
							}
						},
						{
							"origin": [-3.6856, 23.97861, -17.12744],
							"size": [0.7934, 0.57119, 1.00851],
							"pivot": [-3.95845, 24.74569, -17.19851],
							"rotation": [-37.5, 0, 0],
							"uv": {
								"north": {"uv": [75, 44], "uv_size": [1, 1]},
								"east": {"uv": [45, 75], "uv_size": [1, 1]},
								"south": {"uv": [75, 45], "uv_size": [1, 1]},
								"west": {"uv": [46, 75], "uv_size": [1, 1]},
								"up": {"uv": [75, 46], "uv_size": [1, 1]},
								"down": {"uv": [47, 76], "uv_size": [1, -1]}
							}
						},
						{
							"origin": [-5.0638, 25.10784, -23.22327],
							"size": [1.07819, 1.52392, 5.53929],
							"uv": {
								"north": {"uv": [6, 71], "uv_size": [1, 2]},
								"east": {"uv": [53, 12], "uv_size": [6, 2]},
								"south": {"uv": [71, 6], "uv_size": [1, 2]},
								"west": {"uv": [53, 14], "uv_size": [6, 2]},
								"up": {"uv": [50, 58], "uv_size": [1, 6]},
								"down": {"uv": [23, 65], "uv_size": [1, -6]}
							}
						},
						{
							"origin": [-3.9856, 25.10784, -23.22327],
							"size": [1.0934, 1.52392, 5.53929],
							"uv": {
								"north": {"uv": [4, 71], "uv_size": [1, 2]},
								"east": {"uv": [1, 53], "uv_size": [6, 2]},
								"south": {"uv": [71, 4], "uv_size": [1, 2]},
								"west": {"uv": [53, 10], "uv_size": [6, 2]},
								"up": {"uv": [22, 58], "uv_size": [1, 6]},
								"down": {"uv": [25, 64], "uv_size": [1, -6]}
							}
						},
						{"origin": [-5.0638, 21.0819, -12.35051], "size": [2.17819, 1.24264, 3], "pivot": [-3.8856, 21.70322, -10.85051], "rotation": [-45, 0, 0], "uv": [2, 0]},
						{"origin": [-5.0638, 21.0819, -12.35051], "size": [2.17819, 1.24264, 3], "uv": [2, 0]},
						{"origin": [-5.0638, 20.20322, -11.47183], "size": [2.17819, 3, 1.24264], "pivot": [-3.8856, 21.70322, -10.85051], "rotation": [-45, 0, 0], "uv": [2, 0]},
						{"origin": [-5.0638, 20.20322, -11.47183], "size": [2.17819, 3, 1.24264], "uv": [2, 0]},
						{
							"origin": [-4.56942, 23.68789, -26.61313],
							"size": [1.17012, 0.65678, 3.40778],
							"inflate": 0.002,
							"uv": {
								"north": {"uv": [44, 74], "uv_size": [1, 1]},
								"east": {"uv": [69, 18], "uv_size": [3, 1]},
								"south": {"uv": [74, 44], "uv_size": [1, 1]},
								"west": {"uv": [69, 19], "uv_size": [3, 1]},
								"up": {"uv": [16, 69], "uv_size": [1, 3]},
								"down": {"uv": [22, 72], "uv_size": [1, -3]}
							}
						},
						{
							"origin": [-4.56942, 25.8601, -26.61313],
							"size": [1.17012, 0.65678, 3.40778],
							"inflate": 0.002,
							"pivot": [-3.98437, 25.06617, -14.65324],
							"rotation": [0, 0, -90],
							"uv": {
								"north": {"uv": [45, 74], "uv_size": [1, 1]},
								"east": {"uv": [69, 20], "uv_size": [3, 1]},
								"south": {"uv": [74, 45], "uv_size": [1, 1]},
								"west": {"uv": [69, 49], "uv_size": [3, 1]},
								"up": {"uv": [25, 69], "uv_size": [1, 3]},
								"down": {"uv": [46, 72], "uv_size": [1, -3]}
							}
						},
						{
							"origin": [-4.6568, 23.65391, -26.61313],
							"size": [1.17012, 0.65678, 3.40778],
							"inflate": 0.002,
							"pivot": [-3.98437, 25.06617, -14.65324],
							"rotation": [0, 0, 42.5],
							"uv": {
								"north": {"uv": [46, 74], "uv_size": [1, 1]},
								"east": {"uv": [50, 69], "uv_size": [3, 1]},
								"south": {"uv": [74, 46], "uv_size": [1, 1]},
								"west": {"uv": [69, 50], "uv_size": [3, 1]},
								"up": {"uv": [53, 69], "uv_size": [1, 3]},
								"down": {"uv": [54, 72], "uv_size": [1, -3]}
							}
						},
						{
							"origin": [-4.6568, 25.82165, -26.61313],
							"size": [1.17012, 0.65678, 3.40778],
							"inflate": 0.002,
							"pivot": [-3.98437, 25.06617, -14.65324],
							"rotation": [0, 0, -42.5],
							"uv": {
								"north": {"uv": [47, 74], "uv_size": [1, 1]},
								"east": {"uv": [69, 55], "uv_size": [3, 1]},
								"south": {"uv": [74, 47], "uv_size": [1, 1]},
								"west": {"uv": [69, 56], "uv_size": [3, 1]},
								"up": {"uv": [60, 69], "uv_size": [1, 3]},
								"down": {"uv": [69, 63], "uv_size": [1, -3]}
							}
						},
						{
							"origin": [-4.56942, 23.61546, -26.61313],
							"size": [1.17012, 0.65678, 3.40778],
							"inflate": 0.002,
							"pivot": [-3.98437, 25.06617, -14.65324],
							"rotation": [0, 0, -90],
							"uv": {
								"north": {"uv": [48, 74], "uv_size": [1, 1]},
								"east": {"uv": [69, 57], "uv_size": [3, 1]},
								"south": {"uv": [74, 48], "uv_size": [1, 1]},
								"west": {"uv": [69, 63], "uv_size": [3, 1]},
								"up": {"uv": [61, 69], "uv_size": [1, 3]},
								"down": {"uv": [65, 72], "uv_size": [1, -3]}
							}
						},
						{
							"origin": [-4.48204, 25.82165, -26.61313],
							"size": [1.17012, 0.65678, 3.40778],
							"inflate": 0.002,
							"pivot": [-3.98437, 25.06617, -14.65324],
							"rotation": [0, 0, 42.5],
							"uv": {
								"north": {"uv": [49, 74], "uv_size": [1, 1]},
								"east": {"uv": [69, 64], "uv_size": [3, 1]},
								"south": {"uv": [74, 49], "uv_size": [1, 1]},
								"west": {"uv": [69, 68], "uv_size": [3, 1]},
								"up": {"uv": [69, 69], "uv_size": [1, 3]},
								"down": {"uv": [1, 73], "uv_size": [1, -3]}
							}
						},
						{
							"origin": [-4.56942, 25.78767, -26.61313],
							"size": [1.17012, 0.65678, 3.40778],
							"inflate": 0.002,
							"uv": {
								"north": {"uv": [50, 74], "uv_size": [1, 1]},
								"east": {"uv": [70, 1], "uv_size": [3, 1]},
								"south": {"uv": [74, 50], "uv_size": [1, 1]},
								"west": {"uv": [2, 70], "uv_size": [3, 1]},
								"up": {"uv": [5, 70], "uv_size": [1, 3]},
								"down": {"uv": [70, 8], "uv_size": [1, -3]}
							}
						},
						{
							"origin": [-4.48204, 23.65391, -26.61313],
							"size": [1.17012, 0.65678, 3.40778],
							"inflate": 0.002,
							"pivot": [-3.98437, 25.06617, -14.65324],
							"rotation": [0, 0, -42.5],
							"uv": {
								"north": {"uv": [51, 74], "uv_size": [1, 1]},
								"east": {"uv": [6, 70], "uv_size": [3, 1]},
								"south": {"uv": [74, 51], "uv_size": [1, 1]},
								"west": {"uv": [70, 8], "uv_size": [3, 1]},
								"up": {"uv": [9, 70], "uv_size": [1, 3]},
								"down": {"uv": [70, 12], "uv_size": [1, -3]}
							}
						},
						{
							"origin": [-4.81707, 24.53454, -18.43277],
							"size": [1.16328, 1.23657, 0.82855],
							"pivot": [-16.0953, 22.86183, -18.41349],
							"rotation": [0, 0, 0],
							"uv": {
								"north": {"uv": [75, 41], "uv_size": [1, 1]},
								"east": {"uv": [42, 75], "uv_size": [1, 1]},
								"south": {"uv": [75, 42], "uv_size": [1, 1]},
								"west": {"uv": [43, 75], "uv_size": [1, 1]},
								"up": {"uv": [75, 43], "uv_size": [1, 1]},
								"down": {"uv": [44, 76], "uv_size": [1, -1]}
							}
						}
					]
				},
				{
					"name": "Cover",
					"parent": "Frame",
					"pivot": [-4.04844, 24.30751, -19.15693],
					"cubes": [
						{
							"origin": [-4.64886, 20.04234, -18.93882],
							"size": [1.14071, 5.51202, 1.13137],
							"pivot": [-4.07851, 22.88624, -18.37314],
							"rotation": [0, -90, 0],
							"uv": {
								"north": {"uv": [6, 60], "uv_size": [1, 6]},
								"east": {"uv": [9, 60], "uv_size": [1, 6]},
								"south": {"uv": [30, 60], "uv_size": [1, 6]},
								"west": {"uv": [31, 60], "uv_size": [1, 6]},
								"up": {"uv": [62, 73], "uv_size": [1, 1]},
								"down": {"uv": [63, 74], "uv_size": [1, -1]}
							}
						},
						{
							"origin": [-5.15908, 20.12766, -17.79689],
							"size": [0.75494, 5.51716, 1.09743],
							"pivot": [-4.07851, 22.88624, -17.24818],
							"rotation": [0, -90, 22.5],
							"uv": {
								"north": {"uv": [32, 60], "uv_size": [1, 6]},
								"east": {"uv": [33, 60], "uv_size": [1, 6]},
								"south": {"uv": [60, 60], "uv_size": [1, 6]},
								"west": {"uv": [1, 61], "uv_size": [1, 6]},
								"up": {"uv": [73, 63], "uv_size": [1, 1]},
								"down": {"uv": [64, 74], "uv_size": [1, -1]}
							}
						},
						{
							"origin": [-5.15908, 22.33753, -20.00676],
							"size": [0.75494, 1.09743, 3.40786],
							"pivot": [-4.07851, 22.88624, -17.24818],
							"rotation": [0, -90, -45],
							"uv": {
								"north": {"uv": [73, 64], "uv_size": [1, 1]},
								"east": {"uv": [67, 66], "uv_size": [3, 1]},
								"south": {"uv": [66, 73], "uv_size": [1, 1]},
								"west": {"uv": [67, 67], "uv_size": [3, 1]},
								"up": {"uv": [48, 67], "uv_size": [1, 3]},
								"down": {"uv": [49, 70], "uv_size": [1, -3]}
							}
						},
						{
							"origin": [-5.15908, 22.33753, -20.00676],
							"size": [0.75494, 1.09743, 3.40786],
							"pivot": [-4.07851, 22.88624, -17.24818],
							"rotation": [0, -90, -22.5],
							"uv": {
								"north": {"uv": [67, 73], "uv_size": [1, 1]},
								"east": {"uv": [68, 2], "uv_size": [3, 1]},
								"south": {"uv": [73, 67], "uv_size": [1, 1]},
								"west": {"uv": [68, 3], "uv_size": [3, 1]},
								"up": {"uv": [55, 67], "uv_size": [1, 3]},
								"down": {"uv": [68, 10], "uv_size": [1, -3]}
							}
						},
						{
							"origin": [-5.15908, 22.33753, -20.00676],
							"size": [0.75494, 1.09743, 3.40786],
							"pivot": [-4.07851, 22.88624, -17.24818],
							"rotation": [0, -90, 0],
							"uv": {
								"north": {"uv": [68, 73], "uv_size": [1, 1]},
								"east": {"uv": [68, 4], "uv_size": [3, 1]},
								"south": {"uv": [73, 68], "uv_size": [1, 1]},
								"west": {"uv": [68, 13], "uv_size": [3, 1]},
								"up": {"uv": [68, 18], "uv_size": [1, 3]},
								"down": {"uv": [35, 71], "uv_size": [1, -3]}
							}
						},
						{
							"origin": [-5.15908, 22.33753, -20.00676],
							"size": [0.75494, 1.09743, 5.51716],
							"pivot": [-4.07851, 22.88624, -17.24818],
							"rotation": [0, -90, 22.5],
							"uv": {
								"north": {"uv": [70, 73], "uv_size": [1, 1]},
								"east": {"uv": [61, 1], "uv_size": [6, 1]},
								"south": {"uv": [71, 73], "uv_size": [1, 1]},
								"west": {"uv": [61, 2], "uv_size": [6, 1]},
								"up": {"uv": [2, 61], "uv_size": [1, 6]},
								"down": {"uv": [61, 16], "uv_size": [1, -6]}
							}
						},
						{
							"origin": [-5.15908, 22.33753, -20.00676],
							"size": [0.75494, 1.09743, 5.51716],
							"pivot": [-4.07851, 22.88624, -17.24818],
							"rotation": [0, -90, 45],
							"uv": {
								"north": {"uv": [73, 71], "uv_size": [1, 1]},
								"east": {"uv": [61, 16], "uv_size": [6, 1]},
								"south": {"uv": [72, 73], "uv_size": [1, 1]},
								"west": {"uv": [61, 17], "uv_size": [6, 1]},
								"up": {"uv": [20, 61], "uv_size": [1, 6]},
								"down": {"uv": [21, 67], "uv_size": [1, -6]}
							}
						},
						{
							"origin": [-5.15908, 20.12766, -17.79689],
							"size": [0.75494, 5.51716, 1.09743],
							"pivot": [-4.07851, 22.88624, -17.24818],
							"rotation": [0, -90, -22.5],
							"uv": {
								"north": {"uv": [34, 61], "uv_size": [1, 6]},
								"east": {"uv": [48, 61], "uv_size": [1, 6]},
								"south": {"uv": [49, 61], "uv_size": [1, 6]},
								"west": {"uv": [55, 61], "uv_size": [1, 6]},
								"up": {"uv": [73, 72], "uv_size": [1, 1]},
								"down": {"uv": [73, 74], "uv_size": [1, -1]}
							}
						},
						{
							"origin": [-5.15908, 22.33753, -16.92424],
							"size": [0.75494, 1.09743, 2.43465],
							"pivot": [-4.07851, 22.88624, -17.24818],
							"rotation": [0, -90, -45],
							"uv": {
								"north": {"uv": [74, 0], "uv_size": [1, 1]},
								"east": {"uv": [71, 15], "uv_size": [2, 1]},
								"south": {"uv": [1, 74], "uv_size": [1, 1]},
								"west": {"uv": [71, 21], "uv_size": [2, 1]},
								"up": {"uv": [13, 71], "uv_size": [1, 2]},
								"down": {"uv": [71, 24], "uv_size": [1, -2]}
							}
						},
						{
							"origin": [-5.15908, 22.33753, -16.92424],
							"size": [0.75494, 1.09743, 2.43465],
							"pivot": [-4.07851, 22.88624, -17.24818],
							"rotation": [0, -90, -22.5],
							"uv": {
								"north": {"uv": [2, 74], "uv_size": [1, 1]},
								"east": {"uv": [71, 24], "uv_size": [2, 1]},
								"south": {"uv": [74, 2], "uv_size": [1, 1]},
								"west": {"uv": [71, 25], "uv_size": [2, 1]},
								"up": {"uv": [71, 28], "uv_size": [1, 2]},
								"down": {"uv": [71, 32], "uv_size": [1, -2]}
							}
						},
						{
							"origin": [-5.15908, 22.33753, -16.92424],
							"size": [0.75494, 1.09743, 2.43465],
							"pivot": [-4.07851, 22.88624, -17.24818],
							"rotation": [0, -90, 0],
							"uv": {
								"north": {"uv": [74, 3], "uv_size": [1, 1]},
								"east": {"uv": [71, 26], "uv_size": [2, 1]},
								"south": {"uv": [4, 74], "uv_size": [1, 1]},
								"west": {"uv": [35, 71], "uv_size": [2, 1]},
								"up": {"uv": [37, 71], "uv_size": [1, 2]},
								"down": {"uv": [38, 73], "uv_size": [1, -2]}
							}
						},
						{
							"origin": [-5.92793, 20.39119, -17.40251],
							"size": [0.71068, 5.29648, 1.05353],
							"pivot": [-4.54431, 22.55687, -16.57144],
							"rotation": [0, -90, 22.5],
							"uv": {
								"north": {"uv": [47, 63], "uv_size": [1, 5]},
								"east": {"uv": [63, 60], "uv_size": [1, 5]},
								"south": {"uv": [64, 8], "uv_size": [1, 5]},
								"west": {"uv": [10, 64], "uv_size": [1, 5]},
								"up": {"uv": [5, 74], "uv_size": [1, 1]},
								"down": {"uv": [74, 6], "uv_size": [1, -1]}
							}
						},
						{
							"origin": [-5.92793, 21.93363, -19.78196],
							"size": [0.71068, 1.05353, 3.18718],
							"pivot": [-4.54431, 22.55687, -16.57144],
							"rotation": [0, -90, -45],
							"uv": {
								"north": {"uv": [74, 6], "uv_size": [1, 1]},
								"east": {"uv": [68, 14], "uv_size": [3, 1]},
								"south": {"uv": [7, 74], "uv_size": [1, 1]},
								"west": {"uv": [68, 15], "uv_size": [3, 1]},
								"up": {"uv": [36, 68], "uv_size": [1, 3]},
								"down": {"uv": [37, 71], "uv_size": [1, -3]}
							}
						},
						{
							"origin": [-5.92793, 22.15615, -19.77607],
							"size": [0.71068, 1.05353, 3.18718],
							"pivot": [-4.54431, 22.55687, -16.57144],
							"rotation": [0, -90, -22.5],
							"uv": {
								"north": {"uv": [8, 74], "uv_size": [1, 1]},
								"east": {"uv": [68, 41], "uv_size": [3, 1]},
								"south": {"uv": [74, 9], "uv_size": [1, 1]},
								"west": {"uv": [68, 42], "uv_size": [3, 1]},
								"up": {"uv": [38, 68], "uv_size": [1, 3]},
								"down": {"uv": [39, 71], "uv_size": [1, -3]}
							}
						},
						{
							"origin": [-5.92793, 22.35948, -19.68549],
							"size": [0.71068, 1.05353, 3.18718],
							"pivot": [-4.54431, 22.55687, -16.57144],
							"rotation": [0, -90, 0],
							"uv": {
								"north": {"uv": [10, 74], "uv_size": [1, 1]},
								"east": {"uv": [68, 43], "uv_size": [3, 1]},
								"south": {"uv": [74, 10], "uv_size": [1, 1]},
								"west": {"uv": [68, 51], "uv_size": [3, 1]},
								"up": {"uv": [47, 68], "uv_size": [1, 3]},
								"down": {"uv": [68, 58], "uv_size": [1, -3]}
							}
						},
						{
							"origin": [-5.92793, 22.51266, -19.52398],
							"size": [0.71068, 1.05353, 5.29648],
							"pivot": [-4.54431, 22.55687, -16.57144],
							"rotation": [0, -90, 22.5],
							"uv": {
								"north": {"uv": [11, 74], "uv_size": [1, 1]},
								"east": {"uv": [62, 47], "uv_size": [5, 1]},
								"south": {"uv": [74, 11], "uv_size": [1, 1]},
								"west": {"uv": [62, 48], "uv_size": [5, 1]},
								"up": {"uv": [11, 64], "uv_size": [1, 5]},
								"down": {"uv": [12, 69], "uv_size": [1, -5]}
							}
						},
						{
							"origin": [-5.92793, 22.59238, -19.31615],
							"size": [0.71068, 1.05353, 5.29648],
							"pivot": [-4.54431, 22.55687, -16.57144],
							"rotation": [0, -90, 45],
							"uv": {
								"north": {"uv": [12, 74], "uv_size": [1, 1]},
								"east": {"uv": [62, 53], "uv_size": [5, 1]},
								"south": {"uv": [74, 12], "uv_size": [1, 1]},
								"west": {"uv": [62, 54], "uv_size": [5, 1]},
								"up": {"uv": [13, 64], "uv_size": [1, 5]},
								"down": {"uv": [14, 69], "uv_size": [1, -5]}
							}
						},
						{
							"origin": [-5.92793, 20.03468, -17.6546],
							"size": [0.71068, 5.29648, 1.05353],
							"pivot": [-4.54431, 22.55687, -16.57144],
							"rotation": [0, -90, -22.5],
							"uv": {
								"north": {"uv": [15, 64], "uv_size": [1, 5]},
								"east": {"uv": [16, 64], "uv_size": [1, 5]},
								"south": {"uv": [22, 64], "uv_size": [1, 5]},
								"west": {"uv": [25, 64], "uv_size": [1, 5]},
								"up": {"uv": [13, 74], "uv_size": [1, 1]},
								"down": {"uv": [74, 14], "uv_size": [1, -1]}
							}
						},
						{
							"origin": [-5.92793, 22.35948, -16.60297],
							"size": [0.71068, 1.05353, 2.21396],
							"pivot": [-4.54431, 22.55687, -16.57144],
							"rotation": [0, -90, 0],
							"uv": {
								"north": {"uv": [14, 74], "uv_size": [1, 1]},
								"east": {"uv": [41, 71], "uv_size": [2, 1]},
								"south": {"uv": [74, 14], "uv_size": [1, 1]},
								"west": {"uv": [71, 41], "uv_size": [2, 1]},
								"up": {"uv": [39, 71], "uv_size": [1, 2]},
								"down": {"uv": [71, 44], "uv_size": [1, -2]}
							}
						},
						{
							"origin": [-5.92793, 22.15615, -16.69356],
							"size": [0.71068, 1.05353, 2.21396],
							"pivot": [-4.54431, 22.55687, -16.57144],
							"rotation": [0, -90, -22.5],
							"uv": {
								"north": {"uv": [15, 74], "uv_size": [1, 1]},
								"east": {"uv": [43, 71], "uv_size": [2, 1]},
								"south": {"uv": [74, 15], "uv_size": [1, 1]},
								"west": {"uv": [71, 44], "uv_size": [2, 1]},
								"up": {"uv": [45, 71], "uv_size": [1, 2]},
								"down": {"uv": [71, 47], "uv_size": [1, -2]}
							}
						},
						{
							"origin": [-5.92793, 21.93363, -16.69944],
							"size": [0.71068, 1.05353, 2.21396],
							"pivot": [-4.54431, 22.55687, -16.57144],
							"rotation": [0, -90, -45],
							"uv": {
								"north": {"uv": [16, 74], "uv_size": [1, 1]},
								"east": {"uv": [71, 47], "uv_size": [2, 1]},
								"south": {"uv": [74, 16], "uv_size": [1, 1]},
								"west": {"uv": [71, 51], "uv_size": [2, 1]},
								"up": {"uv": [47, 71], "uv_size": [1, 2]},
								"down": {"uv": [71, 54], "uv_size": [1, -2]}
							}
						},
						{
							"origin": [-5.92793, 20.238, -17.56401],
							"size": [0.71068, 4.7207, 1.05353],
							"pivot": [-4.54431, 22.55687, -16.57144],
							"rotation": [0, -90, 0],
							"uv": {
								"north": {"uv": [64, 41], "uv_size": [1, 5]},
								"east": {"uv": [50, 64], "uv_size": [1, 5]},
								"south": {"uv": [64, 60], "uv_size": [1, 5]},
								"west": {"uv": [65, 8], "uv_size": [1, 5]},
								"up": {"uv": [17, 74], "uv_size": [1, 1]},
								"down": {"uv": [74, 18], "uv_size": [1, -1]}
							}
						},
						{
							"origin": [-5.15908, 20.12766, -17.79689],
							"size": [0.75494, 4.94139, 1.09743],
							"pivot": [-4.07851, 22.88624, -17.24818],
							"rotation": [0, -90, 0],
							"uv": {
								"north": {"uv": [65, 19], "uv_size": [1, 5]},
								"east": {"uv": [23, 65], "uv_size": [1, 5]},
								"south": {"uv": [24, 65], "uv_size": [1, 5]},
								"west": {"uv": [65, 41], "uv_size": [1, 5]},
								"up": {"uv": [18, 74], "uv_size": [1, 1]},
								"down": {"uv": [74, 19], "uv_size": [1, -1]}
							}
						}
					]
				},
				{
					"name": "Cylinder",
					"parent": "gun",
					"pivot": [-4.05803, 22.92746, -21.69031],
					"cubes": [
						{
							"origin": [-8.09603, 22.2719, -22.27382],
							"size": [4.68845, 1.27121, 6.39078],
							"pivot": [-4.04844, 22.90751, -19.07843],
							"rotation": [0, -90, -22.5],
							"uv": {
								"north": {"uv": [61, 18], "uv_size": [5, 1]},
								"east": {"uv": [59, 19], "uv_size": [6, 1]},
								"south": {"uv": [62, 3], "uv_size": [5, 1]},
								"west": {"uv": [59, 20], "uv_size": [6, 1]},
								"up": {"uv": [40, 10], "uv_size": [5, 6]},
								"down": {"uv": [40, 22], "uv_size": [5, -6]}
							}
						},
						{
							"origin": [-5.73603, 22.2719, -22.27382],
							"size": [2.32845, 1.27121, 6.39078],
							"pivot": [-4.04844, 22.90751, -19.07843],
							"rotation": [0, -90, -45],
							"uv": {
								"north": {"uv": [70, 67], "uv_size": [2, 1]},
								"east": {"uv": [59, 21], "uv_size": [6, 1]},
								"south": {"uv": [7, 71], "uv_size": [2, 1]},
								"west": {"uv": [59, 22], "uv_size": [6, 1]},
								"up": {"uv": [30, 52], "uv_size": [2, 6]},
								"down": {"uv": [32, 58], "uv_size": [2, -6]}
							}
						},
						{
							"origin": [-8.09603, 22.2719, -22.07632],
							"size": [2.51595, 1.27121, 5.99578],
							"pivot": [-4.04844, 22.90751, -19.07843],
							"rotation": [0, -90, -45],
							"uv": {
								"north": {"uv": [67, 44], "uv_size": [3, 1]},
								"east": {"uv": [59, 23], "uv_size": [6, 1]},
								"south": {"uv": [67, 46], "uv_size": [3, 1]},
								"west": {"uv": [59, 49], "uv_size": [6, 1]},
								"up": {"uv": [10, 49], "uv_size": [3, 6]},
								"down": {"uv": [13, 55], "uv_size": [3, -6]}
							}
						},
						{
							"origin": [-8.09603, 19.71211, -19.71403],
							"size": [4.68845, 6.39078, 1.27121],
							"pivot": [-4.04844, 22.90751, -19.07843],
							"rotation": [0, -90, 22.5],
							"uv": {
								"north": {"uv": [40, 22], "uv_size": [5, 6]},
								"east": {"uv": [24, 59], "uv_size": [1, 6]},
								"south": {"uv": [41, 28], "uv_size": [5, 6]},
								"west": {"uv": [51, 59], "uv_size": [1, 6]},
								"up": {"uv": [62, 13], "uv_size": [5, 1]},
								"down": {"uv": [62, 15], "uv_size": [5, -1]}
							}
						},
						{
							"origin": [-8.09603, 19.71211, -19.71403],
							"size": [4.68845, 6.39078, 1.27121],
							"pivot": [-4.04844, 22.90751, -19.07843],
							"rotation": [0, -90, -22.5],
							"uv": {
								"north": {"uv": [41, 34], "uv_size": [5, 6]},
								"east": {"uv": [52, 59], "uv_size": [1, 6]},
								"south": {"uv": [41, 40], "uv_size": [5, 6]},
								"west": {"uv": [53, 59], "uv_size": [1, 6]},
								"up": {"uv": [62, 15], "uv_size": [5, 1]},
								"down": {"uv": [62, 25], "uv_size": [5, -1]}
							}
						},
						{
							"origin": [-5.73603, 19.71211, -19.71403],
							"size": [2.32845, 6.39078, 1.27121],
							"pivot": [-4.04844, 22.90751, -19.07843],
							"rotation": [0, -90, 0],
							"uv": {
								"north": {"uv": [7, 53], "uv_size": [2, 6]},
								"east": {"uv": [54, 59], "uv_size": [1, 6]},
								"south": {"uv": [53, 16], "uv_size": [2, 6]},
								"west": {"uv": [3, 60], "uv_size": [1, 6]},
								"up": {"uv": [71, 9], "uv_size": [2, 1]},
								"down": {"uv": [71, 11], "uv_size": [2, -1]}
							}
						},
						{
							"origin": [-8.09603, 19.90961, -19.71403],
							"size": [2.51595, 5.99578, 1.27121],
							"pivot": [-4.04844, 22.90751, -19.07843],
							"rotation": [0, -90, 0],
							"uv": {
								"north": {"uv": [16, 49], "uv_size": [3, 6]},
								"east": {"uv": [4, 60], "uv_size": [1, 6]},
								"south": {"uv": [19, 49], "uv_size": [3, 6]},
								"west": {"uv": [5, 60], "uv_size": [1, 6]},
								"up": {"uv": [67, 47], "uv_size": [3, 1]},
								"down": {"uv": [67, 49], "uv_size": [3, -1]}
							}
						},
						{
							"origin": [-5.73603, 22.2719, -22.27382],
							"size": [2.32845, 1.27121, 6.39078],
							"pivot": [-4.04844, 22.90751, -19.07843],
							"rotation": [0, -90, 45],
							"uv": {
								"north": {"uv": [11, 71], "uv_size": [2, 1]},
								"east": {"uv": [59, 50], "uv_size": [6, 1]},
								"south": {"uv": [71, 11], "uv_size": [2, 1]},
								"west": {"uv": [60, 4], "uv_size": [6, 1]},
								"up": {"uv": [53, 41], "uv_size": [2, 6]},
								"down": {"uv": [51, 59], "uv_size": [2, -6]}
							}
						},
						{
							"origin": [-8.09603, 22.2719, -22.07632],
							"size": [2.51595, 1.27121, 5.99578],
							"pivot": [-4.04844, 22.90751, -19.07843],
							"rotation": [0, -90, 45],
							"uv": {
								"north": {"uv": [67, 53], "uv_size": [3, 1]},
								"east": {"uv": [60, 5], "uv_size": [6, 1]},
								"south": {"uv": [67, 54], "uv_size": [3, 1]},
								"west": {"uv": [60, 6], "uv_size": [6, 1]},
								"up": {"uv": [22, 49], "uv_size": [3, 6]},
								"down": {"uv": [48, 55], "uv_size": [3, -6]}
							}
						},
						{
							"origin": [-5.73603, 22.2719, -22.27382],
							"size": [2.32845, 1.27121, 6.39078],
							"pivot": [-4.04844, 22.90751, -19.07843],
							"rotation": [0, -90, 0],
							"uv": {
								"north": {"uv": [71, 13], "uv_size": [2, 1]},
								"east": {"uv": [60, 7], "uv_size": [6, 1]},
								"south": {"uv": [71, 14], "uv_size": [2, 1]},
								"west": {"uv": [60, 55], "uv_size": [6, 1]},
								"up": {"uv": [53, 53], "uv_size": [2, 6]},
								"down": {"uv": [1, 61], "uv_size": [2, -6]}
							}
						},
						{
							"origin": [-8.09603, 22.2719, -22.07632],
							"size": [2.51595, 1.27121, 5.99578],
							"pivot": [-4.04844, 22.90751, -19.07843],
							"rotation": [0, -90, 0],
							"uv": {
								"north": {"uv": [62, 67], "uv_size": [3, 1]},
								"east": {"uv": [60, 56], "uv_size": [6, 1]},
								"south": {"uv": [67, 65], "uv_size": [3, 1]},
								"west": {"uv": [60, 57], "uv_size": [6, 1]},
								"up": {"uv": [50, 10], "uv_size": [3, 6]},
								"down": {"uv": [50, 22], "uv_size": [3, -6]}
							}
						},
						{
							"origin": [-8.09603, 22.2719, -22.27382],
							"size": [4.68845, 1.27121, 6.39078],
							"pivot": [-4.04844, 22.90751, -19.07843],
							"rotation": [0, -90, 22.5],
							"uv": {
								"north": {"uv": [62, 25], "uv_size": [5, 1]},
								"east": {"uv": [60, 58], "uv_size": [6, 1]},
								"south": {"uv": [62, 46], "uv_size": [5, 1]},
								"west": {"uv": [60, 59], "uv_size": [6, 1]},
								"up": {"uv": [32, 42], "uv_size": [5, 6]},
								"down": {"uv": [45, 16], "uv_size": [5, -6]}
							}
						},
						{
							"origin": [-4.71307, 20.36122, -23.23277],
							"size": [1.16328, 1.23657, 0.82855],
							"uv": {
								"north": {"uv": [73, 33], "uv_size": [1, 1]},
								"east": {"uv": [73, 34], "uv_size": [1, 1]},
								"south": {"uv": [73, 35], "uv_size": [1, 1]},
								"west": {"uv": [73, 36], "uv_size": [1, 1]},
								"up": {"uv": [37, 73], "uv_size": [1, 1]},
								"down": {"uv": [38, 74], "uv_size": [1, -1]}
							}
						},
						{
							"origin": [-6.46885, 23.43454, -23.23277],
							"size": [1.16328, 1.23657, 0.82855],
							"uv": {
								"north": {"uv": [73, 38], "uv_size": [1, 1]},
								"east": {"uv": [39, 73], "uv_size": [1, 1]},
								"south": {"uv": [73, 39], "uv_size": [1, 1]},
								"west": {"uv": [73, 40], "uv_size": [1, 1]},
								"up": {"uv": [73, 41], "uv_size": [1, 1]},
								"down": {"uv": [73, 43], "uv_size": [1, -1]}
							}
						},
						{
							"origin": [-4.63407, 24.36279, -23.23277],
							"size": [1.16328, 1.23657, 0.82855],
							"uv": {
								"north": {"uv": [73, 43], "uv_size": [1, 1]},
								"east": {"uv": [73, 44], "uv_size": [1, 1]},
								"south": {"uv": [45, 73], "uv_size": [1, 1]},
								"west": {"uv": [73, 45], "uv_size": [1, 1]},
								"up": {"uv": [73, 46], "uv_size": [1, 1]},
								"down": {"uv": [47, 74], "uv_size": [1, -1]}
							}
						},
						{
							"origin": [-6.46885, 21.21047, -23.23277],
							"size": [1.16328, 1.23657, 0.82855],
							"uv": {
								"north": {"uv": [73, 47], "uv_size": [1, 1]},
								"east": {"uv": [73, 49], "uv_size": [1, 1]},
								"south": {"uv": [50, 73], "uv_size": [1, 1]},
								"west": {"uv": [73, 50], "uv_size": [1, 1]},
								"up": {"uv": [51, 73], "uv_size": [1, 1]},
								"down": {"uv": [73, 52], "uv_size": [1, -1]}
							}
						},
						{
							"origin": [-2.81707, 21.21047, -23.23277],
							"size": [1.16328, 1.23657, 0.82855],
							"uv": {
								"north": {"uv": [52, 73], "uv_size": [1, 1]},
								"east": {"uv": [73, 52], "uv_size": [1, 1]},
								"south": {"uv": [53, 73], "uv_size": [1, 1]},
								"west": {"uv": [73, 53], "uv_size": [1, 1]},
								"up": {"uv": [73, 54], "uv_size": [1, 1]},
								"down": {"uv": [56, 74], "uv_size": [1, -1]}
							}
						},
						{
							"origin": [-2.81707, 23.43454, -23.23277],
							"size": [1.16328, 1.23657, 0.82855],
							"pivot": [-14.0953, 21.76183, -23.21349],
							"rotation": [0, 0, 0],
							"uv": {
								"north": {"uv": [57, 73], "uv_size": [1, 1]},
								"east": {"uv": [73, 58], "uv_size": [1, 1]},
								"south": {"uv": [59, 73], "uv_size": [1, 1]},
								"west": {"uv": [73, 59], "uv_size": [1, 1]},
								"up": {"uv": [60, 73], "uv_size": [1, 1]},
								"down": {"uv": [73, 61], "uv_size": [1, -1]}
							}
						}
					]
				},
				{
					"name": "bone",
					"parent": "Cylinder",
					"pivot": [-13.3053, 25.16425, -23.55924],
					"cubes": [
						{
							"origin": [-4.63407, 24.36279, -21.57852],
							"size": [1.16328, 1.23657, 3.19855],
							"uv": {
								"north": {"uv": [29, 73], "uv_size": [1, 1]},
								"east": {"uv": [67, 10], "uv_size": [3, 1]},
								"south": {"uv": [73, 29], "uv_size": [1, 1]},
								"west": {"uv": [67, 11], "uv_size": [3, 1]},
								"up": {"uv": [8, 67], "uv_size": [1, 3]},
								"down": {"uv": [67, 16], "uv_size": [1, -3]}
							}
						}
					]
				},
				{
					"name": "bone6",
					"parent": "Cylinder",
					"pivot": [-13.3053, 25.16425, -23.55924],
					"cubes": [
						{
							"origin": [-4.71307, 20.36122, -21.57852],
							"size": [1.16328, 1.23657, 3.19855],
							"uv": {
								"north": {"uv": [27, 73], "uv_size": [1, 1]},
								"east": {"uv": [66, 63], "uv_size": [3, 1]},
								"south": {"uv": [73, 27], "uv_size": [1, 1]},
								"west": {"uv": [67, 1], "uv_size": [3, 1]},
								"up": {"uv": [2, 67], "uv_size": [1, 3]},
								"down": {"uv": [67, 5], "uv_size": [1, -3]}
							}
						}
					]
				},
				{
					"name": "bone5",
					"parent": "Cylinder",
					"pivot": [-13.3053, 25.16425, -23.55924],
					"cubes": [
						{
							"origin": [-6.46885, 23.43454, -21.57852],
							"size": [1.16328, 1.23657, 3.19855],
							"uv": {
								"north": {"uv": [28, 73], "uv_size": [1, 1]},
								"east": {"uv": [67, 5], "uv_size": [3, 1]},
								"south": {"uv": [73, 28], "uv_size": [1, 1]},
								"west": {"uv": [67, 6], "uv_size": [3, 1]},
								"up": {"uv": [7, 67], "uv_size": [1, 3]},
								"down": {"uv": [67, 10], "uv_size": [1, -3]}
							}
						}
					]
				},
				{
					"name": "bone2",
					"parent": "Cylinder",
					"pivot": [-13.3053, 25.16425, -23.55924],
					"cubes": [
						{
							"origin": [-6.46885, 21.21047, -21.57852],
							"size": [1.16328, 1.23657, 3.19855],
							"uv": {
								"north": {"uv": [30, 73], "uv_size": [1, 1]},
								"east": {"uv": [67, 16], "uv_size": [3, 1]},
								"south": {"uv": [73, 30], "uv_size": [1, 1]},
								"west": {"uv": [67, 17], "uv_size": [3, 1]},
								"up": {"uv": [67, 18], "uv_size": [1, 3]},
								"down": {"uv": [20, 70], "uv_size": [1, -3]}
							}
						}
					]
				},
				{
					"name": "bone3",
					"parent": "Cylinder",
					"pivot": [-2.23543, 21.82875, -19.97924],
					"cubes": [
						{
							"origin": [-2.81707, 21.21047, -21.57852],
							"size": [1.16328, 1.23657, 3.19855],
							"uv": {
								"north": {"uv": [31, 73], "uv_size": [1, 1]},
								"east": {"uv": [67, 21], "uv_size": [3, 1]},
								"south": {"uv": [73, 31], "uv_size": [1, 1]},
								"west": {"uv": [67, 24], "uv_size": [3, 1]},
								"up": {"uv": [21, 67], "uv_size": [1, 3]},
								"down": {"uv": [34, 70], "uv_size": [1, -3]}
							}
						}
					]
				},
				{
					"name": "bone4",
					"parent": "Cylinder",
					"pivot": [-13.3053, 25.16425, -23.55924],
					"cubes": [
						{
							"origin": [-2.81707, 23.43454, -21.57852],
							"size": [1.16328, 1.23657, 3.19855],
							"pivot": [-14.0953, 21.76183, -21.55924],
							"rotation": [0, 0, 0],
							"uv": {
								"north": {"uv": [32, 73], "uv_size": [1, 1]},
								"east": {"uv": [67, 25], "uv_size": [3, 1]},
								"south": {"uv": [73, 32], "uv_size": [1, 1]},
								"west": {"uv": [37, 67], "uv_size": [3, 1]},
								"up": {"uv": [40, 67], "uv_size": [1, 3]},
								"down": {"uv": [67, 44], "uv_size": [1, -3]}
							}
						}
					]
				},
				{
					"name": "Ejector",
					"parent": "Cylinder",
					"pivot": [-4.0922, 23.00784, -11.62427],
					"cubes": [
						{
							"origin": [-4.5022, 22.59784, -33.60827],
							"size": [0.82, 0.82, 15.22],
							"pivot": [-4.0922, 23.00784, -23.19827],
							"rotation": [0, 0, 45],
							"uv": {
								"north": {"uv": [52, 74], "uv_size": [1, 1]},
								"east": {"uv": [51, 51], "uv_size": [15, 1]},
								"south": {"uv": [74, 52], "uv_size": [1, 1]},
								"west": {"uv": [51, 52], "uv_size": [15, 1]},
								"up": {"uv": [35, 48], "uv_size": [1, 15]},
								"down": {"uv": [36, 63], "uv_size": [1, -15]}
							}
						},
						{
							"origin": [-4.5022, 22.59784, -18.40827],
							"size": [0.82, 0.82, 0.22],
							"pivot": [-4.0922, 23.00784, -11.99827],
							"rotation": [0, 0, 45],
							"uv": {
								"north": {"uv": [60, 74], "uv_size": [1, 1]},
								"east": {"uv": [74, 60], "uv_size": [1, 1]},
								"south": {"uv": [61, 74], "uv_size": [1, 1]},
								"west": {"uv": [74, 61], "uv_size": [1, 1]},
								"up": {"uv": [62, 74], "uv_size": [1, 1]},
								"down": {"uv": [74, 63], "uv_size": [1, -1]}
							}
						},
						{
							"origin": [-3.92238, 23.17766, -18.40827],
							"size": [0.82, 0.82, 0.22],
							"pivot": [-3.51238, 23.58766, -11.99827],
							"rotation": [0, 0, 45],
							"uv": {
								"north": {"uv": [69, 74], "uv_size": [1, 1]},
								"east": {"uv": [74, 69], "uv_size": [1, 1]},
								"south": {"uv": [70, 74], "uv_size": [1, 1]},
								"west": {"uv": [74, 70], "uv_size": [1, 1]},
								"up": {"uv": [71, 74], "uv_size": [1, 1]},
								"down": {"uv": [74, 72], "uv_size": [1, -1]}
							}
						},
						{
							"origin": [-5.08203, 22.01801, -18.40827],
							"size": [0.82, 0.82, 0.22],
							"pivot": [-4.67203, 22.42801, -11.99827],
							"rotation": [0, 0, 45],
							"uv": {
								"north": {"uv": [72, 74], "uv_size": [1, 1]},
								"east": {"uv": [74, 72], "uv_size": [1, 1]},
								"south": {"uv": [73, 74], "uv_size": [1, 1]},
								"west": {"uv": [74, 73], "uv_size": [1, 1]},
								"up": {"uv": [74, 74], "uv_size": [1, 1]},
								"down": {"uv": [0, 76], "uv_size": [1, -1]}
							}
						},
						{
							"origin": [-5.08203, 23.17766, -18.40827],
							"size": [0.82, 0.82, 0.22],
							"pivot": [-4.67203, 23.58766, -11.99827],
							"rotation": [0, 0, 45],
							"uv": {
								"north": {"uv": [63, 74], "uv_size": [1, 1]},
								"east": {"uv": [74, 63], "uv_size": [1, 1]},
								"south": {"uv": [64, 74], "uv_size": [1, 1]},
								"west": {"uv": [74, 64], "uv_size": [1, 1]},
								"up": {"uv": [65, 74], "uv_size": [1, 1]},
								"down": {"uv": [74, 66], "uv_size": [1, -1]}
							}
						},
						{
							"origin": [-3.92238, 22.01801, -18.40827],
							"size": [0.82, 0.82, 0.22],
							"pivot": [-3.51238, 22.42801, -11.99827],
							"rotation": [0, 0, 45],
							"uv": {
								"north": {"uv": [66, 74], "uv_size": [1, 1]},
								"east": {"uv": [74, 66], "uv_size": [1, 1]},
								"south": {"uv": [67, 74], "uv_size": [1, 1]},
								"west": {"uv": [74, 67], "uv_size": [1, 1]},
								"up": {"uv": [68, 74], "uv_size": [1, 1]},
								"down": {"uv": [74, 69], "uv_size": [1, -1]}
							}
						},
						{
							"origin": [-4.6703, 22.42974, -26.30437],
							"size": [1.1562, 1.1562, 3.0122],
							"pivot": [-4.0922, 23.00784, -22.62427],
							"rotation": [0, 0, 45],
							"uv": {
								"north": {"uv": [59, 74], "uv_size": [1, 1]},
								"east": {"uv": [11, 70], "uv_size": [3, 1]},
								"south": {"uv": [74, 59], "uv_size": [1, 1]},
								"west": {"uv": [70, 12], "uv_size": [3, 1]},
								"up": {"uv": [17, 70], "uv_size": [1, 3]},
								"down": {"uv": [18, 73], "uv_size": [1, -3]}
							}
						},
						{
							"origin": [-4.56046, 22.53957, -34.07021],
							"size": [0.93652, 0.93652, 1.14388],
							"pivot": [-4.0922, 23.00784, -32.14233],
							"rotation": [0, 0, 45],
							"uv": {
								"north": {"uv": [75, 62], "uv_size": [1, 1]},
								"east": {"uv": [63, 75], "uv_size": [1, 1]},
								"south": {"uv": [75, 63], "uv_size": [1, 1]},
								"west": {"uv": [64, 75], "uv_size": [1, 1]},
								"up": {"uv": [75, 64], "uv_size": [1, 1]},
								"down": {"uv": [65, 76], "uv_size": [1, -1]}
							}
						}
					]
				},
				{
					"name": "Barrel",
					"parent": "gun",
					"pivot": [-3.98437, 28.06617, -16.43424],
					"cubes": [
						{
							"origin": [-4.1595, 25.48677, -46.56291],
							"size": [0.34001, 1.76206, 0.40539],
							"inflate": 0.002,
							"uv": {
								"north": {"uv": [19, 74], "uv_size": [1, 1]},
								"east": {"uv": [74, 19], "uv_size": [1, 1]},
								"south": {"uv": [20, 74], "uv_size": [1, 1]},
								"west": {"uv": [74, 20], "uv_size": [1, 1]},
								"up": {"uv": [21, 74], "uv_size": [1, 1]},
								"down": {"uv": [74, 22], "uv_size": [1, -1]}
							}
						},
						{
							"origin": [-4.15951, 25.57209, -46.44915],
							"size": [0.34002, 2.05459, 0.50114],
							"inflate": 0.002,
							"pivot": [-3.83888, 27.15195, -45.5317],
							"rotation": [40, 0, 0],
							"uv": {
								"north": {"uv": [22, 74], "uv_size": [1, 1]},
								"east": {"uv": [74, 22], "uv_size": [1, 1]},
								"south": {"uv": [23, 74], "uv_size": [1, 1]},
								"west": {"uv": [74, 23], "uv_size": [1, 1]},
								"up": {"uv": [24, 74], "uv_size": [1, 1]},
								"down": {"uv": [74, 25], "uv_size": [1, -1]}
							}
						},
						{
							"origin": [-4.1595, 25.48677, -46.22163],
							"size": [0.34001, 1.0795, 0.51915],
							"inflate": 0.002,
							"uv": {
								"north": {"uv": [25, 74], "uv_size": [1, 1]},
								"east": {"uv": [74, 25], "uv_size": [1, 1]},
								"south": {"uv": [26, 74], "uv_size": [1, 1]},
								"west": {"uv": [74, 26], "uv_size": [1, 1]},
								"up": {"uv": [27, 74], "uv_size": [1, 1]},
								"down": {"uv": [74, 28], "uv_size": [1, -1]}
							}
						},
						{
							"origin": [-4.53518, 25.68578, -47.23707],
							"size": [0.95839, 0.53762, 24.70565],
							"inflate": 0.002,
							"pivot": [-3.98437, 25.06617, -16.43424],
							"rotation": [0, 0, -42.5],
							"uv": {
								"north": {"uv": [28, 74], "uv_size": [1, 1]},
								"east": {"uv": [45, 26], "uv_size": [25, 1]},
								"south": {"uv": [74, 28], "uv_size": [1, 1]},
								"west": {"uv": [45, 27], "uv_size": [25, 1]},
								"up": {"uv": [37, 42], "uv_size": [1, 25]},
								"down": {"uv": [38, 67], "uv_size": [1, -25]}
							}
						},
						{
							"origin": [-4.46356, 25.65793, -47.23707],
							"size": [0.95839, 0.53762, 24.70565],
							"inflate": 0.002,
							"uv": {
								"north": {"uv": [29, 74], "uv_size": [1, 1]},
								"east": {"uv": [46, 28], "uv_size": [25, 1]},
								"south": {"uv": [74, 29], "uv_size": [1, 1]},
								"west": {"uv": [46, 29], "uv_size": [25, 1]},
								"up": {"uv": [39, 42], "uv_size": [1, 25]},
								"down": {"uv": [40, 67], "uv_size": [1, -25]}
							}
						},
						{
							"origin": [-4.39194, 25.68578, -47.23707],
							"size": [0.95839, 0.53762, 24.70565],
							"inflate": 0.002,
							"pivot": [-3.98437, 25.06617, -16.43424],
							"rotation": [0, 0, 42.5],
							"uv": {
								"north": {"uv": [30, 74], "uv_size": [1, 1]},
								"east": {"uv": [46, 30], "uv_size": [25, 1]},
								"south": {"uv": [74, 30], "uv_size": [1, 1]},
								"west": {"uv": [46, 31], "uv_size": [25, 1]},
								"up": {"uv": [46, 32], "uv_size": [1, 25]},
								"down": {"uv": [41, 71], "uv_size": [1, -25]}
							}
						},
						{
							"origin": [-4.46356, 23.87743, -47.23707],
							"size": [0.95839, 0.53762, 24.70565],
							"inflate": 0.002,
							"pivot": [-3.98437, 25.06617, -16.43424],
							"rotation": [0, 0, -90],
							"uv": {
								"north": {"uv": [31, 74], "uv_size": [1, 1]},
								"east": {"uv": [47, 32], "uv_size": [25, 1]},
								"south": {"uv": [74, 31], "uv_size": [1, 1]},
								"west": {"uv": [47, 33], "uv_size": [25, 1]},
								"up": {"uv": [42, 46], "uv_size": [1, 25]},
								"down": {"uv": [43, 71], "uv_size": [1, -25]}
							}
						},
						{
							"origin": [-4.39194, 23.90894, -47.23707],
							"size": [0.95839, 0.53762, 24.70565],
							"inflate": 0.002,
							"pivot": [-3.98437, 25.06617, -16.43424],
							"rotation": [0, 0, -42.5],
							"uv": {
								"north": {"uv": [32, 74], "uv_size": [1, 1]},
								"east": {"uv": [47, 34], "uv_size": [25, 1]},
								"south": {"uv": [74, 32], "uv_size": [1, 1]},
								"west": {"uv": [47, 35], "uv_size": [25, 1]},
								"up": {"uv": [44, 46], "uv_size": [1, 25]},
								"down": {"uv": [45, 71], "uv_size": [1, -25]}
							}
						},
						{
							"origin": [-4.46356, 23.93679, -47.23707],
							"size": [0.95839, 0.53762, 24.70565],
							"inflate": 0.002,
							"uv": {
								"north": {"uv": [33, 74], "uv_size": [1, 1]},
								"east": {"uv": [47, 36], "uv_size": [25, 1]},
								"south": {"uv": [74, 33], "uv_size": [1, 1]},
								"west": {"uv": [47, 37], "uv_size": [25, 1]},
								"up": {"uv": [47, 38], "uv_size": [1, 25]},
								"down": {"uv": [0, 73], "uv_size": [1, -25]}
							}
						},
						{
							"origin": [-4.53518, 23.90894, -47.23707],
							"size": [0.95839, 0.53762, 24.70565],
							"inflate": 0.002,
							"pivot": [-3.98437, 25.06617, -16.43424],
							"rotation": [0, 0, 42.5],
							"uv": {
								"north": {"uv": [34, 74], "uv_size": [1, 1]},
								"east": {"uv": [1, 48], "uv_size": [25, 1]},
								"south": {"uv": [74, 34], "uv_size": [1, 1]},
								"west": {"uv": [48, 38], "uv_size": [25, 1]},
								"up": {"uv": [26, 48], "uv_size": [1, 25]},
								"down": {"uv": [27, 73], "uv_size": [1, -25]}
							}
						},
						{
							"origin": [-4.46356, 25.71729, -47.23707],
							"size": [0.95839, 0.53762, 24.70565],
							"inflate": 0.002,
							"pivot": [-3.98437, 25.06617, -16.43424],
							"rotation": [0, 0, -90],
							"uv": {
								"north": {"uv": [35, 74], "uv_size": [1, 1]},
								"east": {"uv": [48, 39], "uv_size": [25, 1]},
								"south": {"uv": [74, 35], "uv_size": [1, 1]},
								"west": {"uv": [48, 40], "uv_size": [25, 1]},
								"up": {"uv": [28, 48], "uv_size": [1, 25]},
								"down": {"uv": [29, 73], "uv_size": [1, -25]}
							}
						}
					]
				},
				{
					"name": "Teuing2",
					"parent": "gun",
					"pivot": [-4.025, 17.00571, -18.97145],
					"rotation": [-90, 0, 0],
					"cubes": [
						{
							"origin": [-4.72578, 8.16984, -18.31033],
							"size": [1.40156, 0.88648, 0.27854],
							"pivot": [-0.2328, 8.76828, -27.88706],
							"rotation": [45, 0, 0],
							"uv": {
								"north": {"uv": [75, 0], "uv_size": [1, 1]},
								"east": {"uv": [1, 75], "uv_size": [1, 1]},
								"south": {"uv": [75, 1], "uv_size": [1, 1]},
								"west": {"uv": [2, 75], "uv_size": [1, 1]},
								"up": {"uv": [75, 2], "uv_size": [1, 1]},
								"down": {"uv": [3, 76], "uv_size": [1, -1]}
							}
						},
						{
							"origin": [-4.72578, 21.13009, -29.96018],
							"size": [1.40156, 0.88648, 0.27854],
							"pivot": [-0.2328, 9.76828, -27.88706],
							"rotation": [-45, 0, 0],
							"uv": {
								"north": {"uv": [75, 3], "uv_size": [1, 1]},
								"east": {"uv": [4, 75], "uv_size": [1, 1]},
								"south": {"uv": [75, 4], "uv_size": [1, 1]},
								"west": {"uv": [5, 75], "uv_size": [1, 1]},
								"up": {"uv": [75, 5], "uv_size": [1, 1]},
								"down": {"uv": [6, 76], "uv_size": [1, -1]}
							}
						},
						{
							"origin": [-4.72578, 9.16984, -14.13224],
							"size": [1.40156, 0.88648, 0.27854],
							"pivot": [-0.2328, 9.76828, -27.88706],
							"rotation": [45, 0, 0],
							"uv": {
								"north": {"uv": [75, 6], "uv_size": [1, 1]},
								"east": {"uv": [7, 75], "uv_size": [1, 1]},
								"south": {"uv": [75, 7], "uv_size": [1, 1]},
								"west": {"uv": [8, 75], "uv_size": [1, 1]},
								"up": {"uv": [75, 8], "uv_size": [1, 1]},
								"down": {"uv": [9, 76], "uv_size": [1, -1]}
							}
						},
						{
							"origin": [-4.72578, 13.69925, -14.97145],
							"size": [1.40156, 0.88648, 0.27854],
							"pivot": [-0.2328, 9.76828, -27.88706],
							"rotation": [22.5, 0, 0],
							"uv": {
								"north": {"uv": [75, 9], "uv_size": [1, 1]},
								"east": {"uv": [10, 75], "uv_size": [1, 1]},
								"south": {"uv": [75, 10], "uv_size": [1, 1]},
								"west": {"uv": [11, 75], "uv_size": [1, 1]},
								"up": {"uv": [75, 11], "uv_size": [1, 1]},
								"down": {"uv": [12, 76], "uv_size": [1, -1]}
							}
						},
						{
							"origin": [-4.72578, 16.56272, -17.45891],
							"size": [1.40156, 1.87989, 0.25734],
							"uv": {
								"north": {"uv": [41, 72], "uv_size": [1, 2]},
								"east": {"uv": [42, 72], "uv_size": [1, 2]},
								"south": {"uv": [72, 42], "uv_size": [1, 2]},
								"west": {"uv": [43, 72], "uv_size": [1, 2]},
								"up": {"uv": [75, 12], "uv_size": [1, 1]},
								"down": {"uv": [13, 76], "uv_size": [1, -1]}
							}
						},
						{
							"origin": [-4.72578, 19.17209, -21.27631],
							"size": [1.40156, 0.88648, 0.27854],
							"pivot": [-0.2328, 8.76828, -27.88706],
							"rotation": [-22.5, 0, 0],
							"uv": {
								"north": {"uv": [75, 13], "uv_size": [1, 1]},
								"east": {"uv": [14, 75], "uv_size": [1, 1]},
								"south": {"uv": [75, 14], "uv_size": [1, 1]},
								"west": {"uv": [15, 75], "uv_size": [1, 1]},
								"up": {"uv": [75, 15], "uv_size": [1, 1]},
								"down": {"uv": [16, 76], "uv_size": [1, -1]}
							}
						},
						{
							"origin": [-4.72578, 20.13009, -25.78209],
							"size": [1.40156, 0.88648, 0.27854],
							"pivot": [-0.2328, 8.76828, -27.88706],
							"rotation": [-45, 0, 0],
							"uv": {
								"north": {"uv": [75, 16], "uv_size": [1, 1]},
								"east": {"uv": [17, 75], "uv_size": [1, 1]},
								"south": {"uv": [75, 17], "uv_size": [1, 1]},
								"west": {"uv": [18, 75], "uv_size": [1, 1]},
								"up": {"uv": [75, 18], "uv_size": [1, 1]},
								"down": {"uv": [19, 76], "uv_size": [1, -1]}
							}
						},
						{
							"origin": [-4.72578, 10.91417, -17.36447],
							"size": [1.40156, 0.27854, 0.88648],
							"pivot": [-0.2328, 8.76828, -27.88706],
							"rotation": [22.5, 0, 0],
							"uv": {
								"north": {"uv": [75, 19], "uv_size": [1, 1]},
								"east": {"uv": [20, 75], "uv_size": [1, 1]},
								"south": {"uv": [75, 20], "uv_size": [1, 1]},
								"west": {"uv": [21, 75], "uv_size": [1, 1]},
								"up": {"uv": [75, 21], "uv_size": [1, 1]},
								"down": {"uv": [22, 76], "uv_size": [1, -1]}
							}
						},
						{
							"origin": [-4.72578, 14.77765, -19.87313],
							"size": [1.40156, 0.27854, 0.88648],
							"uv": {
								"north": {"uv": [75, 22], "uv_size": [1, 1]},
								"east": {"uv": [23, 75], "uv_size": [1, 1]},
								"south": {"uv": [75, 23], "uv_size": [1, 1]},
								"west": {"uv": [24, 75], "uv_size": [1, 1]},
								"up": {"uv": [75, 24], "uv_size": [1, 1]},
								"down": {"uv": [25, 76], "uv_size": [1, -1]}
							}
						},
						{
							"origin": [-4.72578, 17.38701, -23.66932],
							"size": [1.40156, 0.27854, 0.88648],
							"pivot": [-0.2328, 8.76828, -27.88706],
							"rotation": [-22.5, 0, 0],
							"uv": {
								"north": {"uv": [75, 25], "uv_size": [1, 1]},
								"east": {"uv": [26, 75], "uv_size": [1, 1]},
								"south": {"uv": [75, 26], "uv_size": [1, 1]},
								"west": {"uv": [27, 75], "uv_size": [1, 1]},
								"up": {"uv": [75, 27], "uv_size": [1, 1]},
								"down": {"uv": [28, 76], "uv_size": [1, -1]}
							}
						},
						{
							"origin": [-4.72578, 16.09226, -17.36447],
							"size": [1.40156, 0.27854, 0.88648],
							"pivot": [-0.2328, 9.76828, -27.88706],
							"rotation": [22.5, 0, 0],
							"uv": {
								"north": {"uv": [75, 28], "uv_size": [1, 1]},
								"east": {"uv": [29, 75], "uv_size": [1, 1]},
								"south": {"uv": [75, 29], "uv_size": [1, 1]},
								"west": {"uv": [30, 75], "uv_size": [1, 1]},
								"up": {"uv": [75, 30], "uv_size": [1, 1]},
								"down": {"uv": [31, 76], "uv_size": [1, -1]}
							}
						},
						{
							"origin": [-4.72578, 19.95574, -19.87313],
							"size": [1.40156, 0.27854, 0.88648],
							"uv": {
								"north": {"uv": [75, 31], "uv_size": [1, 1]},
								"east": {"uv": [32, 75], "uv_size": [1, 1]},
								"south": {"uv": [75, 32], "uv_size": [1, 1]},
								"west": {"uv": [33, 75], "uv_size": [1, 1]},
								"up": {"uv": [75, 33], "uv_size": [1, 1]},
								"down": {"uv": [34, 76], "uv_size": [1, -1]}
							}
						},
						{
							"origin": [-4.72578, 22.5651, -23.66932],
							"size": [1.40156, 0.27854, 0.88648],
							"pivot": [-0.2328, 9.76828, -27.88706],
							"rotation": [-22.5, 0, 0],
							"uv": {
								"north": {"uv": [75, 34], "uv_size": [1, 1]},
								"east": {"uv": [35, 75], "uv_size": [1, 1]},
								"south": {"uv": [75, 35], "uv_size": [1, 1]},
								"west": {"uv": [36, 75], "uv_size": [1, 1]},
								"up": {"uv": [75, 36], "uv_size": [1, 1]},
								"down": {"uv": [37, 76], "uv_size": [1, -1]}
							}
						}
					]
				},
				{
					"name": "trigger",
					"parent": "Teuing2",
					"pivot": [-4.02263, 17.82878, -20.51559],
					"cubes": [
						{
							"origin": [-4.22345, 18.10439, -20.99629],
							"size": [0.4, 0.4298, 1.65475],
							"inflate": 0.002,
							"pivot": [-4.02263, 18.22878, -20.61559],
							"rotation": [13.49478, -0.01017, -179.85616],
							"uv": {
								"north": {"uv": [75, 37], "uv_size": [1, 1]},
								"east": {"uv": [71, 54], "uv_size": [2, 1]},
								"south": {"uv": [38, 75], "uv_size": [1, 1]},
								"west": {"uv": [71, 58], "uv_size": [2, 1]},
								"up": {"uv": [44, 72], "uv_size": [1, 2]},
								"down": {"uv": [72, 47], "uv_size": [1, -2]}
							}
						},
						{
							"origin": [-4.22345, 17.72652, -19.4346],
							"size": [0.4, 0.41222, 0.98435],
							"inflate": 0.002,
							"pivot": [-4.02263, 18.22878, -20.61559],
							"rotation": [30.99478, -0.01017, -179.85616],
							"uv": {
								"north": {"uv": [75, 38], "uv_size": [1, 1]},
								"east": {"uv": [39, 75], "uv_size": [1, 1]},
								"south": {"uv": [75, 39], "uv_size": [1, 1]},
								"west": {"uv": [40, 75], "uv_size": [1, 1]},
								"up": {"uv": [75, 40], "uv_size": [1, 1]},
								"down": {"uv": [41, 76], "uv_size": [1, -1]}
							}
						}
					]
				},
				{
					"name": "trigger2",
					"parent": "Teuing2",
					"pivot": [-4.02263, 15.92878, -20.51559],
					"rotation": [-7, 0, 0]
				},
				{
					"name": "Hammer",
					"parent": "gun",
					"pivot": [-4.55845, 22.77822, -14.10076],
					"cubes": [
						{
							"origin": [-4.2606, 25.47861, -17.52744],
							"size": [0.55, 0.57119, 2.90851],
							"pivot": [-4.75845, 25.24569, -17.19851],
							"rotation": [-37.5, 0, 0],
							"uv": {
								"north": {"uv": [75, 61], "uv_size": [1, 1]},
								"east": {"uv": [70, 16], "uv_size": [3, 1]},
								"south": {"uv": [62, 75], "uv_size": [1, 1]},
								"west": {"uv": [70, 17], "uv_size": [3, 1]},
								"up": {"uv": [31, 70], "uv_size": [1, 3]},
								"down": {"uv": [32, 73], "uv_size": [1, -3]}
							}
						},
						{
							"origin": [-4.2606, 23.95597, -17.15467],
							"size": [0.55, 0.57119, 1.20851],
							"pivot": [-3.9856, 24.24156, -15.95042],
							"rotation": [-65, 0, 0],
							"uv": {
								"north": {"uv": [75, 68], "uv_size": [1, 1]},
								"east": {"uv": [69, 75], "uv_size": [1, 1]},
								"south": {"uv": [75, 69], "uv_size": [1, 1]},
								"west": {"uv": [70, 75], "uv_size": [1, 1]},
								"up": {"uv": [75, 70], "uv_size": [1, 1]},
								"down": {"uv": [71, 76], "uv_size": [1, -1]}
							}
						},
						{
							"origin": [-4.2606, 23.91022, -16.1432],
							"size": [0.55, 0.57119, 1.85851],
							"pivot": [-3.9856, 24.19581, -15.58895],
							"rotation": [-20, 0, 0],
							"uv": {
								"north": {"uv": [75, 71], "uv_size": [1, 1]},
								"east": {"uv": [73, 7], "uv_size": [2, 1]},
								"south": {"uv": [72, 75], "uv_size": [1, 1]},
								"west": {"uv": [73, 8], "uv_size": [2, 1]},
								"up": {"uv": [9, 73], "uv_size": [1, 2]},
								"down": {"uv": [73, 11], "uv_size": [1, -2]}
							}
						},
						{
							"origin": [-4.2856, 24.92447, -15.87201],
							"size": [0.6, 0.64619, 2.40851],
							"pivot": [-3.9856, 25.18506, -15.66776],
							"rotation": [40, 0, 0],
							"uv": {
								"north": {"uv": [75, 50], "uv_size": [1, 1]},
								"east": {"uv": [72, 0], "uv_size": [2, 1]},
								"south": {"uv": [51, 75], "uv_size": [1, 1]},
								"west": {"uv": [72, 20], "uv_size": [2, 1]},
								"up": {"uv": [46, 72], "uv_size": [1, 2]},
								"down": {"uv": [48, 74], "uv_size": [1, -2]}
							}
						},
						{
							"origin": [-4.2856, 25.39226, -17.40597],
							"size": [0.6, 0.72119, 2.30851],
							"pivot": [-3.9856, 25.82785, -16.20172],
							"rotation": [-5, 0, 0],
							"uv": {
								"north": {"uv": [75, 51], "uv_size": [1, 1]},
								"east": {"uv": [72, 37], "uv_size": [2, 1]},
								"south": {"uv": [52, 75], "uv_size": [1, 1]},
								"west": {"uv": [72, 48], "uv_size": [2, 1]},
								"up": {"uv": [49, 72], "uv_size": [1, 2]},
								"down": {"uv": [72, 51], "uv_size": [1, -2]}
							}
						},
						{
							"origin": [-4.2856, 24.39226, -15.60597],
							"size": [0.6, 0.72119, 1.70851],
							"pivot": [-3.9856, 24.82785, -15.00172],
							"rotation": [-35, 0, 0],
							"uv": {
								"north": {"uv": [75, 60], "uv_size": [1, 1]},
								"east": {"uv": [4, 73], "uv_size": [2, 1]},
								"south": {"uv": [61, 75], "uv_size": [1, 1]},
								"west": {"uv": [73, 4], "uv_size": [2, 1]},
								"up": {"uv": [73, 5], "uv_size": [1, 2]},
								"down": {"uv": [6, 75], "uv_size": [1, -2]}
							}
						},
						{
							"origin": [-4.2856, 23.27822, -15.2665],
							"size": [0.6, 0.64258, 3.89467],
							"pivot": [-4.55845, 23.07822, -13.50076],
							"rotation": [-20, 0, 0],
							"uv": {
								"north": {"uv": [75, 52], "uv_size": [1, 1]},
								"east": {"uv": [66, 45], "uv_size": [4, 1]},
								"south": {"uv": [53, 75], "uv_size": [1, 1]},
								"west": {"uv": [66, 59], "uv_size": [4, 1]},
								"up": {"uv": [58, 66], "uv_size": [1, 4]},
								"down": {"uv": [59, 70], "uv_size": [1, -4]}
							}
						},
						{
							"origin": [-4.2826, 22.76291, -13.42213],
							"size": [0.594, 0.73995, 1.72],
							"pivot": [-3.9856, 23.32423, -13.10019],
							"rotation": [47.5, 0, 0],
							"uv": {
								"north": {"uv": [75, 53], "uv_size": [1, 1]},
								"east": {"uv": [50, 72], "uv_size": [2, 1]},
								"south": {"uv": [54, 75], "uv_size": [1, 1]},
								"west": {"uv": [52, 72], "uv_size": [2, 1]},
								"up": {"uv": [72, 52], "uv_size": [1, 2]},
								"down": {"uv": [54, 74], "uv_size": [1, -2]}
							}
						},
						{
							"origin": [-4.2826, 22.6007, -13.31374],
							"size": [0.594, 0.73995, 1.72],
							"pivot": [-3.9856, 23.32423, -13.10019],
							"rotation": [25, 0, 0],
							"uv": {
								"north": {"uv": [75, 54], "uv_size": [1, 1]},
								"east": {"uv": [72, 55], "uv_size": [2, 1]},
								"south": {"uv": [55, 75], "uv_size": [1, 1]},
								"west": {"uv": [72, 56], "uv_size": [2, 1]},
								"up": {"uv": [55, 72], "uv_size": [1, 2]},
								"down": {"uv": [58, 74], "uv_size": [1, -2]}
							}
						},
						{
							"origin": [-4.2826, 22.49231, -13.15153],
							"size": [0.594, 0.73995, 1.72],
							"pivot": [-3.9856, 23.32423, -13.10019],
							"rotation": [2.5, 0, 0],
							"uv": {
								"north": {"uv": [75, 55], "uv_size": [1, 1]},
								"east": {"uv": [72, 57], "uv_size": [2, 1]},
								"south": {"uv": [56, 75], "uv_size": [1, 1]},
								"west": {"uv": [59, 72], "uv_size": [2, 1]},
								"up": {"uv": [72, 59], "uv_size": [1, 2]},
								"down": {"uv": [61, 74], "uv_size": [1, -2]}
							}
						},
						{
							"origin": [-4.2826, 22.95425, -13.46019],
							"size": [0.594, 0.73995, 1.72],
							"pivot": [-3.9856, 23.32423, -13.10019],
							"rotation": [-70, 0, 180],
							"uv": {
								"north": {"uv": [75, 56], "uv_size": [1, 1]},
								"east": {"uv": [72, 61], "uv_size": [2, 1]},
								"south": {"uv": [57, 75], "uv_size": [1, 1]},
								"west": {"uv": [72, 62], "uv_size": [2, 1]},
								"up": {"uv": [72, 63], "uv_size": [1, 2]},
								"down": {"uv": [65, 74], "uv_size": [1, -2]}
							}
						},
						{
							"origin": [-4.2826, 22.6007, -13.31374],
							"size": [0.594, 0.73995, 1.72],
							"pivot": [-3.9856, 23.32423, -13.10019],
							"rotation": [-115, 0, 180],
							"uv": {
								"north": {"uv": [75, 57], "uv_size": [1, 1]},
								"east": {"uv": [72, 65], "uv_size": [2, 1]},
								"south": {"uv": [58, 75], "uv_size": [1, 1]},
								"west": {"uv": [72, 66], "uv_size": [2, 1]},
								"up": {"uv": [72, 67], "uv_size": [1, 2]},
								"down": {"uv": [69, 74], "uv_size": [1, -2]}
							}
						},
						{
							"origin": [-4.2826, 22.49231, -13.15153],
							"size": [0.594, 0.73995, 1.72],
							"pivot": [-3.9856, 23.32423, -13.10019],
							"rotation": [-137.5, 0, -180],
							"uv": {
								"north": {"uv": [75, 58], "uv_size": [1, 1]},
								"east": {"uv": [72, 69], "uv_size": [2, 1]},
								"south": {"uv": [59, 75], "uv_size": [1, 1]},
								"west": {"uv": [72, 70], "uv_size": [2, 1]},
								"up": {"uv": [72, 71], "uv_size": [1, 2]},
								"down": {"uv": [0, 75], "uv_size": [1, -2]}
							}
						},
						{
							"origin": [-4.2826, 22.76291, -13.42213],
							"size": [0.594, 0.73995, 1.72],
							"pivot": [-3.9856, 23.32423, -13.10019],
							"rotation": [-92.5, 0, 180],
							"uv": {
								"north": {"uv": [75, 59], "uv_size": [1, 1]},
								"east": {"uv": [1, 73], "uv_size": [2, 1]},
								"south": {"uv": [60, 75], "uv_size": [1, 1]},
								"west": {"uv": [73, 1], "uv_size": [2, 1]},
								"up": {"uv": [73, 2], "uv_size": [1, 2]},
								"down": {"uv": [3, 75], "uv_size": [1, -2]}
							}
						},
						{
							"origin": [-4.1603, 25.12916, -17.46381],
							"size": [0.3362, 0.3362, 0.9402],
							"pivot": [-3.9922, 25.29726, -17.14371],
							"rotation": [72.5, 0, 0],
							"uv": {
								"north": {"uv": [75, 65], "uv_size": [1, 1]},
								"east": {"uv": [66, 75], "uv_size": [1, 1]},
								"south": {"uv": [75, 66], "uv_size": [1, 1]},
								"west": {"uv": [67, 75], "uv_size": [1, 1]},
								"up": {"uv": [75, 67], "uv_size": [1, 1]},
								"down": {"uv": [68, 76], "uv_size": [1, -1]}
							}
						}
					]
				},
				{
					"name": "rightarm",
					"parent": "main",
					"pivot": [-4.3, -2.2, 13.8],
					"rotation": [-101.81106, -12.40003, -2.46982],
					"cubes": [
						{
							"origin": [-11.3, -30.2, -4.1],
							"size": [8, 24, 8],
							"pivot": [-8.3, -18.2, -2.2],
							"rotation": [0, 0, 5],
							"uv": {
								"north": {"uv": [0, 0], "uv_size": [8, 24]},
								"east": {"uv": [8, 0], "uv_size": [8, 24]},
								"south": {"uv": [16, 0], "uv_size": [8, 24]},
								"west": {"uv": [0, 24], "uv_size": [8, 24]},
								"up": {"uv": [32, 0], "uv_size": [8, 8]},
								"down": {"uv": [32, 16], "uv_size": [8, -8]}
							}
						}
					]
				},
				{
					"name": "leftarm",
					"parent": "main",
					"pivot": [10.7, 13.3, -8.6],
					"rotation": [-119.61483, 1.67666, -38.31282],
					"cubes": [
						{
							"origin": [-2.3, 6.3, -17.6],
							"size": [8, 24, 8],
							"uv": {
								"north": {"uv": [24, 0], "uv_size": [8, 24]},
								"east": {"uv": [8, 24], "uv_size": [8, 24]},
								"south": {"uv": [16, 24], "uv_size": [8, 24]},
								"west": {"uv": [24, 24], "uv_size": [8, 24]},
								"up": {"uv": [32, 16], "uv_size": [8, 8]},
								"down": {"uv": [32, 32], "uv_size": [8, -8]}
							}
						}
					]
				},
				{
					"name": "muzzleflash",
					"parent": "main",
					"pivot": [-4, 25.15, -48.05],
					"cubes": [
						{
							"origin": [-4.5, 24.65, -48.55],
							"size": [1, 1, 1],
							"inflate": -0.4,
							"uv": {
								"north": {"uv": [73, 11], "uv_size": [1, 1]},
								"east": {"uv": [73, 12], "uv_size": [1, 1]},
								"south": {"uv": [13, 73], "uv_size": [1, 1]},
								"west": {"uv": [73, 13], "uv_size": [1, 1]},
								"up": {"uv": [73, 14], "uv_size": [1, 1]},
								"down": {"uv": [73, 16], "uv_size": [1, -1]}
							}
						}
					]
				},
				{
					"name": "scope",
					"parent": "main",
					"pivot": [-3.97005, 27.22887, -9.29957],
					"cubes": [
						{
							"origin": [-4.47005, 26.72887, -9.79957],
							"size": [1, 1, 1],
							"inflate": -0.4,
							"uv": {
								"north": {"uv": [73, 16], "uv_size": [1, 1]},
								"east": {"uv": [17, 73], "uv_size": [1, 1]},
								"south": {"uv": [73, 17], "uv_size": [1, 1]},
								"west": {"uv": [18, 73], "uv_size": [1, 1]},
								"up": {"uv": [73, 18], "uv_size": [1, 1]},
								"down": {"uv": [19, 74], "uv_size": [1, -1]}
							}
						}
					]
				}
			]
		}
	]
}