{
	"format_version": "1.12.0",
	"minecraft:geometry": [
		{
			"description": {
				"identifier": "geometry.unknown",
				"texture_width": 128,
				"texture_height": 128,
				"visible_bounds_width": 11,
				"visible_bounds_height": 7,
				"visible_bounds_offset": [0, 2.5, 0]
			},
			"bones": [
				{
					"name": "main",
					"pivot": [0, 20, 3]
				},
				{
					"name": "gun",
					"parent": "main",
					"pivot": [1, 11, 9]
				},
				{
					"name": "Stock",
					"parent": "gun",
					"pivot": [-0.83318, 16.17495, 26.18078],
					"cubes": [
						{
							"origin": [-4.07756, 13.11512, 7.09028],
							"size": [1.64657, 3.486, 13.55137],
							"pivot": [-2.51216, 15.36141, 17.81032],
							"rotation": [17.5, 0, -180],
							"uv": {
								"north": {"uv": [21, 106], "uv_size": [2, 3]},
								"east": {"uv": [74, 48], "uv_size": [14, 3]},
								"south": {"uv": [23, 106], "uv_size": [2, 3]},
								"west": {"uv": [74, 51], "uv_size": [14, 3]},
								"up": {"uv": [36, 86], "uv_size": [2, 14]},
								"down": {"uv": [38, 100], "uv_size": [2, -14]}
							}
						},
						{
							"origin": [-3.96936, 5.67172, 19.56166],
							"size": [1.51391, 4.27884, 25.98281],
							"pivot": [-2.45806, 10.67997, 26.75371],
							"rotation": [16, 0, -180],
							"uv": {
								"north": {"uv": [28, 101], "uv_size": [2, 4]},
								"east": {"uv": [32, 32], "uv_size": [26, 4]},
								"south": {"uv": [30, 101], "uv_size": [2, 4]},
								"west": {"uv": [32, 36], "uv_size": [26, 4]},
								"up": {"uv": [28, 62], "uv_size": [2, 26]},
								"down": {"uv": [30, 88], "uv_size": [2, -26]}
							}
						},
						{
							"origin": [-4.04159, 18.27567, 17.624],
							"size": [1.51391, 3.74284, 29.53006],
							"pivot": [-2.52123, 19.87909, 29.37403],
							"rotation": [1, 0, -180],
							"uv": {
								"north": {"uv": [32, 101], "uv_size": [2, 4]},
								"east": {"uv": [32, 0], "uv_size": [30, 4]},
								"south": {"uv": [34, 101], "uv_size": [2, 4]},
								"west": {"uv": [32, 4], "uv_size": [30, 4]},
								"up": {"uv": [12, 62], "uv_size": [2, 30]},
								"down": {"uv": [14, 92], "uv_size": [2, -30]}
							}
						},
						{
							"origin": [-4.04159, 13.1935, 20.22699],
							"size": [1.51391, 4.41284, 26.85006],
							"pivot": [-2.52123, 15.46692, 29.29702],
							"rotation": [1, 0, -180],
							"uv": {
								"north": {"uv": [101, 48], "uv_size": [2, 4]},
								"east": {"uv": [32, 16], "uv_size": [27, 4]},
								"south": {"uv": [101, 58], "uv_size": [2, 4]},
								"west": {"uv": [32, 20], "uv_size": [27, 4]},
								"up": {"uv": [20, 62], "uv_size": [2, 27]},
								"down": {"uv": [22, 89], "uv_size": [2, -27]}
							}
						},
						{
							"origin": [-4.04159, 8.78134, 33.61398],
							"size": [1.51391, 3.74484, 13.38606],
							"pivot": [-2.52123, 11.05476, 29.22],
							"rotation": [1, 0, -180],
							"uv": {
								"north": {"uv": [101, 62], "uv_size": [2, 4]},
								"east": {"uv": [62, 4], "uv_size": [13, 4]},
								"south": {"uv": [101, 66], "uv_size": [2, 4]},
								"west": {"uv": [62, 8], "uv_size": [13, 4]},
								"up": {"uv": [28, 88], "uv_size": [2, 13]},
								"down": {"uv": [30, 101], "uv_size": [2, -13]}
							}
						},
						{
							"origin": [-4.0957, 3.69917, 45.02287],
							"size": [1.56801, 3.10721, 1.90015],
							"pivot": [-2.52123, 6.64259, 29.14299],
							"rotation": [1, 0, -180],
							"uv": {
								"north": {"uv": [25, 106], "uv_size": [2, 3]},
								"east": {"uv": [106, 56], "uv_size": [2, 3]},
								"south": {"uv": [106, 59], "uv_size": [2, 3]},
								"west": {"uv": [106, 62], "uv_size": [2, 3]},
								"up": {"uv": [84, 108], "uv_size": [2, 2]},
								"down": {"uv": [108, 96], "uv_size": [2, -2]}
							}
						},
						{
							"origin": [-4.0957, 18.23972, 47.15375],
							"size": [1.56801, 15.00573, 2.06006],
							"pivot": [-2.52123, 19.84314, 31.43378],
							"rotation": [1, 0, -180],
							"uv": {
								"north": {"uv": [64, 84], "uv_size": [2, 15]},
								"east": {"uv": [66, 84], "uv_size": [2, 15]},
								"south": {"uv": [68, 84], "uv_size": [2, 15]},
								"west": {"uv": [70, 84], "uv_size": [2, 15]},
								"up": {"uv": [108, 103], "uv_size": [2, 2]},
								"down": {"uv": [108, 107], "uv_size": [2, -2]}
							}
						},
						{
							"origin": [-4.04159, 17.36453, 14.63733],
							"size": [1.51391, 3.74284, 4.33806],
							"pivot": [-2.52123, 18.90095, 16.27036],
							"rotation": [-34, 0, -180],
							"uv": {
								"north": {"uv": [101, 70], "uv_size": [2, 4]},
								"east": {"uv": [79, 58], "uv_size": [4, 4]},
								"south": {"uv": [86, 101], "uv_size": [2, 4]},
								"west": {"uv": [83, 58], "uv_size": [4, 4]},
								"up": {"uv": [98, 101], "uv_size": [2, 4]},
								"down": {"uv": [101, 103], "uv_size": [2, -4]}
							}
						},
						{
							"origin": [-4.11349, 10.2679, 7.07993],
							"size": [1.58983, 3.82907, 13.58215],
							"pivot": [-2.53013, 15.28014, 18.11467],
							"rotation": [17.5, 0, -180],
							"uv": {
								"north": {"uv": [20, 102], "uv_size": [2, 4]},
								"east": {"uv": [60, 48], "uv_size": [14, 4]},
								"south": {"uv": [22, 102], "uv_size": [2, 4]},
								"west": {"uv": [62, 0], "uv_size": [14, 4]},
								"up": {"uv": [86, 74], "uv_size": [2, 14]},
								"down": {"uv": [87, 72], "uv_size": [2, -14]}
							}
						},
						{
							"origin": [-2.47746, 13.11599, 7.09041],
							"size": [1.5179, 3.486, 13.25137],
							"pivot": [-2.5354, 15.36218, 17.8082],
							"rotation": [17.5, 0, -180],
							"uv": {
								"north": {"uv": [106, 65], "uv_size": [2, 3]},
								"east": {"uv": [74, 62], "uv_size": [13, 3]},
								"south": {"uv": [106, 68], "uv_size": [2, 3]},
								"west": {"uv": [74, 65], "uv_size": [13, 3]},
								"up": {"uv": [88, 72], "uv_size": [2, 13]},
								"down": {"uv": [88, 98], "uv_size": [2, -13]}
							}
						},
						{
							"origin": [-2.45545, 5.67172, 19.36441],
							"size": [1.59383, 4.27884, 26.18006],
							"pivot": [-2.45806, 10.67997, 26.75371],
							"rotation": [16, 0, -180],
							"uv": {
								"north": {"uv": [24, 102], "uv_size": [2, 4]},
								"east": {"uv": [32, 40], "uv_size": [26, 4]},
								"south": {"uv": [26, 102], "uv_size": [2, 4]},
								"west": {"uv": [32, 44], "uv_size": [26, 4]},
								"up": {"uv": [62, 58], "uv_size": [2, 26]},
								"down": {"uv": [64, 84], "uv_size": [2, -26]}
							}
						},
						{
							"origin": [-2.52768, 18.27567, 17.624],
							"size": [1.53972, 3.74284, 29.53006],
							"pivot": [-2.52123, 19.87909, 29.37403],
							"rotation": [1, 0, -180],
							"uv": {
								"north": {"uv": [96, 102], "uv_size": [2, 4]},
								"east": {"uv": [32, 8], "uv_size": [30, 4]},
								"south": {"uv": [103, 48], "uv_size": [2, 4]},
								"west": {"uv": [32, 12], "uv_size": [30, 4]},
								"up": {"uv": [16, 62], "uv_size": [2, 30]},
								"down": {"uv": [18, 92], "uv_size": [2, -30]}
							}
						},
						{
							"origin": [-2.52768, 24.2142, 17.69416],
							"size": [1.00696, 1.15431, 31.57356],
							"pivot": [-2.52123, 23.22909, 29.37403],
							"rotation": [1, 0, -180],
							"uv": {
								"north": {"uv": [89, 71], "uv_size": [1, 1]},
								"east": {"uv": [59, 30], "uv_size": [32, 1]},
								"south": {"uv": [93, 70], "uv_size": [1, 1]},
								"west": {"uv": [59, 31], "uv_size": [32, 1]},
								"up": {"uv": [82, 74], "uv_size": [1, 32]},
								"down": {"uv": [83, 106], "uv_size": [1, -32]}
							}
						},
						{
							"origin": [-3.50883, 24.2142, 17.69416],
							"size": [0.98115, 1.15431, 31.57356],
							"pivot": [-2.52123, 23.22909, 29.37403],
							"rotation": [1, 0, -180],
							"uv": {
								"north": {"uv": [111, 92], "uv_size": [1, 1]},
								"east": {"uv": [75, 4], "uv_size": [32, 1]},
								"south": {"uv": [111, 95], "uv_size": [1, 1]},
								"west": {"uv": [75, 5], "uv_size": [32, 1]},
								"up": {"uv": [62, 84], "uv_size": [1, 32]},
								"down": {"uv": [63, 116], "uv_size": [1, -32]}
							}
						},
						{
							"origin": [-3.69677, 21.63524, 17.6679],
							"size": [1.53972, 0.92884, 31.57356],
							"pivot": [-2.92691, 21.69766, 32.43293],
							"rotation": [0.81918, -0.57356, -145.0041],
							"uv": {
								"north": {"uv": [88, 15], "uv_size": [2, 1]},
								"east": {"uv": [75, 6], "uv_size": [32, 1]},
								"south": {"uv": [91, 70], "uv_size": [2, 1]},
								"west": {"uv": [75, 7], "uv_size": [32, 1]},
								"up": {"uv": [32, 54], "uv_size": [2, 32]},
								"down": {"uv": [34, 86], "uv_size": [2, -32]}
							}
						},
						{
							"origin": [-2.87484, 21.64264, 17.66803],
							"size": [1.51391, 0.92884, 31.57356],
							"pivot": [-2.11788, 21.70506, 32.43306],
							"rotation": [0.81918, 0.57356, 145.0041],
							"uv": {
								"north": {"uv": [107, 9], "uv_size": [2, 1]},
								"east": {"uv": [75, 8], "uv_size": [32, 1]},
								"south": {"uv": [107, 53], "uv_size": [2, 1]},
								"west": {"uv": [75, 9], "uv_size": [32, 1]},
								"up": {"uv": [36, 54], "uv_size": [2, 32]},
								"down": {"uv": [38, 86], "uv_size": [2, -32]}
							}
						},
						{
							"origin": [-2.52768, 13.1935, 20.22699],
							"size": [1.53972, 4.41284, 26.85006],
							"pivot": [-2.52123, 15.46692, 29.29702],
							"rotation": [1, 0, -180],
							"uv": {
								"north": {"uv": [103, 58], "uv_size": [2, 4]},
								"east": {"uv": [32, 24], "uv_size": [27, 4]},
								"south": {"uv": [103, 62], "uv_size": [2, 4]},
								"west": {"uv": [32, 28], "uv_size": [27, 4]},
								"up": {"uv": [24, 62], "uv_size": [2, 27]},
								"down": {"uv": [26, 89], "uv_size": [2, -27]}
							}
						},
						{
							"origin": [-2.52768, 8.78134, 33.61398],
							"size": [1.53972, 3.74484, 13.38606],
							"pivot": [-2.52123, 11.05476, 29.22],
							"rotation": [1, 0, -180],
							"uv": {
								"north": {"uv": [103, 66], "uv_size": [2, 4]},
								"east": {"uv": [62, 12], "uv_size": [13, 4]},
								"south": {"uv": [103, 70], "uv_size": [2, 4]},
								"west": {"uv": [66, 58], "uv_size": [13, 4]},
								"up": {"uv": [86, 88], "uv_size": [2, 13]},
								"down": {"uv": [20, 102], "uv_size": [2, -13]}
							}
						},
						{
							"origin": [-2.58178, 3.69917, 45.02287],
							"size": [1.59383, 3.10721, 1.90015],
							"pivot": [-2.52123, 6.64259, 29.14299],
							"rotation": [1, 0, -180],
							"uv": {
								"north": {"uv": [106, 71], "uv_size": [2, 3]},
								"east": {"uv": [80, 106], "uv_size": [2, 3]},
								"south": {"uv": [82, 106], "uv_size": [2, 3]},
								"west": {"uv": [96, 106], "uv_size": [2, 3]},
								"up": {"uv": [108, 107], "uv_size": [2, 2]},
								"down": {"uv": [109, 2], "uv_size": [2, -2]}
							}
						},
						{
							"origin": [-2.58178, 18.23972, 47.15375],
							"size": [1.59383, 15.00573, 2.06006],
							"pivot": [-2.52123, 19.84314, 31.43378],
							"rotation": [1, 0, -180],
							"uv": {
								"north": {"uv": [72, 84], "uv_size": [2, 15]},
								"east": {"uv": [84, 74], "uv_size": [2, 15]},
								"south": {"uv": [32, 86], "uv_size": [2, 15]},
								"west": {"uv": [34, 86], "uv_size": [2, 15]},
								"up": {"uv": [109, 2], "uv_size": [2, 2]},
								"down": {"uv": [109, 6], "uv_size": [2, -2]}
							}
						},
						{
							"origin": [-2.52768, 17.36453, 14.63733],
							"size": [1.53972, 3.74284, 4.33806],
							"pivot": [-2.52123, 18.90095, 16.27036],
							"rotation": [-34, 0, -180],
							"uv": {
								"north": {"uv": [88, 103], "uv_size": [2, 4]},
								"east": {"uv": [93, 48], "uv_size": [4, 4]},
								"south": {"uv": [90, 103], "uv_size": [2, 4]},
								"west": {"uv": [94, 10], "uv_size": [4, 4]},
								"up": {"uv": [103, 99], "uv_size": [2, 4]},
								"down": {"uv": [101, 107], "uv_size": [2, -4]}
							}
						},
						{
							"origin": [-2.49493, 10.2679, 7.07993],
							"size": [1.64984, 2.77998, 13.25137],
							"pivot": [-2.47816, 15.28014, 18.11467],
							"rotation": [17.5, 0, -180],
							"uv": {
								"north": {"uv": [106, 103], "uv_size": [2, 3]},
								"east": {"uv": [74, 68], "uv_size": [13, 3]},
								"south": {"uv": [106, 106], "uv_size": [2, 3]},
								"west": {"uv": [74, 71], "uv_size": [13, 3]},
								"up": {"uv": [22, 89], "uv_size": [2, 13]},
								"down": {"uv": [24, 102], "uv_size": [2, -13]}
							}
						}
					]
				},
				{
					"name": "Frame",
					"parent": "gun",
					"pivot": [-2, 23, 4],
					"cubes": [
						{
							"origin": [-4.11123, 19.69889, -13.69205],
							"size": [1.66447, 5.81222, 4.23391],
							"uv": {
								"north": {"uv": [96, 96], "uv_size": [2, 6]},
								"east": {"uv": [90, 10], "uv_size": [4, 6]},
								"south": {"uv": [98, 10], "uv_size": [2, 6]},
								"west": {"uv": [90, 71], "uv_size": [4, 6]},
								"up": {"uv": [103, 103], "uv_size": [2, 4]},
								"down": {"uv": [12, 108], "uv_size": [2, -4]}
							}
						},
						{
							"origin": [-4.11123, 19.69889, -9.45815],
							"size": [1.66447, 5.81222, 13.1],
							"uv": {
								"north": {"uv": [12, 98], "uv_size": [2, 6]},
								"east": {"uv": [34, 48], "uv_size": [13, 6]},
								"south": {"uv": [14, 98], "uv_size": [2, 6]},
								"west": {"uv": [47, 48], "uv_size": [13, 6]},
								"up": {"uv": [26, 89], "uv_size": [2, 13]},
								"down": {"uv": [89, 71], "uv_size": [2, -13]}
							}
						},
						{
							"origin": [-2.14676, 17.99889, -0.59205],
							"size": [1.175, 3.61222, 4.43391],
							"pivot": [-2, 20.09889, 3.40795],
							"rotation": [20, 0, 0],
							"uv": {
								"north": {"uv": [79, 108], "uv_size": [1, 4]},
								"east": {"uv": [94, 58], "uv_size": [4, 4]},
								"south": {"uv": [100, 108], "uv_size": [1, 4]},
								"west": {"uv": [94, 62], "uv_size": [4, 4]},
								"up": {"uv": [109, 6], "uv_size": [1, 4]},
								"down": {"uv": [109, 14], "uv_size": [1, -4]}
							}
						},
						{
							"origin": [-4.08623, 17.99889, -0.59205],
							"size": [1.13947, 3.61222, 4.43391],
							"pivot": [-2, 20.09889, 3.40795],
							"rotation": [20, 0, 0],
							"uv": {
								"north": {"uv": [18, 109], "uv_size": [1, 4]},
								"east": {"uv": [94, 66], "uv_size": [4, 4]},
								"south": {"uv": [19, 109], "uv_size": [1, 4]},
								"west": {"uv": [94, 70], "uv_size": [4, 4]},
								"up": {"uv": [21, 109], "uv_size": [1, 4]},
								"down": {"uv": [22, 113], "uv_size": [1, -4]}
							}
						},
						{
							"origin": [-2.14676, 16.41651, -2.46191],
							"size": [1.175, 3.61222, 4.23391],
							"pivot": [-2, 18.51651, 1.53809],
							"rotation": [-40, 0, 0],
							"uv": {
								"north": {"uv": [23, 109], "uv_size": [1, 4]},
								"east": {"uv": [95, 84], "uv_size": [4, 4]},
								"south": {"uv": [24, 109], "uv_size": [1, 4]},
								"west": {"uv": [95, 88], "uv_size": [4, 4]},
								"up": {"uv": [25, 109], "uv_size": [1, 4]},
								"down": {"uv": [26, 113], "uv_size": [1, -4]}
							}
						},
						{
							"origin": [-4.08623, 16.41651, -2.46191],
							"size": [1.13947, 3.61222, 4.23391],
							"pivot": [-2, 18.51651, 1.53809],
							"rotation": [-40, 0, 0],
							"uv": {
								"north": {"uv": [36, 109], "uv_size": [1, 4]},
								"east": {"uv": [95, 92], "uv_size": [4, 4]},
								"south": {"uv": [37, 109], "uv_size": [1, 4]},
								"west": {"uv": [92, 96], "uv_size": [4, 4]},
								"up": {"uv": [38, 109], "uv_size": [1, 4]},
								"down": {"uv": [39, 113], "uv_size": [1, -4]}
							}
						},
						{
							"origin": [-2.19493, 13.19499, 1.80967],
							"size": [1.34984, 6.26598, 3.2],
							"pivot": [-2.47816, 18.3745, 7.74441],
							"rotation": [17.5, 0, -180],
							"uv": {
								"north": {"uv": [27, 106], "uv_size": [1, 6]},
								"east": {"uv": [91, 58], "uv_size": [3, 6]},
								"south": {"uv": [107, 0], "uv_size": [1, 6]},
								"west": {"uv": [91, 64], "uv_size": [3, 6]},
								"up": {"uv": [109, 96], "uv_size": [1, 3]},
								"down": {"uv": [108, 112], "uv_size": [1, -3]}
							}
						},
						{
							"origin": [-4.11349, 13.19499, 1.80967],
							"size": [1.28983, 6.26598, 3.2],
							"pivot": [-2.53013, 18.3745, 7.74441],
							"rotation": [17.5, 0, -180],
							"uv": {
								"north": {"uv": [88, 107], "uv_size": [1, 6]},
								"east": {"uv": [12, 92], "uv_size": [3, 6]},
								"south": {"uv": [89, 107], "uv_size": [1, 6]},
								"west": {"uv": [15, 92], "uv_size": [3, 6]},
								"up": {"uv": [109, 109], "uv_size": [1, 3]},
								"down": {"uv": [110, 9], "uv_size": [1, -3]}
							}
						},
						{
							"origin": [-2.49493, 13.19499, 5.00967],
							"size": [1.64984, 6.26598, 2.52079],
							"pivot": [-2.47816, 18.3745, 7.74441],
							"rotation": [17.5, 0, -180],
							"uv": {
								"north": {"uv": [16, 98], "uv_size": [2, 6]},
								"east": {"uv": [92, 84], "uv_size": [3, 6]},
								"south": {"uv": [98, 58], "uv_size": [2, 6]},
								"west": {"uv": [92, 90], "uv_size": [3, 6]},
								"up": {"uv": [107, 6], "uv_size": [2, 3]},
								"down": {"uv": [90, 110], "uv_size": [2, -3]}
							}
						},
						{
							"origin": [-4.11349, 13.19499, 5.00967],
							"size": [1.58983, 6.26598, 2.52079],
							"pivot": [-2.53013, 18.3745, 7.74441],
							"rotation": [17.5, 0, -180],
							"uv": {
								"north": {"uv": [98, 64], "uv_size": [2, 6]},
								"east": {"uv": [74, 93], "uv_size": [3, 6]},
								"south": {"uv": [98, 70], "uv_size": [2, 6]},
								"west": {"uv": [77, 93], "uv_size": [3, 6]},
								"up": {"uv": [101, 107], "uv_size": [2, 3]},
								"down": {"uv": [103, 110], "uv_size": [2, -3]}
							}
						},
						{
							"origin": [-4.32022, 19.79451, -13.69205],
							"size": [1.51385, 0.92892, 19.01836],
							"pivot": [-2.59081, 20.54262, -5.5358],
							"rotation": [0, 0, -34.9959],
							"uv": {
								"north": {"uv": [110, 9], "uv_size": [2, 1]},
								"east": {"uv": [88, 53], "uv_size": [19, 1]},
								"south": {"uv": [110, 10], "uv_size": [2, 1]},
								"west": {"uv": [90, 77], "uv_size": [19, 1]},
								"up": {"uv": [74, 74], "uv_size": [2, 19]},
								"down": {"uv": [76, 93], "uv_size": [2, -19]}
							}
						},
						{
							"origin": [-3.57848, 18.93793, -13.69205],
							"size": [0.99199, 1.15442, 19.01836],
							"pivot": [-2.58003, 20.54273, -5.5241],
							"rotation": [0, 0, 0],
							"uv": {
								"north": {"uv": [96, 111], "uv_size": [1, 1]},
								"east": {"uv": [90, 78], "uv_size": [19, 1]},
								"south": {"uv": [111, 96], "uv_size": [1, 1]},
								"west": {"uv": [90, 79], "uv_size": [19, 1]},
								"up": {"uv": [84, 89], "uv_size": [1, 19]},
								"down": {"uv": [85, 108], "uv_size": [1, -19]}
							}
						},
						{
							"origin": [-2.27988, 19.80195, -13.69205],
							"size": [1.53978, 0.92892, 19.01836],
							"pivot": [-2.48014, 20.54265, -5.5358],
							"rotation": [0, 0, 34.9959],
							"uv": {
								"north": {"uv": [110, 11], "uv_size": [2, 1]},
								"east": {"uv": [90, 80], "uv_size": [19, 1]},
								"south": {"uv": [110, 12], "uv_size": [2, 1]},
								"west": {"uv": [90, 81], "uv_size": [19, 1]},
								"up": {"uv": [78, 74], "uv_size": [2, 19]},
								"down": {"uv": [80, 93], "uv_size": [2, -19]}
							}
						},
						{
							"origin": [-2.58649, 18.93793, -13.69205],
							"size": [1.10697, 1.15442, 19.01836],
							"pivot": [-2.58003, 20.54273, -5.5241],
							"rotation": [0, 0, 0],
							"uv": {
								"north": {"uv": [103, 111], "uv_size": [1, 1]},
								"east": {"uv": [90, 82], "uv_size": [19, 1]},
								"south": {"uv": [104, 111], "uv_size": [1, 1]},
								"west": {"uv": [90, 83], "uv_size": [19, 1]},
								"up": {"uv": [90, 84], "uv_size": [1, 19]},
								"down": {"uv": [91, 103], "uv_size": [1, -19]}
							}
						},
						{
							"origin": [-3.78031, 25.59819, -18.42596],
							"size": [1.51385, 0.92892, 22.06782],
							"pivot": [-2.52369, 25.57246, -7.88287],
							"rotation": [0, 0, 145.0041],
							"uv": {
								"north": {"uv": [110, 13], "uv_size": [2, 1]},
								"east": {"uv": [76, 0], "uv_size": [22, 1]},
								"south": {"uv": [110, 56], "uv_size": [2, 1]},
								"west": {"uv": [76, 1], "uv_size": [22, 1]},
								"up": {"uv": [66, 62], "uv_size": [2, 22]},
								"down": {"uv": [68, 84], "uv_size": [2, -22]}
							}
						},
						{
							"origin": [-2.57587, 24.87284, -5.72596],
							"size": [1.10697, 1.15442, 9.36782],
							"pivot": [-2.52369, 25.57246, -7.88287],
							"rotation": [0, 0, -180],
							"uv": {
								"north": {"uv": [111, 104], "uv_size": [1, 1]},
								"east": {"uv": [75, 15], "uv_size": [9, 1]},
								"south": {"uv": [105, 111], "uv_size": [1, 1]},
								"west": {"uv": [94, 76], "uv_size": [9, 1]},
								"up": {"uv": [64, 99], "uv_size": [1, 9]},
								"down": {"uv": [65, 108], "uv_size": [1, -9]}
							}
						},
						{
							"origin": [-3.56786, 24.87284, -5.72596],
							"size": [0.99199, 1.15442, 9.36782],
							"pivot": [-2.52369, 25.57246, -7.88287],
							"rotation": [0, 0, -180],
							"uv": {
								"north": {"uv": [111, 105], "uv_size": [1, 1]},
								"east": {"uv": [98, 0], "uv_size": [9, 1]},
								"south": {"uv": [111, 106], "uv_size": [1, 1]},
								"west": {"uv": [98, 1], "uv_size": [9, 1]},
								"up": {"uv": [66, 99], "uv_size": [1, 9]},
								"down": {"uv": [67, 108], "uv_size": [1, -9]}
							}
						},
						{
							"origin": [-3.56786, 24.87284, -18.42596],
							"size": [0.99199, 1.15442, 9.06782],
							"pivot": [-2.52369, 25.57246, -7.88287],
							"rotation": [0, 0, -180],
							"uv": {
								"north": {"uv": [111, 107], "uv_size": [1, 1]},
								"east": {"uv": [98, 2], "uv_size": [9, 1]},
								"south": {"uv": [111, 110], "uv_size": [1, 1]},
								"west": {"uv": [98, 3], "uv_size": [9, 1]},
								"up": {"uv": [68, 99], "uv_size": [1, 9]},
								"down": {"uv": [69, 108], "uv_size": [1, -9]}
							}
						},
						{
							"origin": [-2.57587, 24.87284, -18.42596],
							"size": [1.10697, 1.15442, 9.06782],
							"pivot": [-2.52369, 25.57246, -7.88287],
							"rotation": [0, 0, -180],
							"uv": {
								"north": {"uv": [111, 111], "uv_size": [1, 1]},
								"east": {"uv": [70, 99], "uv_size": [9, 1]},
								"south": {"uv": [112, 0], "uv_size": [1, 1]},
								"west": {"uv": [99, 84], "uv_size": [9, 1]},
								"up": {"uv": [79, 99], "uv_size": [1, 9]},
								"down": {"uv": [99, 94], "uv_size": [1, -9]}
							}
						},
						{
							"origin": [-2.79815, 25.60428, -18.42596],
							"size": [1.53978, 0.92892, 22.06782],
							"pivot": [-2.52369, 25.57246, -7.88287],
							"rotation": [0, 0, -145.0041],
							"uv": {
								"north": {"uv": [110, 57], "uv_size": [2, 1]},
								"east": {"uv": [76, 2], "uv_size": [22, 1]},
								"south": {"uv": [110, 58], "uv_size": [2, 1]},
								"west": {"uv": [76, 3], "uv_size": [22, 1]},
								"up": {"uv": [70, 62], "uv_size": [2, 22]},
								"down": {"uv": [72, 84], "uv_size": [2, -22]}
							}
						},
						{
							"origin": [-2.44676, 19.69889, -13.69205],
							"size": [1.5, 5.81222, 17.33391],
							"uv": {
								"north": {"uv": [108, 0], "uv_size": [1, 6]},
								"east": {"uv": [0, 48], "uv_size": [17, 6]},
								"south": {"uv": [12, 108], "uv_size": [1, 6]},
								"west": {"uv": [17, 48], "uv_size": [17, 6]},
								"up": {"uv": [18, 92], "uv_size": [1, 17]},
								"down": {"uv": [19, 109], "uv_size": [1, -17]}
							}
						},
						{
							"origin": [-4.11123, 20.49889, -18.42596],
							"size": [1.66447, 5.01222, 4.73391],
							"uv": {
								"north": {"uv": [97, 48], "uv_size": [2, 5]},
								"east": {"uv": [75, 10], "uv_size": [5, 5]},
								"south": {"uv": [88, 98], "uv_size": [2, 5]},
								"west": {"uv": [80, 10], "uv_size": [5, 5]},
								"up": {"uv": [98, 96], "uv_size": [2, 5]},
								"down": {"uv": [99, 53], "uv_size": [2, -5]}
							}
						},
						{
							"origin": [-4.11123, 20.41941, -15.47668],
							"size": [1.66447, 0.81222, 2.03391],
							"pivot": [-2.48788, 20.57552, -15.15972],
							"rotation": [-26.5, 0, 0],
							"uv": {
								"north": {"uv": [110, 59], "uv_size": [2, 1]},
								"east": {"uv": [110, 60], "uv_size": [2, 1]},
								"south": {"uv": [110, 61], "uv_size": [2, 1]},
								"west": {"uv": [110, 62], "uv_size": [2, 1]},
								"up": {"uv": [109, 14], "uv_size": [2, 2]},
								"down": {"uv": [109, 54], "uv_size": [2, -2]}
							}
						},
						{
							"origin": [-2.44676, 20.49889, -18.42596],
							"size": [1.5, 5.01222, 4.73391],
							"uv": {
								"north": {"uv": [65, 108], "uv_size": [1, 5]},
								"east": {"uv": [85, 10], "uv_size": [5, 5]},
								"south": {"uv": [66, 108], "uv_size": [1, 5]},
								"west": {"uv": [88, 48], "uv_size": [5, 5]},
								"up": {"uv": [67, 108], "uv_size": [1, 5]},
								"down": {"uv": [68, 113], "uv_size": [1, -5]}
							}
						},
						{
							"origin": [-2.44676, 20.41941, -15.47668],
							"size": [1.5, 0.81222, 2.03391],
							"pivot": [-2.48788, 20.57552, -15.15972],
							"rotation": [-26.5, 0, 0],
							"uv": {
								"north": {"uv": [112, 1], "uv_size": [1, 1]},
								"east": {"uv": [110, 63], "uv_size": [2, 1]},
								"south": {"uv": [112, 4], "uv_size": [1, 1]},
								"west": {"uv": [110, 64], "uv_size": [2, 1]},
								"up": {"uv": [73, 52], "uv_size": [1, 2]},
								"down": {"uv": [87, 74], "uv_size": [1, -2]}
							}
						}
					]
				},
				{
					"name": "Barrel",
					"parent": "gun",
					"pivot": [-2.0579, 26.35171, -61.004],
					"cubes": [
						{
							"origin": [-3.06951, 25.69182, -82.24233],
							"size": [0.95839, 0.53762, 63.996],
							"inflate": 0.002,
							"pivot": [-2.59031, 25.0407, -24.94915],
							"rotation": [0, 0, -90],
							"uv": {
								"north": {"uv": [112, 5], "uv_size": [1, 1]},
								"east": {"uv": [40, 54], "uv_size": [64, 1]},
								"south": {"uv": [112, 6], "uv_size": [1, 1]},
								"west": {"uv": [40, 55], "uv_size": [64, 1]},
								"up": {"uv": [40, 56], "uv_size": [1, 64]},
								"down": {"uv": [41, 120], "uv_size": [1, -64]}
							}
						},
						{
							"origin": [-3.14113, 23.88347, -82.24233],
							"size": [0.95839, 0.53762, 63.996],
							"inflate": 0.002,
							"pivot": [-2.59031, 25.0407, -24.94915],
							"rotation": [0, 0, 42.5],
							"uv": {
								"north": {"uv": [112, 7], "uv_size": [1, 1]},
								"east": {"uv": [42, 56], "uv_size": [64, 1]},
								"south": {"uv": [112, 9], "uv_size": [1, 1]},
								"west": {"uv": [42, 57], "uv_size": [64, 1]},
								"up": {"uv": [42, 58], "uv_size": [1, 64]},
								"down": {"uv": [43, 122], "uv_size": [1, -64]}
							}
						},
						{
							"origin": [-3.06951, 23.91132, -82.24233],
							"size": [0.95839, 0.53762, 63.996],
							"inflate": 0.002,
							"uv": {
								"north": {"uv": [112, 10], "uv_size": [1, 1]},
								"east": {"uv": [58, 32], "uv_size": [64, 1]},
								"south": {"uv": [112, 11], "uv_size": [1, 1]},
								"west": {"uv": [58, 33], "uv_size": [64, 1]},
								"up": {"uv": [44, 58], "uv_size": [1, 64]},
								"down": {"uv": [45, 122], "uv_size": [1, -64]}
							}
						},
						{
							"origin": [-2.99789, 23.88347, -82.24233],
							"size": [0.95839, 0.53762, 63.996],
							"inflate": 0.002,
							"pivot": [-2.59031, 25.0407, -24.94915],
							"rotation": [0, 0, -42.5],
							"uv": {
								"north": {"uv": [112, 12], "uv_size": [1, 1]},
								"east": {"uv": [58, 34], "uv_size": [64, 1]},
								"south": {"uv": [112, 13], "uv_size": [1, 1]},
								"west": {"uv": [58, 35], "uv_size": [64, 1]},
								"up": {"uv": [46, 58], "uv_size": [1, 64]},
								"down": {"uv": [47, 122], "uv_size": [1, -64]}
							}
						},
						{
							"origin": [-3.06951, 23.85196, -82.24233],
							"size": [0.95839, 0.53762, 63.996],
							"inflate": 0.002,
							"pivot": [-2.59031, 25.0407, -24.94915],
							"rotation": [0, 0, -90],
							"uv": {
								"north": {"uv": [14, 112], "uv_size": [1, 1]},
								"east": {"uv": [58, 36], "uv_size": [64, 1]},
								"south": {"uv": [15, 112], "uv_size": [1, 1]},
								"west": {"uv": [58, 37], "uv_size": [64, 1]},
								"up": {"uv": [48, 58], "uv_size": [1, 64]},
								"down": {"uv": [49, 122], "uv_size": [1, -64]}
							}
						},
						{
							"origin": [-2.99789, 25.66031, -82.24233],
							"size": [0.95839, 0.53762, 63.996],
							"inflate": 0.002,
							"pivot": [-2.59031, 25.0407, -24.94915],
							"rotation": [0, 0, 42.5],
							"uv": {
								"north": {"uv": [16, 112], "uv_size": [1, 1]},
								"east": {"uv": [58, 38], "uv_size": [64, 1]},
								"south": {"uv": [17, 112], "uv_size": [1, 1]},
								"west": {"uv": [58, 39], "uv_size": [64, 1]},
								"up": {"uv": [50, 58], "uv_size": [1, 64]},
								"down": {"uv": [51, 122], "uv_size": [1, -64]}
							}
						},
						{
							"origin": [-3.06951, 25.63246, -82.24233],
							"size": [0.95839, 0.53762, 63.996],
							"inflate": 0.002,
							"uv": {
								"north": {"uv": [27, 112], "uv_size": [1, 1]},
								"east": {"uv": [58, 40], "uv_size": [64, 1]},
								"south": {"uv": [112, 52], "uv_size": [1, 1]},
								"west": {"uv": [58, 41], "uv_size": [64, 1]},
								"up": {"uv": [52, 58], "uv_size": [1, 64]},
								"down": {"uv": [53, 122], "uv_size": [1, -64]}
							}
						},
						{
							"origin": [-3.14113, 25.66031, -82.24233],
							"size": [0.95839, 0.53762, 63.996],
							"inflate": 0.002,
							"pivot": [-2.59031, 25.0407, -24.94915],
							"rotation": [0, 0, -42.5],
							"uv": {
								"north": {"uv": [112, 53], "uv_size": [1, 1]},
								"east": {"uv": [58, 42], "uv_size": [64, 1]},
								"south": {"uv": [112, 54], "uv_size": [1, 1]},
								"west": {"uv": [58, 43], "uv_size": [64, 1]},
								"up": {"uv": [54, 58], "uv_size": [1, 64]},
								"down": {"uv": [55, 122], "uv_size": [1, -64]}
							}
						}
					]
				},
				{
					"name": "bulletstore",
					"parent": "Barrel",
					"pivot": [-2.59031, 22.7407, -35.64915],
					"cubes": [
						{
							"origin": [-3.14113, 23.39755, -82.24233],
							"size": [0.95839, 0.53762, 63.996],
							"inflate": 0.002,
							"pivot": [-2.59031, 22.77794, -24.94916],
							"rotation": [0, 0, -42.5],
							"uv": {
								"north": {"uv": [112, 55], "uv_size": [1, 1]},
								"east": {"uv": [58, 44], "uv_size": [64, 1]},
								"south": {"uv": [112, 56], "uv_size": [1, 1]},
								"west": {"uv": [58, 45], "uv_size": [64, 1]},
								"up": {"uv": [56, 58], "uv_size": [1, 64]},
								"down": {"uv": [57, 122], "uv_size": [1, -64]}
							}
						},
						{
							"origin": [-2.99789, 23.39755, -82.24233],
							"size": [0.95839, 0.53762, 63.996],
							"inflate": 0.002,
							"pivot": [-2.59031, 22.77794, -24.94916],
							"rotation": [0, 0, 42.5],
							"uv": {
								"north": {"uv": [112, 57], "uv_size": [1, 1]},
								"east": {"uv": [58, 46], "uv_size": [64, 1]},
								"south": {"uv": [112, 58], "uv_size": [1, 1]},
								"west": {"uv": [58, 47], "uv_size": [64, 1]},
								"up": {"uv": [58, 58], "uv_size": [1, 64]},
								"down": {"uv": [59, 122], "uv_size": [1, -64]}
							}
						},
						{
							"origin": [-3.06951, 21.5892, -82.24233],
							"size": [0.95839, 0.53762, 63.996],
							"inflate": 0.002,
							"pivot": [-2.59031, 22.77794, -24.94916],
							"rotation": [0, 0, -90],
							"uv": {
								"north": {"uv": [112, 59], "uv_size": [1, 1]},
								"east": {"uv": [59, 16], "uv_size": [64, 1]},
								"south": {"uv": [112, 60], "uv_size": [1, 1]},
								"west": {"uv": [59, 17], "uv_size": [64, 1]},
								"up": {"uv": [60, 58], "uv_size": [1, 64]},
								"down": {"uv": [61, 122], "uv_size": [1, -64]}
							}
						},
						{
							"origin": [-2.99789, 21.62071, -82.24233],
							"size": [0.95839, 0.53762, 63.996],
							"inflate": 0.002,
							"pivot": [-2.59031, 22.77794, -24.94916],
							"rotation": [0, 0, -42.5],
							"uv": {
								"north": {"uv": [112, 61], "uv_size": [1, 1]},
								"east": {"uv": [59, 18], "uv_size": [64, 1]},
								"south": {"uv": [112, 62], "uv_size": [1, 1]},
								"west": {"uv": [59, 19], "uv_size": [64, 1]},
								"up": {"uv": [0, 62], "uv_size": [1, 64]},
								"down": {"uv": [1, 126], "uv_size": [1, -64]}
							}
						},
						{
							"origin": [-3.06951, 21.64856, -82.24233],
							"size": [0.35839, 0.53762, 63.996],
							"inflate": 0.002,
							"uv": {
								"north": {"uv": [112, 63], "uv_size": [1, 1]},
								"east": {"uv": [59, 20], "uv_size": [64, 1]},
								"south": {"uv": [112, 64], "uv_size": [1, 1]},
								"west": {"uv": [59, 21], "uv_size": [64, 1]},
								"up": {"uv": [2, 62], "uv_size": [1, 64]},
								"down": {"uv": [3, 126], "uv_size": [1, -64]}
							}
						},
						{
							"origin": [-2.46951, 21.64856, -82.24233],
							"size": [0.35839, 0.53762, 63.996],
							"inflate": 0.002,
							"uv": {
								"north": {"uv": [110, 114], "uv_size": [1, 1]},
								"east": {"uv": [59, 28], "uv_size": [64, 1]},
								"south": {"uv": [114, 110], "uv_size": [1, 1]},
								"west": {"uv": [59, 29], "uv_size": [64, 1]},
								"up": {"uv": [10, 62], "uv_size": [1, 64]},
								"down": {"uv": [11, 126], "uv_size": [1, -64]}
							}
						},
						{
							"origin": [-3.14113, 21.62071, -82.24233],
							"size": [0.95839, 0.53762, 63.996],
							"inflate": 0.002,
							"pivot": [-2.59031, 22.77794, -24.94916],
							"rotation": [0, 0, 42.5],
							"uv": {
								"north": {"uv": [112, 65], "uv_size": [1, 1]},
								"east": {"uv": [59, 22], "uv_size": [64, 1]},
								"south": {"uv": [112, 66], "uv_size": [1, 1]},
								"west": {"uv": [59, 23], "uv_size": [64, 1]},
								"up": {"uv": [4, 62], "uv_size": [1, 64]},
								"down": {"uv": [5, 126], "uv_size": [1, -64]}
							}
						},
						{
							"origin": [-3.06951, 23.42907, -82.24233],
							"size": [0.95839, 0.53762, 63.996],
							"inflate": 0.002,
							"pivot": [-2.59031, 22.77794, -24.94916],
							"rotation": [0, 0, -90],
							"uv": {
								"north": {"uv": [112, 69], "uv_size": [1, 1]},
								"east": {"uv": [59, 24], "uv_size": [64, 1]},
								"south": {"uv": [112, 70], "uv_size": [1, 1]},
								"west": {"uv": [59, 25], "uv_size": [64, 1]},
								"up": {"uv": [6, 62], "uv_size": [1, 64]},
								"down": {"uv": [7, 126], "uv_size": [1, -64]}
							}
						},
						{
							"origin": [-3.06951, 23.3697, -82.24233],
							"size": [0.95839, 0.53762, 63.996],
							"inflate": 0.002,
							"uv": {
								"north": {"uv": [112, 71], "uv_size": [1, 1]},
								"east": {"uv": [59, 26], "uv_size": [64, 1]},
								"south": {"uv": [112, 73], "uv_size": [1, 1]},
								"west": {"uv": [59, 27], "uv_size": [64, 1]},
								"up": {"uv": [8, 62], "uv_size": [1, 64]},
								"down": {"uv": [9, 126], "uv_size": [1, -64]}
							}
						}
					]
				},
				{
					"name": "Bulletloader2",
					"parent": "bulletstore",
					"pivot": [-2.59031, 25.03177, -82.21421],
					"cubes": [
						{
							"origin": [-3.06951, 25.69182, -90.85198],
							"size": [0.95839, 0.53762, 8.60565],
							"inflate": 0.002,
							"pivot": [-2.59031, 25.0407, -24.94915],
							"rotation": [0, 0, -90],
							"uv": {
								"north": {"uv": [107, 114], "uv_size": [1, 1]},
								"east": {"uv": [100, 91], "uv_size": [9, 1]},
								"south": {"uv": [114, 107], "uv_size": [1, 1]},
								"west": {"uv": [100, 92], "uv_size": [9, 1]},
								"up": {"uv": [78, 100], "uv_size": [1, 9]},
								"down": {"uv": [92, 109], "uv_size": [1, -9]}
							}
						},
						{
							"origin": [-3.14113, 23.88347, -90.85198],
							"size": [0.95839, 0.53762, 8.60565],
							"inflate": 0.002,
							"pivot": [-2.59031, 25.0407, -24.94915],
							"rotation": [0, 0, 42.5],
							"uv": {
								"north": {"uv": [106, 114], "uv_size": [1, 1]},
								"east": {"uv": [100, 89], "uv_size": [9, 1]},
								"south": {"uv": [114, 106], "uv_size": [1, 1]},
								"west": {"uv": [100, 90], "uv_size": [9, 1]},
								"up": {"uv": [76, 100], "uv_size": [1, 9]},
								"down": {"uv": [77, 109], "uv_size": [1, -9]}
							}
						},
						{
							"origin": [-3.06951, 23.91132, -90.85198],
							"size": [0.95839, 0.53762, 8.60565],
							"inflate": 0.002,
							"uv": {
								"north": {"uv": [105, 114], "uv_size": [1, 1]},
								"east": {"uv": [100, 87], "uv_size": [9, 1]},
								"south": {"uv": [114, 105], "uv_size": [1, 1]},
								"west": {"uv": [100, 88], "uv_size": [9, 1]},
								"up": {"uv": [74, 100], "uv_size": [1, 9]},
								"down": {"uv": [75, 109], "uv_size": [1, -9]}
							}
						},
						{
							"origin": [-3.36951, 23.51132, -90.85198],
							"size": [0.35839, 0.83762, 8.60565],
							"inflate": 0.002,
							"uv": {
								"north": {"uv": [108, 114], "uv_size": [1, 1]},
								"east": {"uv": [100, 93], "uv_size": [9, 1]},
								"south": {"uv": [114, 108], "uv_size": [1, 1]},
								"west": {"uv": [100, 96], "uv_size": [9, 1]},
								"up": {"uv": [93, 100], "uv_size": [1, 9]},
								"down": {"uv": [94, 109], "uv_size": [1, -9]}
							}
						},
						{
							"origin": [-2.16951, 23.51132, -90.85198],
							"size": [0.35839, 0.83762, 8.60565],
							"inflate": 0.002,
							"uv": {
								"north": {"uv": [109, 114], "uv_size": [1, 1]},
								"east": {"uv": [100, 97], "uv_size": [9, 1]},
								"south": {"uv": [114, 109], "uv_size": [1, 1]},
								"west": {"uv": [100, 98], "uv_size": [9, 1]},
								"up": {"uv": [95, 100], "uv_size": [1, 9]},
								"down": {"uv": [100, 108], "uv_size": [1, -9]}
							}
						},
						{
							"origin": [-2.99789, 23.88347, -90.85198],
							"size": [0.95839, 0.53762, 8.60565],
							"inflate": 0.002,
							"pivot": [-2.59031, 25.0407, -24.94915],
							"rotation": [0, 0, -42.5],
							"uv": {
								"north": {"uv": [104, 114], "uv_size": [1, 1]},
								"east": {"uv": [100, 85], "uv_size": [9, 1]},
								"south": {"uv": [114, 104], "uv_size": [1, 1]},
								"west": {"uv": [100, 86], "uv_size": [9, 1]},
								"up": {"uv": [72, 100], "uv_size": [1, 9]},
								"down": {"uv": [73, 109], "uv_size": [1, -9]}
							}
						},
						{
							"origin": [-3.06951, 23.85196, -90.85198],
							"size": [0.95839, 0.53762, 8.60565],
							"inflate": 0.002,
							"pivot": [-2.59031, 25.0407, -24.94915],
							"rotation": [0, 0, -90],
							"uv": {
								"north": {"uv": [103, 114], "uv_size": [1, 1]},
								"east": {"uv": [100, 14], "uv_size": [9, 1]},
								"south": {"uv": [114, 103], "uv_size": [1, 1]},
								"west": {"uv": [100, 15], "uv_size": [9, 1]},
								"up": {"uv": [70, 100], "uv_size": [1, 9]},
								"down": {"uv": [71, 109], "uv_size": [1, -9]}
							}
						},
						{
							"origin": [-2.99789, 25.66031, -90.85198],
							"size": [0.95839, 0.53762, 8.60565],
							"inflate": 0.002,
							"pivot": [-2.59031, 25.0407, -24.94915],
							"rotation": [0, 0, 42.5],
							"uv": {
								"north": {"uv": [102, 114], "uv_size": [1, 1]},
								"east": {"uv": [100, 12], "uv_size": [9, 1]},
								"south": {"uv": [114, 102], "uv_size": [1, 1]},
								"west": {"uv": [100, 13], "uv_size": [9, 1]},
								"up": {"uv": [100, 58], "uv_size": [1, 9]},
								"down": {"uv": [100, 76], "uv_size": [1, -9]}
							}
						},
						{
							"origin": [-3.06951, 25.63246, -90.85198],
							"size": [0.95839, 0.53762, 8.60565],
							"inflate": 0.002,
							"uv": {
								"north": {"uv": [101, 114], "uv_size": [1, 1]},
								"east": {"uv": [100, 10], "uv_size": [9, 1]},
								"south": {"uv": [114, 101], "uv_size": [1, 1]},
								"west": {"uv": [100, 11], "uv_size": [9, 1]},
								"up": {"uv": [38, 100], "uv_size": [1, 9]},
								"down": {"uv": [39, 109], "uv_size": [1, -9]}
							}
						},
						{
							"origin": [-3.14113, 25.66031, -90.85198],
							"size": [0.95839, 0.53762, 8.60565],
							"inflate": 0.002,
							"pivot": [-2.59031, 25.0407, -24.94915],
							"rotation": [0, 0, -42.5],
							"uv": {
								"north": {"uv": [100, 114], "uv_size": [1, 1]},
								"east": {"uv": [99, 94], "uv_size": [9, 1]},
								"south": {"uv": [114, 100], "uv_size": [1, 1]},
								"west": {"uv": [99, 95], "uv_size": [9, 1]},
								"up": {"uv": [36, 100], "uv_size": [1, 9]},
								"down": {"uv": [37, 109], "uv_size": [1, -9]}
							}
						},
						{
							"origin": [-3.14113, 23.39755, -90.34233],
							"size": [0.95839, 0.53762, 8.096],
							"inflate": 0.002,
							"pivot": [-2.59031, 22.77794, -24.94916],
							"rotation": [0, 0, -42.5],
							"uv": {
								"north": {"uv": [99, 114], "uv_size": [1, 1]},
								"east": {"uv": [105, 101], "uv_size": [8, 1]},
								"south": {"uv": [114, 99], "uv_size": [1, 1]},
								"west": {"uv": [105, 102], "uv_size": [8, 1]},
								"up": {"uv": [105, 103], "uv_size": [1, 8]},
								"down": {"uv": [20, 114], "uv_size": [1, -8]}
							}
						},
						{
							"origin": [-2.99789, 23.39755, -90.34233],
							"size": [0.95839, 0.53762, 8.096],
							"inflate": 0.002,
							"pivot": [-2.59031, 22.77794, -24.94916],
							"rotation": [0, 0, 42.5],
							"uv": {
								"north": {"uv": [98, 114], "uv_size": [1, 1]},
								"east": {"uv": [105, 99], "uv_size": [8, 1]},
								"south": {"uv": [114, 98], "uv_size": [1, 1]},
								"west": {"uv": [105, 100], "uv_size": [8, 1]},
								"up": {"uv": [98, 105], "uv_size": [1, 8]},
								"down": {"uv": [99, 113], "uv_size": [1, -8]}
							}
						},
						{
							"origin": [-3.06951, 21.5892, -90.34233],
							"size": [0.95839, 0.53762, 8.096],
							"inflate": 0.002,
							"pivot": [-2.59031, 22.77794, -24.94916],
							"rotation": [0, 0, -90],
							"uv": {
								"north": {"uv": [97, 114], "uv_size": [1, 1]},
								"east": {"uv": [105, 74], "uv_size": [8, 1]},
								"south": {"uv": [114, 97], "uv_size": [1, 1]},
								"west": {"uv": [105, 75], "uv_size": [8, 1]},
								"up": {"uv": [86, 105], "uv_size": [1, 8]},
								"down": {"uv": [87, 113], "uv_size": [1, -8]}
							}
						},
						{
							"origin": [-2.99789, 21.62071, -90.34233],
							"size": [0.95839, 0.53762, 8.096],
							"inflate": 0.002,
							"pivot": [-2.59031, 22.77794, -24.94916],
							"rotation": [0, 0, -42.5],
							"uv": {
								"north": {"uv": [96, 114], "uv_size": [1, 1]},
								"east": {"uv": [105, 50], "uv_size": [8, 1]},
								"south": {"uv": [114, 96], "uv_size": [1, 1]},
								"west": {"uv": [105, 51], "uv_size": [8, 1]},
								"up": {"uv": [105, 58], "uv_size": [1, 8]},
								"down": {"uv": [105, 74], "uv_size": [1, -8]}
							}
						},
						{
							"origin": [-3.06951, 21.64856, -90.34233],
							"size": [0.95839, 0.53762, 8.096],
							"inflate": 0.002,
							"uv": {
								"north": {"uv": [95, 114], "uv_size": [1, 1]},
								"east": {"uv": [105, 48], "uv_size": [8, 1]},
								"south": {"uv": [114, 95], "uv_size": [1, 1]},
								"west": {"uv": [105, 49], "uv_size": [8, 1]},
								"up": {"uv": [34, 105], "uv_size": [1, 8]},
								"down": {"uv": [35, 113], "uv_size": [1, -8]}
							}
						},
						{
							"origin": [-3.14113, 21.62071, -90.34233],
							"size": [0.95839, 0.53762, 8.096],
							"inflate": 0.002,
							"pivot": [-2.59031, 22.77794, -24.94916],
							"rotation": [0, 0, 42.5],
							"uv": {
								"north": {"uv": [94, 114], "uv_size": [1, 1]},
								"east": {"uv": [105, 30], "uv_size": [8, 1]},
								"south": {"uv": [114, 94], "uv_size": [1, 1]},
								"west": {"uv": [105, 31], "uv_size": [8, 1]},
								"up": {"uv": [32, 105], "uv_size": [1, 8]},
								"down": {"uv": [33, 113], "uv_size": [1, -8]}
							}
						},
						{
							"origin": [-3.06951, 23.42907, -90.34233],
							"size": [0.95839, 0.53762, 8.096],
							"inflate": 0.002,
							"pivot": [-2.59031, 22.77794, -24.94916],
							"rotation": [0, 0, -90],
							"uv": {
								"north": {"uv": [93, 114], "uv_size": [1, 1]},
								"east": {"uv": [104, 54], "uv_size": [8, 1]},
								"south": {"uv": [114, 93], "uv_size": [1, 1]},
								"west": {"uv": [104, 55], "uv_size": [8, 1]},
								"up": {"uv": [30, 105], "uv_size": [1, 8]},
								"down": {"uv": [31, 113], "uv_size": [1, -8]}
							}
						},
						{
							"origin": [-3.06951, 23.3697, -90.34233],
							"size": [0.95839, 0.53762, 8.096],
							"inflate": 0.002,
							"uv": {
								"north": {"uv": [92, 114], "uv_size": [1, 1]},
								"east": {"uv": [101, 52], "uv_size": [8, 1]},
								"south": {"uv": [114, 92], "uv_size": [1, 1]},
								"west": {"uv": [103, 76], "uv_size": [8, 1]},
								"up": {"uv": [28, 105], "uv_size": [1, 8]},
								"down": {"uv": [29, 113], "uv_size": [1, -8]}
							}
						},
						{
							"origin": [-3.06951, 22.7697, -90.85198],
							"size": [0.95839, 1.13762, 0.50565],
							"inflate": 0.002,
							"uv": {
								"north": {"uv": [74, 112], "uv_size": [1, 1]},
								"east": {"uv": [75, 112], "uv_size": [1, 1]},
								"south": {"uv": [112, 76], "uv_size": [1, 1]},
								"west": {"uv": [112, 77], "uv_size": [1, 1]},
								"up": {"uv": [79, 112], "uv_size": [1, 1]},
								"down": {"uv": [112, 80], "uv_size": [1, -1]}
							}
						},
						{
							"origin": [-3.06951, 21.5892, -90.85198],
							"size": [0.95839, 0.71262, 0.50565],
							"inflate": 0.002,
							"pivot": [-2.59031, 22.77794, -34.04916],
							"rotation": [0, 0, -90],
							"uv": {
								"north": {"uv": [80, 112], "uv_size": [1, 1]},
								"east": {"uv": [112, 80], "uv_size": [1, 1]},
								"south": {"uv": [81, 112], "uv_size": [1, 1]},
								"west": {"uv": [82, 112], "uv_size": [1, 1]},
								"up": {"uv": [83, 112], "uv_size": [1, 1]},
								"down": {"uv": [84, 113], "uv_size": [1, -1]}
							}
						},
						{
							"origin": [-2.99789, 21.62071, -90.85198],
							"size": [0.95839, 0.53762, 0.50565],
							"inflate": 0.002,
							"pivot": [-2.59031, 22.77794, -34.04916],
							"rotation": [0, 0, -42.5],
							"uv": {
								"north": {"uv": [112, 84], "uv_size": [1, 1]},
								"east": {"uv": [85, 112], "uv_size": [1, 1]},
								"south": {"uv": [112, 85], "uv_size": [1, 1]},
								"west": {"uv": [112, 87], "uv_size": [1, 1]},
								"up": {"uv": [112, 88], "uv_size": [1, 1]},
								"down": {"uv": [112, 91], "uv_size": [1, -1]}
							}
						},
						{
							"origin": [-3.06951, 21.64856, -90.85198],
							"size": [0.95839, 1.11713, 0.50565],
							"inflate": 0.002,
							"uv": {
								"north": {"uv": [112, 92], "uv_size": [1, 1]},
								"east": {"uv": [94, 112], "uv_size": [1, 1]},
								"south": {"uv": [112, 94], "uv_size": [1, 1]},
								"west": {"uv": [112, 95], "uv_size": [1, 1]},
								"up": {"uv": [96, 112], "uv_size": [1, 1]},
								"down": {"uv": [112, 97], "uv_size": [1, -1]}
							}
						},
						{
							"origin": [-3.14113, 21.62071, -90.85198],
							"size": [0.95839, 0.53762, 0.50565],
							"inflate": 0.002,
							"pivot": [-2.59031, 22.77794, -34.04916],
							"rotation": [0, 0, 42.5],
							"uv": {
								"north": {"uv": [97, 112], "uv_size": [1, 1]},
								"east": {"uv": [112, 97], "uv_size": [1, 1]},
								"south": {"uv": [112, 98], "uv_size": [1, 1]},
								"west": {"uv": [100, 112], "uv_size": [1, 1]},
								"up": {"uv": [101, 112], "uv_size": [1, 1]},
								"down": {"uv": [102, 113], "uv_size": [1, -1]}
							}
						},
						{
							"origin": [-3.06951, 23.25407, -90.85198],
							"size": [0.95839, 0.71262, 0.50565],
							"inflate": 0.002,
							"pivot": [-2.59031, 22.77794, -34.04916],
							"rotation": [0, 0, -90],
							"uv": {
								"north": {"uv": [103, 112], "uv_size": [1, 1]},
								"east": {"uv": [112, 103], "uv_size": [1, 1]},
								"south": {"uv": [104, 112], "uv_size": [1, 1]},
								"west": {"uv": [112, 104], "uv_size": [1, 1]},
								"up": {"uv": [105, 112], "uv_size": [1, 1]},
								"down": {"uv": [112, 106], "uv_size": [1, -1]}
							}
						},
						{
							"origin": [-3.14113, 23.39755, -90.85198],
							"size": [0.95839, 0.53762, 0.50565],
							"inflate": 0.002,
							"pivot": [-2.59031, 22.77794, -34.04916],
							"rotation": [0, 0, -42.5],
							"uv": {
								"north": {"uv": [112, 106], "uv_size": [1, 1]},
								"east": {"uv": [112, 107], "uv_size": [1, 1]},
								"south": {"uv": [108, 112], "uv_size": [1, 1]},
								"west": {"uv": [112, 108], "uv_size": [1, 1]},
								"up": {"uv": [109, 112], "uv_size": [1, 1]},
								"down": {"uv": [112, 110], "uv_size": [1, -1]}
							}
						},
						{
							"origin": [-2.99789, 23.39755, -90.85198],
							"size": [0.95839, 0.53762, 0.50565],
							"inflate": 0.002,
							"pivot": [-2.59031, 22.77794, -34.04916],
							"rotation": [0, 0, 42.5],
							"uv": {
								"north": {"uv": [110, 112], "uv_size": [1, 1]},
								"east": {"uv": [112, 110], "uv_size": [1, 1]},
								"south": {"uv": [111, 112], "uv_size": [1, 1]},
								"west": {"uv": [112, 111], "uv_size": [1, 1]},
								"up": {"uv": [112, 112], "uv_size": [1, 1]},
								"down": {"uv": [113, 1], "uv_size": [1, -1]}
							}
						}
					]
				},
				{
					"name": "Lever",
					"parent": "gun",
					"pivot": [-2.54676, 19.35733, -2.73019],
					"cubes": [
						{
							"origin": [-2.94676, 18.75681, -2.92003],
							"size": [0.8, 2.31222, 4.63391],
							"pivot": [-2.54676, 19.35733, -2.73019],
							"rotation": [-40, 0, 0],
							"uv": {
								"north": {"uv": [110, 65], "uv_size": [1, 2]},
								"east": {"uv": [91, 30], "uv_size": [5, 2]},
								"south": {"uv": [110, 67], "uv_size": [1, 2]},
								"west": {"uv": [96, 30], "uv_size": [5, 2]},
								"up": {"uv": [108, 68], "uv_size": [1, 5]},
								"down": {"uv": [69, 113], "uv_size": [1, -5]}
							}
						},
						{
							"origin": [-3.27578, 11.85619, 6.71307],
							"size": [1.45156, 0.88648, 0.27854],
							"pivot": [-2.55, 14.0906, 10.98841],
							"rotation": [-62.5, 0, 0],
							"uv": {
								"north": {"uv": [113, 1], "uv_size": [1, 1]},
								"east": {"uv": [113, 2], "uv_size": [1, 1]},
								"south": {"uv": [113, 3], "uv_size": [1, 1]},
								"west": {"uv": [113, 4], "uv_size": [1, 1]},
								"up": {"uv": [113, 5], "uv_size": [1, 1]},
								"down": {"uv": [113, 7], "uv_size": [1, -1]}
							}
						},
						{
							"origin": [-3.27578, 15.48942, 6.66219],
							"size": [1.45156, 0.88648, 0.27854],
							"pivot": [-2.55, 14.0906, 10.98841],
							"rotation": [-152.5, 0, 0],
							"uv": {
								"north": {"uv": [113, 7], "uv_size": [1, 1]},
								"east": {"uv": [113, 8], "uv_size": [1, 1]},
								"south": {"uv": [113, 9], "uv_size": [1, 1]},
								"west": {"uv": [113, 10], "uv_size": [1, 1]},
								"up": {"uv": [113, 11], "uv_size": [1, 1]},
								"down": {"uv": [113, 13], "uv_size": [1, -1]}
							}
						},
						{
							"origin": [-3.27578, 15.74527, 14.78024],
							"size": [1.45156, 0.88648, 0.27854],
							"pivot": [-2.55, 14.0906, 10.98841],
							"rotation": [-62.5, 0, 0],
							"uv": {
								"north": {"uv": [113, 13], "uv_size": [1, 1]},
								"east": {"uv": [14, 113], "uv_size": [1, 1]},
								"south": {"uv": [113, 14], "uv_size": [1, 1]},
								"west": {"uv": [15, 113], "uv_size": [1, 1]},
								"up": {"uv": [113, 15], "uv_size": [1, 1]},
								"down": {"uv": [16, 114], "uv_size": [1, -1]}
							}
						},
						{
							"origin": [-3.27578, 16.2905, 13.83719],
							"size": [1.45156, 0.88648, 0.27854],
							"pivot": [-2.55, 14.0906, 10.98841],
							"rotation": [-85, 0, 0],
							"uv": {
								"north": {"uv": [17, 113], "uv_size": [1, 1]},
								"east": {"uv": [18, 113], "uv_size": [1, 1]},
								"south": {"uv": [19, 113], "uv_size": [1, 1]},
								"west": {"uv": [21, 113], "uv_size": [1, 1]},
								"up": {"uv": [22, 113], "uv_size": [1, 1]},
								"down": {"uv": [23, 114], "uv_size": [1, -1]}
							}
						},
						{
							"origin": [-3.27578, 10.93334, 12.77847],
							"size": [1.45156, 6.38648, 0.25734],
							"pivot": [-2.55, 14.0906, 10.98841],
							"rotation": [-107.5, 0, 0],
							"uv": {
								"north": {"uv": [13, 108], "uv_size": [1, 6]},
								"east": {"uv": [108, 56], "uv_size": [1, 6]},
								"south": {"uv": [108, 62], "uv_size": [1, 6]},
								"west": {"uv": [64, 108], "uv_size": [1, 6]},
								"up": {"uv": [24, 113], "uv_size": [1, 1]},
								"down": {"uv": [25, 114], "uv_size": [1, -1]}
							}
						},
						{
							"origin": [-3.27578, 10.11434, 8.91842],
							"size": [1.45156, 8.02448, 0.30252],
							"pivot": [-2.55, 14.0906, 10.98841],
							"rotation": [-107.5, 0, 0],
							"uv": {
								"north": {"uv": [14, 104], "uv_size": [1, 8]},
								"east": {"uv": [15, 104], "uv_size": [1, 8]},
								"south": {"uv": [16, 104], "uv_size": [1, 8]},
								"west": {"uv": [17, 104], "uv_size": [1, 8]},
								"up": {"uv": [26, 113], "uv_size": [1, 1]},
								"down": {"uv": [27, 114], "uv_size": [1, -1]}
							}
						},
						{
							"origin": [-3.27578, 11.0707, 13.80966],
							"size": [1.45156, 0.88648, 0.27854],
							"pivot": [-2.55, 14.0906, 10.98841],
							"rotation": [-130, 0, 0],
							"uv": {
								"north": {"uv": [28, 113], "uv_size": [1, 1]},
								"east": {"uv": [29, 113], "uv_size": [1, 1]},
								"south": {"uv": [30, 113], "uv_size": [1, 1]},
								"west": {"uv": [113, 30], "uv_size": [1, 1]},
								"up": {"uv": [31, 113], "uv_size": [1, 1]},
								"down": {"uv": [113, 32], "uv_size": [1, -1]}
							}
						},
						{
							"origin": [-3.27578, 11.60033, 14.72937],
							"size": [1.45156, 0.88648, 0.27854],
							"pivot": [-2.55, 14.0906, 10.98841],
							"rotation": [-152.5, 0, 0],
							"uv": {
								"north": {"uv": [32, 113], "uv_size": [1, 1]},
								"east": {"uv": [33, 113], "uv_size": [1, 1]},
								"south": {"uv": [34, 113], "uv_size": [1, 1]},
								"west": {"uv": [35, 113], "uv_size": [1, 1]},
								"up": {"uv": [36, 113], "uv_size": [1, 1]},
								"down": {"uv": [37, 114], "uv_size": [1, -1]}
							}
						},
						{
							"origin": [-3.27578, 9.42409, 9.33942],
							"size": [1.45156, 0.27854, 0.88648],
							"pivot": [-2.55, 14.0906, 10.98841],
							"rotation": [-85, 0, 0],
							"uv": {
								"north": {"uv": [38, 113], "uv_size": [1, 1]},
								"east": {"uv": [39, 113], "uv_size": [1, 1]},
								"south": {"uv": [113, 48], "uv_size": [1, 1]},
								"west": {"uv": [113, 49], "uv_size": [1, 1]},
								"up": {"uv": [113, 50], "uv_size": [1, 1]},
								"down": {"uv": [113, 52], "uv_size": [1, -1]}
							}
						},
						{
							"origin": [-3.27578, 9.14827, 10.36426],
							"size": [1.45156, 0.27854, 0.88648],
							"pivot": [-2.55, 14.0906, 10.98841],
							"rotation": [-107.5, 0, 0],
							"uv": {
								"north": {"uv": [113, 52], "uv_size": [1, 1]},
								"east": {"uv": [113, 53], "uv_size": [1, 1]},
								"south": {"uv": [113, 54], "uv_size": [1, 1]},
								"west": {"uv": [113, 55], "uv_size": [1, 1]},
								"up": {"uv": [113, 56], "uv_size": [1, 1]},
								"down": {"uv": [113, 58], "uv_size": [1, -1]}
							}
						},
						{
							"origin": [-3.27578, 8.78563, 11.41664],
							"size": [1.45156, 0.77854, 0.88648],
							"pivot": [-2.55, 14.0906, 10.98841],
							"rotation": [-130, 0, 0],
							"uv": {
								"north": {"uv": [113, 58], "uv_size": [1, 1]},
								"east": {"uv": [113, 59], "uv_size": [1, 1]},
								"south": {"uv": [113, 60], "uv_size": [1, 1]},
								"west": {"uv": [113, 61], "uv_size": [1, 1]},
								"up": {"uv": [113, 62], "uv_size": [1, 1]},
								"down": {"uv": [113, 64], "uv_size": [1, -1]}
							}
						},
						{
							"origin": [-3.27578, 18.68352, 11.44418],
							"size": [1.45156, 0.27854, 0.88648],
							"pivot": [-2.55, 14.0906, 10.98841],
							"rotation": [-85, 0, 0],
							"uv": {
								"north": {"uv": [113, 64], "uv_size": [1, 1]},
								"east": {"uv": [65, 113], "uv_size": [1, 1]},
								"south": {"uv": [113, 65], "uv_size": [1, 1]},
								"west": {"uv": [66, 113], "uv_size": [1, 1]},
								"up": {"uv": [113, 66], "uv_size": [1, 1]},
								"down": {"uv": [67, 114], "uv_size": [1, -1]}
							}
						},
						{
							"origin": [-3.27578, 18.82635, 10.36426],
							"size": [1.45156, 0.27854, 0.88648],
							"pivot": [-2.55, 14.0906, 10.98841],
							"rotation": [-107.5, 0, 0],
							"uv": {
								"north": {"uv": [113, 67], "uv_size": [1, 1]},
								"east": {"uv": [68, 113], "uv_size": [1, 1]},
								"south": {"uv": [113, 68], "uv_size": [1, 1]},
								"west": {"uv": [69, 113], "uv_size": [1, 1]},
								"up": {"uv": [113, 69], "uv_size": [1, 1]},
								"down": {"uv": [70, 114], "uv_size": [1, -1]}
							}
						},
						{
							"origin": [-3.27578, 18.54505, 9.31188],
							"size": [1.45156, 0.27854, 0.88648],
							"pivot": [-2.55, 14.0906, 10.98841],
							"rotation": [-130, 0, 0],
							"uv": {
								"north": {"uv": [113, 70], "uv_size": [1, 1]},
								"east": {"uv": [71, 113], "uv_size": [1, 1]},
								"south": {"uv": [113, 71], "uv_size": [1, 1]},
								"west": {"uv": [72, 113], "uv_size": [1, 1]},
								"up": {"uv": [113, 72], "uv_size": [1, 1]},
								"down": {"uv": [73, 114], "uv_size": [1, -1]}
							}
						}
					]
				},
				{
					"name": "Teuing2",
					"parent": "Lever",
					"pivot": [-2.55, 16.4847, 3.99016],
					"rotation": [-90, 0, 0],
					"cubes": [
						{
							"origin": [-3.25078, 13.15898, 7.80642],
							"size": [1.40156, 0.88648, 0.27854],
							"pivot": [97.4422, 7.74701, 3.53298],
							"rotation": [45, 0, 0],
							"uv": {
								"north": {"uv": [113, 73], "uv_size": [1, 1]},
								"east": {"uv": [74, 113], "uv_size": [1, 1]},
								"south": {"uv": [113, 74], "uv_size": [1, 1]},
								"west": {"uv": [75, 113], "uv_size": [1, 1]},
								"up": {"uv": [113, 75], "uv_size": [1, 1]},
								"down": {"uv": [76, 114], "uv_size": [1, -1]}
							}
						},
						{
							"origin": [-3.25078, 15.20139, 5.07081],
							"size": [1.40156, 0.88648, 0.27854],
							"pivot": [97.4422, 7.74701, 3.53298],
							"rotation": [22.5, 0, 0],
							"uv": {
								"north": {"uv": [113, 76], "uv_size": [1, 1]},
								"east": {"uv": [77, 113], "uv_size": [1, 1]},
								"south": {"uv": [113, 77], "uv_size": [1, 1]},
								"west": {"uv": [78, 113], "uv_size": [1, 1]},
								"up": {"uv": [113, 78], "uv_size": [1, 1]},
								"down": {"uv": [79, 114], "uv_size": [1, -1]}
							}
						},
						{
							"origin": [-3.25078, 16.04146, 1.76184],
							"size": [1.40156, 0.88648, 0.27854],
							"uv": {
								"north": {"uv": [113, 79], "uv_size": [1, 1]},
								"east": {"uv": [80, 113], "uv_size": [1, 1]},
								"south": {"uv": [113, 80], "uv_size": [1, 1]},
								"west": {"uv": [81, 113], "uv_size": [1, 1]},
								"up": {"uv": [113, 81], "uv_size": [1, 1]},
								"down": {"uv": [82, 114], "uv_size": [1, -1]}
							}
						},
						{
							"origin": [-3.25078, 15.5513, -1.61673],
							"size": [1.40156, 0.88648, 0.27854],
							"pivot": [97.4422, 7.74701, 3.53298],
							"rotation": [-22.5, 0, 0],
							"uv": {
								"north": {"uv": [113, 82], "uv_size": [1, 1]},
								"east": {"uv": [83, 113], "uv_size": [1, 1]},
								"south": {"uv": [113, 83], "uv_size": [1, 1]},
								"west": {"uv": [84, 113], "uv_size": [1, 1]},
								"up": {"uv": [113, 84], "uv_size": [1, 1]},
								"down": {"uv": [85, 114], "uv_size": [1, -1]}
							}
						},
						{
							"origin": [-3.25078, 13.80552, -4.89555],
							"size": [1.40156, 1.02939, 0.62355],
							"pivot": [97.4422, 7.74701, 3.53298],
							"rotation": [-45, 0, 0],
							"uv": {
								"north": {"uv": [113, 85], "uv_size": [1, 1]},
								"east": {"uv": [86, 113], "uv_size": [1, 1]},
								"south": {"uv": [113, 86], "uv_size": [1, 1]},
								"west": {"uv": [87, 113], "uv_size": [1, 1]},
								"up": {"uv": [113, 87], "uv_size": [1, 1]},
								"down": {"uv": [88, 114], "uv_size": [1, -1]}
							}
						},
						{
							"origin": [-3.25078, 12.96283, 11.98451],
							"size": [1.40156, 1.08263, 0.7521],
							"pivot": [97.4422, 7.74701, 3.53298],
							"rotation": [45, 0, 0],
							"uv": {
								"north": {"uv": [113, 88], "uv_size": [1, 1]},
								"east": {"uv": [89, 113], "uv_size": [1, 1]},
								"south": {"uv": [113, 89], "uv_size": [1, 1]},
								"west": {"uv": [90, 113], "uv_size": [1, 1]},
								"up": {"uv": [113, 90], "uv_size": [1, 1]},
								"down": {"uv": [91, 114], "uv_size": [1, -1]}
							}
						},
						{
							"origin": [-3.25078, 14.98907, 9.2489],
							"size": [1.40156, 1.09879, 0.79112],
							"pivot": [97.4422, 7.74701, 3.53298],
							"rotation": [22.5, 0, 0],
							"uv": {
								"north": {"uv": [113, 91], "uv_size": [1, 1]},
								"east": {"uv": [92, 113], "uv_size": [1, 1]},
								"south": {"uv": [113, 92], "uv_size": [1, 1]},
								"west": {"uv": [93, 113], "uv_size": [1, 1]},
								"up": {"uv": [113, 93], "uv_size": [1, 1]},
								"down": {"uv": [94, 114], "uv_size": [1, -1]}
							}
						},
						{
							"origin": [-3.25078, 15.81165, 5.93993],
							"size": [1.40156, 1.11629, 0.83335],
							"uv": {
								"north": {"uv": [113, 94], "uv_size": [1, 1]},
								"east": {"uv": [95, 113], "uv_size": [1, 1]},
								"south": {"uv": [113, 95], "uv_size": [1, 1]},
								"west": {"uv": [96, 113], "uv_size": [1, 1]},
								"up": {"uv": [113, 96], "uv_size": [1, 1]},
								"down": {"uv": [97, 114], "uv_size": [1, -1]}
							}
						},
						{
							"origin": [-3.25078, 15.30255, 2.56136],
							"size": [1.40156, 1.13522, 0.87906],
							"pivot": [97.4422, 7.74701, 3.53298],
							"rotation": [-22.5, 0, 0],
							"uv": {
								"north": {"uv": [113, 97], "uv_size": [1, 1]},
								"east": {"uv": [98, 113], "uv_size": [1, 1]},
								"south": {"uv": [113, 98], "uv_size": [1, 1]},
								"west": {"uv": [99, 113], "uv_size": [1, 1]},
								"up": {"uv": [113, 99], "uv_size": [1, 1]},
								"down": {"uv": [100, 114], "uv_size": [1, -1]}
							}
						},
						{
							"origin": [-3.25078, 13.80552, -0.37245],
							"size": [1.40156, 0.88648, 0.92854],
							"pivot": [97.4422, 7.74701, 3.53298],
							"rotation": [-45, 0, 0],
							"uv": {
								"north": {"uv": [113, 100], "uv_size": [1, 1]},
								"east": {"uv": [101, 113], "uv_size": [1, 1]},
								"south": {"uv": [113, 101], "uv_size": [1, 1]},
								"west": {"uv": [102, 113], "uv_size": [1, 1]},
								"up": {"uv": [113, 102], "uv_size": [1, 1]},
								"down": {"uv": [103, 114], "uv_size": [1, -1]}
							}
						},
						{
							"origin": [-3.25078, 12.81579, 6.75589],
							"size": [1.40156, 0.87906, 1.23522],
							"pivot": [97.4422, 7.74701, 3.53298],
							"rotation": [22.5, 0, 0],
							"uv": {
								"north": {"uv": [113, 103], "uv_size": [1, 1]},
								"east": {"uv": [104, 113], "uv_size": [1, 1]},
								"south": {"uv": [113, 104], "uv_size": [1, 1]},
								"west": {"uv": [105, 113], "uv_size": [1, 1]},
								"up": {"uv": [113, 105], "uv_size": [1, 1]},
								"down": {"uv": [106, 114], "uv_size": [1, -1]}
							}
						},
						{
							"origin": [-3.25078, 14.05639, 3.54692],
							"size": [1.40156, 0.47854, 0.88648],
							"uv": {
								"north": {"uv": [113, 106], "uv_size": [1, 1]},
								"east": {"uv": [107, 113], "uv_size": [1, 1]},
								"south": {"uv": [113, 107], "uv_size": [1, 1]},
								"west": {"uv": [108, 113], "uv_size": [1, 1]},
								"up": {"uv": [113, 108], "uv_size": [1, 1]},
								"down": {"uv": [109, 114], "uv_size": [1, -1]}
							}
						},
						{
							"origin": [-3.25078, 12.76622, 0.16835],
							"size": [1.40156, 1.27854, 2.28648],
							"pivot": [97.4422, 7.74701, 3.53298],
							"rotation": [-22.5, 0, 0],
							"uv": {
								"north": {"uv": [113, 109], "uv_size": [1, 1]},
								"east": {"uv": [110, 69], "uv_size": [2, 1]},
								"south": {"uv": [110, 113], "uv_size": [1, 1]},
								"west": {"uv": [110, 70], "uv_size": [2, 1]},
								"up": {"uv": [74, 110], "uv_size": [1, 2]},
								"down": {"uv": [75, 112], "uv_size": [1, -2]}
							}
						},
						{
							"origin": [-3.25078, 17.5944, 6.85589],
							"size": [1.40156, 0.65198, 1.04116],
							"pivot": [97.4422, 7.74701, 3.53298],
							"rotation": [22.5, 0, 0],
							"uv": {
								"north": {"uv": [113, 110], "uv_size": [1, 1]},
								"east": {"uv": [111, 113], "uv_size": [1, 1]},
								"south": {"uv": [113, 111], "uv_size": [1, 1]},
								"west": {"uv": [112, 113], "uv_size": [1, 1]},
								"up": {"uv": [113, 112], "uv_size": [1, 1]},
								"down": {"uv": [113, 114], "uv_size": [1, -1]}
							}
						},
						{
							"origin": [-3.25078, 18.43447, 3.54692],
							"size": [1.40156, 0.68275, 1.05391],
							"uv": {
								"north": {"uv": [114, 0], "uv_size": [1, 1]},
								"east": {"uv": [114, 1], "uv_size": [1, 1]},
								"south": {"uv": [114, 2], "uv_size": [1, 1]},
								"west": {"uv": [114, 3], "uv_size": [1, 1]},
								"up": {"uv": [114, 4], "uv_size": [1, 1]},
								"down": {"uv": [114, 6], "uv_size": [1, -1]}
							}
						},
						{
							"origin": [-3.25078, 17.94431, 0.16835],
							"size": [1.40156, 0.71605, 1.0677],
							"pivot": [97.4422, 7.74701, 3.53298],
							"rotation": [-22.5, 0, 0],
							"uv": {
								"north": {"uv": [114, 6], "uv_size": [1, 1]},
								"east": {"uv": [114, 7], "uv_size": [1, 1]},
								"south": {"uv": [114, 8], "uv_size": [1, 1]},
								"west": {"uv": [114, 9], "uv_size": [1, 1]},
								"up": {"uv": [114, 10], "uv_size": [1, 1]},
								"down": {"uv": [114, 12], "uv_size": [1, -1]}
							}
						}
					]
				},
				{
					"name": "trigger",
					"parent": "Teuing2",
					"pivot": [-3.64763, 16.90751, 2.70445],
					"cubes": [
						{
							"origin": [197.24767, -2.36972, -0.40454],
							"size": [0.41709, 0.4298, 1.65475],
							"inflate": 0.002,
							"pivot": [97.4422, 7.14701, 3.33298],
							"rotation": [15.99478, -0.01644, -179.85675],
							"uv": {
								"north": {"uv": [12, 114], "uv_size": [1, 1]},
								"east": {"uv": [110, 71], "uv_size": [2, 1]},
								"south": {"uv": [114, 12], "uv_size": [1, 1]},
								"west": {"uv": [76, 110], "uv_size": [2, 1]},
								"up": {"uv": [110, 77], "uv_size": [1, 2]},
								"down": {"uv": [110, 81], "uv_size": [1, -2]}
							}
						},
						{
							"origin": [197.24767, -1.30346, -1.51182],
							"size": [0.41709, 0.41222, 0.98435],
							"inflate": 0.002,
							"pivot": [97.4422, 7.14701, 3.33298],
							"rotation": [33.49478, -0.01644, -179.85675],
							"uv": {
								"north": {"uv": [13, 114], "uv_size": [1, 1]},
								"east": {"uv": [114, 13], "uv_size": [1, 1]},
								"south": {"uv": [14, 114], "uv_size": [1, 1]},
								"west": {"uv": [114, 14], "uv_size": [1, 1]},
								"up": {"uv": [15, 114], "uv_size": [1, 1]},
								"down": {"uv": [114, 16], "uv_size": [1, -1]}
							}
						}
					]
				},
				{
					"name": "Chamber",
					"parent": "gun",
					"pivot": [-2.52369, 27.57246, -3.88287],
					"cubes": [
						{
							"origin": [-3.06786, 25.17284, -9.32596],
							"size": [0.49199, 0.95442, 3.96782],
							"pivot": [-2.52369, 25.67246, -3.88287],
							"rotation": [0, 0, -180],
							"uv": {
								"north": {"uv": [16, 114], "uv_size": [1, 1]},
								"east": {"uv": [84, 15], "uv_size": [4, 1]},
								"south": {"uv": [17, 114], "uv_size": [1, 1]},
								"west": {"uv": [93, 52], "uv_size": [4, 1]},
								"up": {"uv": [109, 56], "uv_size": [1, 4]},
								"down": {"uv": [109, 64], "uv_size": [1, -4]}
							}
						},
						{
							"origin": [-2.57587, 25.17284, -9.32596],
							"size": [0.60697, 0.95442, 3.96782],
							"pivot": [-2.52369, 25.67246, -3.88287],
							"rotation": [0, 0, -180],
							"uv": {
								"north": {"uv": [18, 114], "uv_size": [1, 1]},
								"east": {"uv": [108, 73], "uv_size": [4, 1]},
								"south": {"uv": [19, 114], "uv_size": [1, 1]},
								"west": {"uv": [108, 84], "uv_size": [4, 1]},
								"up": {"uv": [109, 64], "uv_size": [1, 4]},
								"down": {"uv": [109, 72], "uv_size": [1, -4]}
							}
						}
					]
				},
				{
					"name": "Platuk",
					"parent": "Chamber",
					"pivot": [-2.47848, 25.67208, -0.54205],
					"rotation": [0, 0, -45],
					"cubes": [
						{
							"origin": [-2.7972, 25.35336, -9.33013],
							"size": [0.63744, 0.63744, 13.17616],
							"pivot": [-2.47848, 25.67208, -0.54205],
							"rotation": [0, 0, -180],
							"uv": {
								"north": {"uv": [20, 114], "uv_size": [1, 1]},
								"east": {"uv": [60, 52], "uv_size": [13, 1]},
								"south": {"uv": [21, 114], "uv_size": [1, 1]},
								"west": {"uv": [60, 53], "uv_size": [13, 1]},
								"up": {"uv": [80, 93], "uv_size": [1, 13]},
								"down": {"uv": [81, 106], "uv_size": [1, -13]}
							}
						}
					]
				},
				{
					"name": "bulletLoader",
					"parent": "gun",
					"pivot": [-2.52386, 24.60319, -7.60901],
					"cubes": [
						{
							"origin": [-3.57848, 24.04708, -9.49205],
							"size": [0.46447, 2.01222, 3.76609],
							"uv": {
								"north": {"uv": [80, 110], "uv_size": [1, 2]},
								"east": {"uv": [94, 14], "uv_size": [4, 2]},
								"south": {"uv": [81, 110], "uv_size": [1, 2]},
								"west": {"uv": [94, 74], "uv_size": [4, 2]},
								"up": {"uv": [70, 109], "uv_size": [1, 4]},
								"down": {"uv": [71, 113], "uv_size": [1, -4]}
							}
						},
						{
							"origin": [-1.94399, 24.04708, -9.49205],
							"size": [0.46447, 2.01222, 3.76609],
							"uv": {
								"north": {"uv": [82, 110], "uv_size": [1, 2]},
								"east": {"uv": [101, 30], "uv_size": [4, 2]},
								"south": {"uv": [83, 110], "uv_size": [1, 2]},
								"west": {"uv": [101, 74], "uv_size": [4, 2]},
								"up": {"uv": [72, 109], "uv_size": [1, 4]},
								"down": {"uv": [73, 113], "uv_size": [1, -4]}
							}
						},
						{
							"origin": [-3.11401, 24.04708, -9.49205],
							"size": [0.60555, 0.21222, 3.76609],
							"uv": {
								"north": {"uv": [22, 114], "uv_size": [1, 1]},
								"east": {"uv": [109, 72], "uv_size": [4, 1]},
								"south": {"uv": [23, 114], "uv_size": [1, 1]},
								"west": {"uv": [74, 109], "uv_size": [4, 1]},
								"up": {"uv": [109, 77], "uv_size": [1, 4]},
								"down": {"uv": [78, 113], "uv_size": [1, -4]}
							}
						},
						{
							"origin": [-2.50846, 24.04708, -9.49205],
							"size": [0.56447, 0.21222, 3.76609],
							"uv": {
								"north": {"uv": [24, 114], "uv_size": [1, 1]},
								"east": {"uv": [80, 109], "uv_size": [4, 1]},
								"south": {"uv": [25, 114], "uv_size": [1, 1]},
								"west": {"uv": [109, 81], "uv_size": [4, 1]},
								"up": {"uv": [109, 85], "uv_size": [1, 4]},
								"down": {"uv": [109, 93], "uv_size": [1, -4]}
							}
						}
					]
				},
				{
					"name": "BulletShell",
					"parent": "gun",
					"pivot": [-2.52984, 24.73253, -7.06],
					"cubes": [
						{
							"origin": [-2.98276, 24.27961, -8.24778],
							"size": [0.90584, 0.90584, 2.37556],
							"uv": {
								"north": {"uv": [26, 114], "uv_size": [1, 1]},
								"east": {"uv": [84, 110], "uv_size": [2, 1]},
								"south": {"uv": [27, 114], "uv_size": [1, 1]},
								"west": {"uv": [110, 85], "uv_size": [2, 1]},
								"up": {"uv": [110, 86], "uv_size": [1, 2]},
								"down": {"uv": [110, 90], "uv_size": [1, -2]}
							}
						}
					]
				},
				{
					"name": "Bullet",
					"parent": "gun",
					"pivot": [-2.99289, 21.96633, -14.30536],
					"cubes": [
						{
							"origin": [-3.0531, 22.33088, -20.89596],
							"size": [0.90584, 0.90584, 2.37556],
							"uv": {
								"north": {"uv": [28, 114], "uv_size": [1, 1]},
								"east": {"uv": [90, 110], "uv_size": [2, 1]},
								"south": {"uv": [29, 114], "uv_size": [1, 1]},
								"west": {"uv": [110, 90], "uv_size": [2, 1]},
								"up": {"uv": [110, 91], "uv_size": [1, 2]},
								"down": {"uv": [94, 112], "uv_size": [1, -2]}
							}
						},
						{
							"origin": [-2.9444, 22.43958, -21.67196],
							"size": [0.68844, 0.68844, 0.952],
							"uv": {
								"north": {"uv": [30, 114], "uv_size": [1, 1]},
								"east": {"uv": [114, 30], "uv_size": [1, 1]},
								"south": {"uv": [31, 114], "uv_size": [1, 1]},
								"west": {"uv": [114, 31], "uv_size": [1, 1]},
								"up": {"uv": [32, 114], "uv_size": [1, 1]},
								"down": {"uv": [33, 115], "uv_size": [1, -1]}
							}
						},
						{
							"origin": [-2.87212, 22.51187, -22.524],
							"size": [0.54387, 0.54387, 0.85208],
							"uv": {
								"north": {"uv": [34, 114], "uv_size": [1, 1]},
								"east": {"uv": [35, 114], "uv_size": [1, 1]},
								"south": {"uv": [36, 114], "uv_size": [1, 1]},
								"west": {"uv": [37, 114], "uv_size": [1, 1]},
								"up": {"uv": [38, 114], "uv_size": [1, 1]},
								"down": {"uv": [39, 115], "uv_size": [1, -1]}
							}
						}
					]
				},
				{
					"name": "Hammer",
					"parent": "gun",
					"pivot": [-3.05845, 23.57822, 4.89924],
					"rotation": [-70, 0, 0],
					"cubes": [
						{
							"origin": [-2.7606, 23.75597, 2.94533],
							"size": [0.55, 0.57119, 1.20851],
							"pivot": [-2.4856, 24.04156, 4.14958],
							"rotation": [-65, 0, 0],
							"uv": {
								"north": {"uv": [114, 48], "uv_size": [1, 1]},
								"east": {"uv": [114, 49], "uv_size": [1, 1]},
								"south": {"uv": [114, 50], "uv_size": [1, 1]},
								"west": {"uv": [114, 51], "uv_size": [1, 1]},
								"up": {"uv": [114, 52], "uv_size": [1, 1]},
								"down": {"uv": [114, 54], "uv_size": [1, -1]}
							}
						},
						{
							"origin": [-2.7606, 23.71022, 3.9568],
							"size": [0.55, 0.57119, 1.85851],
							"pivot": [-2.4856, 23.99581, 4.51105],
							"rotation": [-20, 0, 0],
							"uv": {
								"north": {"uv": [114, 54], "uv_size": [1, 1]},
								"east": {"uv": [110, 94], "uv_size": [2, 1]},
								"south": {"uv": [114, 55], "uv_size": [1, 1]},
								"west": {"uv": [95, 110], "uv_size": [2, 1]},
								"up": {"uv": [110, 95], "uv_size": [1, 2]},
								"down": {"uv": [97, 112], "uv_size": [1, -2]}
							}
						},
						{
							"origin": [-2.7106, 25.98658, 6.75063],
							"size": [0.45, 0.34619, 1.80851],
							"pivot": [-2.4856, 24.18506, 6.33224],
							"rotation": [85, 0, 0],
							"uv": {
								"north": {"uv": [114, 56], "uv_size": [1, 1]},
								"east": {"uv": [110, 97], "uv_size": [2, 1]},
								"south": {"uv": [114, 57], "uv_size": [1, 1]},
								"west": {"uv": [110, 98], "uv_size": [2, 1]},
								"up": {"uv": [101, 110], "uv_size": [1, 2]},
								"down": {"uv": [102, 112], "uv_size": [1, -2]}
							}
						},
						{
							"origin": [-2.6856, 25.91158, 7.05063],
							"size": [0.4, 0.42119, 1.23351],
							"pivot": [-2.4856, 24.18506, 6.63224],
							"rotation": [85, 0, 0],
							"uv": {
								"north": {"uv": [114, 58], "uv_size": [1, 1]},
								"east": {"uv": [114, 59], "uv_size": [1, 1]},
								"south": {"uv": [114, 60], "uv_size": [1, 1]},
								"west": {"uv": [114, 61], "uv_size": [1, 1]},
								"up": {"uv": [114, 62], "uv_size": [1, 1]},
								"down": {"uv": [114, 64], "uv_size": [1, -1]}
							}
						},
						{
							"origin": [-2.7106, 25.53394, 4.17616],
							"size": [0.45, 0.31393, 1.84569],
							"pivot": [-2.4856, 25.67478, 5.08042],
							"rotation": [120, 0, 0],
							"uv": {
								"north": {"uv": [64, 114], "uv_size": [1, 1]},
								"east": {"uv": [103, 110], "uv_size": [2, 1]},
								"south": {"uv": [114, 64], "uv_size": [1, 1]},
								"west": {"uv": [110, 103], "uv_size": [2, 1]},
								"up": {"uv": [110, 104], "uv_size": [1, 2]},
								"down": {"uv": [110, 108], "uv_size": [1, -2]}
							}
						},
						{
							"origin": [-2.85877, 25.34337, 3.84602],
							"size": [0.63744, 0.63744, 0.60851],
							"pivot": [-2.52133, 25.7414, 3.80028],
							"rotation": [0, 0, -45],
							"uv": {
								"north": {"uv": [65, 114], "uv_size": [1, 1]},
								"east": {"uv": [114, 65], "uv_size": [1, 1]},
								"south": {"uv": [66, 114], "uv_size": [1, 1]},
								"west": {"uv": [114, 66], "uv_size": [1, 1]},
								"up": {"uv": [67, 114], "uv_size": [1, 1]},
								"down": {"uv": [114, 68], "uv_size": [1, -1]}
							}
						},
						{
							"origin": [-2.7856, 23.07822, 4.8335],
							"size": [0.6, 0.64258, 3.89467],
							"pivot": [-3.05845, 22.87822, 6.59924],
							"rotation": [-20, 0, 0],
							"uv": {
								"north": {"uv": [68, 114], "uv_size": [1, 1]},
								"east": {"uv": [109, 82], "uv_size": [4, 1]},
								"south": {"uv": [114, 68], "uv_size": [1, 1]},
								"west": {"uv": [109, 83], "uv_size": [4, 1]},
								"up": {"uv": [92, 109], "uv_size": [1, 4]},
								"down": {"uv": [93, 113], "uv_size": [1, -4]}
							}
						},
						{
							"origin": [-2.7826, 23.46291, 4.87787],
							"size": [0.594, 0.73995, 1.72],
							"pivot": [-2.4856, 24.02423, 5.19981],
							"rotation": [39.5, 0, 0],
							"uv": {
								"north": {"uv": [69, 114], "uv_size": [1, 1]},
								"east": {"uv": [110, 108], "uv_size": [2, 1]},
								"south": {"uv": [114, 69], "uv_size": [1, 1]},
								"west": {"uv": [110, 109], "uv_size": [2, 1]},
								"up": {"uv": [110, 110], "uv_size": [1, 2]},
								"down": {"uv": [111, 2], "uv_size": [1, -2]}
							}
						},
						{
							"origin": [-2.7826, 23.3007, 4.98626],
							"size": [0.594, 0.73995, 1.72],
							"pivot": [-2.4856, 24.02423, 5.19981],
							"rotation": [17, 0, 0],
							"uv": {
								"north": {"uv": [70, 114], "uv_size": [1, 1]},
								"east": {"uv": [111, 2], "uv_size": [2, 1]},
								"south": {"uv": [114, 70], "uv_size": [1, 1]},
								"west": {"uv": [111, 3], "uv_size": [2, 1]},
								"up": {"uv": [111, 4], "uv_size": [1, 2]},
								"down": {"uv": [111, 8], "uv_size": [1, -2]}
							}
						},
						{
							"origin": [-2.7826, 23.19231, 5.14847],
							"size": [0.594, 0.73995, 1.72],
							"pivot": [-2.4856, 24.02423, 5.19981],
							"rotation": [-5.5, 0, 0],
							"uv": {
								"north": {"uv": [71, 114], "uv_size": [1, 1]},
								"east": {"uv": [111, 8], "uv_size": [2, 1]},
								"south": {"uv": [114, 71], "uv_size": [1, 1]},
								"west": {"uv": [111, 14], "uv_size": [2, 1]},
								"up": {"uv": [111, 52], "uv_size": [1, 2]},
								"down": {"uv": [111, 67], "uv_size": [1, -2]}
							}
						},
						{
							"origin": [-2.7826, 23.65425, 4.83981],
							"size": [0.594, 0.73995, 1.72],
							"pivot": [-2.4856, 24.02423, 5.19981],
							"rotation": [-62, 0, 180],
							"uv": {
								"north": {"uv": [72, 114], "uv_size": [1, 1]},
								"east": {"uv": [111, 15], "uv_size": [2, 1]},
								"south": {"uv": [114, 72], "uv_size": [1, 1]},
								"west": {"uv": [111, 67], "uv_size": [2, 1]},
								"up": {"uv": [76, 111], "uv_size": [1, 2]},
								"down": {"uv": [111, 78], "uv_size": [1, -2]}
							}
						},
						{
							"origin": [-2.7826, 23.3007, 4.98626],
							"size": [0.594, 0.73995, 1.72],
							"pivot": [-2.4856, 24.02423, 5.19981],
							"rotation": [-107, 0, 180],
							"uv": {
								"north": {"uv": [73, 114], "uv_size": [1, 1]},
								"east": {"uv": [111, 68], "uv_size": [2, 1]},
								"south": {"uv": [114, 73], "uv_size": [1, 1]},
								"west": {"uv": [111, 78], "uv_size": [2, 1]},
								"up": {"uv": [77, 111], "uv_size": [1, 2]},
								"down": {"uv": [111, 81], "uv_size": [1, -2]}
							}
						},
						{
							"origin": [-2.7826, 23.19231, 5.14847],
							"size": [0.594, 0.73995, 1.72],
							"pivot": [-2.4856, 24.02423, 5.19981],
							"rotation": [-129.5, 0, -180],
							"uv": {
								"north": {"uv": [74, 114], "uv_size": [1, 1]},
								"east": {"uv": [84, 111], "uv_size": [2, 1]},
								"south": {"uv": [114, 74], "uv_size": [1, 1]},
								"west": {"uv": [111, 86], "uv_size": [2, 1]},
								"up": {"uv": [111, 87], "uv_size": [1, 2]},
								"down": {"uv": [90, 113], "uv_size": [1, -2]}
							}
						},
						{
							"origin": [-2.7826, 23.46291, 4.87787],
							"size": [0.594, 0.73995, 1.72],
							"pivot": [-2.4856, 24.02423, 5.19981],
							"rotation": [-84.5, 0, 180],
							"uv": {
								"north": {"uv": [75, 114], "uv_size": [1, 1]},
								"east": {"uv": [111, 89], "uv_size": [2, 1]},
								"south": {"uv": [114, 75], "uv_size": [1, 1]},
								"west": {"uv": [111, 91], "uv_size": [2, 1]},
								"up": {"uv": [91, 111], "uv_size": [1, 2]},
								"down": {"uv": [95, 113], "uv_size": [1, -2]}
							}
						}
					]
				},
				{
					"name": "sight",
					"parent": "gun",
					"pivot": [-2.59031, 25.5407, -26.54915],
					"cubes": [
						{
							"origin": [-2.7162, 26.09908, -80.55198],
							"size": [0.25178, 0.66463, 0.28065],
							"inflate": 0.002,
							"uv": {
								"north": {"uv": [76, 114], "uv_size": [1, 1]},
								"east": {"uv": [114, 76], "uv_size": [1, 1]},
								"south": {"uv": [77, 114], "uv_size": [1, 1]},
								"west": {"uv": [114, 77], "uv_size": [1, 1]},
								"up": {"uv": [78, 114], "uv_size": [1, 1]},
								"down": {"uv": [114, 79], "uv_size": [1, -1]}
							}
						},
						{
							"origin": [-2.7162, 25.89908, -80.37698],
							"size": [0.25178, 0.95072, 0.32564],
							"inflate": 0.002,
							"pivot": [-2.59031, 26.4314, -80.01165],
							"rotation": [32.5, 0, 0],
							"uv": {
								"north": {"uv": [79, 114], "uv_size": [1, 1]},
								"east": {"uv": [114, 79], "uv_size": [1, 1]},
								"south": {"uv": [80, 114], "uv_size": [1, 1]},
								"west": {"uv": [114, 80], "uv_size": [1, 1]},
								"up": {"uv": [81, 114], "uv_size": [1, 1]},
								"down": {"uv": [114, 82], "uv_size": [1, -1]}
							}
						},
						{
							"origin": [-3.06951, 26.17408, -22.05198],
							"size": [0.95839, 0.146, 3.58065],
							"inflate": 0.002,
							"uv": {
								"north": {"uv": [82, 114], "uv_size": [1, 1]},
								"east": {"uv": [109, 93], "uv_size": [4, 1]},
								"south": {"uv": [114, 82], "uv_size": [1, 1]},
								"west": {"uv": [94, 109], "uv_size": [4, 1]},
								"up": {"uv": [106, 109], "uv_size": [1, 4]},
								"down": {"uv": [107, 113], "uv_size": [1, -4]}
							}
						},
						{
							"origin": [-3.06951, 26.22408, -18.95198],
							"size": [0.25839, 0.496, 0.48065],
							"inflate": 0.002,
							"pivot": [-2.94031, 26.57208, -20.26165],
							"rotation": [0, 0, -27.5],
							"uv": {
								"north": {"uv": [83, 114], "uv_size": [1, 1]},
								"east": {"uv": [114, 83], "uv_size": [1, 1]},
								"south": {"uv": [84, 114], "uv_size": [1, 1]},
								"west": {"uv": [114, 84], "uv_size": [1, 1]},
								"up": {"uv": [85, 114], "uv_size": [1, 1]},
								"down": {"uv": [114, 86], "uv_size": [1, -1]}
							}
						},
						{
							"origin": [-2.86951, 26.22408, -18.95198],
							"size": [0.55839, 0.271, 0.48065],
							"inflate": 0.002,
							"uv": {
								"north": {"uv": [86, 114], "uv_size": [1, 1]},
								"east": {"uv": [114, 86], "uv_size": [1, 1]},
								"south": {"uv": [87, 114], "uv_size": [1, 1]},
								"west": {"uv": [114, 87], "uv_size": [1, 1]},
								"up": {"uv": [88, 114], "uv_size": [1, 1]},
								"down": {"uv": [114, 89], "uv_size": [1, -1]}
							}
						},
						{
							"origin": [-2.36951, 26.22408, -18.95198],
							"size": [0.25839, 0.496, 0.48065],
							"inflate": 0.002,
							"pivot": [-2.24031, 26.57208, -20.26165],
							"rotation": [0, 0, 27.5],
							"uv": {
								"north": {"uv": [89, 114], "uv_size": [1, 1]},
								"east": {"uv": [114, 89], "uv_size": [1, 1]},
								"south": {"uv": [90, 114], "uv_size": [1, 1]},
								"west": {"uv": [114, 90], "uv_size": [1, 1]},
								"up": {"uv": [91, 114], "uv_size": [1, 1]},
								"down": {"uv": [114, 92], "uv_size": [1, -1]}
							}
						}
					]
				},
				{
					"name": "rightarm",
					"parent": "main",
					"pivot": [-7.3, 8.8, 24.8],
					"rotation": [-101.81106, -12.40003, -2.46982],
					"cubes": [
						{
							"origin": [-11.3, -15.2, 16.8],
							"size": [8, 24, 8],
							"uv": {
								"north": {"uv": [0, 0], "uv_size": [8, 24]},
								"east": {"uv": [8, 0], "uv_size": [8, 24]},
								"south": {"uv": [16, 0], "uv_size": [8, 24]},
								"west": {"uv": [0, 24], "uv_size": [8, 24]},
								"up": {"uv": [0, 54], "uv_size": [8, 8]},
								"down": {"uv": [8, 62], "uv_size": [8, -8]}
							}
						}
					]
				},
				{
					"name": "leftarm",
					"parent": "main",
					"pivot": [10.7, 11.3, -5.6],
					"rotation": [-119.61483, 1.67666, -38.31282],
					"cubes": [
						{
							"origin": [2.7, -14.7, -11.6],
							"size": [8, 24, 8],
							"uv": {
								"north": {"uv": [24, 0], "uv_size": [8, 24]},
								"east": {"uv": [8, 24], "uv_size": [8, 24]},
								"south": {"uv": [16, 24], "uv_size": [8, 24]},
								"west": {"uv": [24, 24], "uv_size": [8, 24]},
								"up": {"uv": [16, 54], "uv_size": [8, 8]},
								"down": {"uv": [24, 62], "uv_size": [8, -8]}
							}
						}
					]
				},
				{
					"name": "muzzleflash",
					"parent": "main",
					"pivot": [-2.6, 25.05, -91.05],
					"cubes": [
						{
							"origin": [-3.1, 24.55, -91.55],
							"size": [1, 1, 1],
							"inflate": -0.4,
							"uv": {
								"north": {"uv": [113, 83], "uv_size": [1, 1]},
								"east": {"uv": [118, 53], "uv_size": [1, 1]},
								"south": {"uv": [118, 54], "uv_size": [1, 1]},
								"west": {"uv": [118, 55], "uv_size": [1, 1]},
								"up": {"uv": [58, 118], "uv_size": [1, 1]},
								"down": {"uv": [118, 59], "uv_size": [1, -1]}
							}
						}
					]
				},
				{
					"name": "scope",
					"parent": "main",
					"pivot": [-2.58743, 26.69071, 12.03067],
					"cubes": [
						{
							"origin": [-3.08743, 26.19071, 11.53067],
							"size": [1, 1, 1],
							"inflate": -0.4,
							"uv": {
								"north": {"uv": [59, 118], "uv_size": [1, 1]},
								"east": {"uv": [61, 118], "uv_size": [1, 1]},
								"south": {"uv": [62, 118], "uv_size": [1, 1]},
								"west": {"uv": [118, 62], "uv_size": [1, 1]},
								"up": {"uv": [63, 118], "uv_size": [1, 1]},
								"down": {"uv": [118, 64], "uv_size": [1, -1]}
							}
						}
					]
				},
				{
					"name": "_cb_scope",
					"parent": "main",
					"pivot": [-0.45309, 14.26801, 26.94341],
					"cubes": [
						{
							"origin": [-1.82809, 22.328, -3.1216],
							"size": [1, 1, 1],
							"uv": {
								"north": {"uv": [62, 147], "uv_size": [1, 1]},
								"east": {"uv": [147, 62], "uv_size": [1, 1]},
								"south": {"uv": [63, 147], "uv_size": [1, 1]},
								"west": {"uv": [147, 63], "uv_size": [1, 1]},
								"up": {"uv": [64, 147], "uv_size": [1, 1]},
								"down": {"uv": [147, 65], "uv_size": [1, -1]}
							}
						}
					]
				}
			]
		}
	]
}