{
	"format_version": "1.12.0",
	"minecraft:geometry": [
		{
			"description": {
				"identifier": "geometry.unknown",
				"texture_width": 64,
				"texture_height": 64,
				"visible_bounds_width": 11,
				"visible_bounds_height": 6,
				"visible_bounds_offset": [0, 1, 0]
			},
			"bones": [
				{
					"name": "main",
					"pivot": [0, 23, -7]
				},
				{
					"name": "gun",
					"parent": "main",
					"pivot": [1.4904, 30.8453, -4.5988]
				},
				{
					"name": "Bullet3",
					"parent": "gun",
					"pivot": [0.08705, 23.54739, -16.35555],
					"cubes": [
						{
							"origin": [-3.38913, 23.04121, -17.66486],
							"size": [0.95236, 1.01236, 2.6186],
							"uv": {
								"north": {"uv": [36, 60], "uv_size": [1, 1]},
								"east": {"uv": [56, 10], "uv_size": [2, 1]},
								"south": {"uv": [60, 36], "uv_size": [1, 1]},
								"west": {"uv": [56, 11], "uv_size": [2, 1]},
								"up": {"uv": [56, 12], "uv_size": [1, 2]},
								"down": {"uv": [56, 16], "uv_size": [1, -2]}
							}
						}
					]
				},
				{
					"name": "hammer",
					"parent": "gun",
					"pivot": [0.0041, 23.10984, -3.69945],
					"rotation": [-102.5, 0, 0],
					"cubes": [
						{
							"origin": [-6.20502, 11.03878, 4.5003],
							"size": [4.32676, 0.64782, 0.8487],
							"pivot": [-0.0078, 8.37459, -9.71517],
							"rotation": [0, 90, -90],
							"uv": {
								"north": {"uv": [50, 44], "uv_size": [4, 1]},
								"east": {"uv": [59, 22], "uv_size": [1, 1]},
								"south": {"uv": [50, 45], "uv_size": [4, 1]},
								"west": {"uv": [23, 59], "uv_size": [1, 1]},
								"up": {"uv": [50, 46], "uv_size": [4, 1]},
								"down": {"uv": [50, 48], "uv_size": [4, -1]}
							}
						},
						{
							"origin": [6.39818, 11.01003, 3.34715],
							"size": [0.72175, 0.70532, 0.36527],
							"pivot": [-0.0078, 8.37459, -9.71517],
							"rotation": [0, 62, -90],
							"uv": {
								"north": {"uv": [33, 60], "uv_size": [1, 1]},
								"east": {"uv": [60, 33], "uv_size": [1, 1]},
								"south": {"uv": [34, 60], "uv_size": [1, 1]},
								"west": {"uv": [60, 34], "uv_size": [1, 1]},
								"up": {"uv": [35, 60], "uv_size": [1, 1]},
								"down": {"uv": [60, 36], "uv_size": [1, -1]}
							}
						},
						{
							"origin": [5.01818, 11.01003, 3.69215],
							"size": [2.10175, 0.70532, 0.82527],
							"pivot": [-0.0078, 8.37459, -9.71517],
							"rotation": [0, 62, -90],
							"uv": {
								"north": {"uv": [55, 44], "uv_size": [2, 1]},
								"east": {"uv": [59, 23], "uv_size": [1, 1]},
								"south": {"uv": [45, 55], "uv_size": [2, 1]},
								"west": {"uv": [24, 59], "uv_size": [1, 1]},
								"up": {"uv": [55, 45], "uv_size": [2, 1]},
								"down": {"uv": [55, 49], "uv_size": [2, -1]}
							}
						}
					]
				},
				{
					"name": "frame",
					"parent": "gun",
					"pivot": [-1.4904, 30.8453, -26.9548]
				},
				{
					"name": "sight",
					"parent": "frame",
					"pivot": [-0.1863, 30.2657, -32.668],
					"cubes": [
						{
							"origin": [-3.1656, 18.37944, -38.54156],
							"size": [0.3312, 0.7452, 1.242],
							"pivot": [-3.0078, 21.64187, -19.54753],
							"rotation": [-32.5, 0, 0],
							"uv": {
								"north": {"uv": [59, 18], "uv_size": [1, 1]},
								"east": {"uv": [19, 59], "uv_size": [1, 1]},
								"south": {"uv": [59, 19], "uv_size": [1, 1]},
								"west": {"uv": [20, 59], "uv_size": [1, 1]},
								"up": {"uv": [59, 20], "uv_size": [1, 1]},
								"down": {"uv": [21, 60], "uv_size": [1, -1]}
							}
						},
						{
							"origin": [-3.07775, 28.5754, -7.34703],
							"size": [0.6567, 0.73352, 0.26726],
							"pivot": [-3, 29.19143, -7.2134],
							"rotation": [0, 0, -40],
							"uv": {
								"north": {"uv": [59, 28], "uv_size": [1, 1]},
								"east": {"uv": [29, 59], "uv_size": [1, 1]},
								"south": {"uv": [59, 29], "uv_size": [1, 1]},
								"west": {"uv": [30, 59], "uv_size": [1, 1]},
								"up": {"uv": [59, 30], "uv_size": [1, 1]},
								"down": {"uv": [31, 60], "uv_size": [1, -1]}
							}
						},
						{
							"origin": [-3.57894, 28.5754, -7.34703],
							"size": [0.6567, 0.73352, 0.26726],
							"pivot": [-3, 29.19143, -7.2134],
							"rotation": [0, 0, 40],
							"uv": {
								"north": {"uv": [59, 25], "uv_size": [1, 1]},
								"east": {"uv": [26, 59], "uv_size": [1, 1]},
								"south": {"uv": [59, 26], "uv_size": [1, 1]},
								"west": {"uv": [27, 59], "uv_size": [1, 1]},
								"up": {"uv": [59, 27], "uv_size": [1, 1]},
								"down": {"uv": [28, 60], "uv_size": [1, -1]}
							}
						},
						{
							"origin": [-3.98144, 28.9204, -7.34703],
							"size": [0.53955, 0.64507, 0.26726],
							"uv": {
								"north": {"uv": [59, 31], "uv_size": [1, 1]},
								"east": {"uv": [32, 59], "uv_size": [1, 1]},
								"south": {"uv": [59, 32], "uv_size": [1, 1]},
								"west": {"uv": [33, 59], "uv_size": [1, 1]},
								"up": {"uv": [59, 33], "uv_size": [1, 1]},
								"down": {"uv": [34, 60], "uv_size": [1, -1]}
							}
						},
						{
							"origin": [-2.5581, 28.9204, -7.34703],
							"size": [0.55371, 0.64507, 0.26726],
							"uv": {
								"north": {"uv": [59, 34], "uv_size": [1, 1]},
								"east": {"uv": [35, 59], "uv_size": [1, 1]},
								"south": {"uv": [59, 35], "uv_size": [1, 1]},
								"west": {"uv": [36, 59], "uv_size": [1, 1]},
								"up": {"uv": [59, 36], "uv_size": [1, 1]},
								"down": {"uv": [37, 60], "uv_size": [1, -1]}
							}
						}
					]
				},
				{
					"name": "frame4",
					"parent": "frame",
					"pivot": [0.00296, 27.25139, -8.18158],
					"rotation": [27.5, 0, 0],
					"cubes": [
						{
							"origin": [-2.70091, 29.26809, -20.05616],
							"size": [0.24886, 2.48782, 8.3214],
							"pivot": [-0.0078, 27.5239, -20.85349],
							"rotation": [0, -27.5, -90],
							"uv": {
								"north": {"uv": [45, 52], "uv_size": [1, 2]},
								"east": {"uv": [7, 38], "uv_size": [7, 2]},
								"south": {"uv": [10, 53], "uv_size": [1, 2]},
								"west": {"uv": [39, 16], "uv_size": [7, 2]},
								"up": {"uv": [8, 45], "uv_size": [1, 7]},
								"down": {"uv": [9, 52], "uv_size": [1, -7]}
							}
						},
						{
							"origin": [5.33115, 29.14389, -21.46376],
							"size": [0.414, 2.73622, 14.076],
							"pivot": [-0.0078, 27.5239, -20.85349],
							"rotation": [0, -27.5, -90],
							"uv": {
								"north": {"uv": [7, 55], "uv_size": [1, 2]},
								"east": {"uv": [33, 31], "uv_size": [12, 2]},
								"south": {"uv": [55, 7], "uv_size": [1, 2]},
								"west": {"uv": [33, 33], "uv_size": [12, 2]},
								"up": {"uv": [33, 39], "uv_size": [1, 12]},
								"down": {"uv": [34, 51], "uv_size": [1, -12]}
							}
						},
						{
							"origin": [4.31073, 29.59929, -24.05148],
							"size": [0.3726, 1.82542, 1.02688],
							"pivot": [-0.0078, 27.5239, -20.85349],
							"rotation": [0, -57.5, -90],
							"uv": {
								"north": {"uv": [55, 30], "uv_size": [1, 2]},
								"east": {"uv": [55, 33], "uv_size": [1, 2]},
								"south": {"uv": [55, 37], "uv_size": [1, 2]},
								"west": {"uv": [39, 55], "uv_size": [1, 2]},
								"up": {"uv": [59, 15], "uv_size": [1, 1]},
								"down": {"uv": [16, 60], "uv_size": [1, -1]}
							}
						},
						{
							"origin": [-0.54811, 29.35089, -9.45776],
							"size": [5.07196, 2.30152, 2.277],
							"pivot": [-0.0078, 27.5239, -20.85349],
							"rotation": [0, -27.5, -90],
							"uv": {
								"north": {"uv": [29, 43], "uv_size": [4, 2]},
								"east": {"uv": [49, 31], "uv_size": [2, 2]},
								"south": {"uv": [43, 39], "uv_size": [4, 2]},
								"west": {"uv": [48, 49], "uv_size": [2, 2]},
								"up": {"uv": [43, 41], "uv_size": [4, 2]},
								"down": {"uv": [43, 45], "uv_size": [4, -2]}
							}
						},
						{
							"origin": [6.94995, 29.39229, -11.65054],
							"size": [0.35236, 2.21872, 1.6146],
							"pivot": [-0.0078, 27.5239, -20.85349],
							"rotation": [0, -67.5, -90],
							"uv": {
								"north": {"uv": [54, 28], "uv_size": [1, 2]},
								"east": {"uv": [29, 54], "uv_size": [1, 2]},
								"south": {"uv": [30, 54], "uv_size": [1, 2]},
								"west": {"uv": [54, 30], "uv_size": [1, 2]},
								"up": {"uv": [59, 2], "uv_size": [1, 1]},
								"down": {"uv": [3, 60], "uv_size": [1, -1]}
							}
						},
						{
							"origin": [0.51913, 29.39229, -33.22141],
							"size": [0.26956, 2.21872, 1.6146],
							"pivot": [-0.0078, 27.5239, -20.85349],
							"rotation": [-180, 27.5, 90],
							"uv": {
								"north": {"uv": [54, 34], "uv_size": [1, 2]},
								"east": {"uv": [35, 54], "uv_size": [1, 2]},
								"south": {"uv": [36, 54], "uv_size": [1, 2]},
								"west": {"uv": [37, 54], "uv_size": [1, 2]},
								"up": {"uv": [59, 4], "uv_size": [1, 1]},
								"down": {"uv": [5, 60], "uv_size": [1, -1]}
							}
						},
						{
							"origin": [7.97983, 29.39229, -29.05837],
							"size": [0.26956, 2.21872, 1.1178],
							"pivot": [-0.0078, 27.5239, -20.85349],
							"rotation": [-180, -15, 90],
							"uv": {
								"north": {"uv": [31, 54], "uv_size": [1, 2]},
								"east": {"uv": [32, 54], "uv_size": [1, 2]},
								"south": {"uv": [33, 54], "uv_size": [1, 2]},
								"west": {"uv": [34, 54], "uv_size": [1, 2]},
								"up": {"uv": [59, 3], "uv_size": [1, 1]},
								"down": {"uv": [4, 60], "uv_size": [1, -1]}
							}
						},
						{
							"origin": [5.0922, 29.39229, -9.0782],
							"size": [3.08476, 1.12162, 2.277],
							"pivot": [-0.0078, 27.5239, -20.85349],
							"rotation": [0, -52.5, -90],
							"uv": {
								"north": {"uv": [51, 26], "uv_size": [3, 1]},
								"east": {"uv": [54, 10], "uv_size": [2, 1]},
								"south": {"uv": [51, 27], "uv_size": [3, 1]},
								"west": {"uv": [11, 54], "uv_size": [2, 1]},
								"up": {"uv": [48, 20], "uv_size": [3, 2]},
								"down": {"uv": [48, 24], "uv_size": [3, -2]}
							}
						},
						{
							"origin": [-6.17366, 29.39229, -8.08258],
							"size": [4.84656, 0.87322, 2.277],
							"pivot": [-0.0078, 27.5239, -20.85349],
							"rotation": [0, 0, -90],
							"uv": {
								"north": {"uv": [30, 23], "uv_size": [4, 1]},
								"east": {"uv": [54, 11], "uv_size": [2, 1]},
								"south": {"uv": [39, 22], "uv_size": [4, 1]},
								"west": {"uv": [13, 54], "uv_size": [2, 1]},
								"up": {"uv": [44, 20], "uv_size": [4, 2]},
								"down": {"uv": [44, 24], "uv_size": [4, -2]}
							}
						},
						{
							"origin": [5.0922, 30.48939, -9.0782],
							"size": [3.08476, 1.12162, 2.277],
							"pivot": [-0.0078, 27.5239, -20.85349],
							"rotation": [0, -52.5, -90],
							"uv": {
								"north": {"uv": [51, 34], "uv_size": [3, 1]},
								"east": {"uv": [42, 55], "uv_size": [2, 1]},
								"south": {"uv": [49, 51], "uv_size": [3, 1]},
								"west": {"uv": [55, 42], "uv_size": [2, 1]},
								"up": {"uv": [48, 24], "uv_size": [3, 2]},
								"down": {"uv": [48, 28], "uv_size": [3, -2]}
							}
						},
						{
							"origin": [-6.17366, 30.73779, -8.08258],
							"size": [4.84656, 0.87322, 2.277],
							"pivot": [-0.0078, 27.5239, -20.85349],
							"rotation": [0, 0, -90],
							"uv": {
								"north": {"uv": [49, 48], "uv_size": [4, 1]},
								"east": {"uv": [55, 39], "uv_size": [2, 1]},
								"south": {"uv": [50, 11], "uv_size": [4, 1]},
								"west": {"uv": [55, 41], "uv_size": [2, 1]},
								"up": {"uv": [44, 24], "uv_size": [4, 2]},
								"down": {"uv": [44, 28], "uv_size": [4, -2]}
							}
						},
						{
							"origin": [-0.54811, 29.35089, -10.12016],
							"size": [2.40166, 2.30151, 0.6624],
							"pivot": [-0.0078, 27.5239, -20.85349],
							"rotation": [0, -27.5, -90],
							"uv": {
								"north": {"uv": [50, 9], "uv_size": [2, 2]},
								"east": {"uv": [4, 54], "uv_size": [1, 2]},
								"south": {"uv": [50, 18], "uv_size": [2, 2]},
								"west": {"uv": [5, 54], "uv_size": [1, 2]},
								"up": {"uv": [6, 54], "uv_size": [2, 1]},
								"down": {"uv": [8, 55], "uv_size": [2, -1]}
							}
						},
						{
							"origin": [0.44549, 29.35089, -10.36856],
							"size": [1.40806, 2.30151, 0.2484],
							"pivot": [-0.0078, 27.5239, -20.85349],
							"rotation": [0, -27.5, -90],
							"uv": {
								"north": {"uv": [15, 54], "uv_size": [1, 2]},
								"east": {"uv": [16, 54], "uv_size": [1, 2]},
								"south": {"uv": [54, 16], "uv_size": [1, 2]},
								"west": {"uv": [17, 54], "uv_size": [1, 2]},
								"up": {"uv": [56, 58], "uv_size": [1, 1]},
								"down": {"uv": [58, 57], "uv_size": [1, -1]}
							}
						},
						{
							"origin": [0.81809, 29.35089, -10.61696],
							"size": [1.03546, 2.30151, 0.2484],
							"pivot": [-0.0078, 27.5239, -20.85349],
							"rotation": [0, -27.5, -90],
							"uv": {
								"north": {"uv": [18, 54], "uv_size": [1, 2]},
								"east": {"uv": [54, 18], "uv_size": [1, 2]},
								"south": {"uv": [19, 54], "uv_size": [1, 2]},
								"west": {"uv": [20, 54], "uv_size": [1, 2]},
								"up": {"uv": [57, 58], "uv_size": [1, 1]},
								"down": {"uv": [58, 58], "uv_size": [1, -1]}
							}
						},
						{
							"origin": [1.06649, 29.35089, -10.86536],
							"size": [0.78706, 2.30151, 0.2484],
							"pivot": [-0.0078, 27.5239, -20.85349],
							"rotation": [0, -27.5, -90],
							"uv": {
								"north": {"uv": [54, 20], "uv_size": [1, 2]},
								"east": {"uv": [21, 54], "uv_size": [1, 2]},
								"south": {"uv": [22, 54], "uv_size": [1, 2]},
								"west": {"uv": [54, 22], "uv_size": [1, 2]},
								"up": {"uv": [58, 58], "uv_size": [1, 1]},
								"down": {"uv": [0, 60], "uv_size": [1, -1]}
							}
						},
						{
							"origin": [1.39769, 29.35089, -11.36216],
							"size": [0.45586, 2.30151, 0.4968],
							"pivot": [-0.0078, 27.5239, -20.85349],
							"rotation": [0, -27.5, -90],
							"uv": {
								"north": {"uv": [23, 54], "uv_size": [1, 2]},
								"east": {"uv": [24, 54], "uv_size": [1, 2]},
								"south": {"uv": [54, 24], "uv_size": [1, 2]},
								"west": {"uv": [25, 54], "uv_size": [1, 2]},
								"up": {"uv": [59, 0], "uv_size": [1, 1]},
								"down": {"uv": [1, 60], "uv_size": [1, -1]}
							}
						},
						{
							"origin": [1.48049, 29.35089, -11.69336],
							"size": [0.37306, 2.30151, 0.3312],
							"pivot": [-0.0078, 27.5239, -20.85349],
							"rotation": [0, -27.5, -90],
							"uv": {
								"north": {"uv": [26, 54], "uv_size": [1, 2]},
								"east": {"uv": [54, 26], "uv_size": [1, 2]},
								"south": {"uv": [27, 54], "uv_size": [1, 2]},
								"west": {"uv": [28, 54], "uv_size": [1, 2]},
								"up": {"uv": [59, 1], "uv_size": [1, 1]},
								"down": {"uv": [2, 60], "uv_size": [1, -1]}
							}
						},
						{
							"origin": [-4.23981, 25.07966, -20.05616],
							"size": [1.2627, 7.7832, 5.7546],
							"pivot": [-0.0078, 27.5239, -20.85349],
							"rotation": [-27.5, 0, 0],
							"uv": {
								"north": {"uv": [10, 45], "uv_size": [1, 7]},
								"east": {"uv": [24, 24], "uv_size": [5, 7]},
								"south": {"uv": [11, 45], "uv_size": [1, 7]},
								"west": {"uv": [29, 24], "uv_size": [5, 7]},
								"up": {"uv": [48, 28], "uv_size": [1, 5]},
								"down": {"uv": [48, 44], "uv_size": [1, -5]}
							}
						},
						{
							"origin": [-3.01851, 25.07966, -20.05616],
							"size": [1.26652, 7.7832, 5.7546],
							"pivot": [-0.0078, 27.5239, -20.85349],
							"rotation": [-27.5, 0, 0],
							"uv": {
								"north": {"uv": [14, 45], "uv_size": [1, 7]},
								"east": {"uv": [30, 0], "uv_size": [5, 7]},
								"south": {"uv": [15, 45], "uv_size": [1, 7]},
								"west": {"uv": [30, 7], "uv_size": [5, 7]},
								"up": {"uv": [40, 48], "uv_size": [1, 5]},
								"down": {"uv": [41, 53], "uv_size": [1, -5]}
							}
						},
						{
							"origin": [-3.93087, 24.83126, -20.80201],
							"size": [1.86993, 8.0316, 0.78725],
							"pivot": [-0.0078, 27.5239, -20.85349],
							"rotation": [-27.5, 0, 0],
							"uv": {
								"north": {"uv": [14, 38], "uv_size": [2, 7]},
								"east": {"uv": [44, 45], "uv_size": [1, 7]},
								"south": {"uv": [16, 38], "uv_size": [2, 7]},
								"west": {"uv": [45, 45], "uv_size": [1, 7]},
								"up": {"uv": [55, 9], "uv_size": [2, 1]},
								"down": {"uv": [55, 36], "uv_size": [2, -1]}
							}
						},
						{
							"origin": [-2.85967, 24.83126, -21.59163],
							"size": [0.93532, 8.0316, 0.8073],
							"pivot": [-0.0078, 27.5239, -20.85349],
							"rotation": [-29.39942, 19.84302, -10.82777],
							"uv": {
								"north": {"uv": [30, 45], "uv_size": [1, 7]},
								"east": {"uv": [31, 45], "uv_size": [1, 7]},
								"south": {"uv": [32, 45], "uv_size": [1, 7]},
								"west": {"uv": [43, 45], "uv_size": [1, 7]},
								"up": {"uv": [59, 17], "uv_size": [1, 1]},
								"down": {"uv": [18, 60], "uv_size": [1, -1]}
							}
						},
						{
							"origin": [-3.61254, 24.83126, -19.30463],
							"size": [0.9315, 8.0316, 0.8073],
							"pivot": [-0.0078, 27.5239, -20.85349],
							"rotation": [-29.39942, -19.84302, 10.82777],
							"uv": {
								"north": {"uv": [16, 45], "uv_size": [1, 7]},
								"east": {"uv": [17, 45], "uv_size": [1, 7]},
								"south": {"uv": [45, 28], "uv_size": [1, 7]},
								"west": {"uv": [29, 45], "uv_size": [1, 7]},
								"up": {"uv": [59, 16], "uv_size": [1, 1]},
								"down": {"uv": [17, 60], "uv_size": [1, -1]}
							}
						},
						{
							"origin": [-2.60451, 33.19406, -21.38096],
							"size": [0.85252, 1.7388, 1.6974],
							"pivot": [-0.0078, 27.5239, -20.85349],
							"rotation": [-27.5, 0, 0],
							"uv": {
								"north": {"uv": [12, 55], "uv_size": [1, 2]},
								"east": {"uv": [55, 12], "uv_size": [1, 2]},
								"south": {"uv": [13, 55], "uv_size": [1, 2]},
								"west": {"uv": [14, 55], "uv_size": [1, 2]},
								"up": {"uv": [59, 13], "uv_size": [1, 1]},
								"down": {"uv": [14, 60], "uv_size": [1, -1]}
							}
						},
						{
							"origin": [-4.23981, 33.19406, -21.38096],
							"size": [0.8487, 1.7388, 1.7802],
							"pivot": [-0.0078, 27.5239, -20.85349],
							"rotation": [-27.5, 0, 0],
							"uv": {
								"north": {"uv": [8, 55], "uv_size": [1, 2]},
								"east": {"uv": [35, 50], "uv_size": [2, 2]},
								"south": {"uv": [9, 55], "uv_size": [1, 2]},
								"west": {"uv": [50, 35], "uv_size": [2, 2]},
								"up": {"uv": [10, 55], "uv_size": [1, 2]},
								"down": {"uv": [11, 57], "uv_size": [1, -2]}
							}
						},
						{
							"origin": [-2.60451, 33.19406, -20.84276],
							"size": [0.85252, 1.3248, 3.8502],
							"pivot": [-0.0078, 27.5239, -20.85349],
							"rotation": [-27.5, 0, 0],
							"uv": {
								"north": {"uv": [59, 14], "uv_size": [1, 1]},
								"east": {"uv": [51, 31], "uv_size": [3, 1]},
								"south": {"uv": [15, 59], "uv_size": [1, 1]},
								"west": {"uv": [51, 32], "uv_size": [3, 1]},
								"up": {"uv": [47, 51], "uv_size": [1, 3]},
								"down": {"uv": [48, 54], "uv_size": [1, -3]}
							}
						},
						{
							"origin": [-4.23981, 33.19406, -20.84276],
							"size": [0.85252, 1.3248, 3.8502],
							"pivot": [-0.0078, 27.5239, -20.85349],
							"rotation": [-27.5, 0, 0],
							"uv": {
								"north": {"uv": [59, 21], "uv_size": [1, 1]},
								"east": {"uv": [8, 52], "uv_size": [3, 1]},
								"south": {"uv": [22, 59], "uv_size": [1, 1]},
								"west": {"uv": [52, 9], "uv_size": [3, 1]},
								"up": {"uv": [0, 52], "uv_size": [1, 3]},
								"down": {"uv": [1, 55], "uv_size": [1, -3]}
							}
						},
						{
							"origin": [-4.23981, 33.19406, -16.99256],
							"size": [1.2627, 1.8216, 2.783],
							"pivot": [-0.0078, 27.5239, -20.85349],
							"rotation": [-27.5, 0, 0],
							"uv": {
								"north": {"uv": [55, 22], "uv_size": [1, 2]},
								"east": {"uv": [50, 40], "uv_size": [2, 2]},
								"south": {"uv": [55, 24], "uv_size": [1, 2]},
								"west": {"uv": [50, 42], "uv_size": [2, 2]},
								"up": {"uv": [55, 26], "uv_size": [1, 2]},
								"down": {"uv": [55, 30], "uv_size": [1, -2]}
							}
						},
						{
							"origin": [-4.00981, 33.19406, -13.54256],
							"size": [2.03895, 1.8216, 5.543],
							"pivot": [-0.0078, 27.5239, -20.85349],
							"rotation": [-27.5, 0, 0],
							"uv": {
								"north": {"uv": [50, 49], "uv_size": [2, 2]},
								"east": {"uv": [39, 20], "uv_size": [5, 2]},
								"south": {"uv": [51, 12], "uv_size": [2, 2]},
								"west": {"uv": [39, 35], "uv_size": [5, 2]},
								"up": {"uv": [8, 40], "uv_size": [2, 5]},
								"down": {"uv": [10, 45], "uv_size": [2, -5]}
							}
						},
						{
							"origin": [-3.98144, 35.00531, -14.00256],
							"size": [0.48205, 0.21219, 5.34958],
							"pivot": [-0.0078, 27.5239, -20.85349],
							"rotation": [-27.5, 0, 0],
							"uv": {
								"north": {"uv": [59, 40], "uv_size": [1, 1]},
								"east": {"uv": [46, 34], "uv_size": [5, 1]},
								"south": {"uv": [41, 59], "uv_size": [1, 1]},
								"west": {"uv": [48, 33], "uv_size": [5, 1]},
								"up": {"uv": [42, 48], "uv_size": [1, 5]},
								"down": {"uv": [48, 49], "uv_size": [1, -5]}
							}
						},
						{
							"origin": [-3.49269, 35.00531, -14.00256],
							"size": [0.99955, 0.21219, 5.34958],
							"pivot": [-0.0078, 27.5239, -20.85349],
							"rotation": [-27.5, 0, 0],
							"uv": {
								"north": {"uv": [32, 60], "uv_size": [1, 1]},
								"east": {"uv": [49, 29], "uv_size": [5, 1]},
								"south": {"uv": [60, 32], "uv_size": [1, 1]},
								"west": {"uv": [49, 30], "uv_size": [5, 1]},
								"up": {"uv": [49, 38], "uv_size": [1, 5]},
								"down": {"uv": [49, 48], "uv_size": [1, -5]}
							}
						},
						{
							"origin": [-2.48644, 35.00531, -14.00256],
							"size": [0.48205, 0.21219, 5.34958],
							"pivot": [-0.0078, 27.5239, -20.85349],
							"rotation": [-27.5, 0, 0],
							"uv": {
								"north": {"uv": [7, 60], "uv_size": [1, 1]},
								"east": {"uv": [48, 37], "uv_size": [5, 1]},
								"south": {"uv": [60, 7], "uv_size": [1, 1]},
								"west": {"uv": [49, 28], "uv_size": [5, 1]},
								"up": {"uv": [12, 49], "uv_size": [1, 5]},
								"down": {"uv": [13, 54], "uv_size": [1, -5]}
							}
						},
						{
							"origin": [-3.98144, 30.9643, -11.85883],
							"size": [1.97705, 0.21219, 0.63458],
							"pivot": [0.00708, 31.1854, -11.54155],
							"rotation": [1.5, 0, 0],
							"uv": {
								"north": {"uv": [56, 5], "uv_size": [2, 1]},
								"east": {"uv": [59, 41], "uv_size": [1, 1]},
								"south": {"uv": [56, 6], "uv_size": [2, 1]},
								"west": {"uv": [42, 59], "uv_size": [1, 1]},
								"up": {"uv": [56, 7], "uv_size": [2, 1]},
								"down": {"uv": [56, 9], "uv_size": [2, -1]}
							}
						},
						{
							"origin": [-2.97711, 33.19406, -16.99256],
							"size": [1.22512, 1.8216, 2.783],
							"pivot": [-0.0078, 27.5239, -20.85349],
							"rotation": [-27.5, 0, 0],
							"uv": {
								"north": {"uv": [55, 14], "uv_size": [1, 2]},
								"east": {"uv": [37, 50], "uv_size": [2, 2]},
								"south": {"uv": [55, 16], "uv_size": [1, 2]},
								"west": {"uv": [50, 38], "uv_size": [2, 2]},
								"up": {"uv": [55, 18], "uv_size": [1, 2]},
								"down": {"uv": [55, 22], "uv_size": [1, -2]}
							}
						},
						{
							"origin": [-3.00598, 29.2054, -11.46068],
							"size": [1.22512, 1.8216, 1.058],
							"pivot": [0.53547, 30.1162, -11.581],
							"rotation": [-28.06681, -11.06861, 5.84485],
							"uv": {
								"north": {"uv": [52, 55], "uv_size": [1, 2]},
								"east": {"uv": [55, 52], "uv_size": [1, 2]},
								"south": {"uv": [53, 55], "uv_size": [1, 2]},
								"west": {"uv": [55, 54], "uv_size": [1, 2]},
								"up": {"uv": [59, 38], "uv_size": [1, 1]},
								"down": {"uv": [39, 60], "uv_size": [1, -1]}
							}
						},
						{
							"origin": [-4.06917, 29.20728, -12.76293],
							"size": [1.2627, 1.8216, 1.058],
							"pivot": [-0.50893, 30.11808, -11.58461],
							"rotation": [-28.06681, 11.06861, -5.84485],
							"uv": {
								"north": {"uv": [40, 55], "uv_size": [1, 2]},
								"east": {"uv": [49, 55], "uv_size": [1, 2]},
								"south": {"uv": [55, 49], "uv_size": [1, 2]},
								"west": {"uv": [50, 55], "uv_size": [1, 2]},
								"up": {"uv": [59, 37], "uv_size": [1, 1]},
								"down": {"uv": [38, 60], "uv_size": [1, -1]}
							}
						},
						{
							"origin": [-4.23981, 25.07966, -14.30156],
							"size": [0.8487, 0.1656, 1.2627],
							"pivot": [-0.0078, 27.5239, -20.85349],
							"rotation": [-27.5, 0, 0],
							"uv": {
								"north": {"uv": [57, 42], "uv_size": [1, 1]},
								"east": {"uv": [43, 57], "uv_size": [1, 1]},
								"south": {"uv": [57, 44], "uv_size": [1, 1]},
								"west": {"uv": [57, 45], "uv_size": [1, 1]},
								"up": {"uv": [46, 57], "uv_size": [1, 1]},
								"down": {"uv": [57, 47], "uv_size": [1, -1]}
							}
						},
						{
							"origin": [-2.60451, 25.07966, -14.30156],
							"size": [0.85252, 0.1656, 1.2627],
							"pivot": [-0.0078, 27.5239, -20.85349],
							"rotation": [-27.5, 0, 0],
							"uv": {
								"north": {"uv": [57, 38], "uv_size": [1, 1]},
								"east": {"uv": [39, 57], "uv_size": [1, 1]},
								"south": {"uv": [57, 39], "uv_size": [1, 1]},
								"west": {"uv": [40, 57], "uv_size": [1, 1]},
								"up": {"uv": [57, 41], "uv_size": [1, 1]},
								"down": {"uv": [42, 58], "uv_size": [1, -1]}
							}
						},
						{
							"origin": [-4.23981, 25.24526, -14.30156],
							"size": [0.8487, 0.1656, 0.8487],
							"pivot": [-0.0078, 27.5239, -20.85349],
							"rotation": [-27.5, 0, 0],
							"uv": {
								"north": {"uv": [57, 50], "uv_size": [1, 1]},
								"east": {"uv": [51, 57], "uv_size": [1, 1]},
								"south": {"uv": [57, 51], "uv_size": [1, 1]},
								"west": {"uv": [52, 57], "uv_size": [1, 1]},
								"up": {"uv": [57, 52], "uv_size": [1, 1]},
								"down": {"uv": [53, 58], "uv_size": [1, -1]}
							}
						},
						{
							"origin": [-2.60451, 25.24526, -14.30156],
							"size": [0.85252, 0.1656, 0.8487],
							"pivot": [-0.0078, 27.5239, -20.85349],
							"rotation": [-27.5, 0, 0],
							"uv": {
								"north": {"uv": [47, 57], "uv_size": [1, 1]},
								"east": {"uv": [57, 47], "uv_size": [1, 1]},
								"south": {"uv": [57, 48], "uv_size": [1, 1]},
								"west": {"uv": [49, 57], "uv_size": [1, 1]},
								"up": {"uv": [57, 49], "uv_size": [1, 1]},
								"down": {"uv": [50, 58], "uv_size": [1, -1]}
							}
						},
						{
							"origin": [-4.23981, 25.41086, -14.30156],
							"size": [0.8487, 0.1656, 0.8487],
							"pivot": [-0.0078, 27.5239, -20.85349],
							"rotation": [-27.5, 0, 0],
							"uv": {
								"north": {"uv": [57, 56], "uv_size": [1, 1]},
								"east": {"uv": [57, 57], "uv_size": [1, 1]},
								"south": {"uv": [0, 58], "uv_size": [1, 1]},
								"west": {"uv": [58, 0], "uv_size": [1, 1]},
								"up": {"uv": [1, 58], "uv_size": [1, 1]},
								"down": {"uv": [58, 2], "uv_size": [1, -1]}
							}
						},
						{
							"origin": [-2.60451, 25.41086, -14.30156],
							"size": [0.85252, 0.1656, 0.8487],
							"pivot": [-0.0078, 27.5239, -20.85349],
							"rotation": [-27.5, 0, 0],
							"uv": {
								"north": {"uv": [57, 53], "uv_size": [1, 1]},
								"east": {"uv": [54, 57], "uv_size": [1, 1]},
								"south": {"uv": [57, 54], "uv_size": [1, 1]},
								"west": {"uv": [55, 57], "uv_size": [1, 1]},
								"up": {"uv": [57, 55], "uv_size": [1, 1]},
								"down": {"uv": [56, 58], "uv_size": [1, -1]}
							}
						},
						{
							"origin": [-4.23981, 25.57646, -14.30156],
							"size": [0.8487, 0.1656, 0.6003],
							"pivot": [-0.0078, 27.5239, -20.85349],
							"rotation": [-27.5, 0, 0],
							"uv": {
								"north": {"uv": [5, 58], "uv_size": [1, 1]},
								"east": {"uv": [58, 5], "uv_size": [1, 1]},
								"south": {"uv": [6, 58], "uv_size": [1, 1]},
								"west": {"uv": [58, 6], "uv_size": [1, 1]},
								"up": {"uv": [7, 58], "uv_size": [1, 1]},
								"down": {"uv": [58, 8], "uv_size": [1, -1]}
							}
						},
						{
							"origin": [-2.60451, 25.57646, -14.30156],
							"size": [0.85252, 0.1656, 0.6003],
							"pivot": [-0.0078, 27.5239, -20.85349],
							"rotation": [-27.5, 0, 0],
							"uv": {
								"north": {"uv": [2, 58], "uv_size": [1, 1]},
								"east": {"uv": [58, 2], "uv_size": [1, 1]},
								"south": {"uv": [3, 58], "uv_size": [1, 1]},
								"west": {"uv": [58, 3], "uv_size": [1, 1]},
								"up": {"uv": [4, 58], "uv_size": [1, 1]},
								"down": {"uv": [58, 5], "uv_size": [1, -1]}
							}
						},
						{
							"origin": [-4.23981, 25.74206, -14.30156],
							"size": [0.8487, 0.1656, 0.5175],
							"pivot": [-0.0078, 27.5239, -20.85349],
							"rotation": [-27.5, 0, 0],
							"uv": {
								"north": {"uv": [11, 58], "uv_size": [1, 1]},
								"east": {"uv": [58, 11], "uv_size": [1, 1]},
								"south": {"uv": [12, 58], "uv_size": [1, 1]},
								"west": {"uv": [58, 12], "uv_size": [1, 1]},
								"up": {"uv": [13, 58], "uv_size": [1, 1]},
								"down": {"uv": [58, 14], "uv_size": [1, -1]}
							}
						},
						{
							"origin": [-2.60451, 25.74206, -14.30156],
							"size": [0.85252, 0.1656, 0.5175],
							"pivot": [-0.0078, 27.5239, -20.85349],
							"rotation": [-27.5, 0, 0],
							"uv": {
								"north": {"uv": [8, 58], "uv_size": [1, 1]},
								"east": {"uv": [58, 8], "uv_size": [1, 1]},
								"south": {"uv": [9, 58], "uv_size": [1, 1]},
								"west": {"uv": [58, 9], "uv_size": [1, 1]},
								"up": {"uv": [10, 58], "uv_size": [1, 1]},
								"down": {"uv": [58, 11], "uv_size": [1, -1]}
							}
						},
						{
							"origin": [-4.23981, 25.90766, -14.30156],
							"size": [0.8487, 0.1656, 0.4347],
							"pivot": [-0.0078, 27.5239, -20.85349],
							"rotation": [-27.5, 0, 0],
							"uv": {
								"north": {"uv": [17, 58], "uv_size": [1, 1]},
								"east": {"uv": [58, 17], "uv_size": [1, 1]},
								"south": {"uv": [18, 58], "uv_size": [1, 1]},
								"west": {"uv": [58, 18], "uv_size": [1, 1]},
								"up": {"uv": [19, 58], "uv_size": [1, 1]},
								"down": {"uv": [58, 20], "uv_size": [1, -1]}
							}
						},
						{
							"origin": [-2.60451, 25.90766, -14.30156],
							"size": [0.85252, 0.1656, 0.4347],
							"pivot": [-0.0078, 27.5239, -20.85349],
							"rotation": [-27.5, 0, 0],
							"uv": {
								"north": {"uv": [14, 58], "uv_size": [1, 1]},
								"east": {"uv": [58, 14], "uv_size": [1, 1]},
								"south": {"uv": [15, 58], "uv_size": [1, 1]},
								"west": {"uv": [58, 15], "uv_size": [1, 1]},
								"up": {"uv": [16, 58], "uv_size": [1, 1]},
								"down": {"uv": [58, 17], "uv_size": [1, -1]}
							}
						},
						{
							"origin": [-4.23981, 26.07326, -14.30156],
							"size": [0.8487, 0.4968, 0.2691],
							"pivot": [-0.0078, 27.5239, -20.85349],
							"rotation": [-27.5, 0, 0],
							"uv": {
								"north": {"uv": [23, 58], "uv_size": [1, 1]},
								"east": {"uv": [58, 23], "uv_size": [1, 1]},
								"south": {"uv": [24, 58], "uv_size": [1, 1]},
								"west": {"uv": [58, 24], "uv_size": [1, 1]},
								"up": {"uv": [25, 58], "uv_size": [1, 1]},
								"down": {"uv": [58, 26], "uv_size": [1, -1]}
							}
						},
						{
							"origin": [-2.60451, 26.07326, -14.30156],
							"size": [0.85252, 0.4968, 0.2691],
							"pivot": [-0.0078, 27.5239, -20.85349],
							"rotation": [-27.5, 0, 0],
							"uv": {
								"north": {"uv": [20, 58], "uv_size": [1, 1]},
								"east": {"uv": [58, 20], "uv_size": [1, 1]},
								"south": {"uv": [21, 58], "uv_size": [1, 1]},
								"west": {"uv": [58, 21], "uv_size": [1, 1]},
								"up": {"uv": [22, 58], "uv_size": [1, 1]},
								"down": {"uv": [58, 23], "uv_size": [1, -1]}
							}
						},
						{
							"origin": [-4.23981, 29.26106, -14.30156],
							"size": [0.8487, 3.933, 7.1208],
							"pivot": [-0.0078, 27.5239, -20.85349],
							"rotation": [-27.5, 0, 0],
							"uv": {
								"north": {"uv": [34, 51], "uv_size": [1, 3]},
								"east": {"uv": [35, 9], "uv_size": [6, 3]},
								"south": {"uv": [46, 51], "uv_size": [1, 3]},
								"west": {"uv": [33, 35], "uv_size": [6, 3]},
								"up": {"uv": [47, 39], "uv_size": [1, 6]},
								"down": {"uv": [47, 51], "uv_size": [1, -6]}
							}
						},
						{
							"origin": [-2.60451, 29.26106, -14.30156],
							"size": [0.85252, 3.933, 7.1208],
							"pivot": [-0.0078, 27.5239, -20.85349],
							"rotation": [-27.5, 0, 0],
							"uv": {
								"north": {"uv": [51, 23], "uv_size": [1, 3]},
								"east": {"uv": [34, 25], "uv_size": [6, 3]},
								"south": {"uv": [33, 51], "uv_size": [1, 3]},
								"west": {"uv": [34, 28], "uv_size": [6, 3]},
								"up": {"uv": [46, 45], "uv_size": [1, 6]},
								"down": {"uv": [47, 34], "uv_size": [1, -6]}
							}
						},
						{
							"origin": [-2.60451, 27.56366, -14.30156],
							"size": [0.85252, 1.6974, 0.2484],
							"pivot": [-0.0078, 27.5239, -20.85349],
							"rotation": [-27.5, 0, 0],
							"uv": {
								"north": {"uv": [29, 58], "uv_size": [1, 1]},
								"east": {"uv": [58, 29], "uv_size": [1, 1]},
								"south": {"uv": [30, 58], "uv_size": [1, 1]},
								"west": {"uv": [58, 30], "uv_size": [1, 1]},
								"up": {"uv": [31, 58], "uv_size": [1, 1]},
								"down": {"uv": [58, 32], "uv_size": [1, -1]}
							}
						},
						{
							"origin": [-4.23981, 27.56366, -14.30156],
							"size": [0.8487, 1.6974, 0.2484],
							"pivot": [-0.0078, 27.5239, -20.85349],
							"rotation": [-27.5, 0, 0],
							"uv": {
								"north": {"uv": [26, 58], "uv_size": [1, 1]},
								"east": {"uv": [58, 26], "uv_size": [1, 1]},
								"south": {"uv": [27, 58], "uv_size": [1, 1]},
								"west": {"uv": [58, 27], "uv_size": [1, 1]},
								"up": {"uv": [28, 58], "uv_size": [1, 1]},
								"down": {"uv": [58, 29], "uv_size": [1, -1]}
							}
						},
						{
							"origin": [-2.60451, 28.22606, -14.05316],
							"size": [0.85252, 1.035, 0.2484],
							"pivot": [-0.0078, 27.5239, -20.85349],
							"rotation": [-27.5, 0, 0],
							"uv": {
								"north": {"uv": [35, 58], "uv_size": [1, 1]},
								"east": {"uv": [58, 35], "uv_size": [1, 1]},
								"south": {"uv": [36, 58], "uv_size": [1, 1]},
								"west": {"uv": [58, 36], "uv_size": [1, 1]},
								"up": {"uv": [37, 58], "uv_size": [1, 1]},
								"down": {"uv": [58, 38], "uv_size": [1, -1]}
							}
						},
						{
							"origin": [-4.23981, 28.22606, -14.05316],
							"size": [0.8487, 1.035, 0.2484],
							"pivot": [-0.0078, 27.5239, -20.85349],
							"rotation": [-27.5, 0, 0],
							"uv": {
								"north": {"uv": [32, 58], "uv_size": [1, 1]},
								"east": {"uv": [58, 32], "uv_size": [1, 1]},
								"south": {"uv": [33, 58], "uv_size": [1, 1]},
								"west": {"uv": [58, 33], "uv_size": [1, 1]},
								"up": {"uv": [34, 58], "uv_size": [1, 1]},
								"down": {"uv": [58, 35], "uv_size": [1, -1]}
							}
						},
						{
							"origin": [-2.60451, 28.47446, -13.80476],
							"size": [0.85252, 0.7866, 0.2484],
							"pivot": [-0.0078, 27.5239, -20.85349],
							"rotation": [-27.5, 0, 0],
							"uv": {
								"north": {"uv": [41, 58], "uv_size": [1, 1]},
								"east": {"uv": [58, 41], "uv_size": [1, 1]},
								"south": {"uv": [42, 58], "uv_size": [1, 1]},
								"west": {"uv": [58, 42], "uv_size": [1, 1]},
								"up": {"uv": [43, 58], "uv_size": [1, 1]},
								"down": {"uv": [58, 44], "uv_size": [1, -1]}
							}
						},
						{
							"origin": [-4.23981, 28.47446, -13.80476],
							"size": [0.8487, 0.7866, 0.2484],
							"pivot": [-0.0078, 27.5239, -20.85349],
							"rotation": [-27.5, 0, 0],
							"uv": {
								"north": {"uv": [38, 58], "uv_size": [1, 1]},
								"east": {"uv": [58, 38], "uv_size": [1, 1]},
								"south": {"uv": [39, 58], "uv_size": [1, 1]},
								"west": {"uv": [58, 39], "uv_size": [1, 1]},
								"up": {"uv": [40, 58], "uv_size": [1, 1]},
								"down": {"uv": [58, 41], "uv_size": [1, -1]}
							}
						},
						{
							"origin": [-2.60451, 28.72286, -13.55636],
							"size": [0.85252, 0.5382, 0.3312],
							"pivot": [-0.0078, 27.5239, -20.85349],
							"rotation": [-27.5, 0, 0],
							"uv": {
								"north": {"uv": [47, 58], "uv_size": [1, 1]},
								"east": {"uv": [58, 47], "uv_size": [1, 1]},
								"south": {"uv": [48, 58], "uv_size": [1, 1]},
								"west": {"uv": [58, 48], "uv_size": [1, 1]},
								"up": {"uv": [49, 58], "uv_size": [1, 1]},
								"down": {"uv": [58, 50], "uv_size": [1, -1]}
							}
						},
						{
							"origin": [-4.23981, 28.72286, -13.55636],
							"size": [0.8487, 0.5382, 0.3312],
							"pivot": [-0.0078, 27.5239, -20.85349],
							"rotation": [-27.5, 0, 0],
							"uv": {
								"north": {"uv": [44, 58], "uv_size": [1, 1]},
								"east": {"uv": [58, 44], "uv_size": [1, 1]},
								"south": {"uv": [45, 58], "uv_size": [1, 1]},
								"west": {"uv": [58, 45], "uv_size": [1, 1]},
								"up": {"uv": [46, 58], "uv_size": [1, 1]},
								"down": {"uv": [58, 47], "uv_size": [1, -1]}
							}
						},
						{
							"origin": [-2.60451, 28.97126, -13.22516],
							"size": [0.85252, 0.2898, 0.5796],
							"pivot": [-0.0078, 27.5239, -20.85349],
							"rotation": [-27.5, 0, 0],
							"uv": {
								"north": {"uv": [53, 58], "uv_size": [1, 1]},
								"east": {"uv": [58, 53], "uv_size": [1, 1]},
								"south": {"uv": [54, 58], "uv_size": [1, 1]},
								"west": {"uv": [58, 54], "uv_size": [1, 1]},
								"up": {"uv": [55, 58], "uv_size": [1, 1]},
								"down": {"uv": [58, 56], "uv_size": [1, -1]}
							}
						},
						{
							"origin": [-4.23981, 28.97126, -13.22516],
							"size": [0.8487, 0.2898, 0.5796],
							"pivot": [-0.0078, 27.5239, -20.85349],
							"rotation": [-27.5, 0, 0],
							"uv": {
								"north": {"uv": [50, 58], "uv_size": [1, 1]},
								"east": {"uv": [58, 50], "uv_size": [1, 1]},
								"south": {"uv": [51, 58], "uv_size": [1, 1]},
								"west": {"uv": [58, 51], "uv_size": [1, 1]},
								"up": {"uv": [52, 58], "uv_size": [1, 1]},
								"down": {"uv": [58, 53], "uv_size": [1, -1]}
							}
						}
					]
				},
				{
					"name": "hexadecagon",
					"parent": "frame4",
					"pivot": [1.035, 30.92261, -11.1454],
					"cubes": [
						{
							"origin": [-2.12643, 30.72697, -11.59655],
							"size": [0.17796, 0.1416, 0.71186],
							"pivot": [0.96255, 30.79777, -11.24062],
							"rotation": [45, 0, 0],
							"uv": {
								"north": {"uv": [59, 42], "uv_size": [1, 1]},
								"east": {"uv": [43, 59], "uv_size": [1, 1]},
								"south": {"uv": [59, 43], "uv_size": [1, 1]},
								"west": {"uv": [44, 59], "uv_size": [1, 1]},
								"up": {"uv": [59, 44], "uv_size": [1, 1]},
								"down": {"uv": [45, 60], "uv_size": [1, -1]}
							}
						},
						{
							"origin": [-2.12643, 30.72697, -11.59655],
							"size": [0.17796, 0.1416, 0.71186],
							"pivot": [0.96255, 30.79777, -11.24062],
							"rotation": [22.5, 0, 0],
							"uv": {
								"north": {"uv": [59, 45], "uv_size": [1, 1]},
								"east": {"uv": [46, 59], "uv_size": [1, 1]},
								"south": {"uv": [59, 46], "uv_size": [1, 1]},
								"west": {"uv": [47, 59], "uv_size": [1, 1]},
								"up": {"uv": [59, 47], "uv_size": [1, 1]},
								"down": {"uv": [48, 60], "uv_size": [1, -1]}
							}
						},
						{
							"origin": [-2.12643, 30.72697, -11.59655],
							"size": [0.17796, 0.1416, 0.71186],
							"uv": {
								"north": {"uv": [59, 48], "uv_size": [1, 1]},
								"east": {"uv": [49, 59], "uv_size": [1, 1]},
								"south": {"uv": [59, 49], "uv_size": [1, 1]},
								"west": {"uv": [50, 59], "uv_size": [1, 1]},
								"up": {"uv": [59, 50], "uv_size": [1, 1]},
								"down": {"uv": [51, 60], "uv_size": [1, -1]}
							}
						},
						{
							"origin": [-2.12643, 30.72697, -11.59655],
							"size": [0.17796, 0.1416, 0.71186],
							"pivot": [0.96255, 30.79777, -11.24062],
							"rotation": [-22.5, 0, 0],
							"uv": {
								"north": {"uv": [59, 51], "uv_size": [1, 1]},
								"east": {"uv": [52, 59], "uv_size": [1, 1]},
								"south": {"uv": [59, 52], "uv_size": [1, 1]},
								"west": {"uv": [53, 59], "uv_size": [1, 1]},
								"up": {"uv": [59, 53], "uv_size": [1, 1]},
								"down": {"uv": [54, 60], "uv_size": [1, -1]}
							}
						},
						{
							"origin": [-2.12643, 30.72697, -11.59655],
							"size": [0.17796, 0.1416, 0.71186],
							"pivot": [0.96255, 30.79777, -11.24062],
							"rotation": [-45, 0, 0],
							"uv": {
								"north": {"uv": [59, 54], "uv_size": [1, 1]},
								"east": {"uv": [55, 59], "uv_size": [1, 1]},
								"south": {"uv": [59, 55], "uv_size": [1, 1]},
								"west": {"uv": [56, 59], "uv_size": [1, 1]},
								"up": {"uv": [59, 56], "uv_size": [1, 1]},
								"down": {"uv": [57, 60], "uv_size": [1, -1]}
							}
						},
						{
							"origin": [-2.12643, 30.44184, -11.31142],
							"size": [0.17796, 0.71186, 0.1416],
							"pivot": [0.96255, 30.79777, -11.24062],
							"rotation": [22.5, 0, 0],
							"uv": {
								"north": {"uv": [59, 57], "uv_size": [1, 1]},
								"east": {"uv": [58, 59], "uv_size": [1, 1]},
								"south": {"uv": [59, 58], "uv_size": [1, 1]},
								"west": {"uv": [59, 59], "uv_size": [1, 1]},
								"up": {"uv": [0, 60], "uv_size": [1, 1]},
								"down": {"uv": [60, 1], "uv_size": [1, -1]}
							}
						},
						{
							"origin": [-2.12643, 30.44184, -11.31142],
							"size": [0.17796, 0.71186, 0.1416],
							"uv": {
								"north": {"uv": [1, 60], "uv_size": [1, 1]},
								"east": {"uv": [60, 1], "uv_size": [1, 1]},
								"south": {"uv": [2, 60], "uv_size": [1, 1]},
								"west": {"uv": [60, 2], "uv_size": [1, 1]},
								"up": {"uv": [3, 60], "uv_size": [1, 1]},
								"down": {"uv": [60, 4], "uv_size": [1, -1]}
							}
						},
						{
							"origin": [-2.12643, 30.44184, -11.31142],
							"size": [0.17796, 0.71186, 0.1416],
							"pivot": [0.96255, 30.79777, -11.24062],
							"rotation": [-22.5, 0, 0],
							"uv": {
								"north": {"uv": [4, 60], "uv_size": [1, 1]},
								"east": {"uv": [60, 4], "uv_size": [1, 1]},
								"south": {"uv": [5, 60], "uv_size": [1, 1]},
								"west": {"uv": [60, 5], "uv_size": [1, 1]},
								"up": {"uv": [6, 60], "uv_size": [1, 1]},
								"down": {"uv": [60, 7], "uv_size": [1, -1]}
							}
						}
					]
				},
				{
					"name": "hexadecagon2",
					"parent": "frame4",
					"pivot": [-0.96255, 30.79777, -11.24062],
					"cubes": [
						{
							"origin": [-4.05153, 30.72697, -11.59655],
							"size": [0.17796, 0.1416, 0.71186],
							"pivot": [-0.96255, 30.79777, -11.24062],
							"rotation": [45, 0, 0],
							"uv": {
								"north": {"uv": [8, 60], "uv_size": [1, 1]},
								"east": {"uv": [60, 8], "uv_size": [1, 1]},
								"south": {"uv": [9, 60], "uv_size": [1, 1]},
								"west": {"uv": [60, 9], "uv_size": [1, 1]},
								"up": {"uv": [10, 60], "uv_size": [1, 1]},
								"down": {"uv": [60, 11], "uv_size": [1, -1]}
							}
						},
						{
							"origin": [-4.05153, 30.72697, -11.59655],
							"size": [0.17796, 0.1416, 0.71186],
							"pivot": [-0.96255, 30.79777, -11.24062],
							"rotation": [22.5, 0, 0],
							"uv": {
								"north": {"uv": [11, 60], "uv_size": [1, 1]},
								"east": {"uv": [60, 11], "uv_size": [1, 1]},
								"south": {"uv": [12, 60], "uv_size": [1, 1]},
								"west": {"uv": [60, 12], "uv_size": [1, 1]},
								"up": {"uv": [13, 60], "uv_size": [1, 1]},
								"down": {"uv": [60, 14], "uv_size": [1, -1]}
							}
						},
						{
							"origin": [-4.05153, 30.72697, -11.59655],
							"size": [0.17796, 0.1416, 0.71186],
							"uv": {
								"north": {"uv": [14, 60], "uv_size": [1, 1]},
								"east": {"uv": [60, 14], "uv_size": [1, 1]},
								"south": {"uv": [15, 60], "uv_size": [1, 1]},
								"west": {"uv": [60, 15], "uv_size": [1, 1]},
								"up": {"uv": [16, 60], "uv_size": [1, 1]},
								"down": {"uv": [60, 17], "uv_size": [1, -1]}
							}
						},
						{
							"origin": [-4.05153, 30.72697, -11.59655],
							"size": [0.17796, 0.1416, 0.71186],
							"pivot": [-0.96255, 30.79777, -11.24062],
							"rotation": [-22.5, 0, 0],
							"uv": {
								"north": {"uv": [17, 60], "uv_size": [1, 1]},
								"east": {"uv": [60, 17], "uv_size": [1, 1]},
								"south": {"uv": [18, 60], "uv_size": [1, 1]},
								"west": {"uv": [60, 18], "uv_size": [1, 1]},
								"up": {"uv": [19, 60], "uv_size": [1, 1]},
								"down": {"uv": [60, 20], "uv_size": [1, -1]}
							}
						},
						{
							"origin": [-4.05153, 30.72697, -11.59655],
							"size": [0.17796, 0.1416, 0.71186],
							"pivot": [-0.96255, 30.79777, -11.24062],
							"rotation": [-45, 0, 0],
							"uv": {
								"north": {"uv": [20, 60], "uv_size": [1, 1]},
								"east": {"uv": [60, 20], "uv_size": [1, 1]},
								"south": {"uv": [21, 60], "uv_size": [1, 1]},
								"west": {"uv": [60, 21], "uv_size": [1, 1]},
								"up": {"uv": [22, 60], "uv_size": [1, 1]},
								"down": {"uv": [60, 23], "uv_size": [1, -1]}
							}
						},
						{
							"origin": [-4.05153, 30.44184, -11.31142],
							"size": [0.17796, 0.71186, 0.1416],
							"pivot": [-0.96255, 30.79777, -11.24062],
							"rotation": [22.5, 0, 0],
							"uv": {
								"north": {"uv": [23, 60], "uv_size": [1, 1]},
								"east": {"uv": [60, 23], "uv_size": [1, 1]},
								"south": {"uv": [24, 60], "uv_size": [1, 1]},
								"west": {"uv": [60, 24], "uv_size": [1, 1]},
								"up": {"uv": [25, 60], "uv_size": [1, 1]},
								"down": {"uv": [60, 26], "uv_size": [1, -1]}
							}
						},
						{
							"origin": [-4.05153, 30.44184, -11.31142],
							"size": [0.17796, 0.71186, 0.1416],
							"uv": {
								"north": {"uv": [26, 60], "uv_size": [1, 1]},
								"east": {"uv": [60, 26], "uv_size": [1, 1]},
								"south": {"uv": [27, 60], "uv_size": [1, 1]},
								"west": {"uv": [60, 27], "uv_size": [1, 1]},
								"up": {"uv": [28, 60], "uv_size": [1, 1]},
								"down": {"uv": [60, 29], "uv_size": [1, -1]}
							}
						},
						{
							"origin": [-4.05153, 30.44184, -11.31142],
							"size": [0.17796, 0.71186, 0.1416],
							"pivot": [-0.96255, 30.79777, -11.24062],
							"rotation": [-22.5, 0, 0],
							"uv": {
								"north": {"uv": [29, 60], "uv_size": [1, 1]},
								"east": {"uv": [60, 29], "uv_size": [1, 1]},
								"south": {"uv": [30, 60], "uv_size": [1, 1]},
								"west": {"uv": [60, 30], "uv_size": [1, 1]},
								"up": {"uv": [31, 60], "uv_size": [1, 1]},
								"down": {"uv": [60, 32], "uv_size": [1, -1]}
							}
						}
					]
				},
				{
					"name": "Barrel",
					"parent": "gun",
					"pivot": [-1.03626, 27.63552, -37.63766],
					"cubes": [
						{
							"origin": [-3.4068, 27.32266, -37.78056],
							"size": [0.79799, 0.44735, 18.67071],
							"inflate": 0.002,
							"uv": {
								"north": {"uv": [56, 49], "uv_size": [1, 1]},
								"east": {"uv": [35, 12], "uv_size": [16, 1]},
								"south": {"uv": [56, 50], "uv_size": [1, 1]},
								"west": {"uv": [35, 13], "uv_size": [16, 1]},
								"up": {"uv": [0, 36], "uv_size": [1, 16]},
								"down": {"uv": [1, 52], "uv_size": [1, -16]}
							}
						},
						{
							"origin": [3.2148, 20.65158, -37.78056],
							"size": [0.79799, 0.44735, 18.67071],
							"inflate": 0.002,
							"pivot": [-3.0078, 21.64187, -19.54753],
							"rotation": [0, 0, -90],
							"uv": {
								"north": {"uv": [57, 3], "uv_size": [1, 1]},
								"east": {"uv": [37, 1], "uv_size": [16, 1]},
								"south": {"uv": [4, 57], "uv_size": [1, 1]},
								"west": {"uv": [2, 37], "uv_size": [16, 1]},
								"up": {"uv": [20, 36], "uv_size": [1, 16]},
								"down": {"uv": [21, 52], "uv_size": [1, -16]}
							}
						},
						{
							"origin": [1.12638, 25.55981, -37.78056],
							"size": [0.79799, 0.44735, 18.67071],
							"inflate": 0.002,
							"pivot": [-3.0078, 21.64187, -19.54753],
							"rotation": [0, 0, -42.5],
							"uv": {
								"north": {"uv": [6, 57], "uv_size": [1, 1]},
								"east": {"uv": [37, 4], "uv_size": [16, 1]},
								"south": {"uv": [7, 57], "uv_size": [1, 1]},
								"west": {"uv": [37, 5], "uv_size": [16, 1]},
								"up": {"uv": [24, 36], "uv_size": [1, 16]},
								"down": {"uv": [25, 52], "uv_size": [1, -16]}
							}
						},
						{
							"origin": [1.007, 27.0405, -37.78056],
							"size": [0.79799, 0.44735, 18.67071],
							"inflate": 0.002,
							"pivot": [-3.0078, 21.64187, -19.54753],
							"rotation": [0, 0, -42.5],
							"uv": {
								"north": {"uv": [11, 57], "uv_size": [1, 1]},
								"east": {"uv": [39, 14], "uv_size": [16, 1]},
								"south": {"uv": [12, 57], "uv_size": [1, 1]},
								"west": {"uv": [39, 15], "uv_size": [16, 1]},
								"up": {"uv": [5, 38], "uv_size": [1, 16]},
								"down": {"uv": [6, 54], "uv_size": [1, -16]}
							}
						},
						{
							"origin": [-7.93998, 25.55981, -37.78056],
							"size": [0.79799, 0.44735, 18.67071],
							"inflate": 0.002,
							"pivot": [-3.0078, 21.64187, -19.54753],
							"rotation": [0, 0, 42.5],
							"uv": {
								"north": {"uv": [8, 57], "uv_size": [1, 1]},
								"east": {"uv": [37, 6], "uv_size": [16, 1]},
								"south": {"uv": [9, 57], "uv_size": [1, 1]},
								"west": {"uv": [37, 7], "uv_size": [16, 1]},
								"up": {"uv": [26, 36], "uv_size": [1, 16]},
								"down": {"uv": [2, 54], "uv_size": [1, -16]}
							}
						},
						{
							"origin": [-7.82061, 27.0405, -37.78056],
							"size": [0.79799, 0.44735, 18.67071],
							"inflate": 0.002,
							"pivot": [-3.0078, 21.64187, -19.54753],
							"rotation": [0, 0, 42.5],
							"uv": {
								"north": {"uv": [57, 9], "uv_size": [1, 1]},
								"east": {"uv": [37, 8], "uv_size": [16, 1]},
								"south": {"uv": [10, 57], "uv_size": [1, 1]},
								"west": {"uv": [33, 38], "uv_size": [16, 1]},
								"up": {"uv": [3, 38], "uv_size": [1, 16]},
								"down": {"uv": [4, 54], "uv_size": [1, -16]}
							}
						},
						{
							"origin": [3.2148, 22.18481, -37.78056],
							"size": [0.79799, 0.44735, 18.67071],
							"inflate": 0.002,
							"pivot": [-3.0078, 21.64187, -19.54753],
							"rotation": [0, 0, -90],
							"uv": {
								"north": {"uv": [57, 4], "uv_size": [1, 1]},
								"east": {"uv": [37, 2], "uv_size": [16, 1]},
								"south": {"uv": [5, 57], "uv_size": [1, 1]},
								"west": {"uv": [37, 3], "uv_size": [16, 1]},
								"up": {"uv": [22, 36], "uv_size": [1, 16]},
								"down": {"uv": [23, 52], "uv_size": [1, -16]}
							}
						},
						{
							"origin": [-3.4068, 28.75694, -37.78056],
							"size": [0.79799, 0.44735, 18.67071],
							"inflate": 0.002,
							"uv": {
								"north": {"uv": [2, 57], "uv_size": [1, 1]},
								"east": {"uv": [2, 36], "uv_size": [16, 1]},
								"south": {"uv": [3, 57], "uv_size": [1, 1]},
								"west": {"uv": [37, 0], "uv_size": [16, 1]},
								"up": {"uv": [18, 36], "uv_size": [1, 16]},
								"down": {"uv": [19, 52], "uv_size": [1, -16]}
							}
						}
					]
				},
				{
					"name": "Barrel2",
					"parent": "Barrel",
					"pivot": [0.00741, 28.15853, -50.3044],
					"cubes": [
						{
							"origin": [-3.46294, 27.19067, -21.71966],
							"size": [0.91027, 0.51054, 2.61212],
							"inflate": 0.002,
							"uv": {
								"north": {"uv": [59, 12], "uv_size": [1, 1]},
								"east": {"uv": [55, 3], "uv_size": [2, 1]},
								"south": {"uv": [13, 59], "uv_size": [1, 1]},
								"west": {"uv": [55, 4], "uv_size": [2, 1]},
								"up": {"uv": [55, 5], "uv_size": [1, 2]},
								"down": {"uv": [6, 57], "uv_size": [1, -2]}
							}
						},
						{
							"origin": [-3.46294, 28.82574, -21.71966],
							"size": [0.91027, 0.51054, 2.61212],
							"inflate": 0.002,
							"uv": {
								"north": {"uv": [59, 11], "uv_size": [1, 1]},
								"east": {"uv": [55, 0], "uv_size": [2, 1]},
								"south": {"uv": [12, 59], "uv_size": [1, 1]},
								"west": {"uv": [1, 55], "uv_size": [2, 1]},
								"up": {"uv": [55, 1], "uv_size": [1, 2]},
								"down": {"uv": [3, 57], "uv_size": [1, -2]}
							}
						},
						{
							"origin": [3.15866, 20.51266, -21.71966],
							"size": [0.91027, 0.51054, 2.61212],
							"inflate": 0.002,
							"pivot": [-3.0078, 21.64187, -19.54753],
							"rotation": [0, 0, -90],
							"uv": {
								"north": {"uv": [59, 10], "uv_size": [1, 1]},
								"east": {"uv": [54, 51], "uv_size": [2, 1]},
								"south": {"uv": [11, 59], "uv_size": [1, 1]},
								"west": {"uv": [52, 54], "uv_size": [2, 1]},
								"up": {"uv": [54, 54], "uv_size": [1, 2]},
								"down": {"uv": [0, 57], "uv_size": [1, -2]}
							}
						},
						{
							"origin": [3.15866, 22.26054, -21.71966],
							"size": [0.91027, 0.51054, 2.61212],
							"inflate": 0.002,
							"pivot": [-3.0078, 21.64187, -19.54753],
							"rotation": [0, 0, -90],
							"uv": {
								"north": {"uv": [59, 9], "uv_size": [1, 1]},
								"east": {"uv": [54, 47], "uv_size": [2, 1]},
								"south": {"uv": [10, 59], "uv_size": [1, 1]},
								"west": {"uv": [49, 54], "uv_size": [2, 1]},
								"up": {"uv": [54, 49], "uv_size": [1, 2]},
								"down": {"uv": [51, 56], "uv_size": [1, -2]}
							}
						},
						{
							"origin": [1.07859, 25.42456, -21.71966],
							"size": [0.91027, 0.51054, 2.61212],
							"inflate": 0.002,
							"pivot": [-3.0078, 21.64187, -19.54753],
							"rotation": [0, 0, -42.5],
							"uv": {
								"north": {"uv": [59, 8], "uv_size": [1, 1]},
								"east": {"uv": [45, 54], "uv_size": [2, 1]},
								"south": {"uv": [9, 59], "uv_size": [1, 1]},
								"west": {"uv": [54, 46], "uv_size": [2, 1]},
								"up": {"uv": [47, 54], "uv_size": [1, 2]},
								"down": {"uv": [48, 56], "uv_size": [1, -2]}
							}
						},
						{
							"origin": [-8.00447, 25.42456, -21.71966],
							"size": [0.91027, 0.51054, 2.61212],
							"inflate": 0.002,
							"pivot": [-3.0078, 21.64187, -19.54753],
							"rotation": [0, 0, 42.5],
							"uv": {
								"north": {"uv": [59, 7], "uv_size": [1, 1]},
								"east": {"uv": [42, 54], "uv_size": [2, 1]},
								"south": {"uv": [8, 59], "uv_size": [1, 1]},
								"west": {"uv": [54, 43], "uv_size": [2, 1]},
								"up": {"uv": [44, 54], "uv_size": [1, 2]},
								"down": {"uv": [54, 46], "uv_size": [1, -2]}
							}
						},
						{
							"origin": [-7.86839, 27.11256, -21.71966],
							"size": [0.91027, 0.51054, 2.61212],
							"inflate": 0.002,
							"pivot": [-3.0078, 21.64187, -19.54753],
							"rotation": [0, 0, 42.5],
							"uv": {
								"north": {"uv": [59, 6], "uv_size": [1, 1]},
								"east": {"uv": [39, 54], "uv_size": [2, 1]},
								"south": {"uv": [7, 59], "uv_size": [1, 1]},
								"west": {"uv": [54, 40], "uv_size": [2, 1]},
								"up": {"uv": [41, 54], "uv_size": [1, 2]},
								"down": {"uv": [54, 43], "uv_size": [1, -2]}
							}
						},
						{
							"origin": [0.94251, 27.11256, -21.71966],
							"size": [0.91027, 0.51054, 2.61212],
							"inflate": 0.002,
							"pivot": [-3.0078, 21.64187, -19.54753],
							"rotation": [0, 0, -42.5],
							"uv": {
								"north": {"uv": [59, 5], "uv_size": [1, 1]},
								"east": {"uv": [54, 32], "uv_size": [2, 1]},
								"south": {"uv": [6, 59], "uv_size": [1, 1]},
								"west": {"uv": [54, 36], "uv_size": [2, 1]},
								"up": {"uv": [38, 54], "uv_size": [1, 2]},
								"down": {"uv": [54, 40], "uv_size": [1, -2]}
							}
						}
					]
				},
				{
					"name": "Chamber",
					"parent": "Barrel2",
					"pivot": [0.00028, 29.20433, -7.91103],
					"cubes": [
						{
							"origin": [-3.70506, 27.51608, -19.15966],
							"size": [1.43902, 1.53755, 12.5373],
							"uv": {
								"north": {"uv": [59, 24], "uv_size": [1, 1]},
								"east": {"uv": [39, 18], "uv_size": [11, 1]},
								"south": {"uv": [25, 59], "uv_size": [1, 1]},
								"west": {"uv": [39, 19], "uv_size": [11, 1]},
								"up": {"uv": [35, 39], "uv_size": [1, 11]},
								"down": {"uv": [36, 50], "uv_size": [1, -11]}
							}
						},
						{
							"origin": [-4.33756, 27.48733, -6.68216],
							"size": [2.70402, 1.5663, 0.6348],
							"uv": {
								"north": {"uv": [1, 56], "uv_size": [2, 1]},
								"east": {"uv": [59, 39], "uv_size": [1, 1]},
								"south": {"uv": [56, 1], "uv_size": [2, 1]},
								"west": {"uv": [40, 59], "uv_size": [1, 1]},
								"up": {"uv": [56, 2], "uv_size": [2, 1]},
								"down": {"uv": [4, 57], "uv_size": [2, -1]}
							}
						}
					]
				},
				{
					"name": "Grip",
					"parent": "gun",
					"pivot": [-3.95618, 22.45366, -10.3124],
					"cubes": [
						{
							"origin": [-4.14533, 6.11216, -13.32366],
							"size": [1.09974, 0.36318, 6.60017],
							"pivot": [-3.0078, 21.64187, -19.54753],
							"rotation": [82.5, 0, -180],
							"uv": {
								"north": {"uv": [57, 12], "uv_size": [1, 1]},
								"east": {"uv": [44, 35], "uv_size": [6, 1]},
								"south": {"uv": [13, 57], "uv_size": [1, 1]},
								"west": {"uv": [44, 36], "uv_size": [6, 1]},
								"up": {"uv": [40, 25], "uv_size": [1, 6]},
								"down": {"uv": [41, 31], "uv_size": [1, -6]}
							}
						},
						{
							"origin": [-3.06893, 6.11216, -13.32366],
							"size": [1.16185, 0.36318, 6.60017],
							"pivot": [-3.0078, 21.64187, -19.54753],
							"rotation": [82.5, 0, -180],
							"uv": {
								"north": {"uv": [57, 13], "uv_size": [1, 1]},
								"east": {"uv": [46, 16], "uv_size": [6, 1]},
								"south": {"uv": [14, 57], "uv_size": [1, 1]},
								"west": {"uv": [46, 17], "uv_size": [6, 1]},
								"up": {"uv": [42, 25], "uv_size": [1, 6]},
								"down": {"uv": [46, 34], "uv_size": [1, -6]}
							}
						},
						{
							"origin": [-4.14533, 7.2294, -14.38937],
							"size": [1.07904, 1.75123, 10.50455],
							"pivot": [-3.0078, 21.64187, -19.54753],
							"rotation": [71, 0, -180],
							"uv": {
								"north": {"uv": [15, 52], "uv_size": [1, 2]},
								"east": {"uv": [18, 34], "uv_size": [9, 2]},
								"south": {"uv": [16, 52], "uv_size": [1, 2]},
								"west": {"uv": [34, 23], "uv_size": [9, 2]},
								"up": {"uv": [27, 43], "uv_size": [1, 9]},
								"down": {"uv": [28, 52], "uv_size": [1, -9]}
							}
						},
						{
							"origin": [-3.06893, 7.2294, -14.38937],
							"size": [1.16184, 1.75123, 10.50455],
							"pivot": [-3.0078, 21.64187, -19.54753],
							"rotation": [71, 0, -180],
							"uv": {
								"north": {"uv": [11, 52], "uv_size": [1, 2]},
								"east": {"uv": [0, 34], "uv_size": [9, 2]},
								"south": {"uv": [14, 52], "uv_size": [1, 2]},
								"west": {"uv": [9, 34], "uv_size": [9, 2]},
								"up": {"uv": [42, 39], "uv_size": [1, 9]},
								"down": {"uv": [43, 31], "uv_size": [1, -9]}
							}
						},
						{
							"origin": [-4.08323, 7.16215, -14.38937],
							"size": [2.11405, 0.06726, 10.50455],
							"pivot": [-3.0078, 21.64187, -19.54753],
							"rotation": [71, 0, -180],
							"uv": {
								"north": {"uv": [17, 52], "uv_size": [2, 1]},
								"east": {"uv": [41, 10], "uv_size": [9, 1]},
								"south": {"uv": [52, 17], "uv_size": [2, 1]},
								"west": {"uv": [41, 11], "uv_size": [9, 1]},
								"up": {"uv": [31, 34], "uv_size": [2, 9]},
								"down": {"uv": [35, 9], "uv_size": [2, -9]}
							}
						},
						{
							"origin": [-3.06893, 6.47535, -17.46366],
							"size": [1.16185, 3.04138, 10.74017],
							"pivot": [-3.0078, 21.64187, -19.54753],
							"rotation": [82.5, 0, -180],
							"uv": {
								"north": {"uv": [7, 51], "uv_size": [1, 3]},
								"east": {"uv": [30, 20], "uv_size": [9, 3]},
								"south": {"uv": [51, 20], "uv_size": [1, 3]},
								"west": {"uv": [24, 31], "uv_size": [9, 3]},
								"up": {"uv": [40, 39], "uv_size": [1, 9]},
								"down": {"uv": [41, 48], "uv_size": [1, -9]}
							}
						},
						{
							"origin": [-4.14533, 6.47535, -17.46366],
							"size": [1.09975, 3.04138, 10.74017],
							"pivot": [-3.0078, 21.64187, -19.54753],
							"rotation": [82.5, 0, -180],
							"uv": {
								"north": {"uv": [44, 28], "uv_size": [1, 3]},
								"east": {"uv": [30, 14], "uv_size": [9, 3]},
								"south": {"uv": [39, 50], "uv_size": [1, 3]},
								"west": {"uv": [30, 17], "uv_size": [9, 3]},
								"up": {"uv": [12, 40], "uv_size": [1, 9]},
								"down": {"uv": [13, 49], "uv_size": [1, -9]}
							}
						},
						{
							"origin": [-4.06253, 9.51673, -17.46366],
							"size": [2.07265, 0.0828, 10.74017],
							"pivot": [-3.0078, 21.64187, -19.54753],
							"rotation": [82.5, 0, -180],
							"uv": {
								"north": {"uv": [52, 10], "uv_size": [2, 1]},
								"east": {"uv": [39, 37], "uv_size": [9, 1]},
								"south": {"uv": [52, 16], "uv_size": [2, 1]},
								"west": {"uv": [41, 9], "uv_size": [9, 1]},
								"up": {"uv": [27, 34], "uv_size": [2, 9]},
								"down": {"uv": [29, 43], "uv_size": [2, -9]}
							}
						}
					]
				},
				{
					"name": "Bullets",
					"parent": "gun",
					"pivot": [-3.46982, 16.53239, 4.68945],
					"rotation": [63.35107, 19.45653, 54.3531],
					"cubes": [
						{
							"origin": [-4.66391, 8.62339, 1.83457],
							"size": [1.40875, 12.42, 0.46],
							"uv": {
								"north": {"uv": [37, 39], "uv_size": [1, 11]},
								"east": {"uv": [38, 39], "uv_size": [1, 11]},
								"south": {"uv": [39, 39], "uv_size": [1, 11]},
								"west": {"uv": [7, 40], "uv_size": [1, 11]},
								"up": {"uv": [37, 60], "uv_size": [1, 1]},
								"down": {"uv": [60, 38], "uv_size": [1, -1]}
							}
						}
					]
				},
				{
					"name": "Bullet2",
					"parent": "Bullets",
					"pivot": [-2.35414, 15.63633, 3.00967],
					"cubes": [
						{
							"origin": [-4.47884, 19.73221, -0.73973],
							"size": [0.95236, 1.01236, 2.6186],
							"uv": {
								"north": {"uv": [38, 60], "uv_size": [1, 1]},
								"east": {"uv": [15, 56], "uv_size": [2, 1]},
								"south": {"uv": [60, 38], "uv_size": [1, 1]},
								"west": {"uv": [56, 16], "uv_size": [2, 1]},
								"up": {"uv": [17, 56], "uv_size": [1, 2]},
								"down": {"uv": [56, 19], "uv_size": [1, -2]}
							}
						},
						{
							"origin": [-4.47884, 18.58221, -0.73973],
							"size": [0.95236, 1.01236, 2.6186],
							"uv": {
								"north": {"uv": [39, 60], "uv_size": [1, 1]},
								"east": {"uv": [18, 56], "uv_size": [2, 1]},
								"south": {"uv": [60, 39], "uv_size": [1, 1]},
								"west": {"uv": [56, 19], "uv_size": [2, 1]},
								"up": {"uv": [20, 56], "uv_size": [1, 2]},
								"down": {"uv": [56, 22], "uv_size": [1, -2]}
							}
						},
						{
							"origin": [-4.47884, 17.43221, -0.73973],
							"size": [0.95236, 1.01236, 2.6186],
							"uv": {
								"north": {"uv": [40, 60], "uv_size": [1, 1]},
								"east": {"uv": [21, 56], "uv_size": [2, 1]},
								"south": {"uv": [60, 40], "uv_size": [1, 1]},
								"west": {"uv": [56, 22], "uv_size": [2, 1]},
								"up": {"uv": [23, 56], "uv_size": [1, 2]},
								"down": {"uv": [56, 25], "uv_size": [1, -2]}
							}
						},
						{
							"origin": [-4.47884, 16.28221, -0.73973],
							"size": [0.95236, 1.01236, 2.6186],
							"uv": {
								"north": {"uv": [41, 60], "uv_size": [1, 1]},
								"east": {"uv": [24, 56], "uv_size": [2, 1]},
								"south": {"uv": [60, 41], "uv_size": [1, 1]},
								"west": {"uv": [56, 25], "uv_size": [2, 1]},
								"up": {"uv": [26, 56], "uv_size": [1, 2]},
								"down": {"uv": [56, 28], "uv_size": [1, -2]}
							}
						},
						{
							"origin": [-4.47884, 15.13221, -0.73973],
							"size": [0.95236, 1.01236, 2.6186],
							"uv": {
								"north": {"uv": [42, 60], "uv_size": [1, 1]},
								"east": {"uv": [27, 56], "uv_size": [2, 1]},
								"south": {"uv": [60, 42], "uv_size": [1, 1]},
								"west": {"uv": [56, 28], "uv_size": [2, 1]},
								"up": {"uv": [29, 56], "uv_size": [1, 2]},
								"down": {"uv": [56, 31], "uv_size": [1, -2]}
							}
						},
						{
							"origin": [-4.47884, 13.98221, -0.73973],
							"size": [0.95236, 1.01236, 2.6186],
							"uv": {
								"north": {"uv": [43, 60], "uv_size": [1, 1]},
								"east": {"uv": [30, 56], "uv_size": [2, 1]},
								"south": {"uv": [60, 43], "uv_size": [1, 1]},
								"west": {"uv": [56, 31], "uv_size": [2, 1]},
								"up": {"uv": [32, 56], "uv_size": [1, 2]},
								"down": {"uv": [56, 34], "uv_size": [1, -2]}
							}
						},
						{
							"origin": [-4.47884, 12.83221, -0.73973],
							"size": [0.95236, 1.01236, 2.6186],
							"uv": {
								"north": {"uv": [44, 60], "uv_size": [1, 1]},
								"east": {"uv": [33, 56], "uv_size": [2, 1]},
								"south": {"uv": [60, 44], "uv_size": [1, 1]},
								"west": {"uv": [56, 34], "uv_size": [2, 1]},
								"up": {"uv": [35, 56], "uv_size": [1, 2]},
								"down": {"uv": [36, 58], "uv_size": [1, -2]}
							}
						},
						{
							"origin": [-4.47884, 11.68221, -0.73973],
							"size": [0.95236, 1.01236, 2.6186],
							"uv": {
								"north": {"uv": [45, 60], "uv_size": [1, 1]},
								"east": {"uv": [56, 36], "uv_size": [2, 1]},
								"south": {"uv": [60, 45], "uv_size": [1, 1]},
								"west": {"uv": [37, 56], "uv_size": [2, 1]},
								"up": {"uv": [56, 37], "uv_size": [1, 2]},
								"down": {"uv": [41, 58], "uv_size": [1, -2]}
							}
						},
						{
							"origin": [-4.47884, 10.53221, -0.73973],
							"size": [0.95236, 1.01236, 2.6186],
							"uv": {
								"north": {"uv": [46, 60], "uv_size": [1, 1]},
								"east": {"uv": [56, 40], "uv_size": [2, 1]},
								"south": {"uv": [60, 46], "uv_size": [1, 1]},
								"west": {"uv": [42, 56], "uv_size": [2, 1]},
								"up": {"uv": [44, 56], "uv_size": [1, 2]},
								"down": {"uv": [45, 58], "uv_size": [1, -2]}
							}
						},
						{
							"origin": [-4.47884, 9.38221, -0.73973],
							"size": [0.95236, 1.01236, 2.6186],
							"uv": {
								"north": {"uv": [47, 60], "uv_size": [1, 1]},
								"east": {"uv": [56, 43], "uv_size": [2, 1]},
								"south": {"uv": [60, 47], "uv_size": [1, 1]},
								"west": {"uv": [46, 56], "uv_size": [2, 1]},
								"up": {"uv": [56, 46], "uv_size": [1, 2]},
								"down": {"uv": [48, 58], "uv_size": [1, -2]}
							}
						}
					]
				},
				{
					"name": "rightarm",
					"parent": "main",
					"pivot": [-3.98534, 15.74371, 1.01824],
					"rotation": [-101.81106, -12.40003, -2.46982],
					"cubes": [
						{
							"origin": [-8.67334, 5.80771, -2.29376],
							"size": [8, 24, 8],
							"uv": {
								"north": {"uv": [0, 0], "uv_size": [6, 17]},
								"east": {"uv": [6, 0], "uv_size": [6, 17]},
								"south": {"uv": [12, 0], "uv_size": [6, 17]},
								"west": {"uv": [0, 17], "uv_size": [6, 17]},
								"up": {"uv": [24, 0], "uv_size": [6, 6]},
								"down": {"uv": [24, 12], "uv_size": [6, -6]}
							}
						}
					]
				},
				{
					"name": "leftarm",
					"parent": "main",
					"pivot": [2.91168, 13.36624, 1.36487],
					"rotation": [-119.61483, 1.67666, -38.31282],
					"cubes": [
						{
							"origin": [-1.77632, 3.43024, -1.94713],
							"size": [8, 24, 8],
							"uv": {
								"north": {"uv": [6, 17], "uv_size": [6, 17]},
								"east": {"uv": [12, 17], "uv_size": [6, 17]},
								"south": {"uv": [18, 0], "uv_size": [6, 17]},
								"west": {"uv": [18, 17], "uv_size": [6, 17]},
								"up": {"uv": [24, 12], "uv_size": [6, 6]},
								"down": {"uv": [24, 24], "uv_size": [6, -6]}
							}
						}
					]
				},
				{
					"name": "muzzleflash",
					"parent": "main",
					"pivot": [-3.07125, 28.24625, -38.1225],
					"cubes": [
						{
							"origin": [-3.57125, 27.74625, -38.6225],
							"size": [1, 1, 1],
							"inflate": -0.4,
							"uv": {
								"north": {"uv": [7, 52], "uv_size": [1, 1]},
								"east": {"uv": [52, 7], "uv_size": [1, 1]},
								"south": {"uv": [8, 52], "uv_size": [1, 1]},
								"west": {"uv": [52, 8], "uv_size": [1, 1]},
								"up": {"uv": [9, 52], "uv_size": [1, 1]},
								"down": {"uv": [52, 10], "uv_size": [1, -1]}
							}
						}
					]
				},
				{
					"name": "scope",
					"parent": "main",
					"pivot": [-3, 29.6361, -1.7892],
					"cubes": [
						{
							"origin": [-3.5, 29.1361, -2.2892],
							"size": [1, 1, 1],
							"inflate": -0.4,
							"uv": {
								"north": {"uv": [34, 8], "uv_size": [1, 1]},
								"east": {"uv": [20, 42], "uv_size": [1, 1]},
								"south": {"uv": [35, 42], "uv_size": [1, 1]},
								"west": {"uv": [38, 42], "uv_size": [1, 1]},
								"up": {"uv": [8, 43], "uv_size": [1, 1]},
								"down": {"uv": [47, 36], "uv_size": [1, -1]}
							}
						}
					]
				},
				{
					"name": "Teuing2",
					"parent": "main",
					"pivot": [0.00073, 20.57508, -11.63576],
					"rotation": [-90, 0, 0],
					"cubes": [
						{
							"origin": [-4.27578, 18.07528, -8.42912],
							"size": [2.55156, 0.88648, 0.27854],
							"pivot": [-0.0078, 12.66331, -12.70255],
							"rotation": [45, 0, 0],
							"uv": {
								"north": {"uv": [52, 18], "uv_size": [2, 1]},
								"east": {"uv": [57, 14], "uv_size": [1, 1]},
								"south": {"uv": [19, 52], "uv_size": [2, 1]},
								"west": {"uv": [15, 57], "uv_size": [1, 1]},
								"up": {"uv": [52, 19], "uv_size": [2, 1]},
								"down": {"uv": [52, 21], "uv_size": [2, -1]}
							}
						},
						{
							"origin": [-4.27578, 20.11769, -11.16473],
							"size": [2.55156, 0.88648, 0.27854],
							"pivot": [-0.0078, 12.66331, -12.70255],
							"rotation": [22.5, 0, 0],
							"uv": {
								"north": {"uv": [21, 52], "uv_size": [2, 1]},
								"east": {"uv": [57, 15], "uv_size": [1, 1]},
								"south": {"uv": [52, 21], "uv_size": [2, 1]},
								"west": {"uv": [16, 57], "uv_size": [1, 1]},
								"up": {"uv": [52, 22], "uv_size": [2, 1]},
								"down": {"uv": [23, 53], "uv_size": [2, -1]}
							}
						},
						{
							"origin": [-4.27578, 20.95776, -14.47369],
							"size": [2.55156, 0.88648, 0.27854],
							"uv": {
								"north": {"uv": [52, 23], "uv_size": [2, 1]},
								"east": {"uv": [57, 17], "uv_size": [1, 1]},
								"south": {"uv": [52, 24], "uv_size": [2, 1]},
								"west": {"uv": [18, 57], "uv_size": [1, 1]},
								"up": {"uv": [25, 52], "uv_size": [2, 1]},
								"down": {"uv": [52, 26], "uv_size": [2, -1]}
							}
						},
						{
							"origin": [-4.27578, 20.46759, -17.85226],
							"size": [2.55156, 0.88648, 0.27854],
							"pivot": [-0.0078, 12.66331, -12.70255],
							"rotation": [-22.5, 0, 0],
							"uv": {
								"north": {"uv": [27, 52], "uv_size": [2, 1]},
								"east": {"uv": [57, 18], "uv_size": [1, 1]},
								"south": {"uv": [29, 52], "uv_size": [2, 1]},
								"west": {"uv": [19, 57], "uv_size": [1, 1]},
								"up": {"uv": [31, 52], "uv_size": [2, 1]},
								"down": {"uv": [35, 53], "uv_size": [2, -1]}
							}
						},
						{
							"origin": [-4.27578, 18.72182, -20.78608],
							"size": [2.55156, 0.88648, 0.27854],
							"pivot": [-0.0078, 12.66331, -12.70255],
							"rotation": [-45, 0, 0],
							"uv": {
								"north": {"uv": [52, 35], "uv_size": [2, 1]},
								"east": {"uv": [57, 20], "uv_size": [1, 1]},
								"south": {"uv": [52, 36], "uv_size": [2, 1]},
								"west": {"uv": [21, 57], "uv_size": [1, 1]},
								"up": {"uv": [37, 52], "uv_size": [2, 1]},
								"down": {"uv": [52, 39], "uv_size": [2, -1]}
							}
						},
						{
							"origin": [-4.27578, 18.07528, -4.25103],
							"size": [2.55156, 0.88648, 0.27854],
							"pivot": [-0.0078, 12.66331, -12.70255],
							"rotation": [45, 0, 0],
							"uv": {
								"north": {"uv": [52, 39], "uv_size": [2, 1]},
								"east": {"uv": [57, 21], "uv_size": [1, 1]},
								"south": {"uv": [52, 40], "uv_size": [2, 1]},
								"west": {"uv": [22, 57], "uv_size": [1, 1]},
								"up": {"uv": [52, 41], "uv_size": [2, 1]},
								"down": {"uv": [52, 43], "uv_size": [2, -1]}
							}
						},
						{
							"origin": [-4.27578, 20.11769, -6.98664],
							"size": [2.55156, 0.88648, 0.27854],
							"pivot": [-0.0078, 12.66331, -12.70255],
							"rotation": [22.5, 0, 0],
							"uv": {
								"north": {"uv": [43, 52], "uv_size": [2, 1]},
								"east": {"uv": [57, 23], "uv_size": [1, 1]},
								"south": {"uv": [52, 43], "uv_size": [2, 1]},
								"west": {"uv": [24, 57], "uv_size": [1, 1]},
								"up": {"uv": [49, 52], "uv_size": [2, 1]},
								"down": {"uv": [52, 50], "uv_size": [2, -1]}
							}
						},
						{
							"origin": [-4.27578, 20.95776, -10.29561],
							"size": [2.55156, 0.88648, 0.27854],
							"uv": {
								"north": {"uv": [52, 50], "uv_size": [2, 1]},
								"east": {"uv": [57, 24], "uv_size": [1, 1]},
								"south": {"uv": [51, 52], "uv_size": [2, 1]},
								"west": {"uv": [25, 57], "uv_size": [1, 1]},
								"up": {"uv": [52, 51], "uv_size": [2, 1]},
								"down": {"uv": [53, 1], "uv_size": [2, -1]}
							}
						},
						{
							"origin": [-4.27578, 20.46759, -13.67417],
							"size": [2.55156, 0.88648, 0.27854],
							"pivot": [-0.0078, 12.66331, -12.70255],
							"rotation": [-22.5, 0, 0],
							"uv": {
								"north": {"uv": [53, 1], "uv_size": [2, 1]},
								"east": {"uv": [57, 26], "uv_size": [1, 1]},
								"south": {"uv": [53, 2], "uv_size": [2, 1]},
								"west": {"uv": [27, 57], "uv_size": [1, 1]},
								"up": {"uv": [53, 3], "uv_size": [2, 1]},
								"down": {"uv": [53, 5], "uv_size": [2, -1]}
							}
						},
						{
							"origin": [-4.27578, 18.72182, -16.60799],
							"size": [2.55156, 0.88648, 0.27854],
							"pivot": [-0.0078, 12.66331, -12.70255],
							"rotation": [-45, 0, 0],
							"uv": {
								"north": {"uv": [53, 5], "uv_size": [2, 1]},
								"east": {"uv": [57, 27], "uv_size": [1, 1]},
								"south": {"uv": [53, 6], "uv_size": [2, 1]},
								"west": {"uv": [28, 57], "uv_size": [1, 1]},
								"up": {"uv": [53, 7], "uv_size": [2, 1]},
								"down": {"uv": [8, 54], "uv_size": [2, -1]}
							}
						},
						{
							"origin": [-4.27578, 18.33261, -9.37965],
							"size": [2.55156, 0.27854, 0.88648],
							"pivot": [-0.0078, 12.66331, -12.70255],
							"rotation": [22.5, 0, 0],
							"uv": {
								"north": {"uv": [53, 8], "uv_size": [2, 1]},
								"east": {"uv": [57, 29], "uv_size": [1, 1]},
								"south": {"uv": [53, 12], "uv_size": [2, 1]},
								"west": {"uv": [30, 57], "uv_size": [1, 1]},
								"up": {"uv": [53, 13], "uv_size": [2, 1]},
								"down": {"uv": [17, 54], "uv_size": [2, -1]}
							}
						},
						{
							"origin": [-4.27578, 19.17268, -12.68862],
							"size": [2.55156, 0.27854, 0.88648],
							"uv": {
								"north": {"uv": [19, 53], "uv_size": [2, 1]},
								"east": {"uv": [57, 30], "uv_size": [1, 1]},
								"south": {"uv": [21, 53], "uv_size": [2, 1]},
								"west": {"uv": [31, 57], "uv_size": [1, 1]},
								"up": {"uv": [23, 53], "uv_size": [2, 1]},
								"down": {"uv": [25, 54], "uv_size": [2, -1]}
							}
						},
						{
							"origin": [-4.27578, 18.68252, -16.06719],
							"size": [2.55156, 0.27854, 0.88648],
							"pivot": [-0.0078, 12.66331, -12.70255],
							"rotation": [-22.5, 0, 0],
							"uv": {
								"north": {"uv": [27, 53], "uv_size": [2, 1]},
								"east": {"uv": [57, 32], "uv_size": [1, 1]},
								"south": {"uv": [29, 53], "uv_size": [2, 1]},
								"west": {"uv": [33, 57], "uv_size": [1, 1]},
								"up": {"uv": [31, 53], "uv_size": [2, 1]},
								"down": {"uv": [53, 34], "uv_size": [2, -1]}
							}
						},
						{
							"origin": [-4.27578, 22.5107, -9.37965],
							"size": [2.55156, 0.27854, 0.88648],
							"pivot": [-0.0078, 12.66331, -12.70255],
							"rotation": [22.5, 0, 0],
							"uv": {
								"north": {"uv": [35, 53], "uv_size": [2, 1]},
								"east": {"uv": [57, 33], "uv_size": [1, 1]},
								"south": {"uv": [37, 53], "uv_size": [2, 1]},
								"west": {"uv": [34, 57], "uv_size": [1, 1]},
								"up": {"uv": [53, 37], "uv_size": [2, 1]},
								"down": {"uv": [39, 54], "uv_size": [2, -1]}
							}
						},
						{
							"origin": [-4.27578, 23.35077, -12.68862],
							"size": [2.55156, 0.27854, 0.88648],
							"uv": {
								"north": {"uv": [41, 53], "uv_size": [2, 1]},
								"east": {"uv": [57, 35], "uv_size": [1, 1]},
								"south": {"uv": [43, 53], "uv_size": [2, 1]},
								"west": {"uv": [37, 57], "uv_size": [1, 1]},
								"up": {"uv": [53, 48], "uv_size": [2, 1]},
								"down": {"uv": [49, 54], "uv_size": [2, -1]}
							}
						},
						{
							"origin": [-4.27578, 22.86061, -16.06719],
							"size": [2.55156, 0.27854, 0.88648],
							"pivot": [-0.0078, 12.66331, -12.70255],
							"rotation": [-22.5, 0, 0],
							"uv": {
								"north": {"uv": [51, 53], "uv_size": [2, 1]},
								"east": {"uv": [57, 37], "uv_size": [1, 1]},
								"south": {"uv": [53, 52], "uv_size": [2, 1]},
								"west": {"uv": [38, 57], "uv_size": [1, 1]},
								"up": {"uv": [53, 53], "uv_size": [2, 1]},
								"down": {"uv": [2, 55], "uv_size": [2, -1]}
							}
						}
					]
				},
				{
					"name": "trigger",
					"parent": "Teuing2",
					"pivot": [0.00236, 22.76269, -13.83574],
					"cubes": [
						{
							"origin": [2.57298, 2.90578, -16.48016],
							"size": [0.86709, 0.4298, 1.65475],
							"inflate": 0.002,
							"pivot": [-0.0078, 12.66331, -12.70255],
							"rotation": [15.99478, -0.01644, -179.85675],
							"uv": {
								"north": {"uv": [51, 56], "uv_size": [1, 1]},
								"east": {"uv": [56, 51], "uv_size": [1, 1]},
								"south": {"uv": [56, 52], "uv_size": [1, 1]},
								"west": {"uv": [56, 53], "uv_size": [1, 1]},
								"up": {"uv": [54, 56], "uv_size": [1, 1]},
								"down": {"uv": [56, 55], "uv_size": [1, -1]}
							}
						},
						{
							"origin": [2.57298, 3.99523, -17.65799],
							"size": [0.86709, 0.41222, 0.98435],
							"inflate": 0.002,
							"pivot": [-0.0078, 12.66331, -12.70255],
							"rotation": [33.49478, -0.01644, -179.85675],
							"uv": {
								"north": {"uv": [55, 56], "uv_size": [1, 1]},
								"east": {"uv": [56, 55], "uv_size": [1, 1]},
								"south": {"uv": [56, 56], "uv_size": [1, 1]},
								"west": {"uv": [0, 57], "uv_size": [1, 1]},
								"up": {"uv": [57, 0], "uv_size": [1, 1]},
								"down": {"uv": [1, 58], "uv_size": [1, -1]}
							}
						}
					]
				},
				{
					"name": "Bullet",
					"parent": "main",
					"pivot": [0.08705, 26.99739, -17.50555],
					"cubes": [
						{
							"origin": [-3.38913, 26.49121, -18.81486],
							"size": [0.95236, 1.01236, 2.6186],
							"uv": {
								"north": {"uv": [36, 60], "uv_size": [1, 1]},
								"east": {"uv": [56, 10], "uv_size": [2, 1]},
								"south": {"uv": [60, 36], "uv_size": [1, 1]},
								"west": {"uv": [56, 11], "uv_size": [2, 1]},
								"up": {"uv": [56, 12], "uv_size": [1, 2]},
								"down": {"uv": [56, 16], "uv_size": [1, -2]}
							}
						}
					]
				}
			]
		}
	]
}