{
	"format_version": "1.12.0",
	"minecraft:geometry": [
		{
			"description": {
				"identifier": "geometry.unknown",
				"texture_width": 128,
				"texture_height": 128,
				"visible_bounds_width": 10,
				"visible_bounds_height": 4,
				"visible_bounds_offset": [0, 1, 0]
			},
			"bones": [
				{
					"name": "main",
					"pivot": [0, 20, 4]
				},
				{
					"name": "gun",
					"parent": "main",
					"pivot": [1, 11, 3]
				},
				{
					"name": "Stock",
					"parent": "gun",
					"pivot": [-2.51815, 16.13784, 24.11459],
					"cubes": [
						{
							"origin": [-4.10924, 11.60131, 12.39014],
							"size": [1.51391, 4.27884, 25.98281],
							"pivot": [-2.528, 12.56693, 19.21598],
							"rotation": [16, 0, -180],
							"uv": {
								"north": {"uv": [93, 82], "uv_size": [2, 4]},
								"east": {"uv": [32, 16], "uv_size": [26, 4]},
								"south": {"uv": [88, 93], "uv_size": [2, 4]},
								"west": {"uv": [32, 20], "uv_size": [26, 4]},
								"up": {"uv": [48, 52], "uv_size": [2, 26]},
								"down": {"uv": [50, 78], "uv_size": [2, -26]}
							}
						},
						{
							"origin": [-4.05514, 5.71971, 13.53276],
							"size": [1.51391, 3.74284, 25.23006],
							"pivot": [-2.528, 12.56693, 19.21598],
							"rotation": [1, 0, -180],
							"uv": {
								"north": {"uv": [93, 89], "uv_size": [2, 4]},
								"east": {"uv": [32, 32], "uv_size": [25, 4]},
								"south": {"uv": [93, 93], "uv_size": [2, 4]},
								"west": {"uv": [32, 36], "uv_size": [25, 4]},
								"up": {"uv": [30, 56], "uv_size": [2, 25]},
								"down": {"uv": [58, 41], "uv_size": [2, -25]}
							}
						},
						{
							"origin": [-4.05514, 9.46255, 11.91276],
							"size": [1.51391, 4.41284, 26.85006],
							"pivot": [-2.528, 12.56693, 19.21598],
							"rotation": [1, 0, -180],
							"uv": {
								"north": {"uv": [94, 6], "uv_size": [2, 4]},
								"east": {"uv": [32, 0], "uv_size": [27, 4]},
								"south": {"uv": [94, 10], "uv_size": [2, 4]},
								"west": {"uv": [32, 4], "uv_size": [27, 4]},
								"up": {"uv": [32, 52], "uv_size": [2, 27]},
								"down": {"uv": [34, 79], "uv_size": [2, -27]}
							}
						},
						{
							"origin": [-4.05514, 13.87539, 25.37676],
							"size": [1.51391, 3.74484, 13.38606],
							"pivot": [-2.528, 12.56693, 19.21598],
							"rotation": [1, 0, -180],
							"uv": {
								"north": {"uv": [32, 94], "uv_size": [2, 4]},
								"east": {"uv": [52, 52], "uv_size": [13, 4]},
								"south": {"uv": [34, 94], "uv_size": [2, 4]},
								"west": {"uv": [0, 56], "uv_size": [13, 4]},
								"up": {"uv": [82, 6], "uv_size": [2, 13]},
								"down": {"uv": [13, 95], "uv_size": [2, -13]}
							}
						},
						{
							"origin": [-4.10924, 17.61823, 36.86267],
							"size": [1.56801, 3.10721, 1.90015],
							"pivot": [-2.528, 12.56693, 19.21598],
							"rotation": [1, 0, -180],
							"uv": {
								"north": {"uv": [96, 34], "uv_size": [2, 3]},
								"east": {"uv": [96, 68], "uv_size": [2, 3]},
								"south": {"uv": [96, 79], "uv_size": [2, 3]},
								"west": {"uv": [97, 52], "uv_size": [2, 3]},
								"up": {"uv": [100, 90], "uv_size": [2, 2]},
								"down": {"uv": [100, 94], "uv_size": [2, -2]}
							}
						},
						{
							"origin": [-4.10924, 5.71971, 38.76281],
							"size": [1.56801, 15.00573, 2.06006],
							"pivot": [-2.528, 12.56693, 19.21598],
							"rotation": [1, 0, -180],
							"uv": {
								"north": {"uv": [77, 68], "uv_size": [2, 15]},
								"east": {"uv": [78, 6], "uv_size": [2, 15]},
								"south": {"uv": [48, 78], "uv_size": [2, 15]},
								"west": {"uv": [50, 78], "uv_size": [2, 15]},
								"up": {"uv": [93, 100], "uv_size": [2, 2]},
								"down": {"uv": [100, 96], "uv_size": [2, -2]}
							}
						},
						{
							"origin": [-4.1472, 10.26205, -0.18055],
							"size": [1.58983, 3.82907, 13.58215],
							"pivot": [-2.54698, 15.80547, 4.69248],
							"rotation": [27.5, 0, -180],
							"uv": {
								"north": {"uv": [36, 94], "uv_size": [2, 4]},
								"east": {"uv": [32, 48], "uv_size": [14, 4]},
								"south": {"uv": [38, 94], "uv_size": [2, 4]},
								"west": {"uv": [46, 48], "uv_size": [14, 4]},
								"up": {"uv": [40, 79], "uv_size": [2, 14]},
								"down": {"uv": [42, 93], "uv_size": [2, -14]}
							}
						},
						{
							"origin": [-2.50063, 13.66294, 0.14267],
							"size": [1.5179, 3.486, 13.25137],
							"pivot": [-2.54698, 16.42638, 5.01571],
							"rotation": [27.5, 0, -180],
							"uv": {
								"north": {"uv": [71, 97], "uv_size": [2, 3]},
								"east": {"uv": [62, 18], "uv_size": [13, 3]},
								"south": {"uv": [97, 82], "uv_size": [2, 3]},
								"west": {"uv": [62, 21], "uv_size": [13, 3]},
								"up": {"uv": [79, 82], "uv_size": [2, 13]},
								"down": {"uv": [82, 94], "uv_size": [2, -13]}
							}
						},
						{
							"origin": [-2.55063, 12.81703, -0.18056],
							"size": [1.5179, 3.486, 13.92637],
							"pivot": [-2.54698, 15.58047, 4.69248],
							"rotation": [38, 0, -180],
							"uv": {
								"north": {"uv": [34, 98], "uv_size": [2, 3]},
								"east": {"uv": [62, 12], "uv_size": [14, 3]},
								"south": {"uv": [98, 34], "uv_size": [2, 3]},
								"west": {"uv": [62, 15], "uv_size": [14, 3]},
								"up": {"uv": [79, 68], "uv_size": [2, 14]},
								"down": {"uv": [80, 20], "uv_size": [2, -14]}
							}
						},
						{
							"origin": [-4.0972, 12.21703, -0.58056],
							"size": [1.54657, 4.086, 14.32637],
							"pivot": [-2.54698, 15.58047, 4.69248],
							"rotation": [38, 0, -180],
							"uv": {
								"north": {"uv": [98, 12], "uv_size": [2, 3]},
								"east": {"uv": [62, 6], "uv_size": [14, 3]},
								"south": {"uv": [32, 98], "uv_size": [2, 3]},
								"west": {"uv": [62, 9], "uv_size": [14, 3]},
								"up": {"uv": [44, 79], "uv_size": [2, 14]},
								"down": {"uv": [46, 93], "uv_size": [2, -14]}
							}
						},
						{
							"origin": [-2.59533, 11.60131, 12.19289],
							"size": [1.59383, 4.27884, 26.18006],
							"pivot": [-2.528, 12.56693, 19.21598],
							"rotation": [16, 0, -180],
							"uv": {
								"north": {"uv": [82, 94], "uv_size": [2, 4]},
								"east": {"uv": [32, 24], "uv_size": [26, 4]},
								"south": {"uv": [90, 94], "uv_size": [2, 4]},
								"west": {"uv": [32, 28], "uv_size": [26, 4]},
								"up": {"uv": [13, 56], "uv_size": [2, 26]},
								"down": {"uv": [15, 82], "uv_size": [2, -26]}
							}
						},
						{
							"origin": [-2.54123, 5.71971, 13.53276],
							"size": [1.53972, 3.74284, 25.23006],
							"pivot": [-2.528, 12.56693, 19.21598],
							"rotation": [1, 0, -180],
							"uv": {
								"north": {"uv": [13, 95], "uv_size": [2, 4]},
								"east": {"uv": [32, 40], "uv_size": [25, 4]},
								"south": {"uv": [15, 95], "uv_size": [2, 4]},
								"west": {"uv": [32, 44], "uv_size": [25, 4]},
								"up": {"uv": [0, 60], "uv_size": [2, 25]},
								"down": {"uv": [60, 25], "uv_size": [2, -25]}
							}
						},
						{
							"origin": [-2.54123, 4.95875, 13.54445],
							"size": [1.00696, 1.15431, 27.27356],
							"pivot": [-2.528, 12.56693, 19.21598],
							"rotation": [1, 0, -180],
							"uv": {
								"north": {"uv": [105, 1], "uv_size": [1, 1]},
								"east": {"uv": [69, 34], "uv_size": [27, 1]},
								"south": {"uv": [105, 2], "uv_size": [1, 1]},
								"west": {"uv": [69, 35], "uv_size": [27, 1]},
								"up": {"uv": [60, 65], "uv_size": [1, 27]},
								"down": {"uv": [30, 108], "uv_size": [1, -27]}
							}
						},
						{
							"origin": [-3.52238, 4.95875, 13.54445],
							"size": [0.98115, 1.15431, 27.27356],
							"pivot": [-2.528, 12.56693, 19.21598],
							"rotation": [1, 0, -180],
							"uv": {
								"north": {"uv": [105, 3], "uv_size": [1, 1]},
								"east": {"uv": [69, 36], "uv_size": [27, 1]},
								"south": {"uv": [105, 4], "uv_size": [1, 1]},
								"west": {"uv": [69, 37], "uv_size": [27, 1]},
								"up": {"uv": [31, 81], "uv_size": [1, 27]},
								"down": {"uv": [81, 95], "uv_size": [1, -27]}
							}
						},
						{
							"origin": [1.11017, 6.90466, 13.54445],
							"size": [1.53972, 0.92884, 27.27356],
							"pivot": [-2.528, 12.56693, 19.21598],
							"rotation": [0.81918, -0.57356, -145.0041],
							"uv": {
								"north": {"uv": [102, 99], "uv_size": [2, 1]},
								"east": {"uv": [69, 38], "uv_size": [27, 1]},
								"south": {"uv": [100, 102], "uv_size": [2, 1]},
								"west": {"uv": [78, 21], "uv_size": [27, 1]},
								"up": {"uv": [36, 52], "uv_size": [2, 27]},
								"down": {"uv": [38, 79], "uv_size": [2, -27]}
							}
						},
						{
							"origin": [-7.70642, 6.90502, 13.54445],
							"size": [1.51391, 0.92884, 27.27356],
							"pivot": [-2.528, 12.56693, 19.21598],
							"rotation": [0.81918, 0.57356, 145.0041],
							"uv": {
								"north": {"uv": [102, 100], "uv_size": [2, 1]},
								"east": {"uv": [78, 22], "uv_size": [27, 1]},
								"south": {"uv": [102, 101], "uv_size": [2, 1]},
								"west": {"uv": [78, 23], "uv_size": [27, 1]},
								"up": {"uv": [40, 52], "uv_size": [2, 27]},
								"down": {"uv": [42, 79], "uv_size": [2, -27]}
							}
						},
						{
							"origin": [-2.54123, 9.46255, 11.91276],
							"size": [1.53972, 4.41284, 26.85006],
							"pivot": [-2.528, 12.56693, 19.21598],
							"rotation": [1, 0, -180],
							"uv": {
								"north": {"uv": [79, 95], "uv_size": [2, 4]},
								"east": {"uv": [32, 8], "uv_size": [27, 4]},
								"south": {"uv": [95, 82], "uv_size": [2, 4]},
								"west": {"uv": [32, 12], "uv_size": [27, 4]},
								"up": {"uv": [44, 52], "uv_size": [2, 27]},
								"down": {"uv": [46, 79], "uv_size": [2, -27]}
							}
						},
						{
							"origin": [-2.54123, 13.87539, 25.37676],
							"size": [1.53972, 3.74484, 13.38606],
							"pivot": [-2.528, 12.56693, 19.21598],
							"rotation": [1, 0, -180],
							"uv": {
								"north": {"uv": [95, 89], "uv_size": [2, 4]},
								"east": {"uv": [17, 56], "uv_size": [13, 4]},
								"south": {"uv": [95, 93], "uv_size": [2, 4]},
								"west": {"uv": [52, 56], "uv_size": [13, 4]},
								"up": {"uv": [15, 82], "uv_size": [2, 13]},
								"down": {"uv": [82, 81], "uv_size": [2, -13]}
							}
						},
						{
							"origin": [-2.59533, 17.61823, 36.86267],
							"size": [1.59383, 3.10721, 1.90015],
							"pivot": [-2.528, 12.56693, 19.21598],
							"rotation": [1, 0, -180],
							"uv": {
								"north": {"uv": [97, 55], "uv_size": [2, 3]},
								"east": {"uv": [65, 97], "uv_size": [2, 3]},
								"south": {"uv": [67, 97], "uv_size": [2, 3]},
								"west": {"uv": [69, 97], "uv_size": [2, 3]},
								"up": {"uv": [95, 100], "uv_size": [2, 2]},
								"down": {"uv": [100, 98], "uv_size": [2, -2]}
							}
						},
						{
							"origin": [-2.59533, 5.71971, 38.76281],
							"size": [1.59383, 15.00573, 2.06006],
							"pivot": [-2.528, 12.56693, 19.21598],
							"rotation": [1, 0, -180],
							"uv": {
								"north": {"uv": [32, 79], "uv_size": [2, 15]},
								"east": {"uv": [34, 79], "uv_size": [2, 15]},
								"south": {"uv": [36, 79], "uv_size": [2, 15]},
								"west": {"uv": [38, 79], "uv_size": [2, 15]},
								"up": {"uv": [100, 98], "uv_size": [2, 2]},
								"down": {"uv": [100, 102], "uv_size": [2, -2]}
							}
						},
						{
							"origin": [-2.63257, 10.26205, -0.18055],
							"size": [1.64984, 2.77998, 13.25137],
							"pivot": [-2.54698, 15.80547, 4.69248],
							"rotation": [27.5, 0, -180],
							"uv": {
								"north": {"uv": [88, 97], "uv_size": [2, 3]},
								"east": {"uv": [65, 52], "uv_size": [13, 3]},
								"south": {"uv": [97, 89], "uv_size": [2, 3]},
								"west": {"uv": [65, 55], "uv_size": [13, 3]},
								"up": {"uv": [77, 83], "uv_size": [2, 13]},
								"down": {"uv": [84, 19], "uv_size": [2, -13]}
							}
						},
						{
							"origin": [-4.0972, 7.68705, 12.21945],
							"size": [1.53983, 3.82907, 3.38215],
							"pivot": [-2.54698, 13.23047, 11.99248],
							"rotation": [-12.5, 0, -180],
							"uv": {
								"north": {"uv": [96, 6], "uv_size": [2, 4]},
								"east": {"uv": [90, 79], "uv_size": [3, 4]},
								"south": {"uv": [96, 10], "uv_size": [2, 4]},
								"west": {"uv": [90, 83], "uv_size": [3, 4]},
								"up": {"uv": [98, 6], "uv_size": [2, 3]},
								"down": {"uv": [98, 12], "uv_size": [2, -3]}
							}
						},
						{
							"origin": [-2.63257, 7.68705, 12.21945],
							"size": [1.59984, 2.77998, 3.05137],
							"pivot": [-2.54698, 13.23047, 11.99248],
							"rotation": [-12.5, 0, -180],
							"uv": {
								"north": {"uv": [97, 92], "uv_size": [2, 3]},
								"east": {"uv": [93, 68], "uv_size": [3, 3]},
								"south": {"uv": [93, 97], "uv_size": [2, 3]},
								"west": {"uv": [93, 79], "uv_size": [3, 3]},
								"up": {"uv": [95, 97], "uv_size": [2, 3]},
								"down": {"uv": [97, 98], "uv_size": [2, -3]}
							}
						}
					]
				},
				{
					"name": "Frame",
					"parent": "gun",
					"pivot": [-2, 23, -2],
					"cubes": [
						{
							"origin": [-2.0914, 18.93253, -3.38103],
							"size": [1.14964, 5.06088, 3.09697],
							"pivot": [-2.5265, 22.19326, -3.1486],
							"rotation": [22.5, 0, -180],
							"uv": {
								"north": {"uv": [48, 98], "uv_size": [1, 5]},
								"east": {"uv": [85, 85], "uv_size": [3, 5]},
								"south": {"uv": [49, 98], "uv_size": [1, 5]},
								"west": {"uv": [86, 6], "uv_size": [3, 5]},
								"up": {"uv": [101, 86], "uv_size": [1, 3]},
								"down": {"uv": [51, 105], "uv_size": [1, -3]}
							}
						},
						{
							"origin": [-4.10609, 18.93253, -3.38103],
							"size": [1.18969, 5.06088, 3.09697],
							"pivot": [-2.5265, 22.19326, -3.1486],
							"rotation": [22.5, 0, -180],
							"uv": {
								"north": {"uv": [59, 11], "uv_size": [1, 5]},
								"east": {"uv": [85, 75], "uv_size": [3, 5]},
								"south": {"uv": [47, 98], "uv_size": [1, 5]},
								"west": {"uv": [85, 80], "uv_size": [3, 5]},
								"up": {"uv": [85, 101], "uv_size": [1, 3]},
								"down": {"uv": [86, 104], "uv_size": [1, -3]}
							}
						},
						{
							"origin": [-2.49579, 18.93253, -1.70603],
							"size": [0.825, 5.06088, 1.42197],
							"pivot": [-2.31619, 22.19326, -3.1486],
							"rotation": [22.5, 0, -180],
							"uv": {
								"north": {"uv": [80, 99], "uv_size": [1, 5]},
								"east": {"uv": [99, 89], "uv_size": [1, 5]},
								"south": {"uv": [92, 99], "uv_size": [1, 5]},
								"west": {"uv": [99, 94], "uv_size": [1, 5]},
								"up": {"uv": [107, 38], "uv_size": [1, 1]},
								"down": {"uv": [39, 108], "uv_size": [1, -1]}
							}
						},
						{
							"origin": [-2.49579, 18.93253, -3.60603],
							"size": [0.825, 1.66088, 1.42197],
							"pivot": [-2.31619, 22.19326, -5.0486],
							"rotation": [22.5, 0, -180],
							"uv": {
								"north": {"uv": [74, 103], "uv_size": [1, 2]},
								"east": {"uv": [103, 74], "uv_size": [1, 2]},
								"south": {"uv": [75, 103], "uv_size": [1, 2]},
								"west": {"uv": [76, 103], "uv_size": [1, 2]},
								"up": {"uv": [107, 39], "uv_size": [1, 1]},
								"down": {"uv": [40, 108], "uv_size": [1, -1]}
							}
						},
						{
							"origin": [-4.10609, 18.96836, -5.7637],
							"size": [1.49986, 5.18766, 3.1503],
							"pivot": [-2.5265, 22.19326, -3.1486],
							"rotation": [9, 0, -180],
							"uv": {
								"north": {"uv": [50, 98], "uv_size": [1, 5]},
								"east": {"uv": [68, 87], "uv_size": [3, 5]},
								"south": {"uv": [74, 98], "uv_size": [1, 5]},
								"west": {"uv": [71, 87], "uv_size": [3, 5]},
								"up": {"uv": [102, 53], "uv_size": [1, 3]},
								"down": {"uv": [60, 105], "uv_size": [1, -3]}
							}
						},
						{
							"origin": [-2.60609, 18.96836, -5.7637],
							"size": [1.66433, 5.18766, 3.1503],
							"pivot": [-2.5265, 22.19326, -3.1486],
							"rotation": [9, 0, -180],
							"uv": {
								"north": {"uv": [90, 89], "uv_size": [2, 5]},
								"east": {"uv": [86, 11], "uv_size": [3, 5]},
								"south": {"uv": [91, 6], "uv_size": [2, 5]},
								"west": {"uv": [65, 87], "uv_size": [3, 5]},
								"up": {"uv": [36, 98], "uv_size": [2, 3]},
								"down": {"uv": [38, 101], "uv_size": [2, -3]}
							}
						},
						{
							"origin": [-2.55751, 10.26205, -2.64275],
							"size": [1.57478, 5.56598, 2.46219],
							"pivot": [-2.54698, 15.80547, 4.69248],
							"rotation": [27.5, 0, -180],
							"uv": {
								"north": {"uv": [89, 6], "uv_size": [2, 6]},
								"east": {"uv": [89, 12], "uv_size": [2, 6]},
								"south": {"uv": [89, 67], "uv_size": [2, 6]},
								"west": {"uv": [90, 73], "uv_size": [2, 6]},
								"up": {"uv": [101, 16], "uv_size": [2, 2]},
								"down": {"uv": [32, 103], "uv_size": [2, -2]}
							}
						},
						{
							"origin": [-4.1472, 10.26205, -2.64275],
							"size": [1.58983, 5.56598, 2.46219],
							"pivot": [-2.54698, 15.80547, 4.69248],
							"rotation": [27.5, 0, -180],
							"uv": {
								"north": {"uv": [74, 87], "uv_size": [2, 6]},
								"east": {"uv": [88, 75], "uv_size": [2, 6]},
								"south": {"uv": [88, 81], "uv_size": [2, 6]},
								"west": {"uv": [88, 87], "uv_size": [2, 6]},
								"up": {"uv": [101, 6], "uv_size": [2, 2]},
								"down": {"uv": [101, 10], "uv_size": [2, -2]}
							}
						},
						{
							"origin": [-1.64676, 20.6834, -14.24471],
							"size": [0.69986, 5.10415, 9.01769],
							"uv": {
								"north": {"uv": [82, 98], "uv_size": [1, 5]},
								"east": {"uv": [60, 34], "uv_size": [9, 5]},
								"south": {"uv": [83, 98], "uv_size": [1, 5]},
								"west": {"uv": [52, 60], "uv_size": [9, 5]},
								"up": {"uv": [57, 32], "uv_size": [1, 9]},
								"down": {"uv": [51, 102], "uv_size": [1, -9]}
							}
						},
						{
							"origin": [-3.45775, 20.6834, -14.24471],
							"size": [1.80737, 5.30631, 1.41769],
							"uv": {
								"north": {"uv": [45, 93], "uv_size": [2, 5]},
								"east": {"uv": [68, 100], "uv_size": [1, 5]},
								"south": {"uv": [47, 93], "uv_size": [2, 5]},
								"west": {"uv": [69, 100], "uv_size": [1, 5]},
								"up": {"uv": [103, 87], "uv_size": [2, 1]},
								"down": {"uv": [103, 93], "uv_size": [2, -1]}
							}
						},
						{
							"origin": [-4.11123, 20.6834, -7.54471],
							"size": [0.68933, 5.10415, 2.31769],
							"uv": {
								"north": {"uv": [99, 52], "uv_size": [1, 5]},
								"east": {"uv": [65, 92], "uv_size": [2, 5]},
								"south": {"uv": [79, 99], "uv_size": [1, 5]},
								"west": {"uv": [67, 92], "uv_size": [2, 5]},
								"up": {"uv": [49, 103], "uv_size": [1, 2]},
								"down": {"uv": [50, 105], "uv_size": [1, -2]}
							}
						},
						{
							"origin": [-4.11123, 20.6834, -11.92702],
							"size": [0.68933, 4.00415, 4.38231],
							"uv": {
								"north": {"uv": [34, 101], "uv_size": [1, 4]},
								"east": {"uv": [85, 67], "uv_size": [4, 4]},
								"south": {"uv": [35, 101], "uv_size": [1, 4]},
								"west": {"uv": [85, 71], "uv_size": [4, 4]},
								"up": {"uv": [36, 101], "uv_size": [1, 4]},
								"down": {"uv": [37, 105], "uv_size": [1, -4]}
							}
						},
						{
							"origin": [-2.54981, 20.37505, -14.24471],
							"size": [1.49986, 0.77319, 2.1544],
							"pivot": [-2.52907, 20.57649, -9.81751],
							"rotation": [0, 0, -155],
							"uv": {
								"north": {"uv": [106, 56], "uv_size": [1, 1]},
								"east": {"uv": [103, 39], "uv_size": [2, 1]},
								"south": {"uv": [57, 106], "uv_size": [1, 1]},
								"west": {"uv": [40, 103], "uv_size": [2, 1]},
								"up": {"uv": [42, 103], "uv_size": [1, 2]},
								"down": {"uv": [43, 105], "uv_size": [1, -2]}
							}
						},
						{
							"origin": [-2.7519, 20.33025, -14.24471],
							"size": [0.44566, 0.77319, 2.1544],
							"pivot": [-2.52907, 20.57649, -9.81751],
							"rotation": [0, 0, 180],
							"uv": {
								"north": {"uv": [106, 55], "uv_size": [1, 1]},
								"east": {"uv": [26, 103], "uv_size": [2, 1]},
								"south": {"uv": [56, 106], "uv_size": [1, 1]},
								"west": {"uv": [28, 103], "uv_size": [2, 1]},
								"up": {"uv": [32, 103], "uv_size": [1, 2]},
								"down": {"uv": [33, 105], "uv_size": [1, -2]}
							}
						},
						{
							"origin": [-4.00818, 20.37505, -14.24471],
							"size": [1.49986, 0.77319, 2.1544],
							"pivot": [-2.52907, 20.57649, -9.81751],
							"rotation": [0, 0, 155],
							"uv": {
								"north": {"uv": [106, 54], "uv_size": [1, 1]},
								"east": {"uv": [103, 9], "uv_size": [2, 1]},
								"south": {"uv": [55, 106], "uv_size": [1, 1]},
								"west": {"uv": [103, 18], "uv_size": [2, 1]},
								"up": {"uv": [24, 103], "uv_size": [1, 2]},
								"down": {"uv": [25, 105], "uv_size": [1, -2]}
							}
						},
						{
							"origin": [-1.74981, 20.37505, -12.11971],
							"size": [0.69986, 0.77319, 4.7294],
							"pivot": [-2.52907, 20.57649, -5.11751],
							"rotation": [0, 0, -155],
							"uv": {
								"north": {"uv": [107, 44], "uv_size": [1, 1]},
								"east": {"uv": [99, 84], "uv_size": [5, 1]},
								"south": {"uv": [45, 107], "uv_size": [1, 1]},
								"west": {"uv": [100, 11], "uv_size": [5, 1]},
								"up": {"uv": [100, 52], "uv_size": [1, 5]},
								"down": {"uv": [65, 105], "uv_size": [1, -5]}
							}
						},
						{
							"origin": [-4.00818, 20.37505, -12.11971],
							"size": [0.69986, 0.77319, 4.7294],
							"pivot": [-2.52907, 20.57649, -5.11751],
							"rotation": [0, 0, 155],
							"uv": {
								"north": {"uv": [107, 43], "uv_size": [1, 1]},
								"east": {"uv": [99, 82], "uv_size": [5, 1]},
								"south": {"uv": [44, 107], "uv_size": [1, 1]},
								"west": {"uv": [99, 83], "uv_size": [5, 1]},
								"up": {"uv": [99, 99], "uv_size": [1, 5]},
								"down": {"uv": [100, 11], "uv_size": [1, -5]}
							}
						},
						{
							"origin": [-4.00818, 19.87505, -7.39031],
							"size": [1.49986, 1.27319, 2.0544],
							"pivot": [-2.52907, 20.57649, -7.66311],
							"rotation": [0, 0, 155],
							"uv": {
								"north": {"uv": [107, 42], "uv_size": [1, 1]},
								"east": {"uv": [103, 85], "uv_size": [2, 1]},
								"south": {"uv": [43, 107], "uv_size": [1, 1]},
								"west": {"uv": [103, 86], "uv_size": [2, 1]},
								"up": {"uv": [90, 103], "uv_size": [1, 2]},
								"down": {"uv": [103, 92], "uv_size": [1, -2]}
							}
						},
						{
							"origin": [-2.7519, 20.33025, -7.39031],
							"size": [0.44566, 0.77319, 2.0544],
							"pivot": [-2.52907, 20.57649, -7.66311],
							"rotation": [0, 0, 180],
							"uv": {
								"north": {"uv": [107, 41], "uv_size": [1, 1]},
								"east": {"uv": [103, 77], "uv_size": [2, 1]},
								"south": {"uv": [42, 107], "uv_size": [1, 1]},
								"west": {"uv": [103, 81], "uv_size": [2, 1]},
								"up": {"uv": [82, 103], "uv_size": [1, 2]},
								"down": {"uv": [83, 105], "uv_size": [1, -2]}
							}
						},
						{
							"origin": [-2.54981, 19.87505, -7.39031],
							"size": [1.49986, 1.27319, 2.0544],
							"pivot": [-2.52907, 20.57649, -7.66311],
							"rotation": [0, 0, -155],
							"uv": {
								"north": {"uv": [107, 40], "uv_size": [1, 1]},
								"east": {"uv": [103, 70], "uv_size": [2, 1]},
								"south": {"uv": [41, 107], "uv_size": [1, 1]},
								"west": {"uv": [103, 76], "uv_size": [2, 1]},
								"up": {"uv": [103, 79], "uv_size": [1, 2]},
								"down": {"uv": [81, 105], "uv_size": [1, -2]}
							}
						},
						{
							"origin": [-4.00818, 20.37505, -5.54471],
							"size": [1.49986, 0.77319, 5.0544],
							"pivot": [-2.52907, 20.57649, -5.41751],
							"rotation": [11.36081, 5.24826, 155.52239],
							"uv": {
								"north": {"uv": [106, 59], "uv_size": [1, 1]},
								"east": {"uv": [98, 70], "uv_size": [5, 1]},
								"south": {"uv": [60, 106], "uv_size": [1, 1]},
								"west": {"uv": [98, 79], "uv_size": [5, 1]},
								"up": {"uv": [13, 99], "uv_size": [1, 5]},
								"down": {"uv": [14, 104], "uv_size": [1, -5]}
							}
						},
						{
							"origin": [-2.7519, 20.33025, -5.54471],
							"size": [0.44566, 0.77319, 5.0544],
							"pivot": [-2.52907, 20.57649, -5.41751],
							"rotation": [12.5, 0, 180],
							"uv": {
								"north": {"uv": [106, 58], "uv_size": [1, 1]},
								"east": {"uv": [98, 68], "uv_size": [5, 1]},
								"south": {"uv": [59, 106], "uv_size": [1, 1]},
								"west": {"uv": [98, 69], "uv_size": [5, 1]},
								"up": {"uv": [97, 98], "uv_size": [1, 5]},
								"down": {"uv": [98, 103], "uv_size": [1, -5]}
							}
						},
						{
							"origin": [-2.54981, 20.37505, -5.54471],
							"size": [1.49986, 0.77319, 5.0544],
							"pivot": [-2.52907, 20.57649, -5.41751],
							"rotation": [11.36081, -5.24826, -155.52239],
							"uv": {
								"north": {"uv": [106, 57], "uv_size": [1, 1]},
								"east": {"uv": [97, 24], "uv_size": [5, 1]},
								"south": {"uv": [58, 106], "uv_size": [1, 1]},
								"west": {"uv": [97, 85], "uv_size": [5, 1]},
								"up": {"uv": [90, 98], "uv_size": [1, 5]},
								"down": {"uv": [91, 103], "uv_size": [1, -5]}
							}
						},
						{
							"origin": [-3.31828, 25.95869, -7.54271],
							"size": [1.28925, 0.66755, 4.79123],
							"inflate": 0.002,
							"pivot": [-2.63485, 25.19093, -20.36265],
							"rotation": [0, 0, -42.5],
							"uv": {
								"north": {"uv": [106, 105], "uv_size": [1, 1]},
								"east": {"uv": [98, 80], "uv_size": [5, 1]},
								"south": {"uv": [106, 106], "uv_size": [1, 1]},
								"west": {"uv": [98, 81], "uv_size": [5, 1]},
								"up": {"uv": [15, 99], "uv_size": [1, 5]},
								"down": {"uv": [16, 104], "uv_size": [1, -5]}
							}
						},
						{
							"origin": [-2.71828, 25.95869, -11.92502],
							"size": [0.68925, 0.66755, 4.37831],
							"inflate": 0.002,
							"pivot": [-2.63485, 25.19093, -23.96265],
							"rotation": [0, 0, -42.5],
							"uv": {
								"north": {"uv": [1, 107], "uv_size": [1, 1]},
								"east": {"uv": [94, 14], "uv_size": [4, 1]},
								"south": {"uv": [107, 1], "uv_size": [1, 1]},
								"west": {"uv": [101, 10], "uv_size": [4, 1]},
								"up": {"uv": [38, 101], "uv_size": [1, 4]},
								"down": {"uv": [39, 105], "uv_size": [1, -4]}
							}
						},
						{
							"origin": [-4.11123, 20.6834, -14.24471],
							"size": [0.68933, 5.10415, 2.31769],
							"uv": {
								"north": {"uv": [75, 98], "uv_size": [1, 5]},
								"east": {"uv": [91, 11], "uv_size": [2, 5]},
								"south": {"uv": [76, 98], "uv_size": [1, 5]},
								"west": {"uv": [91, 67], "uv_size": [2, 5]},
								"up": {"uv": [22, 103], "uv_size": [1, 2]},
								"down": {"uv": [23, 105], "uv_size": [1, -2]}
							}
						},
						{
							"origin": [-2.01123, 23.1334, -16.54471],
							"size": [1.06433, 1.05415, 2.3],
							"uv": {
								"north": {"uv": [107, 76], "uv_size": [1, 1]},
								"east": {"uv": [104, 75], "uv_size": [2, 1]},
								"south": {"uv": [77, 107], "uv_size": [1, 1]},
								"west": {"uv": [79, 104], "uv_size": [2, 1]},
								"up": {"uv": [104, 79], "uv_size": [1, 2]},
								"down": {"uv": [104, 84], "uv_size": [1, -2]}
							}
						},
						{
							"origin": [-3.1219, 23.1334, -29.84471],
							"size": [1.18567, 1.05415, 7.7],
							"uv": {
								"north": {"uv": [107, 80], "uv_size": [1, 1]},
								"east": {"uv": [93, 71], "uv_size": [8, 1]},
								"south": {"uv": [81, 107], "uv_size": [1, 1]},
								"west": {"uv": [93, 86], "uv_size": [8, 1]},
								"up": {"uv": [81, 95], "uv_size": [1, 8]},
								"down": {"uv": [77, 104], "uv_size": [1, -8]}
							}
						},
						{
							"origin": [-4.11123, 23.1334, -16.54471],
							"size": [1.06433, 1.05415, 2.3],
							"uv": {
								"north": {"uv": [107, 77], "uv_size": [1, 1]},
								"east": {"uv": [104, 84], "uv_size": [2, 1]},
								"south": {"uv": [78, 107], "uv_size": [1, 1]},
								"west": {"uv": [85, 104], "uv_size": [2, 1]},
								"up": {"uv": [104, 90], "uv_size": [1, 2]},
								"down": {"uv": [92, 106], "uv_size": [1, -2]}
							}
						},
						{
							"origin": [-3.75466, 23.1334, -22.2204],
							"size": [1.06433, 1.05415, 5.8],
							"pivot": [-3.22249, 23.66048, -18.5204],
							"rotation": [0, -10, 0],
							"uv": {
								"north": {"uv": [107, 79], "uv_size": [1, 1]},
								"east": {"uv": [96, 38], "uv_size": [6, 1]},
								"south": {"uv": [80, 107], "uv_size": [1, 1]},
								"west": {"uv": [97, 18], "uv_size": [6, 1]},
								"up": {"uv": [45, 98], "uv_size": [1, 6]},
								"down": {"uv": [46, 104], "uv_size": [1, -6]}
							}
						},
						{
							"origin": [-2.36781, 23.1334, -22.2204],
							"size": [1.06433, 1.05415, 5.8],
							"pivot": [-1.83564, 23.66048, -18.5204],
							"rotation": [0, 10, 0],
							"uv": {
								"north": {"uv": [107, 78], "uv_size": [1, 1]},
								"east": {"uv": [94, 15], "uv_size": [6, 1]},
								"south": {"uv": [79, 107], "uv_size": [1, 1]},
								"west": {"uv": [96, 37], "uv_size": [6, 1]},
								"up": {"uv": [75, 18], "uv_size": [1, 6]},
								"down": {"uv": [78, 102], "uv_size": [1, -6]}
							}
						},
						{
							"origin": [-3.31828, 25.95869, -14.24271],
							"size": [1.28925, 0.66755, 2.31369],
							"inflate": 0.002,
							"pivot": [-2.63485, 25.19093, -23.26265],
							"rotation": [0, 0, -42.5],
							"uv": {
								"north": {"uv": [0, 107], "uv_size": [1, 1]},
								"east": {"uv": [103, 40], "uv_size": [2, 1]},
								"south": {"uv": [107, 0], "uv_size": [1, 1]},
								"west": {"uv": [103, 50], "uv_size": [2, 1]},
								"up": {"uv": [103, 53], "uv_size": [1, 2]},
								"down": {"uv": [54, 105], "uv_size": [1, -2]}
							}
						},
						{
							"origin": [-3.15575, 25.99171, -14.24271],
							"size": [1.25337, 0.66755, 11.49123],
							"inflate": 0.002,
							"uv": {
								"north": {"uv": [106, 104], "uv_size": [1, 1]},
								"east": {"uv": [90, 87], "uv_size": [11, 1]},
								"south": {"uv": [105, 106], "uv_size": [1, 1]},
								"west": {"uv": [90, 88], "uv_size": [11, 1]},
								"up": {"uv": [85, 90], "uv_size": [1, 11]},
								"down": {"uv": [86, 101], "uv_size": [1, -11]}
							}
						},
						{
							"origin": [-3.0291, 25.95869, -14.24271],
							"size": [1.28925, 0.66755, 11.49123],
							"inflate": 0.002,
							"pivot": [-2.42328, 25.19093, -20.36265],
							"rotation": [0, 0, 42.5],
							"uv": {
								"north": {"uv": [106, 103], "uv_size": [1, 1]},
								"east": {"uv": [62, 24], "uv_size": [11, 1]},
								"south": {"uv": [104, 106], "uv_size": [1, 1]},
								"west": {"uv": [86, 18], "uv_size": [11, 1]},
								"up": {"uv": [59, 0], "uv_size": [1, 11]},
								"down": {"uv": [76, 98], "uv_size": [1, -11]}
							}
						},
						{
							"origin": [-3.07855, 25.69487, -2.78738],
							"size": [1.28925, 0.66755, 0.99123],
							"inflate": 0.002,
							"pivot": [-2.52907, 24.83201, -2.84176],
							"rotation": [24.73562, -20.97793, 37.85053],
							"uv": {
								"north": {"uv": [22, 107], "uv_size": [1, 1]},
								"east": {"uv": [107, 22], "uv_size": [1, 1]},
								"south": {"uv": [23, 107], "uv_size": [1, 1]},
								"west": {"uv": [107, 23], "uv_size": [1, 1]},
								"up": {"uv": [24, 107], "uv_size": [1, 1]},
								"down": {"uv": [107, 25], "uv_size": [1, -1]}
							}
						},
						{
							"origin": [-3.15575, 25.66485, -2.78738],
							"size": [1.25337, 0.66755, 0.99123],
							"inflate": 0.002,
							"pivot": [-2.52907, 24.83201, -2.84176],
							"rotation": [32, 0, 0],
							"uv": {
								"north": {"uv": [107, 16], "uv_size": [1, 1]},
								"east": {"uv": [107, 17], "uv_size": [1, 1]},
								"south": {"uv": [107, 18], "uv_size": [1, 1]},
								"west": {"uv": [107, 19], "uv_size": [1, 1]},
								"up": {"uv": [107, 20], "uv_size": [1, 1]},
								"down": {"uv": [107, 22], "uv_size": [1, -1]}
							}
						},
						{
							"origin": [-3.15575, 25.24463, -2.78738],
							"size": [1.25337, 1.16755, 0.99123],
							"inflate": 0.002,
							"pivot": [-2.52907, 24.83201, -2.84176],
							"rotation": [0, 32, -90],
							"uv": {
								"north": {"uv": [25, 107], "uv_size": [1, 1]},
								"east": {"uv": [26, 107], "uv_size": [1, 1]},
								"south": {"uv": [27, 107], "uv_size": [1, 1]},
								"west": {"uv": [28, 107], "uv_size": [1, 1]},
								"up": {"uv": [29, 107], "uv_size": [1, 1]},
								"down": {"uv": [32, 108], "uv_size": [1, -1]}
							}
						},
						{
							"origin": [-3.15575, 23.25184, -2.78738],
							"size": [1.25337, 1.16755, 0.99123],
							"inflate": 0.002,
							"pivot": [-2.52907, 24.83201, -2.84176],
							"rotation": [0, 32, -90],
							"uv": {
								"north": {"uv": [33, 107], "uv_size": [1, 1]},
								"east": {"uv": [34, 107], "uv_size": [1, 1]},
								"south": {"uv": [107, 34], "uv_size": [1, 1]},
								"west": {"uv": [35, 107], "uv_size": [1, 1]},
								"up": {"uv": [107, 35], "uv_size": [1, 1]},
								"down": {"uv": [36, 108], "uv_size": [1, -1]}
							}
						},
						{
							"origin": [-3.26883, 25.69487, -2.78738],
							"size": [1.28925, 0.66755, 0.99123],
							"inflate": 0.002,
							"pivot": [-2.52907, 24.83201, -2.84176],
							"rotation": [24.73562, 20.97793, -37.85053],
							"uv": {
								"north": {"uv": [107, 13], "uv_size": [1, 1]},
								"east": {"uv": [14, 107], "uv_size": [1, 1]},
								"south": {"uv": [107, 14], "uv_size": [1, 1]},
								"west": {"uv": [15, 107], "uv_size": [1, 1]},
								"up": {"uv": [107, 15], "uv_size": [1, 1]},
								"down": {"uv": [16, 108], "uv_size": [1, -1]}
							}
						},
						{
							"origin": [-1.9273, 24.80716, -5.24271],
							"size": [0.38925, 0.66755, 2.49123],
							"inflate": 0.002,
							"pivot": [-1.28267, 25.14093, -3.94709],
							"rotation": [0, 0, 90],
							"uv": {
								"north": {"uv": [107, 10], "uv_size": [1, 1]},
								"east": {"uv": [103, 55], "uv_size": [2, 1]},
								"south": {"uv": [107, 11], "uv_size": [1, 1]},
								"west": {"uv": [57, 103], "uv_size": [2, 1]},
								"up": {"uv": [103, 58], "uv_size": [1, 2]},
								"down": {"uv": [59, 105], "uv_size": [1, -2]}
							}
						},
						{
							"origin": [-4.8273, 25.21437, -5.24271],
							"size": [0.49112, 0.44969, 2.49124],
							"inflate": 0.002,
							"pivot": [-4.18267, 25.14093, -3.94709],
							"rotation": [0, 0, 90],
							"uv": {
								"north": {"uv": [107, 12], "uv_size": [1, 1]},
								"east": {"uv": [103, 62], "uv_size": [2, 1]},
								"south": {"uv": [13, 107], "uv_size": [1, 1]},
								"west": {"uv": [103, 67], "uv_size": [2, 1]},
								"up": {"uv": [103, 68], "uv_size": [1, 2]},
								"down": {"uv": [103, 74], "uv_size": [1, -2]}
							}
						},
						{
							"origin": [-3.11105, 20.78117, -12.26864],
							"size": [1.13633, 1.13633, 0.20226],
							"pivot": [-2.54289, 21.34933, -12.81786],
							"rotation": [0, 0, 45],
							"uv": {
								"north": {"uv": [107, 84], "uv_size": [1, 1]},
								"east": {"uv": [85, 107], "uv_size": [1, 1]},
								"south": {"uv": [107, 85], "uv_size": [1, 1]},
								"west": {"uv": [86, 107], "uv_size": [1, 1]},
								"up": {"uv": [107, 86], "uv_size": [1, 1]},
								"down": {"uv": [87, 108], "uv_size": [1, -1]}
							}
						}
					]
				},
				{
					"name": "WoodGrip",
					"parent": "Frame",
					"pivot": [-2.52369, 25.07246, -36.48514],
					"cubes": [
						{
							"origin": [-2.44676, 20.59889, -42.76933],
							"size": [1.5, 2.46222, 19.39336],
							"uv": {
								"north": {"uv": [88, 16], "uv_size": [1, 2]},
								"east": {"uv": [65, 58], "uv_size": [19, 2]},
								"south": {"uv": [89, 73], "uv_size": [1, 2]},
								"west": {"uv": [65, 62], "uv_size": [19, 2]},
								"up": {"uv": [54, 84], "uv_size": [1, 19]},
								"down": {"uv": [55, 103], "uv_size": [1, -19]}
							}
						},
						{
							"origin": [-4.11123, 20.59889, -42.76933],
							"size": [1.66447, 2.46222, 19.39336],
							"uv": {
								"north": {"uv": [86, 16], "uv_size": [2, 2]},
								"east": {"uv": [65, 64], "uv_size": [19, 2]},
								"south": {"uv": [88, 100], "uv_size": [2, 2]},
								"west": {"uv": [65, 66], "uv_size": [19, 2]},
								"up": {"uv": [54, 65], "uv_size": [2, 19]},
								"down": {"uv": [56, 84], "uv_size": [2, -19]}
							}
						},
						{
							"origin": [-2.27988, 20.70195, -42.76933],
							"size": [1.53978, 0.92892, 19.39336],
							"pivot": [-2.48014, 21.44265, -14.08807],
							"rotation": [0, 0, 34.9959],
							"uv": {
								"north": {"uv": [93, 102], "uv_size": [2, 1]},
								"east": {"uv": [78, 24], "uv_size": [19, 1]},
								"south": {"uv": [102, 93], "uv_size": [2, 1]},
								"west": {"uv": [78, 52], "uv_size": [19, 1]},
								"up": {"uv": [58, 65], "uv_size": [2, 19]},
								"down": {"uv": [65, 87], "uv_size": [2, -19]}
							}
						},
						{
							"origin": [-2.58649, 19.83793, -42.76933],
							"size": [1.10697, 1.15442, 19.39336],
							"pivot": [-2.58003, 21.44273, -14.07637],
							"rotation": [0, 0, 0],
							"uv": {
								"north": {"uv": [101, 104], "uv_size": [1, 1]},
								"east": {"uv": [78, 53], "uv_size": [19, 1]},
								"south": {"uv": [104, 101], "uv_size": [1, 1]},
								"west": {"uv": [78, 54], "uv_size": [19, 1]},
								"up": {"uv": [56, 84], "uv_size": [1, 19]},
								"down": {"uv": [57, 103], "uv_size": [1, -19]}
							}
						},
						{
							"origin": [-3.57848, 19.83793, -42.76933],
							"size": [0.99199, 1.15442, 19.39336],
							"pivot": [-2.58003, 21.44273, -14.02637],
							"rotation": [0, 0, 0],
							"uv": {
								"north": {"uv": [102, 104], "uv_size": [1, 1]},
								"east": {"uv": [78, 55], "uv_size": [19, 1]},
								"south": {"uv": [104, 102], "uv_size": [1, 1]},
								"west": {"uv": [78, 56], "uv_size": [19, 1]},
								"up": {"uv": [58, 84], "uv_size": [1, 19]},
								"down": {"uv": [59, 103], "uv_size": [1, -19]}
							}
						},
						{
							"origin": [-4.32022, 20.69451, -42.76933],
							"size": [1.51385, 0.92892, 19.39336],
							"pivot": [-2.59081, 21.44262, -14.08807],
							"rotation": [0, 0, -34.9959],
							"uv": {
								"north": {"uv": [102, 94], "uv_size": [2, 1]},
								"east": {"uv": [78, 57], "uv_size": [19, 1]},
								"south": {"uv": [95, 102], "uv_size": [2, 1]},
								"west": {"uv": [80, 20], "uv_size": [19, 1]},
								"up": {"uv": [67, 68], "uv_size": [2, 19]},
								"down": {"uv": [69, 87], "uv_size": [2, -19]}
							}
						},
						{
							"origin": [-2.79815, 23.15428, -42.76932],
							"size": [1.53978, 0.92892, 19.39336],
							"pivot": [-2.52369, 23.12246, -18.08514],
							"rotation": [0, 0, -145.0041],
							"uv": {
								"north": {"uv": [102, 95], "uv_size": [2, 1]},
								"east": {"uv": [82, 19], "uv_size": [19, 1]},
								"south": {"uv": [102, 96], "uv_size": [2, 1]},
								"west": {"uv": [84, 58], "uv_size": [19, 1]},
								"up": {"uv": [71, 68], "uv_size": [2, 19]},
								"down": {"uv": [73, 87], "uv_size": [2, -19]}
							}
						},
						{
							"origin": [-2.57587, 22.42284, -42.76932],
							"size": [1.10697, 1.15442, 19.39336],
							"pivot": [-2.52369, 23.12246, -18.08514],
							"rotation": [0, 0, -180],
							"uv": {
								"north": {"uv": [103, 104], "uv_size": [1, 1]},
								"east": {"uv": [84, 59], "uv_size": [19, 1]},
								"south": {"uv": [104, 103], "uv_size": [1, 1]},
								"west": {"uv": [84, 62], "uv_size": [19, 1]},
								"up": {"uv": [84, 63], "uv_size": [1, 19]},
								"down": {"uv": [84, 101], "uv_size": [1, -19]}
							}
						},
						{
							"origin": [-3.56786, 22.42284, -42.76933],
							"size": [0.99199, 1.15442, 19.39336],
							"pivot": [-2.52369, 23.12246, -18.08514],
							"rotation": [0, 0, -180],
							"uv": {
								"north": {"uv": [104, 104], "uv_size": [1, 1]},
								"east": {"uv": [85, 63], "uv_size": [19, 1]},
								"south": {"uv": [105, 0], "uv_size": [1, 1]},
								"west": {"uv": [85, 64], "uv_size": [19, 1]},
								"up": {"uv": [0, 85], "uv_size": [1, 19]},
								"down": {"uv": [1, 104], "uv_size": [1, -19]}
							}
						},
						{
							"origin": [-3.78031, 23.14819, -42.76933],
							"size": [1.51385, 0.92892, 19.39336],
							"pivot": [-2.52369, 23.12246, -18.08514],
							"rotation": [0, 0, 145.0041],
							"uv": {
								"north": {"uv": [102, 97], "uv_size": [2, 1]},
								"east": {"uv": [85, 65], "uv_size": [19, 1]},
								"south": {"uv": [102, 98], "uv_size": [2, 1]},
								"west": {"uv": [85, 66], "uv_size": [19, 1]},
								"up": {"uv": [75, 68], "uv_size": [2, 19]},
								"down": {"uv": [76, 25], "uv_size": [2, -19]}
							}
						}
					]
				},
				{
					"name": "Barrel",
					"parent": "gun",
					"pivot": [-1.8829, 25.65171, -81.404],
					"cubes": [
						{
							"origin": [-3.04655, 25.80754, -63.90948],
							"size": [1.10275, 0.61887, 49.7321],
							"inflate": 0.002,
							"pivot": [-2.49518, 25.05905, -21.88593],
							"rotation": [0, 0, -90],
							"uv": {
								"north": {"uv": [48, 105], "uv_size": [1, 1]},
								"east": {"uv": [57, 41], "uv_size": [50, 1]},
								"south": {"uv": [105, 48], "uv_size": [1, 1]},
								"west": {"uv": [57, 42], "uv_size": [50, 1]},
								"up": {"uv": [2, 60], "uv_size": [1, 50]},
								"down": {"uv": [3, 110], "uv_size": [1, -50]}
							}
						},
						{
							"origin": [-3.12892, 23.72793, -63.90948],
							"size": [1.10275, 0.61887, 49.7321],
							"inflate": 0.002,
							"pivot": [-2.49518, 25.05905, -21.88593],
							"rotation": [0, 0, 42.5],
							"uv": {
								"north": {"uv": [49, 105], "uv_size": [1, 1]},
								"east": {"uv": [57, 43], "uv_size": [50, 1]},
								"south": {"uv": [105, 49], "uv_size": [1, 1]},
								"west": {"uv": [57, 44], "uv_size": [50, 1]},
								"up": {"uv": [4, 60], "uv_size": [1, 50]},
								"down": {"uv": [5, 110], "uv_size": [1, -50]}
							}
						},
						{
							"origin": [-3.04655, 23.75996, -63.90948],
							"size": [1.10275, 0.61887, 49.7321],
							"inflate": 0.002,
							"uv": {
								"north": {"uv": [50, 105], "uv_size": [1, 1]},
								"east": {"uv": [57, 45], "uv_size": [50, 1]},
								"south": {"uv": [105, 50], "uv_size": [1, 1]},
								"west": {"uv": [57, 46], "uv_size": [50, 1]},
								"up": {"uv": [6, 60], "uv_size": [1, 50]},
								"down": {"uv": [7, 110], "uv_size": [1, -50]}
							}
						},
						{
							"origin": [-2.96419, 23.72793, -63.90948],
							"size": [1.10275, 0.61887, 49.7321],
							"inflate": 0.002,
							"pivot": [-2.49518, 25.05905, -21.88593],
							"rotation": [0, 0, -42.5],
							"uv": {
								"north": {"uv": [51, 105], "uv_size": [1, 1]},
								"east": {"uv": [57, 47], "uv_size": [50, 1]},
								"south": {"uv": [105, 51], "uv_size": [1, 1]},
								"west": {"uv": [60, 25], "uv_size": [50, 1]},
								"up": {"uv": [8, 60], "uv_size": [1, 50]},
								"down": {"uv": [9, 110], "uv_size": [1, -50]}
							}
						},
						{
							"origin": [-3.04655, 23.69169, -63.90948],
							"size": [1.10275, 0.61887, 49.7321],
							"inflate": 0.002,
							"pivot": [-2.49518, 25.05905, -21.88593],
							"rotation": [0, 0, -90],
							"uv": {
								"north": {"uv": [105, 52], "uv_size": [1, 1]},
								"east": {"uv": [60, 26], "uv_size": [50, 1]},
								"south": {"uv": [54, 105], "uv_size": [1, 1]},
								"west": {"uv": [60, 27], "uv_size": [50, 1]},
								"up": {"uv": [10, 60], "uv_size": [1, 50]},
								"down": {"uv": [11, 110], "uv_size": [1, -50]}
							}
						},
						{
							"origin": [-2.96419, 25.7713, -63.90948],
							"size": [1.10275, 0.61887, 49.7321],
							"inflate": 0.002,
							"pivot": [-2.49518, 25.05905, -21.88593],
							"rotation": [0, 0, 42.5],
							"uv": {
								"north": {"uv": [107, 50], "uv_size": [1, 1]},
								"east": {"uv": [60, 32], "uv_size": [50, 1]},
								"south": {"uv": [51, 107], "uv_size": [1, 1]},
								"west": {"uv": [60, 33], "uv_size": [50, 1]},
								"up": {"uv": [20, 60], "uv_size": [1, 50]},
								"down": {"uv": [21, 110], "uv_size": [1, -50]}
							}
						},
						{
							"origin": [-3.04655, 25.73927, -63.90948],
							"size": [1.10275, 0.61887, 49.7321],
							"inflate": 0.002,
							"uv": {
								"north": {"uv": [105, 55], "uv_size": [1, 1]},
								"east": {"uv": [60, 28], "uv_size": [50, 1]},
								"south": {"uv": [105, 56], "uv_size": [1, 1]},
								"west": {"uv": [60, 29], "uv_size": [50, 1]},
								"up": {"uv": [12, 60], "uv_size": [1, 50]},
								"down": {"uv": [17, 110], "uv_size": [1, -50]}
							}
						},
						{
							"origin": [-3.12892, 25.7713, -63.90948],
							"size": [1.10275, 0.61887, 49.7321],
							"inflate": 0.002,
							"pivot": [-2.49518, 25.05905, -21.88593],
							"rotation": [0, 0, -42.5],
							"uv": {
								"north": {"uv": [57, 105], "uv_size": [1, 1]},
								"east": {"uv": [60, 30], "uv_size": [50, 1]},
								"south": {"uv": [58, 105], "uv_size": [1, 1]},
								"west": {"uv": [60, 31], "uv_size": [50, 1]},
								"up": {"uv": [18, 60], "uv_size": [1, 50]},
								"down": {"uv": [19, 110], "uv_size": [1, -50]}
							}
						}
					]
				},
				{
					"name": "bulletstore",
					"parent": "Barrel",
					"pivot": [-2.49518, 21.29905, -22.34593],
					"cubes": [
						{
							"origin": [-3.12892, 22.7263, -56.72338],
							"size": [1.10275, 0.61887, 42.546],
							"inflate": 0.002,
							"pivot": [-2.49518, 22.01405, 8.01407],
							"rotation": [0, 0, -42.5],
							"uv": {
								"north": {"uv": [105, 58], "uv_size": [1, 1]},
								"east": {"uv": [60, 39], "uv_size": [43, 1]},
								"south": {"uv": [59, 105], "uv_size": [1, 1]},
								"west": {"uv": [60, 40], "uv_size": [43, 1]},
								"up": {"uv": [22, 60], "uv_size": [1, 43]},
								"down": {"uv": [23, 103], "uv_size": [1, -43]}
							}
						},
						{
							"origin": [-2.96419, 22.7263, -56.72338],
							"size": [1.10275, 0.61887, 42.546],
							"inflate": 0.002,
							"pivot": [-2.49518, 22.01405, 8.01407],
							"rotation": [0, 0, 42.5],
							"uv": {
								"north": {"uv": [105, 59], "uv_size": [1, 1]},
								"east": {"uv": [60, 48], "uv_size": [43, 1]},
								"south": {"uv": [60, 105], "uv_size": [1, 1]},
								"west": {"uv": [60, 49], "uv_size": [43, 1]},
								"up": {"uv": [24, 60], "uv_size": [1, 43]},
								"down": {"uv": [25, 103], "uv_size": [1, -43]}
							}
						},
						{
							"origin": [-3.04655, 20.64669, -56.72338],
							"size": [1.10275, 0.61887, 42.546],
							"inflate": 0.002,
							"pivot": [-2.49518, 22.01405, 8.01407],
							"rotation": [0, 0, -90],
							"uv": {
								"north": {"uv": [105, 60], "uv_size": [1, 1]},
								"east": {"uv": [60, 50], "uv_size": [43, 1]},
								"south": {"uv": [61, 105], "uv_size": [1, 1]},
								"west": {"uv": [60, 51], "uv_size": [43, 1]},
								"up": {"uv": [26, 60], "uv_size": [1, 43]},
								"down": {"uv": [27, 103], "uv_size": [1, -43]}
							}
						},
						{
							"origin": [-2.96419, 20.68293, -56.72338],
							"size": [1.10275, 0.61887, 42.546],
							"inflate": 0.002,
							"pivot": [-2.49518, 22.01405, 8.01407],
							"rotation": [0, 0, -42.5],
							"uv": {
								"north": {"uv": [105, 61], "uv_size": [1, 1]},
								"east": {"uv": [61, 60], "uv_size": [43, 1]},
								"south": {"uv": [62, 105], "uv_size": [1, 1]},
								"west": {"uv": [61, 61], "uv_size": [43, 1]},
								"up": {"uv": [28, 60], "uv_size": [1, 43]},
								"down": {"uv": [29, 103], "uv_size": [1, -43]}
							}
						},
						{
							"origin": [-3.04655, 20.71496, -56.72338],
							"size": [1.10275, 0.61887, 42.546],
							"inflate": 0.002,
							"uv": {
								"north": {"uv": [105, 62], "uv_size": [1, 1]},
								"east": {"uv": [62, 0], "uv_size": [43, 1]},
								"south": {"uv": [63, 105], "uv_size": [1, 1]},
								"west": {"uv": [62, 1], "uv_size": [43, 1]},
								"up": {"uv": [61, 62], "uv_size": [1, 43]},
								"down": {"uv": [62, 105], "uv_size": [1, -43]}
							}
						},
						{
							"origin": [-3.12892, 20.68293, -56.72338],
							"size": [1.10275, 0.61887, 42.546],
							"inflate": 0.002,
							"pivot": [-2.49518, 22.01405, 8.01407],
							"rotation": [0, 0, 42.5],
							"uv": {
								"north": {"uv": [64, 105], "uv_size": [1, 1]},
								"east": {"uv": [62, 2], "uv_size": [43, 1]},
								"south": {"uv": [65, 105], "uv_size": [1, 1]},
								"west": {"uv": [62, 3], "uv_size": [43, 1]},
								"up": {"uv": [63, 62], "uv_size": [1, 43]},
								"down": {"uv": [64, 105], "uv_size": [1, -43]}
							}
						},
						{
							"origin": [-3.04655, 22.76254, -56.72338],
							"size": [1.10275, 0.61887, 42.546],
							"inflate": 0.002,
							"pivot": [-2.49518, 22.01405, 8.01407],
							"rotation": [0, 0, -90],
							"uv": {
								"north": {"uv": [105, 65], "uv_size": [1, 1]},
								"east": {"uv": [62, 4], "uv_size": [43, 1]},
								"south": {"uv": [66, 105], "uv_size": [1, 1]},
								"west": {"uv": [62, 5], "uv_size": [43, 1]},
								"up": {"uv": [52, 65], "uv_size": [1, 43]},
								"down": {"uv": [53, 108], "uv_size": [1, -43]}
							}
						},
						{
							"origin": [-3.04655, 22.00427, -57.30948],
							"size": [1.10275, 1.30887, 0.5821],
							"inflate": 0.002,
							"uv": {
								"north": {"uv": [105, 66], "uv_size": [1, 1]},
								"east": {"uv": [67, 105], "uv_size": [1, 1]},
								"south": {"uv": [105, 67], "uv_size": [1, 1]},
								"west": {"uv": [68, 105], "uv_size": [1, 1]},
								"up": {"uv": [105, 68], "uv_size": [1, 1]},
								"down": {"uv": [69, 106], "uv_size": [1, -1]}
							}
						},
						{
							"origin": [-3.04655, 20.64669, -57.30948],
							"size": [1.10275, 0.82012, 0.5821],
							"inflate": 0.002,
							"pivot": [-2.49518, 22.01405, 8.01407],
							"rotation": [0, 0, -90],
							"uv": {
								"north": {"uv": [105, 69], "uv_size": [1, 1]},
								"east": {"uv": [70, 105], "uv_size": [1, 1]},
								"south": {"uv": [105, 70], "uv_size": [1, 1]},
								"west": {"uv": [71, 105], "uv_size": [1, 1]},
								"up": {"uv": [72, 105], "uv_size": [1, 1]},
								"down": {"uv": [73, 106], "uv_size": [1, -1]}
							}
						},
						{
							"origin": [-2.96419, 20.68293, -57.30948],
							"size": [1.10275, 0.61887, 0.5821],
							"inflate": 0.002,
							"pivot": [-2.49518, 22.01405, 8.01407],
							"rotation": [0, 0, -42.5],
							"uv": {
								"north": {"uv": [105, 73], "uv_size": [1, 1]},
								"east": {"uv": [74, 105], "uv_size": [1, 1]},
								"south": {"uv": [105, 74], "uv_size": [1, 1]},
								"west": {"uv": [75, 105], "uv_size": [1, 1]},
								"up": {"uv": [76, 105], "uv_size": [1, 1]},
								"down": {"uv": [105, 77], "uv_size": [1, -1]}
							}
						},
						{
							"origin": [-3.04655, 20.71496, -57.30948],
							"size": [1.10275, 1.28531, 0.5821],
							"inflate": 0.002,
							"uv": {
								"north": {"uv": [105, 77], "uv_size": [1, 1]},
								"east": {"uv": [78, 105], "uv_size": [1, 1]},
								"south": {"uv": [105, 78], "uv_size": [1, 1]},
								"west": {"uv": [79, 105], "uv_size": [1, 1]},
								"up": {"uv": [105, 79], "uv_size": [1, 1]},
								"down": {"uv": [80, 106], "uv_size": [1, -1]}
							}
						},
						{
							"origin": [-3.12892, 20.68293, -57.30948],
							"size": [1.10275, 0.61887, 0.5821],
							"inflate": 0.002,
							"pivot": [-2.49518, 22.01405, 8.01407],
							"rotation": [0, 0, 42.5],
							"uv": {
								"north": {"uv": [105, 80], "uv_size": [1, 1]},
								"east": {"uv": [81, 105], "uv_size": [1, 1]},
								"south": {"uv": [105, 81], "uv_size": [1, 1]},
								"west": {"uv": [82, 105], "uv_size": [1, 1]},
								"up": {"uv": [105, 82], "uv_size": [1, 1]},
								"down": {"uv": [83, 106], "uv_size": [1, -1]}
							}
						},
						{
							"origin": [-3.04655, 22.56129, -57.30948],
							"size": [1.10275, 0.82012, 0.5821],
							"inflate": 0.002,
							"pivot": [-2.49518, 22.01405, 8.01407],
							"rotation": [0, 0, -90],
							"uv": {
								"north": {"uv": [105, 83], "uv_size": [1, 1]},
								"east": {"uv": [84, 105], "uv_size": [1, 1]},
								"south": {"uv": [85, 105], "uv_size": [1, 1]},
								"west": {"uv": [105, 85], "uv_size": [1, 1]},
								"up": {"uv": [86, 105], "uv_size": [1, 1]},
								"down": {"uv": [105, 87], "uv_size": [1, -1]}
							}
						},
						{
							"origin": [-3.12892, 22.7263, -57.30948],
							"size": [1.10275, 0.61887, 0.5821],
							"inflate": 0.002,
							"pivot": [-2.49518, 22.01405, 8.01407],
							"rotation": [0, 0, -42.5],
							"uv": {
								"north": {"uv": [87, 105], "uv_size": [1, 1]},
								"east": {"uv": [105, 87], "uv_size": [1, 1]},
								"south": {"uv": [88, 105], "uv_size": [1, 1]},
								"west": {"uv": [105, 88], "uv_size": [1, 1]},
								"up": {"uv": [89, 105], "uv_size": [1, 1]},
								"down": {"uv": [105, 90], "uv_size": [1, -1]}
							}
						},
						{
							"origin": [-2.96419, 22.7263, -57.30948],
							"size": [1.10275, 0.61887, 0.5821],
							"inflate": 0.002,
							"pivot": [-2.49518, 22.01405, 8.01407],
							"rotation": [0, 0, 42.5],
							"uv": {
								"north": {"uv": [90, 105], "uv_size": [1, 1]},
								"east": {"uv": [105, 90], "uv_size": [1, 1]},
								"south": {"uv": [91, 105], "uv_size": [1, 1]},
								"west": {"uv": [105, 91], "uv_size": [1, 1]},
								"up": {"uv": [105, 92], "uv_size": [1, 1]},
								"down": {"uv": [93, 106], "uv_size": [1, -1]}
							}
						}
					]
				},
				{
					"name": "Ring",
					"parent": "bulletstore",
					"pivot": [-2.49518, 21.24615, -13.23883],
					"cubes": [
						{
							"origin": [-3.15435, 22.75931, -48.52],
							"size": [1.14702, 0.64378, 0.69065],
							"inflate": 0.002,
							"pivot": [-2.49518, 22.01865, 15.91367],
							"rotation": [0, 0, -42.5],
							"uv": {
								"north": {"uv": [106, 19], "uv_size": [1, 1]},
								"east": {"uv": [106, 20], "uv_size": [1, 1]},
								"south": {"uv": [106, 21], "uv_size": [1, 1]},
								"west": {"uv": [22, 106], "uv_size": [1, 1]},
								"up": {"uv": [106, 22], "uv_size": [1, 1]},
								"down": {"uv": [23, 107], "uv_size": [1, -1]}
							}
						},
						{
							"origin": [-3.06869, 22.726, -48.52],
							"size": [1.14702, 0.81878, 0.69065],
							"inflate": 0.002,
							"uv": {
								"north": {"uv": [106, 23], "uv_size": [1, 1]},
								"east": {"uv": [24, 106], "uv_size": [1, 1]},
								"south": {"uv": [106, 24], "uv_size": [1, 1]},
								"west": {"uv": [25, 106], "uv_size": [1, 1]},
								"up": {"uv": [26, 106], "uv_size": [1, 1]},
								"down": {"uv": [27, 107], "uv_size": [1, -1]}
							}
						},
						{
							"origin": [-2.98303, 22.75931, -48.52],
							"size": [1.14702, 0.64378, 0.69065],
							"inflate": 0.002,
							"pivot": [-2.49518, 22.01865, 15.91367],
							"rotation": [0, 0, 42.5],
							"uv": {
								"north": {"uv": [28, 106], "uv_size": [1, 1]},
								"east": {"uv": [29, 106], "uv_size": [1, 1]},
								"south": {"uv": [32, 106], "uv_size": [1, 1]},
								"west": {"uv": [33, 106], "uv_size": [1, 1]},
								"up": {"uv": [34, 106], "uv_size": [1, 1]},
								"down": {"uv": [106, 35], "uv_size": [1, -1]}
							}
						},
						{
							"origin": [-3.06869, 20.59652, -48.52],
							"size": [1.14702, 0.64378, 0.69065],
							"inflate": 0.002,
							"pivot": [-2.49518, 22.01865, 15.91367],
							"rotation": [0, 0, -90],
							"uv": {
								"north": {"uv": [35, 106], "uv_size": [1, 1]},
								"east": {"uv": [106, 35], "uv_size": [1, 1]},
								"south": {"uv": [36, 106], "uv_size": [1, 1]},
								"west": {"uv": [106, 36], "uv_size": [1, 1]},
								"up": {"uv": [37, 106], "uv_size": [1, 1]},
								"down": {"uv": [106, 38], "uv_size": [1, -1]}
							}
						},
						{
							"origin": [-2.98303, 20.63421, -48.52],
							"size": [1.14702, 0.64378, 0.69065],
							"inflate": 0.002,
							"pivot": [-2.49518, 22.01865, 15.91367],
							"rotation": [0, 0, -42.5],
							"uv": {
								"north": {"uv": [38, 106], "uv_size": [1, 1]},
								"east": {"uv": [106, 38], "uv_size": [1, 1]},
								"south": {"uv": [39, 106], "uv_size": [1, 1]},
								"west": {"uv": [106, 39], "uv_size": [1, 1]},
								"up": {"uv": [40, 106], "uv_size": [1, 1]},
								"down": {"uv": [106, 41], "uv_size": [1, -1]}
							}
						},
						{
							"origin": [-3.06869, 20.66752, -48.52],
							"size": [1.14702, 0.64378, 0.69065],
							"inflate": 0.002,
							"uv": {
								"north": {"uv": [41, 106], "uv_size": [1, 1]},
								"east": {"uv": [42, 106], "uv_size": [1, 1]},
								"south": {"uv": [43, 106], "uv_size": [1, 1]},
								"west": {"uv": [44, 106], "uv_size": [1, 1]},
								"up": {"uv": [45, 106], "uv_size": [1, 1]},
								"down": {"uv": [46, 107], "uv_size": [1, -1]}
							}
						},
						{
							"origin": [-3.15435, 20.63421, -48.52],
							"size": [1.14702, 0.64378, 0.69065],
							"inflate": 0.002,
							"pivot": [-2.49518, 22.01865, 15.91367],
							"rotation": [0, 0, 42.5],
							"uv": {
								"north": {"uv": [47, 106], "uv_size": [1, 1]},
								"east": {"uv": [48, 106], "uv_size": [1, 1]},
								"south": {"uv": [106, 48], "uv_size": [1, 1]},
								"west": {"uv": [49, 106], "uv_size": [1, 1]},
								"up": {"uv": [106, 49], "uv_size": [1, 1]},
								"down": {"uv": [50, 107], "uv_size": [1, -1]}
							}
						},
						{
							"origin": [-3.06869, 22.797, -48.52],
							"size": [1.14702, 0.64378, 0.69065],
							"inflate": 0.002,
							"pivot": [-2.49518, 22.01865, 15.91367],
							"rotation": [0, 0, -90],
							"uv": {
								"north": {"uv": [106, 50], "uv_size": [1, 1]},
								"east": {"uv": [51, 106], "uv_size": [1, 1]},
								"south": {"uv": [106, 51], "uv_size": [1, 1]},
								"west": {"uv": [106, 52], "uv_size": [1, 1]},
								"up": {"uv": [106, 53], "uv_size": [1, 1]},
								"down": {"uv": [54, 107], "uv_size": [1, -1]}
							}
						},
						{
							"origin": [-3.10322, 22.84358, -16.09084],
							"size": [1.21608, 0.68265, 1.88233],
							"inflate": 0.002,
							"pivot": [-2.49518, 22.01865, 53.35897],
							"rotation": [0, 0, -90],
							"uv": {
								"north": {"uv": [107, 75], "uv_size": [1, 1]},
								"east": {"uv": [104, 71], "uv_size": [2, 1]},
								"south": {"uv": [76, 107], "uv_size": [1, 1]},
								"west": {"uv": [104, 72], "uv_size": [2, 1]},
								"up": {"uv": [104, 73], "uv_size": [1, 2]},
								"down": {"uv": [77, 106], "uv_size": [1, -2]}
							}
						},
						{
							"origin": [-3.19402, 20.55102, -16.09084],
							"size": [1.21608, 0.68265, 1.88233],
							"inflate": 0.002,
							"pivot": [-2.49518, 22.01865, 53.35897],
							"rotation": [0, 0, 42.5],
							"uv": {
								"north": {"uv": [107, 74], "uv_size": [1, 1]},
								"east": {"uv": [104, 63], "uv_size": [2, 1]},
								"south": {"uv": [75, 107], "uv_size": [1, 1]},
								"west": {"uv": [104, 64], "uv_size": [2, 1]},
								"up": {"uv": [104, 65], "uv_size": [1, 2]},
								"down": {"uv": [104, 70], "uv_size": [1, -2]}
							}
						},
						{
							"origin": [-3.10322, 20.58633, -16.09084],
							"size": [1.21608, 0.68265, 1.88233],
							"inflate": 0.002,
							"uv": {
								"north": {"uv": [107, 73], "uv_size": [1, 1]},
								"east": {"uv": [57, 104], "uv_size": [2, 1]},
								"south": {"uv": [74, 107], "uv_size": [1, 1]},
								"west": {"uv": [104, 57], "uv_size": [2, 1]},
								"up": {"uv": [104, 58], "uv_size": [1, 2]},
								"down": {"uv": [104, 62], "uv_size": [1, -2]}
							}
						},
						{
							"origin": [-3.01242, 20.55102, -16.09084],
							"size": [1.21608, 0.68265, 1.88233],
							"inflate": 0.002,
							"pivot": [-2.49518, 22.01865, 53.35897],
							"rotation": [0, 0, -42.5],
							"uv": {
								"north": {"uv": [107, 72], "uv_size": [1, 1]},
								"east": {"uv": [104, 53], "uv_size": [2, 1]},
								"south": {"uv": [73, 107], "uv_size": [1, 1]},
								"west": {"uv": [104, 54], "uv_size": [2, 1]},
								"up": {"uv": [55, 104], "uv_size": [1, 2]},
								"down": {"uv": [56, 106], "uv_size": [1, -2]}
							}
						},
						{
							"origin": [-3.10322, 20.51107, -16.09084],
							"size": [1.21608, 0.68265, 1.88233],
							"inflate": 0.002,
							"pivot": [-2.49518, 22.01865, 53.35897],
							"rotation": [0, 0, -90],
							"uv": {
								"north": {"uv": [107, 71], "uv_size": [1, 1]},
								"east": {"uv": [40, 104], "uv_size": [2, 1]},
								"south": {"uv": [72, 107], "uv_size": [1, 1]},
								"west": {"uv": [45, 104], "uv_size": [2, 1]},
								"up": {"uv": [29, 104], "uv_size": [1, 2]},
								"down": {"uv": [104, 50], "uv_size": [1, -2]}
							}
						},
						{
							"origin": [-3.01242, 22.80363, -16.09084],
							"size": [1.21608, 0.68265, 1.88233],
							"inflate": 0.002,
							"pivot": [-2.49518, 22.01865, 53.35897],
							"rotation": [0, 0, 42.5],
							"uv": {
								"north": {"uv": [107, 70], "uv_size": [1, 1]},
								"east": {"uv": [104, 17], "uv_size": [2, 1]},
								"south": {"uv": [71, 107], "uv_size": [1, 1]},
								"west": {"uv": [104, 20], "uv_size": [2, 1]},
								"up": {"uv": [27, 104], "uv_size": [1, 2]},
								"down": {"uv": [28, 106], "uv_size": [1, -2]}
							}
						},
						{
							"origin": [-3.10322, 22.76832, -16.09084],
							"size": [1.21608, 0.68265, 1.88233],
							"inflate": 0.002,
							"uv": {
								"north": {"uv": [107, 69], "uv_size": [1, 1]},
								"east": {"uv": [14, 104], "uv_size": [2, 1]},
								"south": {"uv": [70, 107], "uv_size": [1, 1]},
								"west": {"uv": [104, 16], "uv_size": [2, 1]},
								"up": {"uv": [16, 104], "uv_size": [1, 2]},
								"down": {"uv": [26, 106], "uv_size": [1, -2]}
							}
						},
						{
							"origin": [-3.19402, 22.80363, -16.09084],
							"size": [1.21608, 0.68265, 1.88233],
							"inflate": 0.002,
							"pivot": [-2.49518, 22.01865, 53.35897],
							"rotation": [0, 0, -42.5],
							"uv": {
								"north": {"uv": [107, 68], "uv_size": [1, 1]},
								"east": {"uv": [104, 7], "uv_size": [2, 1]},
								"south": {"uv": [69, 107], "uv_size": [1, 1]},
								"west": {"uv": [104, 8], "uv_size": [2, 1]},
								"up": {"uv": [1, 104], "uv_size": [1, 2]},
								"down": {"uv": [13, 106], "uv_size": [1, -2]}
							}
						}
					]
				},
				{
					"name": "UpperRing",
					"parent": "Barrel",
					"pivot": [-2.49518, 25.06195, 15.91367],
					"cubes": [
						{
							"origin": [-3.15435, 25.80261, -48.52],
							"size": [1.14702, 0.64378, 0.69065],
							"inflate": 0.002,
							"pivot": [-2.49518, 25.06195, 15.91367],
							"rotation": [0, 0, -42.5],
							"uv": {
								"north": {"uv": [15, 106], "uv_size": [1, 1]},
								"east": {"uv": [106, 15], "uv_size": [1, 1]},
								"south": {"uv": [16, 106], "uv_size": [1, 1]},
								"west": {"uv": [106, 16], "uv_size": [1, 1]},
								"up": {"uv": [106, 17], "uv_size": [1, 1]},
								"down": {"uv": [106, 19], "uv_size": [1, -1]}
							}
						},
						{
							"origin": [-3.06869, 25.8403, -48.52],
							"size": [1.14702, 0.64378, 0.69065],
							"inflate": 0.002,
							"pivot": [-2.49518, 25.06195, 15.91367],
							"rotation": [0, 0, -90],
							"uv": {
								"north": {"uv": [94, 105], "uv_size": [1, 1]},
								"east": {"uv": [105, 94], "uv_size": [1, 1]},
								"south": {"uv": [95, 105], "uv_size": [1, 1]},
								"west": {"uv": [105, 95], "uv_size": [1, 1]},
								"up": {"uv": [96, 105], "uv_size": [1, 1]},
								"down": {"uv": [105, 97], "uv_size": [1, -1]}
							}
						},
						{
							"origin": [-3.15435, 23.67751, -48.52],
							"size": [1.14702, 0.64378, 0.69065],
							"inflate": 0.002,
							"pivot": [-2.49518, 25.06195, 15.91367],
							"rotation": [0, 0, 42.5],
							"uv": {
								"north": {"uv": [97, 105], "uv_size": [1, 1]},
								"east": {"uv": [105, 97], "uv_size": [1, 1]},
								"south": {"uv": [98, 105], "uv_size": [1, 1]},
								"west": {"uv": [105, 98], "uv_size": [1, 1]},
								"up": {"uv": [99, 105], "uv_size": [1, 1]},
								"down": {"uv": [105, 100], "uv_size": [1, -1]}
							}
						},
						{
							"origin": [-3.06869, 23.54878, -48.52],
							"size": [1.14702, 0.79378, 0.69065],
							"inflate": 0.002,
							"uv": {
								"north": {"uv": [100, 105], "uv_size": [1, 1]},
								"east": {"uv": [105, 100], "uv_size": [1, 1]},
								"south": {"uv": [101, 105], "uv_size": [1, 1]},
								"west": {"uv": [105, 101], "uv_size": [1, 1]},
								"up": {"uv": [102, 105], "uv_size": [1, 1]},
								"down": {"uv": [105, 103], "uv_size": [1, -1]}
							}
						},
						{
							"origin": [-2.98303, 23.67751, -48.52],
							"size": [1.14702, 0.64378, 0.69065],
							"inflate": 0.002,
							"pivot": [-2.49518, 25.06195, 15.91367],
							"rotation": [0, 0, -42.5],
							"uv": {
								"north": {"uv": [103, 105], "uv_size": [1, 1]},
								"east": {"uv": [105, 103], "uv_size": [1, 1]},
								"south": {"uv": [104, 105], "uv_size": [1, 1]},
								"west": {"uv": [105, 104], "uv_size": [1, 1]},
								"up": {"uv": [105, 105], "uv_size": [1, 1]},
								"down": {"uv": [0, 107], "uv_size": [1, -1]}
							}
						},
						{
							"origin": [-3.06869, 23.63982, -48.52],
							"size": [1.14702, 0.64378, 0.69065],
							"inflate": 0.002,
							"pivot": [-2.49518, 25.06195, 15.91367],
							"rotation": [0, 0, -90],
							"uv": {
								"north": {"uv": [106, 0], "uv_size": [1, 1]},
								"east": {"uv": [1, 106], "uv_size": [1, 1]},
								"south": {"uv": [106, 1], "uv_size": [1, 1]},
								"west": {"uv": [106, 2], "uv_size": [1, 1]},
								"up": {"uv": [106, 3], "uv_size": [1, 1]},
								"down": {"uv": [106, 5], "uv_size": [1, -1]}
							}
						},
						{
							"origin": [-2.98303, 25.80261, -48.52],
							"size": [1.14702, 0.64378, 0.69065],
							"inflate": 0.002,
							"pivot": [-2.49518, 25.06195, 15.91367],
							"rotation": [0, 0, 42.5],
							"uv": {
								"north": {"uv": [106, 5], "uv_size": [1, 1]},
								"east": {"uv": [106, 6], "uv_size": [1, 1]},
								"south": {"uv": [106, 7], "uv_size": [1, 1]},
								"west": {"uv": [106, 8], "uv_size": [1, 1]},
								"up": {"uv": [106, 9], "uv_size": [1, 1]},
								"down": {"uv": [106, 11], "uv_size": [1, -1]}
							}
						},
						{
							"origin": [-3.06869, 25.7693, -48.52],
							"size": [1.14702, 0.64378, 0.69065],
							"inflate": 0.002,
							"uv": {
								"north": {"uv": [106, 11], "uv_size": [1, 1]},
								"east": {"uv": [106, 12], "uv_size": [1, 1]},
								"south": {"uv": [13, 106], "uv_size": [1, 1]},
								"west": {"uv": [106, 13], "uv_size": [1, 1]},
								"up": {"uv": [14, 106], "uv_size": [1, 1]},
								"down": {"uv": [106, 15], "uv_size": [1, -1]}
							}
						}
					]
				},
				{
					"name": "Bullet",
					"parent": "gun",
					"pivot": [-2.54289, 25.04933, -12.66786],
					"cubes": [
						{
							"origin": [-3.07318, 24.51904, -14.61855],
							"size": [1.06057, 1.06057, 2.57567],
							"pivot": [-2.54289, 25.04933, -12.66786],
							"rotation": [0, 0, 45],
							"uv": {
								"north": {"uv": [107, 49], "uv_size": [1, 1]},
								"east": {"uv": [73, 24], "uv_size": [3, 1]},
								"south": {"uv": [50, 107], "uv_size": [1, 1]},
								"west": {"uv": [101, 71], "uv_size": [3, 1]},
								"up": {"uv": [102, 72], "uv_size": [1, 3]},
								"down": {"uv": [73, 105], "uv_size": [1, -3]}
							}
						},
						{
							"origin": [-3.11105, 24.48117, -12.11864],
							"size": [1.13633, 1.13633, 0.22726],
							"pivot": [-2.54289, 25.04933, -12.66786],
							"rotation": [0, 0, 45],
							"uv": {
								"north": {"uv": [107, 46], "uv_size": [1, 1]},
								"east": {"uv": [47, 107], "uv_size": [1, 1]},
								"south": {"uv": [107, 47], "uv_size": [1, 1]},
								"west": {"uv": [48, 107], "uv_size": [1, 1]},
								"up": {"uv": [107, 48], "uv_size": [1, 1]},
								"down": {"uv": [49, 108], "uv_size": [1, -1]}
							}
						}
					]
				},
				{
					"name": "Bullet2",
					"parent": "gun",
					"pivot": [-2.54289, 21.29933, -12.73036],
					"cubes": [
						{
							"origin": [-3.07318, 20.81904, -14.56855],
							"size": [1.06057, 1.06057, 2.42567],
							"pivot": [-2.54289, 21.34933, -12.76786],
							"rotation": [0, 0, 45],
							"uv": {
								"north": {"uv": [105, 5], "uv_size": [1, 1]},
								"east": {"uv": [102, 102], "uv_size": [2, 1]},
								"south": {"uv": [105, 6], "uv_size": [1, 1]},
								"west": {"uv": [103, 6], "uv_size": [2, 1]},
								"up": {"uv": [103, 7], "uv_size": [1, 2]},
								"down": {"uv": [103, 18], "uv_size": [1, -2]}
							}
						},
						{
							"origin": [-3.11105, 20.78117, -12.26864],
							"size": [1.13633, 1.13633, 0.22726],
							"pivot": [-2.54289, 21.34933, -12.81786],
							"rotation": [0, 0, 45],
							"uv": {
								"north": {"uv": [105, 9], "uv_size": [1, 1]},
								"east": {"uv": [105, 10], "uv_size": [1, 1]},
								"south": {"uv": [105, 11], "uv_size": [1, 1]},
								"west": {"uv": [105, 12], "uv_size": [1, 1]},
								"up": {"uv": [105, 13], "uv_size": [1, 1]},
								"down": {"uv": [14, 106], "uv_size": [1, -1]}
							}
						}
					]
				},
				{
					"name": "sight",
					"parent": "gun",
					"pivot": [-2.51531, 25.3157, -32.54915],
					"cubes": [
						{
							"origin": [-2.93075, 26.66326, -12.99271],
							"size": [0.80337, 0.11162, 2.93662],
							"inflate": 0.002,
							"uv": {
								"north": {"uv": [107, 51], "uv_size": [1, 1]},
								"east": {"uv": [102, 24], "uv_size": [3, 1]},
								"south": {"uv": [107, 52], "uv_size": [1, 1]},
								"west": {"uv": [102, 37], "uv_size": [3, 1]},
								"up": {"uv": [102, 75], "uv_size": [1, 3]},
								"down": {"uv": [78, 105], "uv_size": [1, -3]}
							}
						},
						{
							"origin": [-2.59585, 26.37888, -62.21771],
							"size": [0.13357, 0.5451, 0.11162],
							"inflate": 0.002,
							"uv": {
								"north": {"uv": [107, 81], "uv_size": [1, 1]},
								"east": {"uv": [82, 107], "uv_size": [1, 1]},
								"south": {"uv": [107, 82], "uv_size": [1, 1]},
								"west": {"uv": [83, 107], "uv_size": [1, 1]},
								"up": {"uv": [107, 83], "uv_size": [1, 1]},
								"down": {"uv": [84, 108], "uv_size": [1, -1]}
							}
						},
						{
							"origin": [-2.90575, 26.62888, -10.56771],
							"size": [0.20337, 0.346, 0.21162],
							"inflate": 0.002,
							"pivot": [-2.80407, 26.90188, -10.6244],
							"rotation": [0, 0, -40],
							"uv": {
								"north": {"uv": [107, 53], "uv_size": [1, 1]},
								"east": {"uv": [54, 107], "uv_size": [1, 1]},
								"south": {"uv": [107, 54], "uv_size": [1, 1]},
								"west": {"uv": [55, 107], "uv_size": [1, 1]},
								"up": {"uv": [107, 55], "uv_size": [1, 1]},
								"down": {"uv": [56, 108], "uv_size": [1, -1]}
							}
						},
						{
							"origin": [-2.35575, 26.62888, -10.56771],
							"size": [0.20337, 0.346, 0.21162],
							"inflate": 0.002,
							"pivot": [-2.25407, 26.90188, -10.6244],
							"rotation": [0, 0, 40],
							"uv": {
								"north": {"uv": [107, 56], "uv_size": [1, 1]},
								"east": {"uv": [57, 107], "uv_size": [1, 1]},
								"south": {"uv": [107, 57], "uv_size": [1, 1]},
								"west": {"uv": [58, 107], "uv_size": [1, 1]},
								"up": {"uv": [107, 58], "uv_size": [1, 1]},
								"down": {"uv": [59, 108], "uv_size": [1, -1]}
							}
						}
					]
				},
				{
					"name": "Hammer",
					"parent": "gun",
					"pivot": [-2.81164, 24.14307, -2.36527],
					"rotation": [-12.5, 0, 0],
					"cubes": [
						{
							"origin": [-2.96242, 23.83741, -1.46394],
							"size": [0.82263, 0.61133, 1.02542],
							"pivot": [-2.81164, 24.14307, -1.97519],
							"rotation": [22.5, 0, 0],
							"uv": {
								"north": {"uv": [105, 14], "uv_size": [1, 1]},
								"east": {"uv": [15, 105], "uv_size": [1, 1]},
								"south": {"uv": [105, 15], "uv_size": [1, 1]},
								"west": {"uv": [105, 18], "uv_size": [1, 1]},
								"up": {"uv": [105, 19], "uv_size": [1, 1]},
								"down": {"uv": [105, 22], "uv_size": [1, -1]}
							}
						},
						{
							"origin": [-2.96242, 23.83741, -1.46394],
							"size": [0.82263, 0.61133, 1.26922],
							"pivot": [-2.81164, 24.14307, -1.97519],
							"rotation": [45, 0, 0],
							"uv": {
								"north": {"uv": [22, 105], "uv_size": [1, 1]},
								"east": {"uv": [105, 22], "uv_size": [1, 1]},
								"south": {"uv": [23, 105], "uv_size": [1, 1]},
								"west": {"uv": [105, 23], "uv_size": [1, 1]},
								"up": {"uv": [24, 105], "uv_size": [1, 1]},
								"down": {"uv": [105, 25], "uv_size": [1, -1]}
							}
						},
						{
							"origin": [-2.96242, 23.83741, -1.46394],
							"size": [0.82263, 0.61133, 1.02542],
							"pivot": [-2.81164, 24.14307, -1.97519],
							"rotation": [0, 0, 0],
							"uv": {
								"north": {"uv": [25, 105], "uv_size": [1, 1]},
								"east": {"uv": [32, 105], "uv_size": [1, 1]},
								"south": {"uv": [33, 105], "uv_size": [1, 1]},
								"west": {"uv": [34, 105], "uv_size": [1, 1]},
								"up": {"uv": [105, 34], "uv_size": [1, 1]},
								"down": {"uv": [35, 106], "uv_size": [1, -1]}
							}
						},
						{
							"origin": [-2.96242, 23.83741, -1.46394],
							"size": [0.82263, 0.61133, 1.02542],
							"pivot": [-2.81164, 24.14307, -1.97519],
							"rotation": [-22.5, 0, 0],
							"uv": {
								"north": {"uv": [105, 35], "uv_size": [1, 1]},
								"east": {"uv": [36, 105], "uv_size": [1, 1]},
								"south": {"uv": [105, 36], "uv_size": [1, 1]},
								"west": {"uv": [37, 105], "uv_size": [1, 1]},
								"up": {"uv": [105, 37], "uv_size": [1, 1]},
								"down": {"uv": [38, 106], "uv_size": [1, -1]}
							}
						},
						{
							"origin": [-2.96242, 23.83741, -1.46394],
							"size": [0.82263, 0.61133, 1.02542],
							"pivot": [-2.81164, 24.14307, -1.97519],
							"rotation": [-45, 0, 0],
							"uv": {
								"north": {"uv": [105, 38], "uv_size": [1, 1]},
								"east": {"uv": [39, 105], "uv_size": [1, 1]},
								"south": {"uv": [105, 39], "uv_size": [1, 1]},
								"west": {"uv": [40, 105], "uv_size": [1, 1]},
								"up": {"uv": [105, 40], "uv_size": [1, 1]},
								"down": {"uv": [41, 106], "uv_size": [1, -1]}
							}
						},
						{
							"origin": [-2.96242, 25.77774, -0.99318],
							"size": [0.82263, 0.38327, 0.29915],
							"pivot": [-2.5511, 25.6707, -0.61095],
							"rotation": [-22.5, 0, -180],
							"uv": {
								"north": {"uv": [42, 105], "uv_size": [1, 1]},
								"east": {"uv": [43, 105], "uv_size": [1, 1]},
								"south": {"uv": [44, 105], "uv_size": [1, 1]},
								"west": {"uv": [45, 105], "uv_size": [1, 1]},
								"up": {"uv": [46, 105], "uv_size": [1, 1]},
								"down": {"uv": [47, 106], "uv_size": [1, -1]}
							}
						}
					]
				},
				{
					"name": "Teuing2",
					"parent": "gun",
					"pivot": [-2.49973, 17.8671, -3.54521],
					"rotation": [-107.5, 0, 0],
					"cubes": [
						{
							"origin": [-2.92562, 10.30504, -3.0097],
							"size": [0.85177, 0.71805, 0.22562],
							"pivot": [0.57194, 10.78978, -10.76686],
							"rotation": [45, 0, 0],
							"uv": {
								"north": {"uv": [106, 60], "uv_size": [1, 1]},
								"east": {"uv": [61, 106], "uv_size": [1, 1]},
								"south": {"uv": [106, 61], "uv_size": [1, 1]},
								"west": {"uv": [62, 106], "uv_size": [1, 1]},
								"up": {"uv": [106, 62], "uv_size": [1, 1]},
								"down": {"uv": [63, 107], "uv_size": [1, -1]}
							}
						},
						{
							"origin": [-2.92562, 20.80284, -12.44608],
							"size": [0.85177, 0.71805, 0.22562],
							"pivot": [0.57194, 11.59978, -10.76686],
							"rotation": [-45, 0, 0],
							"uv": {
								"north": {"uv": [106, 63], "uv_size": [1, 1]},
								"east": {"uv": [64, 106], "uv_size": [1, 1]},
								"south": {"uv": [106, 64], "uv_size": [1, 1]},
								"west": {"uv": [65, 106], "uv_size": [1, 1]},
								"up": {"uv": [106, 65], "uv_size": [1, 1]},
								"down": {"uv": [66, 107], "uv_size": [1, -1]}
							}
						},
						{
							"origin": [-2.92562, 11.11504, 0.37455],
							"size": [0.85177, 0.71805, 0.22562],
							"pivot": [0.57194, 11.59978, -10.76686],
							"rotation": [45, 0, 0],
							"uv": {
								"north": {"uv": [106, 66], "uv_size": [1, 1]},
								"east": {"uv": [67, 106], "uv_size": [1, 1]},
								"south": {"uv": [106, 67], "uv_size": [1, 1]},
								"west": {"uv": [68, 106], "uv_size": [1, 1]},
								"up": {"uv": [106, 68], "uv_size": [1, 1]},
								"down": {"uv": [69, 107], "uv_size": [1, -1]}
							}
						},
						{
							"origin": [-2.92562, 14.78386, -0.30521],
							"size": [0.85177, 0.71805, 0.22562],
							"pivot": [0.57194, 11.59978, -10.76686],
							"rotation": [22.5, 0, 0],
							"uv": {
								"north": {"uv": [106, 69], "uv_size": [1, 1]},
								"east": {"uv": [70, 106], "uv_size": [1, 1]},
								"south": {"uv": [106, 70], "uv_size": [1, 1]},
								"west": {"uv": [71, 106], "uv_size": [1, 1]},
								"up": {"uv": [106, 71], "uv_size": [1, 1]},
								"down": {"uv": [72, 107], "uv_size": [1, -1]}
							}
						},
						{
							"origin": [-2.92562, 17.10328, -2.32006],
							"size": [0.85177, 1.52271, 0.20844],
							"uv": {
								"north": {"uv": [44, 103], "uv_size": [1, 2]},
								"east": {"uv": [47, 103], "uv_size": [1, 2]},
								"south": {"uv": [48, 103], "uv_size": [1, 2]},
								"west": {"uv": [103, 48], "uv_size": [1, 2]},
								"up": {"uv": [106, 72], "uv_size": [1, 1]},
								"down": {"uv": [73, 107], "uv_size": [1, -1]}
							}
						},
						{
							"origin": [-2.92562, 19.21687, -5.41215],
							"size": [0.85177, 0.71805, 0.22562],
							"pivot": [0.57194, 10.78978, -10.76686],
							"rotation": [-22.5, 0, 0],
							"uv": {
								"north": {"uv": [106, 73], "uv_size": [1, 1]},
								"east": {"uv": [74, 106], "uv_size": [1, 1]},
								"south": {"uv": [106, 74], "uv_size": [1, 1]},
								"west": {"uv": [75, 106], "uv_size": [1, 1]},
								"up": {"uv": [106, 75], "uv_size": [1, 1]},
								"down": {"uv": [76, 107], "uv_size": [1, -1]}
							}
						},
						{
							"origin": [-2.92562, 19.99284, -9.06183],
							"size": [0.85177, 0.71805, 0.22562],
							"pivot": [0.57194, 10.78978, -10.76686],
							"rotation": [-45, 0, 0],
							"uv": {
								"north": {"uv": [106, 76], "uv_size": [1, 1]},
								"east": {"uv": [77, 106], "uv_size": [1, 1]},
								"south": {"uv": [106, 77], "uv_size": [1, 1]},
								"west": {"uv": [78, 106], "uv_size": [1, 1]},
								"up": {"uv": [106, 78], "uv_size": [1, 1]},
								"down": {"uv": [79, 107], "uv_size": [1, -1]}
							}
						},
						{
							"origin": [-2.92562, 12.52795, -2.24356],
							"size": [0.85177, 0.22562, 0.71805],
							"pivot": [0.57194, 10.78978, -10.76686],
							"rotation": [22.5, 0, 0],
							"uv": {
								"north": {"uv": [106, 79], "uv_size": [1, 1]},
								"east": {"uv": [80, 106], "uv_size": [1, 1]},
								"south": {"uv": [106, 80], "uv_size": [1, 1]},
								"west": {"uv": [81, 106], "uv_size": [1, 1]},
								"up": {"uv": [106, 81], "uv_size": [1, 1]},
								"down": {"uv": [82, 107], "uv_size": [1, -1]}
							}
						},
						{
							"origin": [-2.92562, 15.65737, -4.27557],
							"size": [0.85177, 0.22562, 0.71805],
							"uv": {
								"north": {"uv": [106, 82], "uv_size": [1, 1]},
								"east": {"uv": [83, 106], "uv_size": [1, 1]},
								"south": {"uv": [106, 83], "uv_size": [1, 1]},
								"west": {"uv": [84, 106], "uv_size": [1, 1]},
								"up": {"uv": [106, 84], "uv_size": [1, 1]},
								"down": {"uv": [85, 107], "uv_size": [1, -1]}
							}
						},
						{
							"origin": [-2.92562, 17.77095, -7.35049],
							"size": [0.85177, 0.22562, 0.71805],
							"pivot": [0.57194, 10.78978, -10.76686],
							"rotation": [-22.5, 0, 0],
							"uv": {
								"north": {"uv": [106, 85], "uv_size": [1, 1]},
								"east": {"uv": [86, 106], "uv_size": [1, 1]},
								"south": {"uv": [106, 86], "uv_size": [1, 1]},
								"west": {"uv": [87, 106], "uv_size": [1, 1]},
								"up": {"uv": [106, 87], "uv_size": [1, 1]},
								"down": {"uv": [88, 107], "uv_size": [1, -1]}
							}
						},
						{
							"origin": [-2.92562, 16.72221, -2.24356],
							"size": [0.85177, 0.22562, 0.71805],
							"pivot": [0.57194, 11.59978, -10.76686],
							"rotation": [22.5, 0, 0],
							"uv": {
								"north": {"uv": [106, 88], "uv_size": [1, 1]},
								"east": {"uv": [89, 106], "uv_size": [1, 1]},
								"south": {"uv": [106, 89], "uv_size": [1, 1]},
								"west": {"uv": [90, 106], "uv_size": [1, 1]},
								"up": {"uv": [106, 90], "uv_size": [1, 1]},
								"down": {"uv": [91, 107], "uv_size": [1, -1]}
							}
						},
						{
							"origin": [-2.92562, 19.85162, -4.27557],
							"size": [0.85177, 0.22562, 0.71805],
							"uv": {
								"north": {"uv": [106, 91], "uv_size": [1, 1]},
								"east": {"uv": [92, 106], "uv_size": [1, 1]},
								"south": {"uv": [106, 92], "uv_size": [1, 1]},
								"west": {"uv": [93, 106], "uv_size": [1, 1]},
								"up": {"uv": [106, 93], "uv_size": [1, 1]},
								"down": {"uv": [94, 107], "uv_size": [1, -1]}
							}
						},
						{
							"origin": [-2.92562, 21.96521, -7.35049],
							"size": [0.85177, 0.22562, 0.71805],
							"pivot": [0.57194, 11.59978, -10.76686],
							"rotation": [-22.5, 0, 0],
							"uv": {
								"north": {"uv": [106, 94], "uv_size": [1, 1]},
								"east": {"uv": [95, 106], "uv_size": [1, 1]},
								"south": {"uv": [106, 95], "uv_size": [1, 1]},
								"west": {"uv": [96, 106], "uv_size": [1, 1]},
								"up": {"uv": [106, 96], "uv_size": [1, 1]},
								"down": {"uv": [97, 107], "uv_size": [1, -1]}
							}
						}
					]
				},
				{
					"name": "trigger",
					"parent": "Teuing2",
					"pivot": [-2.49781, 18.12878, -4.79597],
					"cubes": [
						{
							"origin": [-2.63985, 18.35241, -5.50895],
							"size": [0.28274, 0.34737, 1.33959],
							"inflate": 0.002,
							"pivot": [-2.49781, 18.45278, -5.20097],
							"rotation": [-3.50516, 0.03233, -179.85948],
							"uv": {
								"north": {"uv": [106, 97], "uv_size": [1, 1]},
								"east": {"uv": [98, 106], "uv_size": [1, 1]},
								"south": {"uv": [106, 98], "uv_size": [1, 1]},
								"west": {"uv": [99, 106], "uv_size": [1, 1]},
								"up": {"uv": [106, 99], "uv_size": [1, 1]},
								"down": {"uv": [100, 107], "uv_size": [1, -1]}
							}
						},
						{
							"origin": [-2.63985, 18.04633, -4.24398],
							"size": [0.28274, 0.33314, 0.79656],
							"inflate": 0.002,
							"pivot": [-2.49781, 18.45278, -5.20097],
							"rotation": [13.99484, 0.03233, -179.85948],
							"uv": {
								"north": {"uv": [106, 100], "uv_size": [1, 1]},
								"east": {"uv": [101, 106], "uv_size": [1, 1]},
								"south": {"uv": [106, 101], "uv_size": [1, 1]},
								"west": {"uv": [102, 106], "uv_size": [1, 1]},
								"up": {"uv": [106, 102], "uv_size": [1, 1]},
								"down": {"uv": [103, 107], "uv_size": [1, -1]}
							}
						}
					]
				},
				{
					"name": "trigger2",
					"parent": "Teuing2",
					"pivot": [-2.49781, 16.58978, -4.79597],
					"rotation": [-7, 0, 0]
				},
				{
					"name": "Loader",
					"parent": "gun",
					"pivot": [-2.52907, 21.17649, -7.11751],
					"cubes": [
						{
							"origin": [-2.37398, 21.09195, -12.09868],
							"size": [0.79566, 0.29819, 4.8294],
							"pivot": [-2.05115, 21.24105, -9.68398],
							"rotation": [0, 0, -171],
							"uv": {
								"north": {"uv": [107, 45], "uv_size": [1, 1]},
								"east": {"uv": [100, 12], "uv_size": [5, 1]},
								"south": {"uv": [46, 107], "uv_size": [1, 1]},
								"west": {"uv": [100, 13], "uv_size": [5, 1]},
								"up": {"uv": [66, 100], "uv_size": [1, 5]},
								"down": {"uv": [67, 105], "uv_size": [1, -5]}
							}
						},
						{
							"origin": [-3.47981, 21.09195, -12.09868],
							"size": [0.79566, 0.29819, 4.8294],
							"pivot": [-3.00698, 21.24105, -9.68398],
							"rotation": [0, 0, 171],
							"uv": {
								"north": {"uv": [107, 66], "uv_size": [1, 1]},
								"east": {"uv": [100, 14], "uv_size": [5, 1]},
								"south": {"uv": [67, 107], "uv_size": [1, 1]},
								"west": {"uv": [100, 15], "uv_size": [5, 1]},
								"up": {"uv": [70, 100], "uv_size": [1, 5]},
								"down": {"uv": [71, 105], "uv_size": [1, -5]}
							}
						},
						{
							"origin": [-3.00624, 21.07272, -7.91971],
							"size": [0.95434, 0.57319, 0.6294],
							"pivot": [-2.52907, 21.48432, -7.40501],
							"rotation": [0, 0, 180],
							"uv": {
								"north": {"uv": [107, 63], "uv_size": [1, 1]},
								"east": {"uv": [64, 107], "uv_size": [1, 1]},
								"south": {"uv": [107, 64], "uv_size": [1, 1]},
								"west": {"uv": [65, 107], "uv_size": [1, 1]},
								"up": {"uv": [107, 65], "uv_size": [1, 1]},
								"down": {"uv": [66, 108], "uv_size": [1, -1]}
							}
						},
						{
							"origin": [-2.0519, 21.07272, -10.51971],
							"size": [0.34566, 0.57319, 3.2294],
							"pivot": [-2.52907, 21.48432, -7.40501],
							"rotation": [0, 0, 180],
							"uv": {
								"north": {"uv": [107, 59], "uv_size": [1, 1]},
								"east": {"uv": [102, 38], "uv_size": [3, 1]},
								"south": {"uv": [60, 107], "uv_size": [1, 1]},
								"west": {"uv": [102, 56], "uv_size": [3, 1]},
								"up": {"uv": [102, 85], "uv_size": [1, 3]},
								"down": {"uv": [88, 105], "uv_size": [1, -3]}
							}
						},
						{
							"origin": [-3.3519, 21.07272, -10.51971],
							"size": [0.34566, 0.57319, 3.2294],
							"pivot": [-2.52907, 21.48432, -7.40501],
							"rotation": [0, 0, 180],
							"uv": {
								"north": {"uv": [107, 60], "uv_size": [1, 1]},
								"east": {"uv": [102, 78], "uv_size": [3, 1]},
								"south": {"uv": [61, 107], "uv_size": [1, 1]},
								"west": {"uv": [102, 88], "uv_size": [3, 1]},
								"up": {"uv": [89, 102], "uv_size": [1, 3]},
								"down": {"uv": [102, 93], "uv_size": [1, -3]}
							}
						},
						{
							"origin": [-3.8633, 21.50636, -12.09868],
							"size": [0.06846, 0.23955, 4.80837],
							"pivot": [-3.17907, 21.48432, -7.40501],
							"rotation": [0, 0, 180],
							"uv": {
								"north": {"uv": [107, 67], "uv_size": [1, 1]},
								"east": {"uv": [100, 34], "uv_size": [5, 1]},
								"south": {"uv": [68, 107], "uv_size": [1, 1]},
								"west": {"uv": [100, 35], "uv_size": [5, 1]},
								"up": {"uv": [72, 100], "uv_size": [1, 5]},
								"down": {"uv": [87, 105], "uv_size": [1, -5]}
							}
						},
						{
							"origin": [-2.0519, 21.05906, -12.15089],
							"size": [0.34566, 0.57319, 1.7044],
							"pivot": [-2.52907, 21.47065, -10.56119],
							"rotation": [-7, 0, 180],
							"uv": {
								"north": {"uv": [107, 62], "uv_size": [1, 1]},
								"east": {"uv": [100, 103], "uv_size": [2, 1]},
								"south": {"uv": [63, 107], "uv_size": [1, 1]},
								"west": {"uv": [102, 103], "uv_size": [2, 1]},
								"up": {"uv": [98, 103], "uv_size": [1, 2]},
								"down": {"uv": [0, 106], "uv_size": [1, -2]}
							}
						},
						{
							"origin": [-3.3519, 21.05906, -12.15089],
							"size": [0.34566, 0.57319, 1.7044],
							"pivot": [-2.52907, 21.47065, -10.56119],
							"rotation": [-7, 0, 180],
							"uv": {
								"north": {"uv": [107, 61], "uv_size": [1, 1]},
								"east": {"uv": [93, 103], "uv_size": [2, 1]},
								"south": {"uv": [62, 107], "uv_size": [1, 1]},
								"west": {"uv": [95, 103], "uv_size": [2, 1]},
								"up": {"uv": [91, 103], "uv_size": [1, 2]},
								"down": {"uv": [97, 105], "uv_size": [1, -2]}
							}
						}
					]
				},
				{
					"name": "Chamber2",
					"parent": "gun",
					"pivot": [-2.49518, 25.51155, -7.61843],
					"cubes": [
						{
							"origin": [-2.97634, 25.62584, -12.84115],
							"size": [0.83713, 0.46938, 10.44544],
							"inflate": 0.002,
							"pivot": [-2.49518, 25.08405, 5.99627],
							"rotation": [0, 0, -42.5],
							"uv": {
								"north": {"uv": [107, 4], "uv_size": [1, 1]},
								"east": {"uv": [91, 16], "uv_size": [10, 1]},
								"south": {"uv": [107, 5], "uv_size": [1, 1]},
								"west": {"uv": [91, 17], "uv_size": [10, 1]},
								"up": {"uv": [87, 90], "uv_size": [1, 10]},
								"down": {"uv": [60, 102], "uv_size": [1, -10]}
							}
						},
						{
							"origin": [-2.91374, 25.6015, -12.84115],
							"size": [0.83713, 0.46938, 10.44544],
							"inflate": 0.002,
							"uv": {
								"north": {"uv": [107, 6], "uv_size": [1, 1]},
								"east": {"uv": [91, 72], "uv_size": [10, 1]},
								"south": {"uv": [107, 7], "uv_size": [1, 1]},
								"west": {"uv": [92, 73], "uv_size": [10, 1]},
								"up": {"uv": [73, 92], "uv_size": [1, 10]},
								"down": {"uv": [92, 99], "uv_size": [1, -10]}
							}
						},
						{
							"origin": [-3.39277, 24.84936, -12.84115],
							"size": [0.51213, 0.46938, 10.44544],
							"inflate": 0.002,
							"pivot": [-3.2992, 25.08405, -9.54343],
							"rotation": [0, 0, -90],
							"uv": {
								"north": {"uv": [107, 36], "uv_size": [1, 1]},
								"east": {"uv": [92, 76], "uv_size": [10, 1]},
								"south": {"uv": [37, 107], "uv_size": [1, 1]},
								"west": {"uv": [92, 77], "uv_size": [10, 1]},
								"up": {"uv": [41, 93], "uv_size": [1, 10]},
								"down": {"uv": [42, 103], "uv_size": [1, -10]}
							}
						},
						{
							"origin": [-1.78472, 24.84936, -12.84115],
							"size": [0.51213, 0.46938, 10.44544],
							"inflate": 0.002,
							"pivot": [-1.69115, 25.08405, -9.54343],
							"rotation": [0, 0, -90],
							"uv": {
								"north": {"uv": [107, 37], "uv_size": [1, 1]},
								"east": {"uv": [92, 78], "uv_size": [10, 1]},
								"south": {"uv": [38, 107], "uv_size": [1, 1]},
								"west": {"uv": [93, 67], "uv_size": [10, 1]},
								"up": {"uv": [43, 93], "uv_size": [1, 10]},
								"down": {"uv": [44, 103], "uv_size": [1, -10]}
							}
						},
						{
							"origin": [-2.85114, 25.62584, -12.84115],
							"size": [0.83713, 0.46938, 10.44544],
							"inflate": 0.002,
							"pivot": [-2.49518, 25.08405, 5.99627],
							"rotation": [0, 0, 42.5],
							"uv": {
								"north": {"uv": [107, 8], "uv_size": [1, 1]},
								"east": {"uv": [92, 74], "uv_size": [10, 1]},
								"south": {"uv": [107, 9], "uv_size": [1, 1]},
								"west": {"uv": [92, 75], "uv_size": [10, 1]},
								"up": {"uv": [93, 6], "uv_size": [1, 10]},
								"down": {"uv": [40, 103], "uv_size": [1, -10]}
							}
						}
					]
				},
				{
					"name": "Chamber4",
					"parent": "gun",
					"pivot": [-3.29251, 24.95698, -7.63586],
					"cubes": [
						{
							"origin": [-4.06643, 24.26596, -11.97865],
							"size": [1.54783, 0.716, 4.50155],
							"pivot": [-3.29251, 24.95698, -7.63586],
							"rotation": [-5, 0, 0],
							"uv": {
								"north": {"uv": [93, 104], "uv_size": [2, 1]},
								"east": {"uv": [100, 36], "uv_size": [5, 1]},
								"south": {"uv": [104, 93], "uv_size": [2, 1]},
								"west": {"uv": [100, 89], "uv_size": [5, 1]},
								"up": {"uv": [49, 93], "uv_size": [2, 5]},
								"down": {"uv": [74, 98], "uv_size": [2, -5]}
							}
						}
					]
				},
				{
					"name": "Chamber",
					"parent": "gun",
					"pivot": [-2.69339, 25.21012, -4.96677],
					"cubes": [
						{
							"origin": [-4.06643, 25.29898, -11.98664],
							"size": [1.54783, 0.466, 4.50155],
							"uv": {
								"north": {"uv": [103, 51], "uv_size": [2, 1]},
								"east": {"uv": [99, 20], "uv_size": [5, 1]},
								"south": {"uv": [55, 103], "uv_size": [2, 1]},
								"west": {"uv": [99, 57], "uv_size": [5, 1]},
								"up": {"uv": [69, 92], "uv_size": [2, 5]},
								"down": {"uv": [71, 97], "uv_size": [2, -5]}
							}
						},
						{
							"origin": [-3.32884, 25.92428, -11.98464],
							"size": [0.554, 0.62054, 4.49755],
							"inflate": 0.002,
							"pivot": [-2.69339, 25.21012, -22.96677],
							"rotation": [0, 0, -42.5],
							"uv": {
								"north": {"uv": [107, 2], "uv_size": [1, 1]},
								"east": {"uv": [101, 19], "uv_size": [4, 1]},
								"south": {"uv": [107, 3], "uv_size": [1, 1]},
								"west": {"uv": [101, 52], "uv_size": [4, 1]},
								"up": {"uv": [101, 53], "uv_size": [1, 4]},
								"down": {"uv": [84, 105], "uv_size": [1, -4]}
							}
						}
					]
				},
				{
					"name": "rightarm",
					"parent": "main",
					"pivot": [-4.3, 8.8, 25.8],
					"rotation": [-101.81106, -12.40003, -2.46982],
					"cubes": [
						{
							"origin": [-11.3, -20.2, 20.8],
							"size": [8, 24, 8],
							"uv": {
								"north": {"uv": [0, 0], "uv_size": [8, 24]},
								"east": {"uv": [8, 0], "uv_size": [8, 24]},
								"south": {"uv": [16, 0], "uv_size": [8, 24]},
								"west": {"uv": [0, 24], "uv_size": [8, 24]},
								"up": {"uv": [0, 48], "uv_size": [8, 8]},
								"down": {"uv": [8, 56], "uv_size": [8, -8]}
							}
						}
					]
				},
				{
					"name": "leftarm",
					"parent": "main",
					"pivot": [10.7, 11.3, -4.6],
					"rotation": [-119.61483, 1.67666, -38.31282],
					"cubes": [
						{
							"origin": [4, -20, -5.8],
							"size": [8, 24, 8],
							"uv": {
								"north": {"uv": [24, 0], "uv_size": [8, 24]},
								"east": {"uv": [8, 24], "uv_size": [8, 24]},
								"south": {"uv": [16, 24], "uv_size": [8, 24]},
								"west": {"uv": [24, 24], "uv_size": [8, 24]},
								"up": {"uv": [16, 48], "uv_size": [8, 8]},
								"down": {"uv": [24, 56], "uv_size": [8, -8]}
							}
						}
					]
				},
				{
					"name": "muzzleflash",
					"parent": "main",
					"pivot": [-2.6, 25.05, -90.05],
					"cubes": [
						{
							"origin": [-3.1, 24.55, -64.55],
							"size": [1, 1, 1],
							"inflate": -0.4,
							"uv": {
								"north": {"uv": [101, 72], "uv_size": [1, 1]},
								"east": {"uv": [104, 94], "uv_size": [1, 1]},
								"south": {"uv": [95, 104], "uv_size": [1, 1]},
								"west": {"uv": [104, 95], "uv_size": [1, 1]},
								"up": {"uv": [96, 104], "uv_size": [1, 1]},
								"down": {"uv": [104, 97], "uv_size": [1, -1]}
							}
						}
					]
				},
				{
					"name": "scope",
					"parent": "main",
					"pivot": [-2.53743, 26.91571, 6.03067],
					"cubes": [
						{
							"origin": [-3.0274, 26.41571, 5.53067],
							"size": [1, 1, 1],
							"inflate": -0.4,
							"uv": {
								"north": {"uv": [104, 97], "uv_size": [1, 1]},
								"east": {"uv": [104, 98], "uv_size": [1, 1]},
								"south": {"uv": [99, 104], "uv_size": [1, 1]},
								"west": {"uv": [104, 99], "uv_size": [1, 1]},
								"up": {"uv": [100, 104], "uv_size": [1, 1]},
								"down": {"uv": [104, 101], "uv_size": [1, -1]}
							}
						}
					]
				}
			]
		}
	]
}