{
	"format_version": "1.12.0",
	"minecraft:geometry": [
		{
			"description": {
				"identifier": "geometry.unknown",
				"texture_width": 256,
				"texture_height": 256,
				"visible_bounds_width": 12,
				"visible_bounds_height": 6,
				"visible_bounds_offset": [0, 0, 0]
			},
			"bones": [
				{
					"name": "main",
					"pivot": [-3, 20, 0]
				},
				{
					"name": "gun",
					"parent": "main",
					"pivot": [-1.2, 29.475, 2.9]
				},
				{
					"name": "chamber",
					"parent": "gun",
					"pivot": [-3.175, 26.28504, -3.69909],
					"cubes": [
						{
							"origin": [-3.955, 25.17939, -7.02],
							"size": [1.91, 1.24121, 6.24],
							"pivot": [-3, 25.8, -3.9],
							"rotation": [45, 0, 0],
							"uv": {
								"north": {"uv": [110, 52], "uv_size": [2, 1]},
								"east": {"uv": [104, 99], "uv_size": [6, 1]},
								"south": {"uv": [53, 110], "uv_size": [2, 1]},
								"west": {"uv": [104, 100], "uv_size": [6, 1]},
								"up": {"uv": [98, 74], "uv_size": [2, 6]},
								"down": {"uv": [89, 104], "uv_size": [2, -6]}
							}
						},
						{
							"origin": [-3.955, 25.17939, -4.22],
							"size": [1.91, 1.24121, 3.44],
							"pivot": [-3, 25.8, -3.9],
							"rotation": [22.5, 0, 0],
							"uv": {
								"north": {"uv": [110, 53], "uv_size": [2, 1]},
								"east": {"uv": [30, 105], "uv_size": [6, 1]},
								"south": {"uv": [110, 54], "uv_size": [2, 1]},
								"west": {"uv": [105, 68], "uv_size": [6, 1]},
								"up": {"uv": [91, 98], "uv_size": [2, 6]},
								"down": {"uv": [25, 105], "uv_size": [2, -6]}
							}
						},
						{
							"origin": [-3.955, 22.68, -4.52061],
							"size": [1.91, 6.24, 1.24121],
							"pivot": [-3, 25.8, -3.9],
							"rotation": [0, 0, 0],
							"uv": {
								"north": {"uv": [27, 99], "uv_size": [2, 6]},
								"east": {"uv": [79, 105], "uv_size": [1, 6]},
								"south": {"uv": [99, 84], "uv_size": [2, 6]},
								"west": {"uv": [85, 105], "uv_size": [1, 6]},
								"up": {"uv": [110, 55], "uv_size": [2, 1]},
								"down": {"uv": [110, 57], "uv_size": [2, -1]}
							}
						},
						{
							"origin": [-3.955, 22.68, -4.52061],
							"size": [1.91, 6.24, 1.24121],
							"pivot": [-3, 25.8, -3.9],
							"rotation": [-22.5, 0, 0],
							"uv": {
								"north": {"uv": [99, 90], "uv_size": [2, 6]},
								"east": {"uv": [86, 105], "uv_size": [1, 6]},
								"south": {"uv": [99, 96], "uv_size": [2, 6]},
								"west": {"uv": [87, 105], "uv_size": [1, 6]},
								"up": {"uv": [110, 57], "uv_size": [2, 1]},
								"down": {"uv": [58, 111], "uv_size": [2, -1]}
							}
						},
						{
							"origin": [-4.705, 28.18, -4.02061],
							"size": [1.66, 0.49, 0.24121],
							"pivot": [-3, 25.8, -3.9],
							"rotation": [-22.5, 0, 0],
							"uv": {
								"north": {"uv": [110, 58], "uv_size": [2, 1]},
								"east": {"uv": [73, 111], "uv_size": [1, 1]},
								"south": {"uv": [110, 59], "uv_size": [2, 1]},
								"west": {"uv": [111, 73], "uv_size": [1, 1]},
								"up": {"uv": [110, 60], "uv_size": [2, 1]},
								"down": {"uv": [110, 62], "uv_size": [2, -1]}
							}
						}
					]
				},
				{
					"name": "frame",
					"parent": "gun",
					"pivot": [-4.8, 29.475, -24.1]
				},
				{
					"name": "sight",
					"parent": "frame",
					"pivot": [-3.225, 28.775, -31],
					"cubes": [
						{
							"origin": [-6.88921, 28.41775, -28.025],
							"size": [0.21421, 0.84304, 4.5],
							"pivot": [-4.8, 27.075, -15.025],
							"rotation": [0, 0, 90],
							"uv": {
								"north": {"uv": [110, 96], "uv_size": [1, 1]},
								"east": {"uv": [105, 72], "uv_size": [5, 1]},
								"south": {"uv": [100, 110], "uv_size": [1, 1]},
								"west": {"uv": [105, 73], "uv_size": [5, 1]},
								"up": {"uv": [88, 105], "uv_size": [1, 5]},
								"down": {"uv": [97, 110], "uv_size": [1, -5]}
							}
						},
						{
							"origin": [-2.09284, 29.88559, -28.425],
							"size": [0.50389, 0.24304, 4.67343],
							"pivot": [-3.03573, 30.30711, -25.375],
							"rotation": [0, -10, 90],
							"uv": {
								"north": {"uv": [112, 59], "uv_size": [1, 1]},
								"east": {"uv": [105, 90], "uv_size": [5, 1]},
								"south": {"uv": [60, 112], "uv_size": [1, 1]},
								"west": {"uv": [34, 106], "uv_size": [5, 1]},
								"up": {"uv": [39, 106], "uv_size": [1, 5]},
								"down": {"uv": [106, 51], "uv_size": [1, -5]}
							}
						},
						{
							"origin": [-2.09284, 30.48559, -28.425],
							"size": [0.50389, 0.24304, 4.67343],
							"pivot": [-3.03573, 30.30711, -25.375],
							"rotation": [0, -10, 90],
							"uv": {
								"north": {"uv": [112, 60], "uv_size": [1, 1]},
								"east": {"uv": [106, 34], "uv_size": [5, 1]},
								"south": {"uv": [112, 61], "uv_size": [1, 1]},
								"west": {"uv": [106, 35], "uv_size": [5, 1]},
								"up": {"uv": [106, 51], "uv_size": [1, 5]},
								"down": {"uv": [52, 111], "uv_size": [1, -5]}
							}
						},
						{
							"origin": [-2.98768, 28.99464, -28.025],
							"size": [0.20389, 0.24304, 3.67343],
							"pivot": [-3.03573, 29.41616, -26.68828],
							"rotation": [0, 0, 90],
							"uv": {
								"north": {"uv": [112, 66], "uv_size": [1, 1]},
								"east": {"uv": [109, 2], "uv_size": [4, 1]},
								"south": {"uv": [112, 67], "uv_size": [1, 1]},
								"west": {"uv": [109, 3], "uv_size": [4, 1]},
								"up": {"uv": [29, 109], "uv_size": [1, 4]},
								"down": {"uv": [109, 42], "uv_size": [1, -4]}
							}
						},
						{
							"origin": [-2.68768, 28.93768, -28.025],
							"size": [0.20389, 0.35696, 3.32343],
							"pivot": [-2.73573, 29.41616, -26.68828],
							"rotation": [0, 0, 90],
							"uv": {
								"north": {"uv": [112, 68], "uv_size": [1, 1]},
								"east": {"uv": [109, 83], "uv_size": [3, 1]},
								"south": {"uv": [112, 69], "uv_size": [1, 1]},
								"west": {"uv": [109, 93], "uv_size": [3, 1]},
								"up": {"uv": [76, 109], "uv_size": [1, 3]},
								"down": {"uv": [109, 97], "uv_size": [1, -3]}
							}
						},
						{
							"origin": [-2.89643, 29.13768, -24.68616],
							"size": [0.01264, 0.35696, 1.0846],
							"pivot": [-3.03573, 29.31616, -24.15157],
							"rotation": [0, 20, 90],
							"uv": {
								"north": {"uv": [112, 70], "uv_size": [1, 1]},
								"east": {"uv": [112, 71], "uv_size": [1, 1]},
								"south": {"uv": [72, 112], "uv_size": [1, 1]},
								"west": {"uv": [112, 72], "uv_size": [1, 1]},
								"up": {"uv": [73, 112], "uv_size": [1, 1]},
								"down": {"uv": [112, 74], "uv_size": [1, -1]}
							}
						},
						{
							"origin": [-2.98768, 29.59464, -28.025],
							"size": [0.20389, 0.24304, 3.67343],
							"pivot": [-3.03573, 29.41616, -26.68828],
							"rotation": [0, 0, 90],
							"uv": {
								"north": {"uv": [112, 64], "uv_size": [1, 1]},
								"east": {"uv": [108, 42], "uv_size": [4, 1]},
								"south": {"uv": [112, 65], "uv_size": [1, 1]},
								"west": {"uv": [108, 43], "uv_size": [4, 1]},
								"up": {"uv": [108, 101], "uv_size": [1, 4]},
								"down": {"uv": [108, 111], "uv_size": [1, -4]}
							}
						},
						{
							"origin": [-3.11885, 29.04894, -98.775],
							"size": [0.16373, 0.596, 0.45],
							"inflate": 0.002,
							"uv": {
								"north": {"uv": [112, 55], "uv_size": [1, 1]},
								"east": {"uv": [112, 56], "uv_size": [1, 1]},
								"south": {"uv": [112, 57], "uv_size": [1, 1]},
								"west": {"uv": [58, 112], "uv_size": [1, 1]},
								"up": {"uv": [112, 58], "uv_size": [1, 1]},
								"down": {"uv": [59, 113], "uv_size": [1, -1]}
							}
						}
					]
				},
				{
					"name": "frame2",
					"parent": "frame",
					"pivot": [-2.99234, 24.32001, -1.7481],
					"rotation": [7.5, 0, 0],
					"cubes": [
						{
							"origin": [-2.15, 20.225, -5.3],
							"size": [1.1, 5, 8.2],
							"pivot": [-2.1, 25.925, 0.4],
							"rotation": [-27.5, 0, 0],
							"uv": {
								"north": {"uv": [98, 105], "uv_size": [1, 5]},
								"east": {"uv": [75, 12], "uv_size": [8, 5]},
								"south": {"uv": [105, 101], "uv_size": [1, 5]},
								"west": {"uv": [75, 17], "uv_size": [8, 5]},
								"up": {"uv": [79, 97], "uv_size": [1, 8]},
								"down": {"uv": [93, 110], "uv_size": [1, -8]}
							}
						},
						{
							"origin": [1.79566, 21.04266, -4.9306],
							"size": [1.0868, 1.28758, 8.2],
							"pivot": [-2.1, 26.63461, 0.7694],
							"rotation": [-21.741, 17.26588, 36.65996],
							"uv": {
								"north": {"uv": [101, 110], "uv_size": [1, 1]},
								"east": {"uv": [98, 61], "uv_size": [8, 1]},
								"south": {"uv": [102, 110], "uv_size": [1, 1]},
								"west": {"uv": [102, 44], "uv_size": [8, 1]},
								"up": {"uv": [94, 102], "uv_size": [1, 8]},
								"down": {"uv": [95, 110], "uv_size": [1, -8]}
							}
						},
						{
							"origin": [-3.41569, 24.68756, -5.3],
							"size": [1.56317, 1.39896, 8.2],
							"pivot": [-2.1, 25.925, 0.4],
							"rotation": [-20.20848, -19.05681, -41.57337],
							"uv": {
								"north": {"uv": [97, 84], "uv_size": [2, 1]},
								"east": {"uv": [102, 45], "uv_size": [8, 1]},
								"south": {"uv": [97, 85], "uv_size": [2, 1]},
								"west": {"uv": [102, 59], "uv_size": [8, 1]},
								"up": {"uv": [94, 54], "uv_size": [2, 8]},
								"down": {"uv": [93, 102], "uv_size": [2, -8]}
							}
						},
						{
							"origin": [-3.62028, 23.41477, -5.3],
							"size": [1.56317, 1.39896, 8.2],
							"pivot": [-2.1, 25.925, 0.4],
							"rotation": [-20.20848, 19.05681, 41.57337],
							"uv": {
								"north": {"uv": [98, 60], "uv_size": [2, 1]},
								"east": {"uv": [102, 60], "uv_size": [8, 1]},
								"south": {"uv": [109, 101], "uv_size": [2, 1]},
								"west": {"uv": [102, 79], "uv_size": [8, 1]},
								"up": {"uv": [95, 94], "uv_size": [2, 8]},
								"down": {"uv": [96, 62], "uv_size": [2, -8]}
							}
						},
						{
							"origin": [-9.58635, 27.50236, -4.9306],
							"size": [1.25056, 1.15461, 8.2],
							"pivot": [-2.1, 26.63461, 0.7694],
							"rotation": [0, -27.5, -90],
							"uv": {
								"north": {"uv": [103, 110], "uv_size": [1, 1]},
								"east": {"uv": [40, 103], "uv_size": [8, 1]},
								"south": {"uv": [104, 110], "uv_size": [1, 1]},
								"west": {"uv": [103, 84], "uv_size": [8, 1]},
								"up": {"uv": [96, 102], "uv_size": [1, 8]},
								"down": {"uv": [99, 110], "uv_size": [1, -8]}
							}
						},
						{
							"origin": [-9.49624, 26.50236, -4.9306],
							"size": [1.25056, 1.15461, 8.2],
							"pivot": [-2.00989, 26.63461, 0.7694],
							"rotation": [0, -27.5, -90],
							"uv": {
								"north": {"uv": [111, 66], "uv_size": [1, 1]},
								"east": {"uv": [103, 91], "uv_size": [8, 1]},
								"south": {"uv": [111, 67], "uv_size": [1, 1]},
								"west": {"uv": [103, 92], "uv_size": [8, 1]},
								"up": {"uv": [51, 103], "uv_size": [1, 8]},
								"down": {"uv": [103, 101], "uv_size": [1, -8]}
							}
						},
						{
							"origin": [-3.08635, 26.79275, -0.3],
							"size": [1.27556, 0.99304, 3.2],
							"pivot": [-2.1, 25.925, 0.4],
							"rotation": [0, -27.5, -90],
							"uv": {
								"north": {"uv": [111, 45], "uv_size": [1, 1]},
								"east": {"uv": [109, 48], "uv_size": [3, 1]},
								"south": {"uv": [111, 46], "uv_size": [1, 1]},
								"west": {"uv": [109, 49], "uv_size": [3, 1]},
								"up": {"uv": [109, 50], "uv_size": [1, 3]},
								"down": {"uv": [109, 56], "uv_size": [1, -3]}
							}
						},
						{
							"origin": [-3.08635, 25.86421, -0.3],
							"size": [1.27556, 0.92157, 3.2],
							"pivot": [-2.1, 25.925, 0.4],
							"rotation": [0, -27.5, -90],
							"uv": {
								"north": {"uv": [111, 47], "uv_size": [1, 1]},
								"east": {"uv": [72, 109], "uv_size": [3, 1]},
								"south": {"uv": [48, 111], "uv_size": [1, 1]},
								"west": {"uv": [109, 82], "uv_size": [3, 1]},
								"up": {"uv": [60, 109], "uv_size": [1, 3]},
								"down": {"uv": [75, 112], "uv_size": [1, -3]}
							}
						},
						{
							"origin": [-3.08635, 26.79275, -1.4],
							"size": [1.27556, 0.99304, 0.4],
							"pivot": [-2.1, 25.925, 0.4],
							"rotation": [0, -27.5, -90],
							"uv": {
								"north": {"uv": [78, 111], "uv_size": [1, 1]},
								"east": {"uv": [111, 78], "uv_size": [1, 1]},
								"south": {"uv": [79, 111], "uv_size": [1, 1]},
								"west": {"uv": [111, 80], "uv_size": [1, 1]},
								"up": {"uv": [111, 81], "uv_size": [1, 1]},
								"down": {"uv": [111, 85], "uv_size": [1, -1]}
							}
						},
						{
							"origin": [-3.08635, 27.29275, -1],
							"size": [1.27556, 0.49304, 0.7],
							"pivot": [-2.1, 25.925, 0.4],
							"rotation": [0, -27.5, -90],
							"uv": {
								"north": {"uv": [85, 111], "uv_size": [1, 1]},
								"east": {"uv": [111, 85], "uv_size": [1, 1]},
								"south": {"uv": [86, 111], "uv_size": [1, 1]},
								"west": {"uv": [111, 86], "uv_size": [1, 1]},
								"up": {"uv": [87, 111], "uv_size": [1, 1]},
								"down": {"uv": [111, 88], "uv_size": [1, -1]}
							}
						},
						{
							"origin": [-3.08635, 25.86421, -1.4],
							"size": [1.27556, 0.92157, 0.4],
							"pivot": [-2.1, 25.925, 0.4],
							"rotation": [0, -27.5, -90],
							"uv": {
								"north": {"uv": [74, 111], "uv_size": [1, 1]},
								"east": {"uv": [111, 74], "uv_size": [1, 1]},
								"south": {"uv": [111, 75], "uv_size": [1, 1]},
								"west": {"uv": [111, 76], "uv_size": [1, 1]},
								"up": {"uv": [77, 111], "uv_size": [1, 1]},
								"down": {"uv": [111, 78], "uv_size": [1, -1]}
							}
						},
						{
							"origin": [-3.08635, 25.86421, -1],
							"size": [1.27556, 0.42157, 0.7],
							"pivot": [-2.1, 25.925, 0.4],
							"rotation": [0, -27.5, -90],
							"uv": {
								"north": {"uv": [88, 111], "uv_size": [1, 1]},
								"east": {"uv": [111, 88], "uv_size": [1, 1]},
								"south": {"uv": [89, 111], "uv_size": [1, 1]},
								"west": {"uv": [111, 89], "uv_size": [1, 1]},
								"up": {"uv": [111, 91], "uv_size": [1, 1]},
								"down": {"uv": [111, 93], "uv_size": [1, -1]}
							}
						},
						{
							"origin": [-4.95, 20.225, -5.3],
							"size": [1.1, 5, 8.2],
							"pivot": [-2.1, 25.925, 0.4],
							"rotation": [-27.5, 0, 0],
							"uv": {
								"north": {"uv": [103, 105], "uv_size": [1, 5]},
								"east": {"uv": [77, 64], "uv_size": [8, 5]},
								"south": {"uv": [104, 105], "uv_size": [1, 5]},
								"west": {"uv": [77, 69], "uv_size": [8, 5]},
								"up": {"uv": [100, 102], "uv_size": [1, 8]},
								"down": {"uv": [48, 111], "uv_size": [1, -8]}
							}
						},
						{
							"origin": [-8.46135, 22.19968, -4.9306],
							"size": [1.0868, 1.28758, 8.2],
							"pivot": [-2.1, 26.63461, 0.7694],
							"rotation": [-21.741, -17.26588, -36.65996],
							"uv": {
								"north": {"uv": [105, 110], "uv_size": [1, 1]},
								"east": {"uv": [103, 85], "uv_size": [8, 1]},
								"south": {"uv": [110, 105], "uv_size": [1, 1]},
								"west": {"uv": [103, 86], "uv_size": [8, 1]},
								"up": {"uv": [49, 103], "uv_size": [1, 8]},
								"down": {"uv": [50, 111], "uv_size": [1, -8]}
							}
						}
					]
				},
				{
					"name": "frame4",
					"parent": "frame",
					"pivot": [-2.99643, 25.13453, -1.42703],
					"rotation": [27.5, 0, 0],
					"cubes": [
						{
							"origin": [-2.15, 22.05, -6.55],
							"size": [1.1, 5.8, 3.95],
							"inflate": 0.0001,
							"pivot": [-2.1, 28.55, -0.1],
							"rotation": [-27.5, 0, 0],
							"uv": {
								"north": {"uv": [104, 68], "uv_size": [1, 6]},
								"east": {"uv": [89, 86], "uv_size": [4, 6]},
								"south": {"uv": [89, 104], "uv_size": [1, 6]},
								"west": {"uv": [91, 64], "uv_size": [4, 6]},
								"up": {"uv": [58, 106], "uv_size": [1, 4]},
								"down": {"uv": [59, 110], "uv_size": [1, -4]}
							}
						},
						{
							"origin": [1.79566, 22.95805, -6.55],
							"size": [1.0868, 1.28758, 3.95],
							"pivot": [-2.1, 28.55, -0.1],
							"rotation": [-21.741, 17.26588, 36.65996],
							"uv": {
								"north": {"uv": [49, 111], "uv_size": [1, 1]},
								"east": {"uv": [106, 36], "uv_size": [4, 1]},
								"south": {"uv": [50, 111], "uv_size": [1, 1]},
								"west": {"uv": [106, 37], "uv_size": [4, 1]},
								"up": {"uv": [106, 101], "uv_size": [1, 4]},
								"down": {"uv": [105, 110], "uv_size": [1, -4]}
							}
						},
						{
							"origin": [-3.41569, 27.31256, -6.55],
							"size": [1.56317, 1.39896, 3.95],
							"pivot": [-2.1, 28.55, -0.1],
							"rotation": [-20.20848, -19.05681, -41.57337],
							"uv": {
								"north": {"uv": [109, 104], "uv_size": [2, 1]},
								"east": {"uv": [106, 56], "uv_size": [4, 1]},
								"south": {"uv": [109, 107], "uv_size": [2, 1]},
								"west": {"uv": [106, 57], "uv_size": [4, 1]},
								"up": {"uv": [95, 76], "uv_size": [2, 4]},
								"down": {"uv": [98, 46], "uv_size": [2, -4]}
							}
						},
						{
							"origin": [-3.62028, 26.03977, -6.55],
							"size": [1.56317, 1.39896, 3.95],
							"pivot": [-2.1, 28.55, -0.1],
							"rotation": [-20.20848, 19.05681, 41.57337],
							"uv": {
								"north": {"uv": [109, 108], "uv_size": [2, 1]},
								"east": {"uv": [106, 61], "uv_size": [4, 1]},
								"south": {"uv": [109, 109], "uv_size": [2, 1]},
								"west": {"uv": [106, 105], "uv_size": [4, 1]},
								"up": {"uv": [77, 103], "uv_size": [2, 4]},
								"down": {"uv": [103, 91], "uv_size": [2, -4]}
							}
						},
						{
							"origin": [4.13579, 27.61775, -6.55],
							"size": [1.25056, 1.15461, 3.95],
							"pivot": [-2.1, 28.55, -0.1],
							"rotation": [0, 27.5, 90],
							"uv": {
								"north": {"uv": [111, 50], "uv_size": [1, 1]},
								"east": {"uv": [106, 106], "uv_size": [4, 1]},
								"south": {"uv": [51, 111], "uv_size": [1, 1]},
								"west": {"uv": [34, 107], "uv_size": [4, 1]},
								"up": {"uv": [38, 107], "uv_size": [1, 4]},
								"down": {"uv": [107, 44], "uv_size": [1, -4]}
							}
						},
						{
							"origin": [-9.58635, 29.41775, -6.55],
							"size": [1.25056, 1.15461, 3.95],
							"pivot": [-2.1, 28.55, -0.1],
							"rotation": [0, -27.5, -90],
							"uv": {
								"north": {"uv": [111, 51], "uv_size": [1, 1]},
								"east": {"uv": [107, 46], "uv_size": [4, 1]},
								"south": {"uv": [52, 111], "uv_size": [1, 1]},
								"west": {"uv": [107, 47], "uv_size": [4, 1]},
								"up": {"uv": [107, 48], "uv_size": [1, 4]},
								"down": {"uv": [107, 56], "uv_size": [1, -4]}
							}
						},
						{
							"origin": [-3.08635, 29.41775, -6.55],
							"size": [1.27556, 0.99304, 3.95],
							"pivot": [-2.1, 28.55, -0.1],
							"rotation": [0, -27.5, -90],
							"uv": {
								"north": {"uv": [53, 111], "uv_size": [1, 1]},
								"east": {"uv": [107, 64], "uv_size": [4, 1]},
								"south": {"uv": [54, 111], "uv_size": [1, 1]},
								"west": {"uv": [107, 65], "uv_size": [4, 1]},
								"up": {"uv": [77, 107], "uv_size": [1, 4]},
								"down": {"uv": [78, 111], "uv_size": [1, -4]}
							}
						},
						{
							"origin": [-3.08635, 28.48921, -6.55],
							"size": [1.27556, 0.92157, 3.95],
							"pivot": [-2.1, 28.55, -0.1],
							"rotation": [0, -27.5, -90],
							"uv": {
								"north": {"uv": [58, 111], "uv_size": [1, 1]},
								"east": {"uv": [107, 66], "uv_size": [4, 1]},
								"south": {"uv": [59, 111], "uv_size": [1, 1]},
								"west": {"uv": [107, 67], "uv_size": [4, 1]},
								"up": {"uv": [107, 93], "uv_size": [1, 4]},
								"down": {"uv": [107, 105], "uv_size": [1, -4]}
							}
						},
						{
							"origin": [-4.95, 22.05, -6.55],
							"size": [1.1, 5.8, 3.95],
							"inflate": 0.0001,
							"pivot": [-2.1, 28.55, -0.1],
							"rotation": [-27.5, 0, 0],
							"uv": {
								"north": {"uv": [90, 104], "uv_size": [1, 6]},
								"east": {"uv": [91, 76], "uv_size": [4, 6]},
								"south": {"uv": [91, 104], "uv_size": [1, 6]},
								"west": {"uv": [89, 92], "uv_size": [4, 6]},
								"up": {"uv": [106, 107], "uv_size": [1, 4]},
								"down": {"uv": [107, 111], "uv_size": [1, -4]}
							}
						},
						{
							"origin": [-8.46135, 24.11507, -6.55],
							"size": [1.0868, 1.28758, 3.95],
							"pivot": [-2.1, 28.55, -0.1],
							"rotation": [-21.741, -17.26588, -36.65996],
							"uv": {
								"north": {"uv": [111, 64], "uv_size": [1, 1]},
								"east": {"uv": [107, 69], "uv_size": [4, 1]},
								"south": {"uv": [111, 65], "uv_size": [1, 1]},
								"west": {"uv": [107, 70], "uv_size": [4, 1]},
								"up": {"uv": [34, 108], "uv_size": [1, 4]},
								"down": {"uv": [35, 112], "uv_size": [1, -4]}
							}
						}
					]
				},
				{
					"name": "frame3",
					"parent": "frame",
					"pivot": [-3.00744, 14.89004, 14.64864],
					"rotation": [10, 0, 0],
					"cubes": [
						{
							"origin": [-2.25632, 18.99122, 2.13081],
							"size": [1.19804, 5.04269, 43.06815],
							"pivot": [-3.07571, 21.55125, 8.08332],
							"rotation": [-30, 0, 0],
							"uv": {
								"north": {"uv": [30, 106], "uv_size": [1, 5]},
								"east": {"uv": [32, 2], "uv_size": [43, 5]},
								"south": {"uv": [31, 106], "uv_size": [1, 5]},
								"west": {"uv": [32, 7], "uv_size": [43, 5]},
								"up": {"uv": [60, 66], "uv_size": [1, 43]},
								"down": {"uv": [56, 114], "uv_size": [1, -43]}
							}
						},
						{
							"origin": [-1.15866, 19.63206, 2.13081],
							"size": [1.27395, 1.25488, 43.06815],
							"pivot": [-3.07571, 21.55125, 8.08332],
							"rotation": [-23.85865, 18.74724, 36.00521],
							"uv": {
								"north": {"uv": [110, 106], "uv_size": [1, 1]},
								"east": {"uv": [75, 4], "uv_size": [43, 1]},
								"south": {"uv": [109, 110], "uv_size": [1, 1]},
								"west": {"uv": [75, 5], "uv_size": [43, 1]},
								"up": {"uv": [57, 71], "uv_size": [1, 43]},
								"down": {"uv": [63, 119], "uv_size": [1, -43]}
							}
						},
						{
							"origin": [-1.05025, 21.88022, 2.13081],
							"size": [1.15659, 1.38726, 11.56815],
							"pivot": [-3.07571, 21.55125, 8.08332],
							"rotation": [-22.20765, -20.70481, -40.89339],
							"uv": {
								"north": {"uv": [110, 110], "uv_size": [1, 1]},
								"east": {"uv": [95, 64], "uv_size": [12, 1]},
								"south": {"uv": [25, 111], "uv_size": [1, 1]},
								"west": {"uv": [95, 65], "uv_size": [12, 1]},
								"up": {"uv": [29, 85], "uv_size": [1, 12]},
								"down": {"uv": [29, 109], "uv_size": [1, -12]}
							}
						},
						{
							"origin": [-6.1624, 21.97559, 2.13081],
							"size": [1.09006, 1.39896, 11.56815],
							"pivot": [-3.07571, 21.55125, 8.08332],
							"rotation": [-22.20765, 20.70481, 40.89339],
							"uv": {
								"north": {"uv": [26, 111], "uv_size": [1, 1]},
								"east": {"uv": [95, 66], "uv_size": [12, 1]},
								"south": {"uv": [27, 111], "uv_size": [1, 1]},
								"west": {"uv": [95, 67], "uv_size": [12, 1]},
								"up": {"uv": [97, 68], "uv_size": [1, 12]},
								"down": {"uv": [72, 109], "uv_size": [1, -12]}
							}
						},
						{
							"origin": [-0.96114, 21.60195, 2.13081],
							"size": [1.38911, 1.13908, 43.06815],
							"pivot": [-3.07571, 21.55125, 8.08332],
							"rotation": [0, 30, 90],
							"uv": {
								"north": {"uv": [28, 111], "uv_size": [1, 1]},
								"east": {"uv": [75, 6], "uv_size": [43, 1]},
								"south": {"uv": [30, 111], "uv_size": [1, 1]},
								"west": {"uv": [75, 7], "uv_size": [43, 1]},
								"up": {"uv": [64, 76], "uv_size": [1, 43]},
								"down": {"uv": [65, 119], "uv_size": [1, -43]}
							}
						},
						{
							"origin": [-6.57939, 21.50054, 2.13081],
							"size": [1.38911, 1.10563, 43.06815],
							"pivot": [-3.07571, 21.55125, 8.08332],
							"rotation": [0, -30, -90],
							"uv": {
								"north": {"uv": [31, 111], "uv_size": [1, 1]},
								"east": {"uv": [75, 8], "uv_size": [43, 1]},
								"south": {"uv": [32, 111], "uv_size": [1, 1]},
								"west": {"uv": [75, 9], "uv_size": [43, 1]},
								"up": {"uv": [66, 76], "uv_size": [1, 43]},
								"down": {"uv": [67, 119], "uv_size": [1, -43]}
							}
						},
						{
							"origin": [-6.54759, 21.65093, 2.13081],
							"size": [1.42304, 0.93681, 11.56815],
							"pivot": [-3.07571, 21.55125, 8.08332],
							"rotation": [0, 30, 90],
							"uv": {
								"north": {"uv": [33, 111], "uv_size": [1, 1]},
								"east": {"uv": [95, 80], "uv_size": [12, 1]},
								"south": {"uv": [111, 34], "uv_size": [1, 1]},
								"west": {"uv": [95, 81], "uv_size": [12, 1]},
								"up": {"uv": [73, 97], "uv_size": [1, 12]},
								"down": {"uv": [74, 109], "uv_size": [1, -12]}
							}
						},
						{
							"origin": [-6.54759, 20.6579, 2.13081],
							"size": [1.42304, 0.99304, 11.56815],
							"pivot": [-3.07571, 21.55125, 8.08332],
							"rotation": [0, 30, 90],
							"uv": {
								"north": {"uv": [111, 35], "uv_size": [1, 1]},
								"east": {"uv": [97, 82], "uv_size": [12, 1]},
								"south": {"uv": [38, 111], "uv_size": [1, 1]},
								"west": {"uv": [97, 83], "uv_size": [12, 1]},
								"up": {"uv": [75, 97], "uv_size": [1, 12]},
								"down": {"uv": [76, 109], "uv_size": [1, -12]}
							}
						},
						{
							"origin": [-4.95827, 19.03392, 2.13081],
							"size": [1.10396, 5, 43.06815],
							"pivot": [-3.07571, 21.55125, 8.08332],
							"rotation": [-30, 0, 0],
							"uv": {
								"north": {"uv": [32, 106], "uv_size": [1, 5]},
								"east": {"uv": [32, 12], "uv_size": [43, 5]},
								"south": {"uv": [33, 106], "uv_size": [1, 5]},
								"west": {"uv": [32, 17], "uv_size": [43, 5]},
								"up": {"uv": [68, 76], "uv_size": [1, 43]},
								"down": {"uv": [69, 119], "uv_size": [1, -43]}
							}
						},
						{
							"origin": [-6.13595, 19.54537, 2.13081],
							"size": [1.17443, 1.28758, 43.06815],
							"pivot": [-3.07571, 21.55125, 8.08332],
							"rotation": [-23.85865, -18.74724, -36.00521],
							"uv": {
								"north": {"uv": [111, 38], "uv_size": [1, 1]},
								"east": {"uv": [75, 10], "uv_size": [43, 1]},
								"south": {"uv": [39, 111], "uv_size": [1, 1]},
								"west": {"uv": [75, 11], "uv_size": [43, 1]},
								"up": {"uv": [70, 76], "uv_size": [1, 43]},
								"down": {"uv": [71, 119], "uv_size": [1, -43]}
							}
						},
						{
							"origin": [-2.91563, 1.42799, 38.66178],
							"size": [1.27395, 1.25488, 4.36815],
							"pivot": [-3.0431, 1.29788, 35.49586],
							"rotation": [-7.69263, 6.40865, 39.56869],
							"uv": {
								"north": {"uv": [105, 111], "uv_size": [1, 1]},
								"east": {"uv": [107, 97], "uv_size": [4, 1]},
								"south": {"uv": [111, 105], "uv_size": [1, 1]},
								"west": {"uv": [107, 98], "uv_size": [4, 1]},
								"up": {"uv": [108, 52], "uv_size": [1, 4]},
								"down": {"uv": [108, 97], "uv_size": [1, -4]}
							}
						},
						{
							"origin": [-3.8266, 1.3008, 38.66178],
							"size": [1.38911, 1.10563, 4.36815],
							"pivot": [-3.0431, 1.29788, 35.49586],
							"rotation": [0, -10, -90],
							"uv": {
								"north": {"uv": [104, 111], "uv_size": [1, 1]},
								"east": {"uv": [107, 88], "uv_size": [4, 1]},
								"south": {"uv": [111, 104], "uv_size": [1, 1]},
								"west": {"uv": [107, 89], "uv_size": [4, 1]},
								"up": {"uv": [47, 108], "uv_size": [1, 4]},
								"down": {"uv": [108, 52], "uv_size": [1, -4]}
							}
						},
						{
							"origin": [-3.64871, 1.29495, 38.66178],
							"size": [1.38911, 1.13908, 4.36815],
							"pivot": [-3.0431, 1.29788, 35.49586],
							"rotation": [0, 10, 90],
							"uv": {
								"north": {"uv": [103, 111], "uv_size": [1, 1]},
								"east": {"uv": [107, 81], "uv_size": [4, 1]},
								"south": {"uv": [111, 103], "uv_size": [1, 1]},
								"west": {"uv": [107, 87], "uv_size": [4, 1]},
								"up": {"uv": [45, 108], "uv_size": [1, 4]},
								"down": {"uv": [46, 112], "uv_size": [1, -4]}
							}
						},
						{
							"origin": [-4.39592, 1.41025, 38.66178],
							"size": [1.17443, 1.28758, 4.36815],
							"pivot": [-3.0431, 1.29788, 35.49586],
							"rotation": [-7.69263, -6.40865, -39.56869],
							"uv": {
								"north": {"uv": [102, 111], "uv_size": [1, 1]},
								"east": {"uv": [107, 71], "uv_size": [4, 1]},
								"south": {"uv": [111, 102], "uv_size": [1, 1]},
								"west": {"uv": [107, 80], "uv_size": [4, 1]},
								"up": {"uv": [43, 108], "uv_size": [1, 4]},
								"down": {"uv": [44, 112], "uv_size": [1, -4]}
							}
						}
					]
				},
				{
					"name": "Barrel",
					"parent": "gun",
					"pivot": [-4.72652, 29.59846, -31.027],
					"cubes": [
						{
							"origin": [-3.59655, 26.39169, -100.63448],
							"size": [1.10275, 0.61887, 92.4321],
							"inflate": 0.002,
							"pivot": [-3.04518, 27.75905, -15.91093],
							"rotation": [0, 0, -90],
							"uv": {
								"north": {"uv": [32, 113], "uv_size": [1, 1]},
								"east": {"uv": [36, 0], "uv_size": [92, 1]},
								"south": {"uv": [33, 113], "uv_size": [1, 1]},
								"west": {"uv": [36, 1], "uv_size": [92, 1]},
								"up": {"uv": [61, 62], "uv_size": [1, 92]},
								"down": {"uv": [62, 154], "uv_size": [1, -92]}
							}
						},
						{
							"origin": [-3.51419, 28.4713, -100.63448],
							"size": [1.10275, 0.61887, 92.4321],
							"inflate": 0.002,
							"pivot": [-3.04518, 27.75905, -15.91093],
							"rotation": [0, 0, 42.5],
							"uv": {
								"north": {"uv": [34, 113], "uv_size": [1, 1]},
								"east": {"uv": [63, 62], "uv_size": [92, 1]},
								"south": {"uv": [113, 34], "uv_size": [1, 1]},
								"west": {"uv": [63, 63], "uv_size": [92, 1]},
								"up": {"uv": [0, 64], "uv_size": [1, 92]},
								"down": {"uv": [1, 156], "uv_size": [1, -92]}
							}
						},
						{
							"origin": [-3.59655, 28.43927, -100.63448],
							"size": [1.10275, 0.61887, 92.4321],
							"inflate": 0.002,
							"uv": {
								"north": {"uv": [35, 113], "uv_size": [1, 1]},
								"east": {"uv": [64, 22], "uv_size": [92, 1]},
								"south": {"uv": [113, 35], "uv_size": [1, 1]},
								"west": {"uv": [64, 23], "uv_size": [92, 1]},
								"up": {"uv": [2, 64], "uv_size": [1, 92]},
								"down": {"uv": [3, 156], "uv_size": [1, -92]}
							}
						},
						{
							"origin": [-3.67892, 28.4713, -100.63448],
							"size": [1.10275, 0.61887, 92.4321],
							"inflate": 0.002,
							"pivot": [-3.04518, 27.75905, -15.91093],
							"rotation": [0, 0, -42.5],
							"uv": {
								"north": {"uv": [36, 113], "uv_size": [1, 1]},
								"east": {"uv": [64, 24], "uv_size": [92, 1]},
								"south": {"uv": [113, 36], "uv_size": [1, 1]},
								"west": {"uv": [64, 25], "uv_size": [92, 1]},
								"up": {"uv": [4, 64], "uv_size": [1, 92]},
								"down": {"uv": [5, 156], "uv_size": [1, -92]}
							}
						},
						{
							"origin": [-3.59655, 28.50754, -100.63448],
							"size": [1.10275, 0.61887, 92.4321],
							"inflate": 0.002,
							"pivot": [-3.04518, 27.75905, -15.91093],
							"rotation": [0, 0, -90],
							"uv": {
								"north": {"uv": [37, 113], "uv_size": [1, 1]},
								"east": {"uv": [64, 26], "uv_size": [92, 1]},
								"south": {"uv": [113, 37], "uv_size": [1, 1]},
								"west": {"uv": [64, 27], "uv_size": [92, 1]},
								"up": {"uv": [6, 64], "uv_size": [1, 92]},
								"down": {"uv": [7, 156], "uv_size": [1, -92]}
							}
						},
						{
							"origin": [-3.67892, 26.42793, -100.63448],
							"size": [1.10275, 0.61887, 92.4321],
							"inflate": 0.002,
							"pivot": [-3.04518, 27.75905, -15.91093],
							"rotation": [0, 0, 42.5],
							"uv": {
								"north": {"uv": [38, 113], "uv_size": [1, 1]},
								"east": {"uv": [64, 28], "uv_size": [92, 1]},
								"south": {"uv": [113, 38], "uv_size": [1, 1]},
								"west": {"uv": [64, 29], "uv_size": [92, 1]},
								"up": {"uv": [8, 64], "uv_size": [1, 92]},
								"down": {"uv": [9, 156], "uv_size": [1, -92]}
							}
						},
						{
							"origin": [-3.59655, 26.45996, -100.63448],
							"size": [1.10275, 0.61887, 92.4321],
							"inflate": 0.002,
							"uv": {
								"north": {"uv": [39, 113], "uv_size": [1, 1]},
								"east": {"uv": [64, 30], "uv_size": [92, 1]},
								"south": {"uv": [113, 39], "uv_size": [1, 1]},
								"west": {"uv": [64, 31], "uv_size": [92, 1]},
								"up": {"uv": [10, 64], "uv_size": [1, 92]},
								"down": {"uv": [11, 156], "uv_size": [1, -92]}
							}
						},
						{
							"origin": [-3.51419, 26.42793, -100.63448],
							"size": [1.10275, 0.61887, 92.4321],
							"inflate": 0.002,
							"pivot": [-3.04518, 27.75905, -15.91093],
							"rotation": [0, 0, -42.5],
							"uv": {
								"north": {"uv": [40, 113], "uv_size": [1, 1]},
								"east": {"uv": [64, 32], "uv_size": [92, 1]},
								"south": {"uv": [113, 40], "uv_size": [1, 1]},
								"west": {"uv": [64, 33], "uv_size": [92, 1]},
								"up": {"uv": [12, 64], "uv_size": [1, 92]},
								"down": {"uv": [13, 156], "uv_size": [1, -92]}
							}
						}
					]
				},
				{
					"name": "Wood2",
					"parent": "gun",
					"pivot": [-4.925, 29.675, -63.1],
					"cubes": [
						{
							"origin": [-2.175, 26.47093, -42.125],
							"size": [1, 1.57907, 35.9531],
							"inflate": -0.0001,
							"uv": {
								"north": {"uv": [110, 44], "uv_size": [1, 2]},
								"east": {"uv": [64, 38], "uv_size": [36, 2]},
								"south": {"uv": [110, 50], "uv_size": [1, 2]},
								"west": {"uv": [64, 40], "uv_size": [36, 2]},
								"up": {"uv": [82, 76], "uv_size": [1, 36]},
								"down": {"uv": [83, 112], "uv_size": [1, -36]}
							}
						},
						{
							"origin": [-4.8078, 26.47093, -42.125],
							"size": [0.8828, 1.57907, 35.9531],
							"inflate": -0.0001,
							"uv": {
								"north": {"uv": [110, 38], "uv_size": [1, 2]},
								"east": {"uv": [64, 34], "uv_size": [36, 2]},
								"south": {"uv": [110, 40], "uv_size": [1, 2]},
								"west": {"uv": [64, 36], "uv_size": [36, 2]},
								"up": {"uv": [80, 76], "uv_size": [1, 36]},
								"down": {"uv": [81, 112], "uv_size": [1, -36]}
							}
						},
						{
							"origin": [-1.04326, 23.84224, -39.125],
							"size": [0.92985, 1.3536, 32.9],
							"pivot": [-3.0082, 25.79377, -30.925],
							"rotation": [-1.91561, 1.60667, 39.97314],
							"uv": {
								"north": {"uv": [111, 39], "uv_size": [1, 1]},
								"east": {"uv": [83, 16], "uv_size": [33, 1]},
								"south": {"uv": [111, 40], "uv_size": [1, 1]},
								"west": {"uv": [83, 17], "uv_size": [33, 1]},
								"up": {"uv": [17, 85], "uv_size": [1, 33]},
								"down": {"uv": [18, 118], "uv_size": [1, -33]}
							}
						},
						{
							"origin": [-5.9699, 23.89838, -39.125],
							"size": [0.97102, 1.16546, 32.9],
							"pivot": [-3.0082, 25.79377, -30.925],
							"rotation": [-1.91561, -1.60667, -39.97314],
							"uv": {
								"north": {"uv": [111, 41], "uv_size": [1, 1]},
								"east": {"uv": [83, 18], "uv_size": [33, 1]},
								"south": {"uv": [111, 44], "uv_size": [1, 1]},
								"west": {"uv": [83, 19], "uv_size": [33, 1]},
								"up": {"uv": [19, 85], "uv_size": [1, 33]},
								"down": {"uv": [20, 118], "uv_size": [1, -33]}
							}
						},
						{
							"origin": [-4.05866, 22.43808, -39.125],
							"size": [2.01358, 0.81192, 32.9],
							"pivot": [-3.0082, 25.79377, -30.925],
							"rotation": [-2.5, 0, 0],
							"uv": {
								"north": {"uv": [109, 102], "uv_size": [2, 1]},
								"east": {"uv": [83, 20], "uv_size": [33, 1]},
								"south": {"uv": [109, 103], "uv_size": [2, 1]},
								"west": {"uv": [83, 21], "uv_size": [33, 1]},
								"up": {"uv": [36, 71], "uv_size": [2, 33]},
								"down": {"uv": [38, 104], "uv_size": [2, -33]}
							}
						},
						{
							"origin": [-2.175, 23.475, -39.125],
							"size": [1, 4.075, 32.9],
							"inflate": 0.0001,
							"pivot": [-3.0082, 25.79377, -30.925],
							"rotation": [-2.5, 0, 0],
							"uv": {
								"north": {"uv": [106, 40], "uv_size": [1, 4]},
								"east": {"uv": [61, 46], "uv_size": [33, 4]},
								"south": {"uv": [53, 106], "uv_size": [1, 4]},
								"west": {"uv": [61, 50], "uv_size": [33, 4]},
								"up": {"uv": [21, 85], "uv_size": [1, 33]},
								"down": {"uv": [22, 118], "uv_size": [1, -33]}
							}
						},
						{
							"origin": [-4.8078, 23.33087, -39.125],
							"size": [0.9328, 4.21913, 32.9],
							"inflate": 0.0001,
							"pivot": [-3.0082, 25.79377, -30.925],
							"rotation": [-2.5, 0, 0],
							"uv": {
								"north": {"uv": [54, 106], "uv_size": [1, 4]},
								"east": {"uv": [61, 54], "uv_size": [33, 4]},
								"south": {"uv": [55, 106], "uv_size": [1, 4]},
								"west": {"uv": [61, 58], "uv_size": [33, 4]},
								"up": {"uv": [23, 85], "uv_size": [1, 33]},
								"down": {"uv": [24, 118], "uv_size": [1, -33]}
							}
						},
						{
							"origin": [-2.08168, 23.95218, -45.08486],
							"size": [0.92985, 1.3536, 5.9],
							"pivot": [-3.0082, 24.66616, -42.13486],
							"rotation": [-1.91561, 1.60667, 39.97314],
							"uv": {
								"north": {"uv": [111, 70], "uv_size": [1, 1]},
								"east": {"uv": [104, 77], "uv_size": [6, 1]},
								"south": {"uv": [111, 71], "uv_size": [1, 1]},
								"west": {"uv": [104, 78], "uv_size": [6, 1]},
								"up": {"uv": [25, 105], "uv_size": [1, 6]},
								"down": {"uv": [26, 111], "uv_size": [1, -6]}
							}
						},
						{
							"origin": [-4.93148, 24.00832, -45.08486],
							"size": [0.97102, 1.16546, 5.9],
							"pivot": [-3.0082, 24.66616, -42.13486],
							"rotation": [-1.91561, -1.60667, -39.97314],
							"uv": {
								"north": {"uv": [111, 68], "uv_size": [1, 1]},
								"east": {"uv": [104, 75], "uv_size": [6, 1]},
								"south": {"uv": [111, 69], "uv_size": [1, 1]},
								"west": {"uv": [104, 76], "uv_size": [6, 1]},
								"up": {"uv": [101, 104], "uv_size": [1, 6]},
								"down": {"uv": [102, 110], "uv_size": [1, -6]}
							}
						},
						{
							"origin": [-4.05866, 22.92597, -45.08486],
							"size": [2.01358, 0.81192, 5.9],
							"pivot": [-3.0082, 24.66616, -42.13486],
							"rotation": [-2.5, 0, 0],
							"uv": {
								"north": {"uv": [110, 36], "uv_size": [2, 1]},
								"east": {"uv": [104, 58], "uv_size": [6, 1]},
								"south": {"uv": [110, 37], "uv_size": [2, 1]},
								"west": {"uv": [104, 74], "uv_size": [6, 1]},
								"up": {"uv": [77, 97], "uv_size": [2, 6]},
								"down": {"uv": [97, 100], "uv_size": [2, -6]}
							}
						},
						{
							"origin": [-2.175, 23.96289, -45.08486],
							"size": [1, 4.075, 5.9],
							"inflate": 0.0001,
							"pivot": [-3.0082, 24.66616, -42.13486],
							"rotation": [-2.5, 0, 0],
							"uv": {
								"north": {"uv": [108, 38], "uv_size": [1, 4]},
								"east": {"uv": [93, 86], "uv_size": [6, 4]},
								"south": {"uv": [40, 108], "uv_size": [1, 4]},
								"west": {"uv": [93, 90], "uv_size": [6, 4]},
								"up": {"uv": [27, 105], "uv_size": [1, 6]},
								"down": {"uv": [28, 111], "uv_size": [1, -6]}
							}
						},
						{
							"origin": [-3.925, 23.71289, -45.08486],
							"size": [1.75, 4.325, 5.9],
							"pivot": [-3.0082, 24.66616, -42.13486],
							"rotation": [-2.5, 0, 0],
							"uv": {
								"north": {"uv": [103, 101], "uv_size": [2, 4]},
								"east": {"uv": [94, 46], "uv_size": [6, 4]},
								"south": {"uv": [104, 34], "uv_size": [2, 4]},
								"west": {"uv": [94, 50], "uv_size": [6, 4]},
								"up": {"uv": [98, 54], "uv_size": [2, 6]},
								"down": {"uv": [98, 74], "uv_size": [2, -6]}
							}
						},
						{
							"origin": [-4.8078, 23.81876, -45.08486],
							"size": [0.9328, 4.21913, 5.9],
							"inflate": 0.0001,
							"pivot": [-3.0082, 24.66616, -42.13486],
							"rotation": [-2.5, 0, 0],
							"uv": {
								"north": {"uv": [36, 108], "uv_size": [1, 4]},
								"east": {"uv": [91, 70], "uv_size": [6, 4]},
								"south": {"uv": [37, 108], "uv_size": [1, 4]},
								"west": {"uv": [91, 82], "uv_size": [6, 4]},
								"up": {"uv": [92, 104], "uv_size": [1, 6]},
								"down": {"uv": [104, 99], "uv_size": [1, -6]}
							}
						}
					]
				},
				{
					"name": "Stock",
					"parent": "gun",
					"pivot": [-2.775, 39.65, 8.375],
					"cubes": [
						{
							"origin": [-4.17664, 26.34402, 11.08307],
							"size": [2.30675, 1.43699, 34.3573],
							"pivot": [-2.898, 26.4288, 31.13707],
							"rotation": [0.81918, 0.57356, 145.0041],
							"uv": {
								"north": {"uv": [110, 72], "uv_size": [2, 1]},
								"east": {"uv": [83, 12], "uv_size": [34, 1]},
								"south": {"uv": [73, 110], "uv_size": [2, 1]},
								"west": {"uv": [83, 13], "uv_size": [34, 1]},
								"up": {"uv": [58, 66], "uv_size": [2, 34]},
								"down": {"uv": [30, 105], "uv_size": [2, -34]}
							}
						},
						{
							"origin": [-5.11664, 21.77123, 11.01667],
							"size": [2.01206, 5.98357, 32.00799],
							"pivot": [-3.09582, 23.94901, 26.97567],
							"rotation": [1, 0, -180],
							"uv": {
								"north": {"uv": [100, 34], "uv_size": [2, 6]},
								"east": {"uv": [32, 22], "uv_size": [32, 6]},
								"south": {"uv": [100, 40], "uv_size": [2, 6]},
								"west": {"uv": [32, 28], "uv_size": [32, 6]},
								"up": {"uv": [40, 71], "uv_size": [2, 32]},
								"down": {"uv": [42, 103], "uv_size": [2, -32]}
							}
						},
						{
							"origin": [-5.11664, 15.76859, 13.76608],
							"size": [2.01215, 5.09364, 29.15398],
							"pivot": [-3.09582, 17.95636, 26.87107],
							"rotation": [1, 0, -180],
							"uv": {
								"north": {"uv": [85, 100], "uv_size": [2, 5]},
								"east": {"uv": [32, 46], "uv_size": [29, 5]},
								"south": {"uv": [87, 100], "uv_size": [2, 5]},
								"west": {"uv": [32, 51], "uv_size": [29, 5]},
								"up": {"uv": [48, 71], "uv_size": [2, 29]},
								"down": {"uv": [50, 100], "uv_size": [2, -29]}
							}
						},
						{
							"origin": [-5.11646, 8.87584, 28.41956],
							"size": [2.01197, 5.08347, 14.3959],
							"pivot": [-3.09573, 11.96362, 26.76655],
							"rotation": [1, 0, -180],
							"uv": {
								"north": {"uv": [97, 100], "uv_size": [2, 5]},
								"east": {"uv": [63, 64], "uv_size": [14, 5]},
								"south": {"uv": [101, 84], "uv_size": [2, 5]},
								"west": {"uv": [30, 66], "uv_size": [14, 5]},
								"up": {"uv": [25, 85], "uv_size": [2, 14]},
								"down": {"uv": [27, 99], "uv_size": [2, -14]}
							}
						},
						{
							"origin": [-5.11664, 1.97329, 38.24422],
							"size": [2.10873, 2.77722, 4.46664],
							"pivot": [-3.09582, 5.97107, 26.66186],
							"rotation": [1, 0, -180],
							"uv": {
								"north": {"uv": [105, 69], "uv_size": [2, 3]},
								"east": {"uv": [100, 46], "uv_size": [4, 3]},
								"south": {"uv": [105, 87], "uv_size": [2, 3]},
								"west": {"uv": [48, 100], "uv_size": [4, 3]},
								"up": {"uv": [40, 104], "uv_size": [2, 4]},
								"down": {"uv": [104, 44], "uv_size": [2, -4]}
							}
						},
						{
							"origin": [-4.50979, 25.32724, 41.06],
							"size": [1.70648, 20.59972, 4.36749],
							"pivot": [-2.79454, 25.77686, 21.2785],
							"rotation": [1, 0, -180],
							"uv": {
								"north": {"uv": [72, 76], "uv_size": [2, 21]},
								"east": {"uv": [14, 64], "uv_size": [4, 21]},
								"south": {"uv": [74, 76], "uv_size": [2, 21]},
								"west": {"uv": [18, 64], "uv_size": [4, 21]},
								"up": {"uv": [42, 104], "uv_size": [2, 4]},
								"down": {"uv": [44, 108], "uv_size": [2, -4]}
							}
						},
						{
							"origin": [-4.81078, 20.53373, 6.96017],
							"size": [1.70617, 5.08352, 5.89195],
							"inflate": 0.0002,
							"pivot": [-3.09582, 22.62049, 9.17814],
							"rotation": [-34, 0, -180],
							"uv": {
								"north": {"uv": [101, 89], "uv_size": [2, 5]},
								"east": {"uv": [85, 64], "uv_size": [6, 5]},
								"south": {"uv": [101, 94], "uv_size": [2, 5]},
								"west": {"uv": [85, 69], "uv_size": [6, 5]},
								"up": {"uv": [100, 49], "uv_size": [2, 6]},
								"down": {"uv": [52, 106], "uv_size": [2, -6]}
							}
						},
						{
							"origin": [-3.10459, 21.77123, 11.01667],
							"size": [1.86294, 5.98365, 32.00799],
							"pivot": [-3.09582, 23.94901, 26.97567],
							"rotation": [1, 0, -180],
							"uv": {
								"north": {"uv": [54, 100], "uv_size": [2, 6]},
								"east": {"uv": [32, 34], "uv_size": [32, 6]},
								"south": {"uv": [100, 55], "uv_size": [2, 6]},
								"west": {"uv": [32, 40], "uv_size": [32, 6]},
								"up": {"uv": [44, 71], "uv_size": [2, 32]},
								"down": {"uv": [46, 103], "uv_size": [2, -32]}
							}
						},
						{
							"origin": [-2.40459, 29.69303, 11.11856],
							"size": [0.99267, 1.7115, 34.3573],
							"pivot": [-2.77082, 28.49875, 26.98227],
							"rotation": [1, 0, -180],
							"uv": {
								"north": {"uv": [110, 73], "uv_size": [1, 2]},
								"east": {"uv": [64, 42], "uv_size": [34, 2]},
								"south": {"uv": [110, 75], "uv_size": [1, 2]},
								"west": {"uv": [64, 44], "uv_size": [34, 2]},
								"up": {"uv": [84, 76], "uv_size": [1, 34]},
								"down": {"uv": [14, 119], "uv_size": [1, -34]}
							}
						},
						{
							"origin": [-4.99242, 29.69303, 11.11856],
							"size": [1.23784, 1.7115, 34.3573],
							"pivot": [-3.44582, 28.49875, 26.98227],
							"rotation": [1, 0, -180],
							"uv": {
								"north": {"uv": [110, 77], "uv_size": [1, 2]},
								"east": {"uv": [63, 74], "uv_size": [34, 2]},
								"south": {"uv": [84, 110], "uv_size": [1, 2]},
								"west": {"uv": [75, 2], "uv_size": [34, 2]},
								"up": {"uv": [15, 85], "uv_size": [1, 34]},
								"down": {"uv": [16, 119], "uv_size": [1, -34]}
							}
						},
						{
							"origin": [-4.36745, 26.21626, 11.0829],
							"size": [2.17046, 1.43472, 34.3573],
							"pivot": [-3.32182, 26.41875, 31.13689],
							"rotation": [0.81918, -0.57356, -145.0041],
							"uv": {
								"north": {"uv": [110, 79], "uv_size": [2, 1]},
								"east": {"uv": [83, 14], "uv_size": [34, 1]},
								"south": {"uv": [88, 110], "uv_size": [2, 1]},
								"west": {"uv": [83, 15], "uv_size": [34, 1]},
								"up": {"uv": [32, 71], "uv_size": [2, 34]},
								"down": {"uv": [34, 105], "uv_size": [2, -34]}
							}
						},
						{
							"origin": [-3.10468, 15.76849, 13.76616],
							"size": [1.86285, 5.09356, 29.1539],
							"pivot": [-3.09591, 17.95627, 26.87115],
							"rotation": [1, 0, -180],
							"uv": {
								"north": {"uv": [101, 99], "uv_size": [2, 5]},
								"east": {"uv": [32, 56], "uv_size": [29, 5]},
								"south": {"uv": [102, 34], "uv_size": [2, 5]},
								"west": {"uv": [32, 61], "uv_size": [29, 5]},
								"up": {"uv": [52, 71], "uv_size": [2, 29]},
								"down": {"uv": [54, 100], "uv_size": [2, -29]}
							}
						},
						{
							"origin": [-3.10449, 8.87584, 28.41956],
							"size": [1.86303, 5.08347, 14.3959],
							"pivot": [-3.09573, 11.96362, 26.76655],
							"rotation": [1, 0, -180],
							"uv": {
								"north": {"uv": [102, 39], "uv_size": [2, 5]},
								"east": {"uv": [44, 66], "uv_size": [14, 5]},
								"south": {"uv": [102, 49], "uv_size": [2, 5]},
								"west": {"uv": [63, 69], "uv_size": [14, 5]},
								"up": {"uv": [85, 86], "uv_size": [2, 14]},
								"down": {"uv": [87, 100], "uv_size": [2, -14]}
							}
						},
						{
							"origin": [-3.00791, 1.97329, 38.26327],
							"size": [1.76627, 2.73902, 4.44759],
							"pivot": [-3.09582, 5.97107, 26.66186],
							"rotation": [1, 0, -180],
							"uv": {
								"north": {"uv": [105, 93], "uv_size": [2, 3]},
								"east": {"uv": [100, 68], "uv_size": [4, 3]},
								"south": {"uv": [105, 96], "uv_size": [2, 3]},
								"west": {"uv": [100, 71], "uv_size": [4, 3]},
								"up": {"uv": [46, 104], "uv_size": [2, 4]},
								"down": {"uv": [104, 50], "uv_size": [2, -4]}
							}
						},
						{
							"origin": [-2.80358, 25.32724, 41.05926],
							"size": [2.19379, 20.55703, 4.36823],
							"pivot": [-2.79454, 25.77686, 21.2785],
							"rotation": [1, 0, -180],
							"uv": {
								"north": {"uv": [76, 76], "uv_size": [2, 21]},
								"east": {"uv": [22, 64], "uv_size": [4, 21]},
								"south": {"uv": [78, 76], "uv_size": [2, 21]},
								"west": {"uv": [26, 64], "uv_size": [4, 21]},
								"up": {"uv": [104, 50], "uv_size": [2, 4]},
								"down": {"uv": [104, 58], "uv_size": [2, -4]}
							}
						},
						{
							"origin": [-3.10493, 20.53373, 6.96017],
							"size": [1.76623, 5.08352, 5.89195],
							"inflate": 0.0002,
							"pivot": [-3.09619, 22.62049, 9.17814],
							"rotation": [-34, 0, -180],
							"uv": {
								"north": {"uv": [102, 54], "uv_size": [2, 5]},
								"east": {"uv": [85, 76], "uv_size": [6, 5]},
								"south": {"uv": [102, 74], "uv_size": [2, 5]},
								"west": {"uv": [85, 81], "uv_size": [6, 5]},
								"up": {"uv": [58, 100], "uv_size": [2, 6]},
								"down": {"uv": [100, 80], "uv_size": [2, -6]}
							}
						}
					]
				},
				{
					"name": "Hammer",
					"parent": "gun",
					"pivot": [-3, 24.76193, 1.39957],
					"rotation": [-58.5, 0, 0],
					"cubes": [
						{
							"origin": [-13.47695, 29.43858, -1.70465],
							"size": [0.5539, 0.5455, 1.05804],
							"inflate": 0.002,
							"pivot": [-8.1, 28.09558, -3.95933],
							"rotation": [-1, 0, 180],
							"uv": {
								"north": {"uv": [106, 111], "uv_size": [1, 1]},
								"east": {"uv": [111, 106], "uv_size": [1, 1]},
								"south": {"uv": [107, 111], "uv_size": [1, 1]},
								"west": {"uv": [111, 107], "uv_size": [1, 1]},
								"up": {"uv": [108, 111], "uv_size": [1, 1]},
								"down": {"uv": [111, 109], "uv_size": [1, -1]}
							}
						},
						{
							"origin": [-3.55195, 25.65343, -1.00346],
							"size": [1.1039, 0.76943, 0.786],
							"inflate": 0.0003,
							"pivot": [-8.1, 28.37404, -0.40058],
							"rotation": [44, 0, 0],
							"uv": {
								"north": {"uv": [109, 111], "uv_size": [1, 1]},
								"east": {"uv": [111, 109], "uv_size": [1, 1]},
								"south": {"uv": [110, 111], "uv_size": [1, 1]},
								"west": {"uv": [111, 110], "uv_size": [1, 1]},
								"up": {"uv": [111, 111], "uv_size": [1, 1]},
								"down": {"uv": [25, 113], "uv_size": [1, -1]}
							}
						},
						{
							"origin": [-3.55195, 25.78187, 0.28471],
							"size": [1.1039, 0.75532, 1.0318],
							"inflate": 0.002,
							"pivot": [-8.1, 28.37404, -0.40058],
							"rotation": [29, 0, 0],
							"uv": {
								"north": {"uv": [26, 112], "uv_size": [1, 1]},
								"east": {"uv": [27, 112], "uv_size": [1, 1]},
								"south": {"uv": [28, 112], "uv_size": [1, 1]},
								"west": {"uv": [30, 112], "uv_size": [1, 1]},
								"up": {"uv": [31, 112], "uv_size": [1, 1]},
								"down": {"uv": [32, 113], "uv_size": [1, -1]}
							}
						},
						{
							"origin": [-3.55195, 25.93313, 1.46654],
							"size": [1.1039, 0.75271, 0.92886],
							"inflate": 0.002,
							"pivot": [-8.1, 28.37404, -0.40058],
							"rotation": [24.25, 0, 0],
							"uv": {
								"north": {"uv": [33, 112], "uv_size": [1, 1]},
								"east": {"uv": [34, 112], "uv_size": [1, 1]},
								"south": {"uv": [112, 34], "uv_size": [1, 1]},
								"west": {"uv": [35, 112], "uv_size": [1, 1]},
								"up": {"uv": [112, 35], "uv_size": [1, 1]},
								"down": {"uv": [36, 113], "uv_size": [1, -1]}
							}
						},
						{
							"origin": [-13.75195, 29.55213, -1.97552],
							"size": [0.3039, 0.42021, 1.41449],
							"inflate": 0.002,
							"pivot": [-8.1, 28.09558, -3.95933],
							"rotation": [-10.25, 0, 180],
							"uv": {
								"north": {"uv": [112, 36], "uv_size": [1, 1]},
								"east": {"uv": [37, 112], "uv_size": [1, 1]},
								"south": {"uv": [112, 37], "uv_size": [1, 1]},
								"west": {"uv": [38, 112], "uv_size": [1, 1]},
								"up": {"uv": [112, 38], "uv_size": [1, 1]},
								"down": {"uv": [39, 113], "uv_size": [1, -1]}
							}
						},
						{
							"origin": [-14.05985, 29.55213, -1.77552],
							"size": [0.4881, 0.42021, 1.21449],
							"inflate": 0.002,
							"pivot": [-8.4079, 28.09558, -3.95933],
							"rotation": [-10.25, 0, 180],
							"uv": {
								"north": {"uv": [112, 39], "uv_size": [1, 1]},
								"east": {"uv": [40, 112], "uv_size": [1, 1]},
								"south": {"uv": [112, 40], "uv_size": [1, 1]},
								"west": {"uv": [41, 112], "uv_size": [1, 1]},
								"up": {"uv": [112, 41], "uv_size": [1, 1]},
								"down": {"uv": [42, 113], "uv_size": [1, -1]}
							}
						},
						{
							"origin": [-12.95195, 29.55213, -1.97552],
							"size": [0.3039, 0.42021, 1.41449],
							"inflate": 0.002,
							"pivot": [-8.1, 28.09558, -3.95933],
							"rotation": [-10.25, 0, 180],
							"uv": {
								"north": {"uv": [112, 42], "uv_size": [1, 1]},
								"east": {"uv": [43, 112], "uv_size": [1, 1]},
								"south": {"uv": [112, 43], "uv_size": [1, 1]},
								"west": {"uv": [44, 112], "uv_size": [1, 1]},
								"up": {"uv": [112, 44], "uv_size": [1, 1]},
								"down": {"uv": [45, 113], "uv_size": [1, -1]}
							}
						},
						{
							"origin": [-14.27782, 29.24443, 0.17622],
							"size": [1.1039, 1.00997, 1.321],
							"inflate": 0.002,
							"pivot": [-8.36294, 28.79509, -2.10253],
							"rotation": [30, 0, 180],
							"uv": {
								"north": {"uv": [112, 52], "uv_size": [1, 1]},
								"east": {"uv": [53, 112], "uv_size": [1, 1]},
								"south": {"uv": [112, 53], "uv_size": [1, 1]},
								"west": {"uv": [54, 112], "uv_size": [1, 1]},
								"up": {"uv": [112, 54], "uv_size": [1, 1]},
								"down": {"uv": [55, 113], "uv_size": [1, -1]}
							}
						},
						{
							"origin": [-13.75195, 29.41226, 0.38234],
							"size": [1.1039, 0.26949, 0.77662],
							"inflate": 0.002,
							"pivot": [-8.1, 28.15717, -1.24739],
							"rotation": [3.5, 0, 180],
							"uv": {
								"north": {"uv": [112, 45], "uv_size": [1, 1]},
								"east": {"uv": [46, 112], "uv_size": [1, 1]},
								"south": {"uv": [112, 46], "uv_size": [1, 1]},
								"west": {"uv": [47, 112], "uv_size": [1, 1]},
								"up": {"uv": [112, 47], "uv_size": [1, 1]},
								"down": {"uv": [48, 113], "uv_size": [1, -1]}
							}
						},
						{
							"origin": [-14.27782, 26.94282, 1.19098],
							"size": [1.1039, 1.59032, 1.93269],
							"inflate": 0.0001,
							"pivot": [-8.36294, 28.79509, -2.10253],
							"rotation": [62, 0, 180],
							"uv": {
								"north": {"uv": [90, 110], "uv_size": [1, 2]},
								"east": {"uv": [30, 64], "uv_size": [2, 2]},
								"south": {"uv": [91, 110], "uv_size": [1, 2]},
								"west": {"uv": [95, 68], "uv_size": [2, 2]},
								"up": {"uv": [92, 110], "uv_size": [1, 2]},
								"down": {"uv": [93, 112], "uv_size": [1, -2]}
							}
						},
						{
							"origin": [-14.27782, 27.51364, 0.45178],
							"size": [1.1039, 0.45749, 1.88189],
							"inflate": 0.0003,
							"pivot": [-8.36294, 28.71609, -2.89253],
							"rotation": [62, 0, 180],
							"uv": {
								"north": {"uv": [112, 48], "uv_size": [1, 1]},
								"east": {"uv": [110, 90], "uv_size": [2, 1]},
								"south": {"uv": [49, 112], "uv_size": [1, 1]},
								"west": {"uv": [94, 110], "uv_size": [2, 1]},
								"up": {"uv": [110, 94], "uv_size": [1, 2]},
								"down": {"uv": [96, 112], "uv_size": [1, -2]}
							}
						},
						{
							"origin": [-13.55195, 28.10545, -0.29402],
							"size": [0.7039, 0.15749, 0.85689],
							"inflate": 0.002,
							"pivot": [-8.1, 27.94345, -2.97649],
							"rotation": [32, 0, 180],
							"uv": {
								"north": {"uv": [112, 49], "uv_size": [1, 1]},
								"east": {"uv": [50, 112], "uv_size": [1, 1]},
								"south": {"uv": [112, 50], "uv_size": [1, 1]},
								"west": {"uv": [51, 112], "uv_size": [1, 1]},
								"up": {"uv": [112, 51], "uv_size": [1, 1]},
								"down": {"uv": [52, 113], "uv_size": [1, -1]}
							}
						}
					]
				},
				{
					"name": "Slug2",
					"parent": "Hammer",
					"pivot": [-8.4079, 28.34558, -3.76555]
				},
				{
					"name": "Teuing2",
					"parent": "gun",
					"pivot": [-2.99973, 19.5671, -6.24521],
					"rotation": [-107.5, 0, 0],
					"cubes": [
						{
							"origin": [-3.42562, 12.00504, -5.7097],
							"size": [0.85177, 0.71805, 0.22562],
							"pivot": [0.07194, 12.48978, -13.46686],
							"rotation": [45, 0, 0],
							"uv": {
								"north": {"uv": [74, 112], "uv_size": [1, 1]},
								"east": {"uv": [112, 74], "uv_size": [1, 1]},
								"south": {"uv": [75, 112], "uv_size": [1, 1]},
								"west": {"uv": [112, 75], "uv_size": [1, 1]},
								"up": {"uv": [76, 112], "uv_size": [1, 1]},
								"down": {"uv": [112, 77], "uv_size": [1, -1]}
							}
						},
						{
							"origin": [-3.42562, 22.50284, -15.14608],
							"size": [0.85177, 0.71805, 0.22562],
							"pivot": [0.07194, 13.29978, -13.46686],
							"rotation": [-45, 0, 0],
							"uv": {
								"north": {"uv": [77, 112], "uv_size": [1, 1]},
								"east": {"uv": [112, 77], "uv_size": [1, 1]},
								"south": {"uv": [78, 112], "uv_size": [1, 1]},
								"west": {"uv": [112, 78], "uv_size": [1, 1]},
								"up": {"uv": [79, 112], "uv_size": [1, 1]},
								"down": {"uv": [112, 80], "uv_size": [1, -1]}
							}
						},
						{
							"origin": [-3.42562, 12.81504, -2.32545],
							"size": [0.85177, 0.71805, 0.22562],
							"pivot": [0.07194, 13.29978, -13.46686],
							"rotation": [45, 0, 0],
							"uv": {
								"north": {"uv": [80, 112], "uv_size": [1, 1]},
								"east": {"uv": [112, 80], "uv_size": [1, 1]},
								"south": {"uv": [81, 112], "uv_size": [1, 1]},
								"west": {"uv": [112, 81], "uv_size": [1, 1]},
								"up": {"uv": [82, 112], "uv_size": [1, 1]},
								"down": {"uv": [112, 83], "uv_size": [1, -1]}
							}
						},
						{
							"origin": [-3.42562, 16.48386, -3.00521],
							"size": [0.85177, 0.71805, 0.22562],
							"pivot": [0.07194, 13.29978, -13.46686],
							"rotation": [22.5, 0, 0],
							"uv": {
								"north": {"uv": [83, 112], "uv_size": [1, 1]},
								"east": {"uv": [112, 83], "uv_size": [1, 1]},
								"south": {"uv": [84, 112], "uv_size": [1, 1]},
								"west": {"uv": [112, 84], "uv_size": [1, 1]},
								"up": {"uv": [85, 112], "uv_size": [1, 1]},
								"down": {"uv": [112, 86], "uv_size": [1, -1]}
							}
						},
						{
							"origin": [-3.42562, 18.80328, -5.02006],
							"size": [0.85177, 1.52271, 0.20844],
							"uv": {
								"north": {"uv": [97, 110], "uv_size": [1, 2]},
								"east": {"uv": [98, 110], "uv_size": [1, 2]},
								"south": {"uv": [99, 110], "uv_size": [1, 2]},
								"west": {"uv": [110, 99], "uv_size": [1, 2]},
								"up": {"uv": [86, 112], "uv_size": [1, 1]},
								"down": {"uv": [112, 87], "uv_size": [1, -1]}
							}
						},
						{
							"origin": [-3.42562, 20.91687, -8.11215],
							"size": [0.85177, 0.71805, 0.22562],
							"pivot": [0.07194, 12.48978, -13.46686],
							"rotation": [-22.5, 0, 0],
							"uv": {
								"north": {"uv": [87, 112], "uv_size": [1, 1]},
								"east": {"uv": [112, 87], "uv_size": [1, 1]},
								"south": {"uv": [88, 112], "uv_size": [1, 1]},
								"west": {"uv": [112, 88], "uv_size": [1, 1]},
								"up": {"uv": [89, 112], "uv_size": [1, 1]},
								"down": {"uv": [112, 90], "uv_size": [1, -1]}
							}
						},
						{
							"origin": [-3.42562, 21.69284, -11.76183],
							"size": [0.85177, 0.71805, 0.22562],
							"pivot": [0.07194, 12.48978, -13.46686],
							"rotation": [-45, 0, 0],
							"uv": {
								"north": {"uv": [90, 112], "uv_size": [1, 1]},
								"east": {"uv": [112, 90], "uv_size": [1, 1]},
								"south": {"uv": [91, 112], "uv_size": [1, 1]},
								"west": {"uv": [112, 91], "uv_size": [1, 1]},
								"up": {"uv": [92, 112], "uv_size": [1, 1]},
								"down": {"uv": [112, 93], "uv_size": [1, -1]}
							}
						},
						{
							"origin": [-3.42562, 14.22795, -4.94356],
							"size": [0.85177, 0.22562, 0.71805],
							"pivot": [0.07194, 12.48978, -13.46686],
							"rotation": [22.5, 0, 0],
							"uv": {
								"north": {"uv": [93, 112], "uv_size": [1, 1]},
								"east": {"uv": [112, 93], "uv_size": [1, 1]},
								"south": {"uv": [94, 112], "uv_size": [1, 1]},
								"west": {"uv": [112, 94], "uv_size": [1, 1]},
								"up": {"uv": [95, 112], "uv_size": [1, 1]},
								"down": {"uv": [112, 96], "uv_size": [1, -1]}
							}
						},
						{
							"origin": [-3.42562, 17.35737, -6.97557],
							"size": [0.85177, 0.22562, 0.71805],
							"uv": {
								"north": {"uv": [96, 112], "uv_size": [1, 1]},
								"east": {"uv": [112, 96], "uv_size": [1, 1]},
								"south": {"uv": [97, 112], "uv_size": [1, 1]},
								"west": {"uv": [112, 97], "uv_size": [1, 1]},
								"up": {"uv": [98, 112], "uv_size": [1, 1]},
								"down": {"uv": [112, 99], "uv_size": [1, -1]}
							}
						},
						{
							"origin": [-3.42562, 19.47095, -10.05049],
							"size": [0.85177, 0.22562, 0.71805],
							"pivot": [0.07194, 12.48978, -13.46686],
							"rotation": [-22.5, 0, 0],
							"uv": {
								"north": {"uv": [99, 112], "uv_size": [1, 1]},
								"east": {"uv": [112, 99], "uv_size": [1, 1]},
								"south": {"uv": [100, 112], "uv_size": [1, 1]},
								"west": {"uv": [112, 100], "uv_size": [1, 1]},
								"up": {"uv": [101, 112], "uv_size": [1, 1]},
								"down": {"uv": [112, 102], "uv_size": [1, -1]}
							}
						},
						{
							"origin": [-3.42562, 18.42221, -4.94356],
							"size": [0.85177, 0.22562, 0.71805],
							"pivot": [0.07194, 13.29978, -13.46686],
							"rotation": [22.5, 0, 0],
							"uv": {
								"north": {"uv": [102, 112], "uv_size": [1, 1]},
								"east": {"uv": [112, 102], "uv_size": [1, 1]},
								"south": {"uv": [103, 112], "uv_size": [1, 1]},
								"west": {"uv": [112, 103], "uv_size": [1, 1]},
								"up": {"uv": [104, 112], "uv_size": [1, 1]},
								"down": {"uv": [112, 105], "uv_size": [1, -1]}
							}
						},
						{
							"origin": [-3.42562, 21.55162, -6.97557],
							"size": [0.85177, 0.22562, 0.71805],
							"uv": {
								"north": {"uv": [105, 112], "uv_size": [1, 1]},
								"east": {"uv": [112, 105], "uv_size": [1, 1]},
								"south": {"uv": [106, 112], "uv_size": [1, 1]},
								"west": {"uv": [112, 106], "uv_size": [1, 1]},
								"up": {"uv": [107, 112], "uv_size": [1, 1]},
								"down": {"uv": [112, 108], "uv_size": [1, -1]}
							}
						},
						{
							"origin": [-3.42562, 23.66521, -10.05049],
							"size": [0.85177, 0.22562, 0.71805],
							"pivot": [0.07194, 13.29978, -13.46686],
							"rotation": [-22.5, 0, 0],
							"uv": {
								"north": {"uv": [108, 112], "uv_size": [1, 1]},
								"east": {"uv": [112, 108], "uv_size": [1, 1]},
								"south": {"uv": [109, 112], "uv_size": [1, 1]},
								"west": {"uv": [112, 109], "uv_size": [1, 1]},
								"up": {"uv": [110, 112], "uv_size": [1, 1]},
								"down": {"uv": [112, 111], "uv_size": [1, -1]}
							}
						}
					]
				},
				{
					"name": "trigger",
					"parent": "Teuing2",
					"pivot": [-2.99781, 19.82878, -7.49597],
					"cubes": [
						{
							"origin": [-3.13985, 20.05241, -8.20895],
							"size": [0.28274, 0.34737, 1.33959],
							"inflate": 0.002,
							"pivot": [-2.99781, 20.15278, -7.90097],
							"rotation": [-3.50516, 0.03233, -179.85948],
							"uv": {
								"north": {"uv": [111, 112], "uv_size": [1, 1]},
								"east": {"uv": [112, 111], "uv_size": [1, 1]},
								"south": {"uv": [112, 112], "uv_size": [1, 1]},
								"west": {"uv": [113, 2], "uv_size": [1, 1]},
								"up": {"uv": [113, 3], "uv_size": [1, 1]},
								"down": {"uv": [25, 114], "uv_size": [1, -1]}
							}
						},
						{
							"origin": [-3.13985, 19.74633, -6.94398],
							"size": [0.28274, 0.33314, 0.79656],
							"inflate": 0.002,
							"pivot": [-2.99781, 20.15278, -7.90097],
							"rotation": [13.99484, 0.03233, -179.85948],
							"uv": {
								"north": {"uv": [26, 113], "uv_size": [1, 1]},
								"east": {"uv": [27, 113], "uv_size": [1, 1]},
								"south": {"uv": [28, 113], "uv_size": [1, 1]},
								"west": {"uv": [29, 113], "uv_size": [1, 1]},
								"up": {"uv": [30, 113], "uv_size": [1, 1]},
								"down": {"uv": [31, 114], "uv_size": [1, -1]}
							}
						}
					]
				},
				{
					"name": "trigger2",
					"parent": "Teuing2",
					"pivot": [-2.99781, 18.28978, -7.49597],
					"rotation": [-7, 0, 0]
				},
				{
					"name": "Bullet",
					"parent": "gun",
					"pivot": [-2.95505, 28.13449, -6.06526],
					"cubes": [
						{
							"origin": [-3.69131, 27.35185, -7.83966],
							"size": [1.47251, 1.56528, 3.5488],
							"uv": {
								"north": {"uv": [55, 110], "uv_size": [1, 2]},
								"east": {"uv": [36, 104], "uv_size": [4, 2]},
								"south": {"uv": [72, 110], "uv_size": [1, 2]},
								"west": {"uv": [104, 38], "uv_size": [4, 2]},
								"up": {"uv": [41, 108], "uv_size": [1, 4]},
								"down": {"uv": [42, 112], "uv_size": [1, -4]}
							}
						}
					]
				},
				{
					"name": "rightarm",
					"parent": "main",
					"pivot": [-7.3, 8.8, 21.8],
					"rotation": [-101.81106, -12.40003, -2.46982],
					"cubes": [
						{"origin": [-11.3, -19.2, 13.8], "size": [8, 24, 8], "uv": [0, 0]}
					]
				},
				{
					"name": "leftarm",
					"parent": "main",
					"pivot": [7.7, 11.3, -8.6],
					"rotation": [-119.61483, 1.67666, -38.31282],
					"cubes": [
						{"origin": [3.7, -10.7, -15.6], "size": [8, 24, 8], "uv": [0, 32]}
					]
				},
				{
					"name": "muzzleflash",
					"parent": "main",
					"pivot": [-3, 27.525, -99],
					"cubes": [
						{
							"origin": [-3.5, 27.025, -102.5],
							"size": [1, 1, 1],
							"inflate": -0.4,
							"uv": {
								"north": {"uv": [94, 111], "uv_size": [1, 1]},
								"east": {"uv": [111, 94], "uv_size": [1, 1]},
								"south": {"uv": [95, 111], "uv_size": [1, 1]},
								"west": {"uv": [111, 95], "uv_size": [1, 1]},
								"up": {"uv": [111, 96], "uv_size": [1, 1]},
								"down": {"uv": [111, 98], "uv_size": [1, -1]}
							}
						}
					]
				},
				{
					"name": "_cb_scope",
					"parent": "main",
					"pivot": [-0.72809, 17.74301, 12.76841],
					"cubes": [
						{
							"origin": [-2.10309, 25.803, -17.2966],
							"size": [1, 1, 1],
							"uv": {
								"north": {"uv": [111, 98], "uv_size": [1, 1]},
								"east": {"uv": [111, 99], "uv_size": [1, 1]},
								"south": {"uv": [100, 111], "uv_size": [1, 1]},
								"west": {"uv": [111, 100], "uv_size": [1, 1]},
								"up": {"uv": [101, 111], "uv_size": [1, 1]},
								"down": {"uv": [111, 102], "uv_size": [1, -1]}
							}
						}
					]
				},
				{
					"name": "scope",
					"parent": "main",
					"pivot": [-3.037, 29.575, 4.55],
					"cubes": [
						{"origin": [-3.537, 29.075, 4.05], "size": [1, 1, 1], "inflate": -0.4, "uv": [32, 0]}
					]
				}
			]
		}
	]
}