{
	"format_version": "1.12.0",
	"minecraft:geometry": [
		{
			"description": {
				"identifier": "geometry.unknown",
				"texture_width": 128,
				"texture_height": 128,
				"visible_bounds_width": 36,
				"visible_bounds_height": 7,
				"visible_bounds_offset": [0, -0.5, 0]
			},
			"bones": [
				{
					"name": "main",
					"pivot": [-4, 22, -25]
				},
				{
					"name": "gun",
					"parent": "main",
					"pivot": [-3, 13, -26]
				},
				{
					"name": "Frame",
					"parent": "gun",
					"pivot": [-3.96255, 21.77857, -31.06438],
					"cubes": [
						{
							"origin": [-4.1704, 18.97566, -23.49],
							"size": [1.12819, 1.93521, 6.86728],
							"uv": {
								"north": {"uv": [70, 67], "uv_size": [1, 2]},
								"east": {"uv": [48, 51], "uv_size": [7, 2]},
								"south": {"uv": [68, 70], "uv_size": [1, 2]},
								"west": {"uv": [30, 52], "uv_size": [7, 2]},
								"up": {"uv": [8, 57], "uv_size": [1, 7]},
								"down": {"uv": [9, 64], "uv_size": [1, -7]}
							}
						},
						{
							"origin": [-3.25845, 18.97566, -17.77548],
							"size": [0.52819, 2.93521, 1.16728],
							"pivot": [-2.99435, 19.94327, -17.09184],
							"rotation": [0, 26.5, 0],
							"uv": {
								"north": {"uv": [69, 48], "uv_size": [1, 3]},
								"east": {"uv": [69, 51], "uv_size": [1, 3]},
								"south": {"uv": [69, 54], "uv_size": [1, 3]},
								"west": {"uv": [64, 69], "uv_size": [1, 3]},
								"up": {"uv": [6, 76], "uv_size": [1, 1]},
								"down": {"uv": [76, 7], "uv_size": [1, -1]}
							}
						},
						{
							"origin": [-5.08235, 18.97566, -17.77548],
							"size": [0.52819, 2.93521, 1.16728],
							"pivot": [-4.81825, 19.94327, -17.09184],
							"rotation": [0, -26.5, 0],
							"uv": {
								"north": {"uv": [65, 69], "uv_size": [1, 3]},
								"east": {"uv": [67, 69], "uv_size": [1, 3]},
								"south": {"uv": [69, 67], "uv_size": [1, 3]},
								"west": {"uv": [70, 0], "uv_size": [1, 3]},
								"up": {"uv": [7, 76], "uv_size": [1, 1]},
								"down": {"uv": [76, 8], "uv_size": [1, -1]}
							}
						},
						{
							"origin": [-4.7954, 18.97566, -23.49],
							"size": [0.625, 1.93521, 6.86728],
							"uv": {
								"north": {"uv": [55, 51], "uv_size": [1, 2]},
								"east": {"uv": [50, 22], "uv_size": [7, 2]},
								"south": {"uv": [61, 19], "uv_size": [1, 2]},
								"west": {"uv": [50, 24], "uv_size": [7, 2]},
								"up": {"uv": [6, 57], "uv_size": [1, 7]},
								"down": {"uv": [7, 64], "uv_size": [1, -7]}
							}
						},
						{
							"origin": [-5.2704, 21.91087, -17.76147],
							"size": [1.1, 5.51833, 1.13874],
							"uv": {
								"north": {"uv": [62, 0], "uv_size": [1, 6]},
								"east": {"uv": [62, 46], "uv_size": [1, 6]},
								"south": {"uv": [62, 52], "uv_size": [1, 6]},
								"west": {"uv": [62, 58], "uv_size": [1, 6]},
								"up": {"uv": [41, 74], "uv_size": [1, 1]},
								"down": {"uv": [42, 75], "uv_size": [1, -1]}
							}
						},
						{
							"origin": [-3.6204, 21.91087, -17.76147],
							"size": [1.05319, 5.51833, 1.13874],
							"uv": {
								"north": {"uv": [58, 61], "uv_size": [1, 6]},
								"east": {"uv": [59, 61], "uv_size": [1, 6]},
								"south": {"uv": [60, 61], "uv_size": [1, 6]},
								"west": {"uv": [61, 60], "uv_size": [1, 6]},
								"up": {"uv": [39, 74], "uv_size": [1, 1]},
								"down": {"uv": [40, 75], "uv_size": [1, -1]}
							}
						},
						{
							"origin": [-4.0388, 26.43477, -16.25519],
							"size": [0.24659, 0.14333, 0.23874],
							"pivot": [-3.9155, 26.64393, -16.13582],
							"rotation": [-25.9639, 41.95776, -18.0336],
							"uv": {
								"north": {"uv": [62, 76], "uv_size": [1, 1]},
								"east": {"uv": [76, 62], "uv_size": [1, 1]},
								"south": {"uv": [63, 76], "uv_size": [1, 1]},
								"west": {"uv": [76, 63], "uv_size": [1, 1]},
								"up": {"uv": [64, 76], "uv_size": [1, 1]},
								"down": {"uv": [76, 65], "uv_size": [1, -1]}
							}
						},
						{
							"origin": [-4.9638, 25.94988, -16.8943],
							"size": [2.09659, 0.69333, 1.33874],
							"pivot": [-3.0688, 26.50905, -16.42493],
							"rotation": [-19, 0, 0],
							"uv": {
								"north": {"uv": [58, 73], "uv_size": [2, 1]},
								"east": {"uv": [61, 76], "uv_size": [1, 1]},
								"south": {"uv": [73, 58], "uv_size": [2, 1]},
								"west": {"uv": [76, 61], "uv_size": [1, 1]},
								"up": {"uv": [73, 59], "uv_size": [2, 1]},
								"down": {"uv": [60, 74], "uv_size": [2, -1]}
							}
						},
						{
							"origin": [-8.46235, 23.38659, -16.58462],
							"size": [0.64108, 1.19075, 5.9863],
							"pivot": [-3.92156, 23.98197, -13.59147],
							"rotation": [0, -90, -22.5],
							"uv": {
								"north": {"uv": [74, 8], "uv_size": [1, 1]},
								"east": {"uv": [57, 42], "uv_size": [6, 1]},
								"south": {"uv": [10, 74], "uv_size": [1, 1]},
								"west": {"uv": [57, 43], "uv_size": [6, 1]},
								"up": {"uv": [50, 59], "uv_size": [1, 6]},
								"down": {"uv": [51, 65], "uv_size": [1, -6]}
							}
						},
						{
							"origin": [-8.47735, 23.38659, -16.58462],
							"size": [0.65608, 1.19075, 5.9863],
							"pivot": [-3.92156, 23.98197, -13.59147],
							"rotation": [0, -90, -45],
							"uv": {
								"north": {"uv": [74, 4], "uv_size": [1, 1]},
								"east": {"uv": [57, 24], "uv_size": [6, 1]},
								"south": {"uv": [6, 74], "uv_size": [1, 1]},
								"west": {"uv": [57, 25], "uv_size": [6, 1]},
								"up": {"uv": [49, 59], "uv_size": [1, 6]},
								"down": {"uv": [59, 55], "uv_size": [1, -6]}
							}
						},
						{
							"origin": [-8.46235, 20.98882, -14.18684],
							"size": [0.64108, 5.9863, 1.19075],
							"pivot": [-3.92156, 23.98197, -13.59147],
							"rotation": [0, -90, 22.5],
							"uv": {
								"north": {"uv": [59, 15], "uv_size": [1, 6]},
								"east": {"uv": [34, 59], "uv_size": [1, 6]},
								"south": {"uv": [35, 59], "uv_size": [1, 6]},
								"west": {"uv": [48, 59], "uv_size": [1, 6]},
								"up": {"uv": [74, 1], "uv_size": [1, 1]},
								"down": {"uv": [74, 4], "uv_size": [1, -1]}
							}
						},
						{
							"origin": [-8.46235, 20.98882, -14.18684],
							"size": [0.64108, 5.9863, 1.19075],
							"pivot": [-3.92156, 23.98197, -13.59147],
							"rotation": [0, -90, -22.5],
							"uv": {
								"north": {"uv": [54, 58], "uv_size": [1, 6]},
								"east": {"uv": [55, 58], "uv_size": [1, 6]},
								"south": {"uv": [58, 55], "uv_size": [1, 6]},
								"west": {"uv": [59, 0], "uv_size": [1, 6]},
								"up": {"uv": [73, 73], "uv_size": [1, 1]},
								"down": {"uv": [74, 1], "uv_size": [1, -1]}
							}
						},
						{
							"origin": [-8.47735, 20.98882, -14.18684],
							"size": [0.65608, 5.9863, 1.19075],
							"pivot": [-3.92156, 23.98197, -13.59147],
							"rotation": [0, -90, 0],
							"uv": {
								"north": {"uv": [57, 55], "uv_size": [1, 6]},
								"east": {"uv": [58, 0], "uv_size": [1, 6]},
								"south": {"uv": [58, 15], "uv_size": [1, 6]},
								"west": {"uv": [58, 49], "uv_size": [1, 6]},
								"up": {"uv": [72, 73], "uv_size": [1, 1]},
								"down": {"uv": [73, 73], "uv_size": [1, -1]}
							}
						},
						{
							"origin": [-8.47735, 23.38659, -16.58462],
							"size": [0.65608, 1.19075, 5.9863],
							"pivot": [-3.92156, 23.98197, -13.59147],
							"rotation": [0, -90, 45],
							"uv": {
								"north": {"uv": [73, 70], "uv_size": [1, 1]},
								"east": {"uv": [57, 22], "uv_size": [6, 1]},
								"south": {"uv": [73, 71], "uv_size": [1, 1]},
								"west": {"uv": [57, 23], "uv_size": [6, 1]},
								"up": {"uv": [46, 57], "uv_size": [1, 6]},
								"down": {"uv": [57, 55], "uv_size": [1, -6]}
							}
						},
						{
							"origin": [-8.47735, 23.38659, -16.58462],
							"size": [0.65608, 1.19075, 5.9863],
							"pivot": [-3.92156, 23.98197, -13.59147],
							"rotation": [0, -90, 0],
							"uv": {
								"north": {"uv": [73, 68], "uv_size": [1, 1]},
								"east": {"uv": [57, 13], "uv_size": [6, 1]},
								"south": {"uv": [73, 69], "uv_size": [1, 1]},
								"west": {"uv": [57, 14], "uv_size": [6, 1]},
								"up": {"uv": [12, 57], "uv_size": [1, 6]},
								"down": {"uv": [57, 21], "uv_size": [1, -6]}
							}
						},
						{
							"origin": [-8.46235, 23.38659, -16.58462],
							"size": [0.64108, 1.19075, 5.9863],
							"pivot": [-3.92156, 23.98197, -13.59147],
							"rotation": [0, -90, 22.5],
							"uv": {
								"north": {"uv": [73, 66], "uv_size": [1, 1]},
								"east": {"uv": [55, 46], "uv_size": [6, 1]},
								"south": {"uv": [73, 67], "uv_size": [1, 1]},
								"west": {"uv": [57, 12], "uv_size": [6, 1]},
								"up": {"uv": [10, 57], "uv_size": [1, 6]},
								"down": {"uv": [11, 63], "uv_size": [1, -6]}
							}
						},
						{
							"origin": [-4.22681, 23.43422, -19.96917],
							"size": [0.60359, 1.09549, 5.5074],
							"pivot": [-3.92156, 23.98197, -17.21547],
							"rotation": [0, -90, 45],
							"uv": {
								"north": {"uv": [74, 37], "uv_size": [1, 1]},
								"east": {"uv": [61, 17], "uv_size": [6, 1]},
								"south": {"uv": [38, 74], "uv_size": [1, 1]},
								"west": {"uv": [61, 18], "uv_size": [6, 1]},
								"up": {"uv": [61, 54], "uv_size": [1, 6]},
								"down": {"uv": [57, 67], "uv_size": [1, -6]}
							}
						},
						{
							"origin": [-4.21301, 23.43422, -19.96917],
							"size": [0.58979, 1.09549, 5.5074],
							"pivot": [-3.92156, 23.98197, -17.21547],
							"rotation": [0, -90, -22.5],
							"uv": {
								"north": {"uv": [36, 74], "uv_size": [1, 1]},
								"east": {"uv": [61, 15], "uv_size": [6, 1]},
								"south": {"uv": [37, 74], "uv_size": [1, 1]},
								"west": {"uv": [61, 16], "uv_size": [6, 1]},
								"up": {"uv": [25, 61], "uv_size": [1, 6]},
								"down": {"uv": [61, 54], "uv_size": [1, -6]}
							}
						},
						{
							"origin": [-4.22681, 23.43422, -19.96917],
							"size": [0.60359, 1.09549, 5.5074],
							"pivot": [-3.92156, 23.98197, -17.21547],
							"rotation": [0, -90, -45],
							"uv": {
								"north": {"uv": [34, 74], "uv_size": [1, 1]},
								"east": {"uv": [58, 8], "uv_size": [6, 1]},
								"south": {"uv": [35, 74], "uv_size": [1, 1]},
								"west": {"uv": [58, 9], "uv_size": [6, 1]},
								"up": {"uv": [56, 60], "uv_size": [1, 6]},
								"down": {"uv": [61, 6], "uv_size": [1, -6]}
							}
						},
						{
							"origin": [-4.21301, 21.22827, -17.76321],
							"size": [0.58979, 5.5074, 1.09549],
							"pivot": [-3.92156, 23.98197, -17.21547],
							"rotation": [0, -90, 22.5],
							"uv": {
								"north": {"uv": [32, 60], "uv_size": [1, 6]},
								"east": {"uv": [33, 60], "uv_size": [1, 6]},
								"south": {"uv": [60, 49], "uv_size": [1, 6]},
								"west": {"uv": [60, 55], "uv_size": [1, 6]},
								"up": {"uv": [74, 32], "uv_size": [1, 1]},
								"down": {"uv": [33, 75], "uv_size": [1, -1]}
							}
						},
						{
							"origin": [-4.21301, 21.22827, -17.76321],
							"size": [0.58979, 5.5074, 1.09549],
							"pivot": [-3.92156, 23.98197, -17.21547],
							"rotation": [0, -90, -22.5],
							"uv": {
								"north": {"uv": [17, 60], "uv_size": [1, 6]},
								"east": {"uv": [18, 60], "uv_size": [1, 6]},
								"south": {"uv": [30, 60], "uv_size": [1, 6]},
								"west": {"uv": [31, 60], "uv_size": [1, 6]},
								"up": {"uv": [31, 74], "uv_size": [1, 1]},
								"down": {"uv": [32, 75], "uv_size": [1, -1]}
							}
						},
						{
							"origin": [-4.22681, 21.22827, -17.76321],
							"size": [0.60359, 5.5074, 1.09549],
							"pivot": [-3.92156, 23.98197, -17.21547],
							"rotation": [0, -90, 0],
							"uv": {
								"north": {"uv": [14, 60], "uv_size": [1, 6]},
								"east": {"uv": [15, 60], "uv_size": [1, 6]},
								"south": {"uv": [60, 15], "uv_size": [1, 6]},
								"west": {"uv": [16, 60], "uv_size": [1, 6]},
								"up": {"uv": [29, 74], "uv_size": [1, 1]},
								"down": {"uv": [30, 75], "uv_size": [1, -1]}
							}
						},
						{
							"origin": [-4.22681, 23.43422, -19.96917],
							"size": [0.60359, 1.09549, 5.5074],
							"pivot": [-3.92156, 23.98197, -17.21547],
							"rotation": [0, -90, 0],
							"uv": {
								"north": {"uv": [27, 74], "uv_size": [1, 1]},
								"east": {"uv": [58, 6], "uv_size": [6, 1]},
								"south": {"uv": [28, 74], "uv_size": [1, 1]},
								"west": {"uv": [58, 7], "uv_size": [6, 1]},
								"up": {"uv": [59, 55], "uv_size": [1, 6]},
								"down": {"uv": [60, 6], "uv_size": [1, -6]}
							}
						},
						{
							"origin": [-4.21301, 23.43422, -19.96917],
							"size": [0.58979, 1.09549, 5.5074],
							"pivot": [-3.92156, 23.98197, -17.21547],
							"rotation": [0, -90, 22.5],
							"uv": {
								"north": {"uv": [25, 74], "uv_size": [1, 1]},
								"east": {"uv": [57, 44], "uv_size": [6, 1]},
								"south": {"uv": [26, 74], "uv_size": [1, 1]},
								"west": {"uv": [57, 45], "uv_size": [6, 1]},
								"up": {"uv": [52, 59], "uv_size": [1, 6]},
								"down": {"uv": [53, 65], "uv_size": [1, -6]}
							}
						},
						{
							"origin": [-5.2704, 18.97566, -16.77685],
							"size": [1.125, 1.18142, 3.23345],
							"uv": {
								"north": {"uv": [74, 74], "uv_size": [1, 1]},
								"east": {"uv": [11, 69], "uv_size": [3, 1]},
								"south": {"uv": [0, 75], "uv_size": [1, 1]},
								"west": {"uv": [69, 12], "uv_size": [3, 1]},
								"up": {"uv": [69, 17], "uv_size": [1, 3]},
								"down": {"uv": [19, 72], "uv_size": [1, -3]}
							}
						},
						{
							"origin": [-5.2704, 20.15708, -16.77685],
							"size": [1.4598, 3.39725, 4.03345],
							"uv": {
								"north": {"uv": [20, 69], "uv_size": [1, 3]},
								"east": {"uv": [14, 51], "uv_size": [4, 3]},
								"south": {"uv": [69, 20], "uv_size": [1, 3]},
								"west": {"uv": [53, 12], "uv_size": [4, 3]},
								"up": {"uv": [66, 57], "uv_size": [1, 4]},
								"down": {"uv": [61, 70], "uv_size": [1, -4]}
							}
						},
						{
							"origin": [-5.2704, 20.15708, -12.7434],
							"size": [1.4598, 2.53496, 1.3],
							"uv": {
								"north": {"uv": [21, 69], "uv_size": [1, 3]},
								"east": {"uv": [22, 69], "uv_size": [1, 3]},
								"south": {"uv": [23, 69], "uv_size": [1, 3]},
								"west": {"uv": [69, 23], "uv_size": [1, 3]},
								"up": {"uv": [75, 0], "uv_size": [1, 1]},
								"down": {"uv": [1, 76], "uv_size": [1, -1]}
							}
						},
						{
							"origin": [-5.2888, 24.29673, -16.29902],
							"size": [1.47819, 1.47119, 4.00851],
							"pivot": [-3.77685, 24.96382, -15.07009],
							"rotation": [-37.5, 0, 0],
							"uv": {
								"north": {"uv": [75, 1], "uv_size": [1, 1]},
								"east": {"uv": [66, 61], "uv_size": [4, 1]},
								"south": {"uv": [2, 75], "uv_size": [1, 1]},
								"west": {"uv": [66, 62], "uv_size": [4, 1]},
								"up": {"uv": [66, 63], "uv_size": [1, 4]},
								"down": {"uv": [4, 71], "uv_size": [1, -4]}
							}
						},
						{
							"origin": [-5.2888, 22.09635, -13.13807],
							"size": [1.47819, 1.54258, 1.79467],
							"pivot": [-3.77685, 22.79635, -11.37233],
							"rotation": [-20, 0, 0],
							"uv": {
								"north": {"uv": [72, 71], "uv_size": [1, 2]},
								"east": {"uv": [67, 0], "uv_size": [2, 2]},
								"south": {"uv": [0, 73], "uv_size": [1, 2]},
								"west": {"uv": [67, 10], "uv_size": [2, 2]},
								"up": {"uv": [1, 73], "uv_size": [1, 2]},
								"down": {"uv": [2, 75], "uv_size": [1, -2]}
							}
						},
						{
							"origin": [-3.8106, 20.15708, -12.7434],
							"size": [1.2434, 2.53496, 1.3],
							"uv": {
								"north": {"uv": [24, 69], "uv_size": [1, 3]},
								"east": {"uv": [30, 69], "uv_size": [1, 3]},
								"south": {"uv": [31, 69], "uv_size": [1, 3]},
								"west": {"uv": [32, 69], "uv_size": [1, 3]},
								"up": {"uv": [75, 2], "uv_size": [1, 1]},
								"down": {"uv": [3, 76], "uv_size": [1, -1]}
							}
						},
						{
							"origin": [-4.1704, 18.97566, -16.77685],
							"size": [1.62819, 1.18142, 3.23345],
							"uv": {
								"north": {"uv": [72, 62], "uv_size": [2, 1]},
								"east": {"uv": [69, 13], "uv_size": [3, 1]},
								"south": {"uv": [73, 2], "uv_size": [2, 1]},
								"west": {"uv": [69, 14], "uv_size": [3, 1]},
								"up": {"uv": [62, 19], "uv_size": [2, 3]},
								"down": {"uv": [63, 3], "uv_size": [2, -3]}
							}
						},
						{
							"origin": [-4.1704, 19.70061, -13.87155],
							"size": [1.60319, 1.23853, 2.45578],
							"pivot": [-4.0446, 20.08593, -12.05542],
							"rotation": [24.75, 0, 0],
							"uv": {
								"north": {"uv": [73, 7], "uv_size": [2, 1]},
								"east": {"uv": [73, 9], "uv_size": [2, 1]},
								"south": {"uv": [73, 10], "uv_size": [2, 1]},
								"west": {"uv": [73, 11], "uv_size": [2, 1]},
								"up": {"uv": [32, 67], "uv_size": [2, 2]},
								"down": {"uv": [34, 69], "uv_size": [2, -2]}
							}
						},
						{
							"origin": [-5.2704, 19.70061, -13.87155],
							"size": [1.1, 1.23853, 2.45578],
							"pivot": [-4.0446, 20.08593, -12.05542],
							"rotation": [24.75, 0, 0],
							"uv": {
								"north": {"uv": [75, 12], "uv_size": [1, 1]},
								"east": {"uv": [73, 5], "uv_size": [2, 1]},
								"south": {"uv": [13, 75], "uv_size": [1, 1]},
								"west": {"uv": [73, 6], "uv_size": [2, 1]},
								"up": {"uv": [7, 73], "uv_size": [1, 2]},
								"down": {"uv": [8, 75], "uv_size": [1, -2]}
							}
						},
						{
							"origin": [-3.8106, 20.15708, -16.77685],
							"size": [1.2684, 3.39725, 4.03345],
							"uv": {
								"north": {"uv": [33, 69], "uv_size": [1, 3]},
								"east": {"uv": [53, 15], "uv_size": [4, 3]},
								"south": {"uv": [34, 69], "uv_size": [1, 3]},
								"west": {"uv": [53, 18], "uv_size": [4, 3]},
								"up": {"uv": [5, 67], "uv_size": [1, 4]},
								"down": {"uv": [15, 71], "uv_size": [1, -4]}
							}
						},
						{
							"origin": [-5.2704, 23.55433, -16.77685],
							"size": [1.4598, 1.33496, 2.53345],
							"uv": {
								"north": {"uv": [75, 11], "uv_size": [1, 1]},
								"east": {"uv": [69, 46], "uv_size": [3, 1]},
								"south": {"uv": [12, 75], "uv_size": [1, 1]},
								"west": {"uv": [69, 47], "uv_size": [3, 1]},
								"up": {"uv": [46, 69], "uv_size": [1, 3]},
								"down": {"uv": [47, 72], "uv_size": [1, -3]}
							}
						},
						{
							"origin": [-3.8106, 23.55433, -16.77685],
							"size": [1.2684, 1.33496, 2.53345],
							"uv": {
								"north": {"uv": [75, 10], "uv_size": [1, 1]},
								"east": {"uv": [35, 69], "uv_size": [3, 1]},
								"south": {"uv": [11, 75], "uv_size": [1, 1]},
								"west": {"uv": [69, 45], "uv_size": [3, 1]},
								"up": {"uv": [38, 69], "uv_size": [1, 3]},
								"down": {"uv": [39, 72], "uv_size": [1, -3]}
							}
						},
						{
							"origin": [-3.8106, 24.29673, -16.29902],
							"size": [1.2684, 1.47119, 4.00851],
							"pivot": [-3.78345, 24.96382, -15.07009],
							"rotation": [-37.5, 0, 0],
							"uv": {
								"north": {"uv": [75, 3], "uv_size": [1, 1]},
								"east": {"uv": [67, 15], "uv_size": [4, 1]},
								"south": {"uv": [4, 75], "uv_size": [1, 1]},
								"west": {"uv": [67, 16], "uv_size": [4, 1]},
								"up": {"uv": [16, 67], "uv_size": [1, 4]},
								"down": {"uv": [17, 71], "uv_size": [1, -4]}
							}
						},
						{
							"origin": [-3.7106, 24.8744, -16.7705],
							"size": [1.1684, 1.47119, 1.20851],
							"pivot": [-3.86305, 25.60999, -15.06625],
							"rotation": [-0.5, 0, 0],
							"uv": {
								"north": {"uv": [75, 7], "uv_size": [1, 1]},
								"east": {"uv": [8, 75], "uv_size": [1, 1]},
								"south": {"uv": [75, 8], "uv_size": [1, 1]},
								"west": {"uv": [9, 75], "uv_size": [1, 1]},
								"up": {"uv": [75, 9], "uv_size": [1, 1]},
								"down": {"uv": [10, 76], "uv_size": [1, -1]}
							}
						},
						{
							"origin": [-5.2888, 24.8744, -16.7705],
							"size": [1.37819, 1.47119, 1.20851],
							"pivot": [-3.86305, 25.60999, -15.06625],
							"rotation": [-0.5, 0, 0],
							"uv": {
								"north": {"uv": [75, 4], "uv_size": [1, 1]},
								"east": {"uv": [5, 75], "uv_size": [1, 1]},
								"south": {"uv": [75, 5], "uv_size": [1, 1]},
								"west": {"uv": [6, 75], "uv_size": [1, 1]},
								"up": {"uv": [75, 6], "uv_size": [1, 1]},
								"down": {"uv": [7, 76], "uv_size": [1, -1]}
							}
						},
						{
							"origin": [-3.8106, 22.09635, -13.13807],
							"size": [1.2684, 1.54258, 1.79467],
							"pivot": [-3.78345, 22.79635, -11.37233],
							"rotation": [-20, 0, 0],
							"uv": {
								"north": {"uv": [3, 73], "uv_size": [1, 2]},
								"east": {"uv": [67, 17], "uv_size": [2, 2]},
								"south": {"uv": [73, 3], "uv_size": [1, 2]},
								"west": {"uv": [30, 67], "uv_size": [2, 2]},
								"up": {"uv": [4, 73], "uv_size": [1, 2]},
								"down": {"uv": [5, 75], "uv_size": [1, -2]}
							}
						},
						{
							"origin": [-3.6204, 27.4292, -17.36147],
							"size": [1.05319, 0.29333, 0.73874],
							"uv": {
								"north": {"uv": [0, 76], "uv_size": [1, 1]},
								"east": {"uv": [76, 0], "uv_size": [1, 1]},
								"south": {"uv": [1, 76], "uv_size": [1, 1]},
								"west": {"uv": [76, 1], "uv_size": [1, 1]},
								"up": {"uv": [2, 76], "uv_size": [1, 1]},
								"down": {"uv": [76, 3], "uv_size": [1, -1]}
							}
						},
						{
							"origin": [-5.2704, 27.4292, -17.36147],
							"size": [1.05319, 0.29333, 0.73874],
							"uv": {
								"north": {"uv": [3, 76], "uv_size": [1, 1]},
								"east": {"uv": [76, 3], "uv_size": [1, 1]},
								"south": {"uv": [4, 76], "uv_size": [1, 1]},
								"west": {"uv": [76, 4], "uv_size": [1, 1]},
								"up": {"uv": [5, 76], "uv_size": [1, 1]},
								"down": {"uv": [76, 6], "uv_size": [1, -1]}
							}
						}
					]
				},
				{
					"name": "frame2",
					"parent": "Frame",
					"pivot": [-5.14656, 20.70697, -24.51547],
					"cubes": [
						{
							"origin": [-6.86573, 21.21047, -23.43177],
							"size": [0.94428, 0.643, 3.2326],
							"pivot": [-5.14656, 20.73197, -24.51547],
							"rotation": [-165, 0, 180],
							"uv": {
								"north": {"uv": [46, 74], "uv_size": [1, 1]},
								"east": {"uv": [68, 65], "uv_size": [3, 1]},
								"south": {"uv": [47, 74], "uv_size": [1, 1]},
								"west": {"uv": [68, 66], "uv_size": [3, 1]},
								"up": {"uv": [68, 67], "uv_size": [1, 3]},
								"down": {"uv": [69, 3], "uv_size": [1, -3]}
							}
						},
						{
							"origin": [-4.42168, 22.31723, -36.89868],
							"size": [0.94428, 1.593, 8.5076],
							"pivot": [-3.92454, 23.03874, -30.00738],
							"rotation": [180, 0, 180],
							"uv": {
								"north": {"uv": [7, 71], "uv_size": [1, 2]},
								"east": {"uv": [1, 49], "uv_size": [9, 2]},
								"south": {"uv": [8, 71], "uv_size": [1, 2]},
								"west": {"uv": [49, 4], "uv_size": [9, 2]},
								"up": {"uv": [18, 51], "uv_size": [1, 9]},
								"down": {"uv": [36, 63], "uv_size": [1, -9]}
							}
						},
						{
							"origin": [-4.42168, 21.31723, -36.89868],
							"size": [0.94428, 1, 2.9076],
							"pivot": [-3.92454, 23.03874, -30.00738],
							"rotation": [180, 0, 180],
							"uv": {
								"north": {"uv": [51, 74], "uv_size": [1, 1]},
								"east": {"uv": [7, 69], "uv_size": [3, 1]},
								"south": {"uv": [74, 51], "uv_size": [1, 1]},
								"west": {"uv": [69, 8], "uv_size": [3, 1]},
								"up": {"uv": [69, 9], "uv_size": [1, 3]},
								"down": {"uv": [10, 72], "uv_size": [1, -3]}
							}
						},
						{
							"origin": [-4.42168, 23.91024, -36.89868],
							"size": [0.94428, 1.168, 11.7076],
							"pivot": [-3.92454, 23.03174, -30.00738],
							"rotation": [180, 0, 180],
							"uv": {
								"north": {"uv": [50, 74], "uv_size": [1, 1]},
								"east": {"uv": [53, 10], "uv_size": [12, 1]},
								"south": {"uv": [74, 50], "uv_size": [1, 1]},
								"west": {"uv": [53, 11], "uv_size": [12, 1]},
								"up": {"uv": [25, 49], "uv_size": [1, 12]},
								"down": {"uv": [13, 63], "uv_size": [1, -12]}
							}
						},
						{
							"origin": [-4.42168, 23.66563, -36.2738],
							"size": [0.94428, 0.643, 3.0326],
							"pivot": [-3.92454, 23.98713, -33.6575],
							"rotation": [-147.5, 0, 180],
							"uv": {
								"north": {"uv": [48, 74], "uv_size": [1, 1]},
								"east": {"uv": [69, 3], "uv_size": [3, 1]},
								"south": {"uv": [49, 74], "uv_size": [1, 1]},
								"west": {"uv": [69, 4], "uv_size": [3, 1]},
								"up": {"uv": [69, 5], "uv_size": [1, 3]},
								"down": {"uv": [6, 72], "uv_size": [1, -3]}
							}
						},
						{
							"origin": [-4.42168, 24.26563, -36.2738],
							"size": [0.94428, 0.743, 2.0326],
							"pivot": [-3.92454, 23.98713, -33.6575],
							"rotation": [-147.5, 0, 180],
							"uv": {
								"north": {"uv": [52, 74], "uv_size": [1, 1]},
								"east": {"uv": [70, 62], "uv_size": [2, 1]},
								"south": {"uv": [53, 74], "uv_size": [1, 1]},
								"west": {"uv": [71, 2], "uv_size": [2, 1]},
								"up": {"uv": [9, 71], "uv_size": [1, 2]},
								"down": {"uv": [11, 73], "uv_size": [1, -2]}
							}
						},
						{
							"origin": [-6.95763, 20.41047, -26.13177],
							"size": [1.18618, 0.643, 3.2326],
							"pivot": [-5.14656, 20.73197, -24.51547],
							"rotation": [157.5, 0, -180],
							"uv": {
								"north": {"uv": [12, 74], "uv_size": [1, 1]},
								"east": {"uv": [37, 67], "uv_size": [3, 1]},
								"south": {"uv": [74, 12], "uv_size": [1, 1]},
								"west": {"uv": [67, 41], "uv_size": [3, 1]},
								"up": {"uv": [18, 67], "uv_size": [1, 3]},
								"down": {"uv": [25, 70], "uv_size": [1, -3]}
							}
						},
						{
							"origin": [-6.96573, 20.41047, -26.13177],
							"size": [1.19428, 0.643, 3.2326],
							"pivot": [-5.14656, 20.73197, -24.51547],
							"rotation": [135, 0, -180],
							"uv": {
								"north": {"uv": [13, 74], "uv_size": [1, 1]},
								"east": {"uv": [67, 42], "uv_size": [3, 1]},
								"south": {"uv": [74, 13], "uv_size": [1, 1]},
								"west": {"uv": [67, 43], "uv_size": [3, 1]},
								"up": {"uv": [40, 67], "uv_size": [1, 3]},
								"down": {"uv": [48, 70], "uv_size": [1, -3]}
							}
						},
						{
							"origin": [-6.95763, 19.11567, -24.83697],
							"size": [1.18618, 3.2326, 0.643],
							"pivot": [-5.14656, 20.73197, -24.51547],
							"rotation": [-157.5, 0, 180],
							"uv": {
								"north": {"uv": [49, 67], "uv_size": [1, 3]},
								"east": {"uv": [50, 67], "uv_size": [1, 3]},
								"south": {"uv": [51, 67], "uv_size": [1, 3]},
								"west": {"uv": [52, 67], "uv_size": [1, 3]},
								"up": {"uv": [74, 14], "uv_size": [1, 1]},
								"down": {"uv": [15, 75], "uv_size": [1, -1]}
							}
						},
						{
							"origin": [-6.95763, 19.11567, -24.83697],
							"size": [1.18618, 3.2326, 0.643],
							"pivot": [-5.14656, 20.73197, -24.51547],
							"rotation": [157.5, 0, -180],
							"uv": {
								"north": {"uv": [53, 67], "uv_size": [1, 3]},
								"east": {"uv": [67, 53], "uv_size": [1, 3]},
								"south": {"uv": [67, 56], "uv_size": [1, 3]},
								"west": {"uv": [57, 67], "uv_size": [1, 3]},
								"up": {"uv": [74, 15], "uv_size": [1, 1]},
								"down": {"uv": [16, 75], "uv_size": [1, -1]}
							}
						},
						{
							"origin": [-6.96573, 19.11567, -24.83697],
							"size": [1.19428, 3.2326, 0.643],
							"pivot": [-5.14656, 20.73197, -24.51547],
							"rotation": [-180, 0, 180],
							"uv": {
								"north": {"uv": [58, 67], "uv_size": [1, 3]},
								"east": {"uv": [59, 67], "uv_size": [1, 3]},
								"south": {"uv": [60, 67], "uv_size": [1, 3]},
								"west": {"uv": [67, 63], "uv_size": [1, 3]},
								"up": {"uv": [74, 16], "uv_size": [1, 1]},
								"down": {"uv": [17, 75], "uv_size": [1, -1]}
							}
						},
						{
							"origin": [-6.96573, 20.41047, -26.13177],
							"size": [1.19428, 0.643, 3.2326],
							"pivot": [-5.14656, 20.73197, -24.51547],
							"rotation": [-135, 0, 180],
							"uv": {
								"north": {"uv": [18, 74], "uv_size": [1, 1]},
								"east": {"uv": [67, 44], "uv_size": [3, 1]},
								"south": {"uv": [74, 18], "uv_size": [1, 1]},
								"west": {"uv": [67, 59], "uv_size": [3, 1]},
								"up": {"uv": [66, 67], "uv_size": [1, 3]},
								"down": {"uv": [67, 69], "uv_size": [1, -3]}
							}
						},
						{
							"origin": [-6.96573, 20.41047, -26.13177],
							"size": [1.19428, 0.643, 3.2326],
							"pivot": [-5.14656, 20.73197, -24.51547],
							"rotation": [-180, 0, 180],
							"uv": {
								"north": {"uv": [74, 19], "uv_size": [1, 1]},
								"east": {"uv": [67, 60], "uv_size": [3, 1]},
								"south": {"uv": [21, 74], "uv_size": [1, 1]},
								"west": {"uv": [37, 68], "uv_size": [3, 1]},
								"up": {"uv": [68, 53], "uv_size": [1, 3]},
								"down": {"uv": [68, 59], "uv_size": [1, -3]}
							}
						},
						{
							"origin": [-6.95763, 20.41047, -26.13177],
							"size": [1.18618, 0.643, 3.2326],
							"pivot": [-5.14656, 20.73197, -24.51547],
							"rotation": [-157.5, 0, 180],
							"uv": {
								"north": {"uv": [23, 74], "uv_size": [1, 1]},
								"east": {"uv": [68, 63], "uv_size": [3, 1]},
								"south": {"uv": [24, 74], "uv_size": [1, 1]},
								"west": {"uv": [68, 64], "uv_size": [3, 1]},
								"up": {"uv": [62, 68], "uv_size": [1, 3]},
								"down": {"uv": [63, 71], "uv_size": [1, -3]}
							}
						},
						{
							"origin": [-5.98378, 19.89346, -24.68226],
							"size": [1.58067, 1.67701, 0.33358],
							"pivot": [-4.55948, 20.73197, -24.51547],
							"rotation": [-180, 0, 180],
							"uv": {
								"north": {"uv": [50, 65], "uv_size": [2, 2]},
								"east": {"uv": [62, 71], "uv_size": [1, 2]},
								"south": {"uv": [52, 65], "uv_size": [2, 2]},
								"west": {"uv": [63, 71], "uv_size": [1, 2]},
								"up": {"uv": [71, 63], "uv_size": [2, 1]},
								"down": {"uv": [71, 65], "uv_size": [2, -1]}
							}
						},
						{
							"origin": [-5.98378, 20.56518, -25.35398],
							"size": [1.58067, 0.33358, 1.67701],
							"pivot": [-4.55948, 20.73197, -24.51547],
							"rotation": [-135, 0, 180],
							"uv": {
								"north": {"uv": [71, 56], "uv_size": [2, 1]},
								"east": {"uv": [71, 59], "uv_size": [2, 1]},
								"south": {"uv": [71, 60], "uv_size": [2, 1]},
								"west": {"uv": [71, 61], "uv_size": [2, 1]},
								"up": {"uv": [65, 43], "uv_size": [2, 2]},
								"down": {"uv": [48, 67], "uv_size": [2, -2]}
							}
						},
						{
							"origin": [-5.97958, 19.89346, -24.68226],
							"size": [1.57647, 1.67701, 0.33358],
							"pivot": [-4.55948, 20.73197, -24.51547],
							"rotation": [157.5, 0, -180],
							"uv": {
								"north": {"uv": [34, 65], "uv_size": [2, 2]},
								"east": {"uv": [71, 50], "uv_size": [1, 2]},
								"south": {"uv": [65, 41], "uv_size": [2, 2]},
								"west": {"uv": [71, 52], "uv_size": [1, 2]},
								"up": {"uv": [71, 54], "uv_size": [2, 1]},
								"down": {"uv": [71, 56], "uv_size": [2, -1]}
							}
						},
						{
							"origin": [-5.97958, 19.89346, -24.68226],
							"size": [1.57647, 1.67701, 0.33358],
							"pivot": [-4.55948, 20.73197, -24.51547],
							"rotation": [-157.5, 0, 180],
							"uv": {
								"north": {"uv": [4, 65], "uv_size": [2, 2]},
								"east": {"uv": [17, 71], "uv_size": [1, 2]},
								"south": {"uv": [65, 10], "uv_size": [2, 2]},
								"west": {"uv": [45, 71], "uv_size": [1, 2]},
								"up": {"uv": [71, 48], "uv_size": [2, 1]},
								"down": {"uv": [71, 50], "uv_size": [2, -1]}
							}
						},
						{
							"origin": [-5.98378, 20.56518, -25.35398],
							"size": [1.58067, 0.33358, 1.67701],
							"pivot": [-4.55948, 20.73197, -24.51547],
							"rotation": [135, 0, -180],
							"uv": {
								"north": {"uv": [71, 30], "uv_size": [2, 1]},
								"east": {"uv": [71, 31], "uv_size": [2, 1]},
								"south": {"uv": [41, 71], "uv_size": [2, 1]},
								"west": {"uv": [43, 71], "uv_size": [2, 1]},
								"up": {"uv": [64, 63], "uv_size": [2, 2]},
								"down": {"uv": [65, 2], "uv_size": [2, -2]}
							}
						},
						{
							"origin": [-5.97958, 20.56518, -25.35398],
							"size": [1.57647, 0.33358, 1.67701],
							"pivot": [-4.55948, 20.73197, -24.51547],
							"rotation": [157.5, 0, -180],
							"uv": {
								"north": {"uv": [71, 22], "uv_size": [2, 1]},
								"east": {"uv": [71, 23], "uv_size": [2, 1]},
								"south": {"uv": [71, 28], "uv_size": [2, 1]},
								"west": {"uv": [71, 29], "uv_size": [2, 1]},
								"up": {"uv": [64, 59], "uv_size": [2, 2]},
								"down": {"uv": [64, 63], "uv_size": [2, -2]}
							}
						},
						{
							"origin": [-5.97958, 20.56518, -25.35398],
							"size": [1.57647, 0.33358, 1.67701],
							"pivot": [-4.55948, 20.73197, -24.51547],
							"rotation": [-157.5, 0, 180],
							"uv": {
								"north": {"uv": [71, 17], "uv_size": [2, 1]},
								"east": {"uv": [71, 18], "uv_size": [2, 1]},
								"south": {"uv": [71, 19], "uv_size": [2, 1]},
								"west": {"uv": [71, 21], "uv_size": [2, 1]},
								"up": {"uv": [64, 55], "uv_size": [2, 2]},
								"down": {"uv": [64, 59], "uv_size": [2, -2]}
							}
						},
						{
							"origin": [-5.98378, 20.56518, -25.35398],
							"size": [1.58067, 0.33358, 1.67701],
							"pivot": [-4.55948, 20.73197, -24.51547],
							"rotation": [-180, 0, 180],
							"uv": {
								"north": {"uv": [12, 71], "uv_size": [2, 1]},
								"east": {"uv": [15, 71], "uv_size": [2, 1]},
								"south": {"uv": [71, 15], "uv_size": [2, 1]},
								"west": {"uv": [71, 16], "uv_size": [2, 1]},
								"up": {"uv": [64, 53], "uv_size": [2, 2]},
								"down": {"uv": [54, 66], "uv_size": [2, -2]}
							}
						},
						{
							"origin": [-5.2704, 30.65066, -20.64],
							"size": [1.1, 2.21833, 0.83874],
							"pivot": [-3.98755, 30.05983, -17.17063],
							"rotation": [90, 0, 0],
							"uv": {
								"north": {"uv": [2, 71], "uv_size": [1, 2]},
								"east": {"uv": [3, 71], "uv_size": [1, 2]},
								"south": {"uv": [4, 71], "uv_size": [1, 2]},
								"west": {"uv": [5, 71], "uv_size": [1, 2]},
								"up": {"uv": [45, 74], "uv_size": [1, 1]},
								"down": {"uv": [74, 46], "uv_size": [1, -1]}
							}
						},
						{
							"origin": [-4.1704, 32.35066, -20.64],
							"size": [0.55, 3.21833, 0.81374],
							"pivot": [-3.08755, 30.05983, -17.17063],
							"rotation": [90, 0, 0],
							"uv": {
								"north": {"uv": [50, 70], "uv_size": [1, 3]},
								"east": {"uv": [51, 70], "uv_size": [1, 3]},
								"south": {"uv": [70, 51], "uv_size": [1, 3]},
								"west": {"uv": [52, 70], "uv_size": [1, 3]},
								"up": {"uv": [55, 76], "uv_size": [1, 1]},
								"down": {"uv": [76, 56], "uv_size": [1, -1]}
							}
						},
						{
							"origin": [-3.6204, 30.65066, -20.64],
							"size": [1.05319, 2.21833, 0.83874],
							"pivot": [-3.98755, 30.05983, -17.17063],
							"rotation": [90, 0, 0],
							"uv": {
								"north": {"uv": [69, 70], "uv_size": [1, 2]},
								"east": {"uv": [70, 69], "uv_size": [1, 2]},
								"south": {"uv": [71, 0], "uv_size": [1, 2]},
								"west": {"uv": [1, 71], "uv_size": [1, 2]},
								"up": {"uv": [43, 74], "uv_size": [1, 1]},
								"down": {"uv": [44, 75], "uv_size": [1, -1]}
							}
						},
						{
							"origin": [-3.93135, 25.65983, -21.58167],
							"size": [1.05319, 3.2, 0.83874],
							"pivot": [-3.40475, 27.00983, -21.1623],
							"rotation": [90, 14, 0],
							"uv": {
								"north": {"uv": [70, 59], "uv_size": [1, 3]},
								"east": {"uv": [60, 70], "uv_size": [1, 3]},
								"south": {"uv": [61, 70], "uv_size": [1, 3]},
								"west": {"uv": [66, 70], "uv_size": [1, 3]},
								"up": {"uv": [66, 76], "uv_size": [1, 1]},
								"down": {"uv": [76, 67], "uv_size": [1, -1]}
							}
						},
						{
							"origin": [-4.96014, 25.65983, -21.57601],
							"size": [1.1, 3.2, 0.83874],
							"pivot": [-4.41014, 27.00983, -21.15664],
							"rotation": [90, -14, 0],
							"uv": {
								"north": {"uv": [56, 70], "uv_size": [1, 3]},
								"east": {"uv": [57, 70], "uv_size": [1, 3]},
								"south": {"uv": [58, 70], "uv_size": [1, 3]},
								"west": {"uv": [59, 70], "uv_size": [1, 3]},
								"up": {"uv": [65, 76], "uv_size": [1, 1]},
								"down": {"uv": [76, 66], "uv_size": [1, -1]}
							}
						}
					]
				},
				{
					"name": "Barrel2",
					"parent": "frame2",
					"pivot": [-3.83576, 26.13073, -37.92873],
					"cubes": [
						{
							"origin": [-4.1345, 26.78677, -46.26291],
							"size": [0.44001, 0.93706, 0.10539],
							"inflate": 0.002,
							"uv": {
								"north": {"uv": [75, 13], "uv_size": [1, 1]},
								"east": {"uv": [14, 75], "uv_size": [1, 1]},
								"south": {"uv": [75, 14], "uv_size": [1, 1]},
								"west": {"uv": [15, 75], "uv_size": [1, 1]},
								"up": {"uv": [75, 15], "uv_size": [1, 1]},
								"down": {"uv": [16, 76], "uv_size": [1, -1]}
							}
						},
						{
							"origin": [-4.03449, 26.87209, -46.59915],
							"size": [0.23999, 1.4226, 0.12084],
							"inflate": 0.002,
							"pivot": [-3.76388, 28.45195, -45.5317],
							"rotation": [40, 0, 0],
							"uv": {
								"north": {"uv": [75, 69], "uv_size": [1, 1]},
								"east": {"uv": [70, 75], "uv_size": [1, 1]},
								"south": {"uv": [75, 70], "uv_size": [1, 1]},
								"west": {"uv": [71, 75], "uv_size": [1, 1]},
								"up": {"uv": [75, 71], "uv_size": [1, 1]},
								"down": {"uv": [72, 76], "uv_size": [1, -1]}
							}
						},
						{
							"origin": [-4.0345, 26.78677, -46.22163],
							"size": [0.24001, 0.7795, 0.16915],
							"inflate": 0.002,
							"uv": {
								"north": {"uv": [75, 72], "uv_size": [1, 1]},
								"east": {"uv": [73, 75], "uv_size": [1, 1]},
								"south": {"uv": [75, 73], "uv_size": [1, 1]},
								"west": {"uv": [74, 75], "uv_size": [1, 1]},
								"up": {"uv": [75, 74], "uv_size": [1, 1]},
								"down": {"uv": [75, 76], "uv_size": [1, -1]}
							}
						},
						{
							"origin": [-4.46018, 26.28578, -47.23707],
							"size": [0.95839, 0.53762, 24.70565],
							"inflate": 0.002,
							"pivot": [-3.90937, 25.66617, -16.43424],
							"rotation": [0, 0, -42.5],
							"uv": {
								"north": {"uv": [75, 16], "uv_size": [1, 1]},
								"east": {"uv": [45, 26], "uv_size": [25, 1]},
								"south": {"uv": [17, 75], "uv_size": [1, 1]},
								"west": {"uv": [45, 27], "uv_size": [25, 1]},
								"up": {"uv": [37, 42], "uv_size": [1, 25]},
								"down": {"uv": [38, 67], "uv_size": [1, -25]}
							}
						},
						{
							"origin": [-4.38856, 26.25793, -47.23707],
							"size": [0.95839, 1.16262, 24.70565],
							"inflate": 0.002,
							"uv": {
								"north": {"uv": [75, 17], "uv_size": [1, 1]},
								"east": {"uv": [46, 28], "uv_size": [25, 1]},
								"south": {"uv": [18, 75], "uv_size": [1, 1]},
								"west": {"uv": [46, 29], "uv_size": [25, 1]},
								"up": {"uv": [39, 42], "uv_size": [1, 25]},
								"down": {"uv": [40, 67], "uv_size": [1, -25]}
							}
						},
						{
							"origin": [-4.31694, 26.28578, -47.23707],
							"size": [0.95839, 0.53762, 24.70565],
							"inflate": 0.002,
							"pivot": [-3.90937, 25.66617, -16.43424],
							"rotation": [0, 0, 42.5],
							"uv": {
								"north": {"uv": [75, 18], "uv_size": [1, 1]},
								"east": {"uv": [46, 30], "uv_size": [25, 1]},
								"south": {"uv": [19, 75], "uv_size": [1, 1]},
								"west": {"uv": [46, 31], "uv_size": [25, 1]},
								"up": {"uv": [46, 32], "uv_size": [1, 25]},
								"down": {"uv": [41, 71], "uv_size": [1, -25]}
							}
						},
						{
							"origin": [-4.38856, 24.47743, -47.23707],
							"size": [0.95839, 0.53762, 24.70565],
							"inflate": 0.002,
							"pivot": [-3.90937, 25.66617, -16.43424],
							"rotation": [0, 0, -90],
							"uv": {
								"north": {"uv": [75, 19], "uv_size": [1, 1]},
								"east": {"uv": [47, 32], "uv_size": [25, 1]},
								"south": {"uv": [20, 75], "uv_size": [1, 1]},
								"west": {"uv": [47, 33], "uv_size": [25, 1]},
								"up": {"uv": [42, 46], "uv_size": [1, 25]},
								"down": {"uv": [43, 71], "uv_size": [1, -25]}
							}
						},
						{
							"origin": [-4.31694, 24.50894, -47.23707],
							"size": [0.95839, 0.53762, 24.70565],
							"inflate": 0.002,
							"pivot": [-3.90937, 25.66617, -16.43424],
							"rotation": [0, 0, -42.5],
							"uv": {
								"north": {"uv": [75, 20], "uv_size": [1, 1]},
								"east": {"uv": [47, 34], "uv_size": [25, 1]},
								"south": {"uv": [21, 75], "uv_size": [1, 1]},
								"west": {"uv": [47, 35], "uv_size": [25, 1]},
								"up": {"uv": [44, 46], "uv_size": [1, 25]},
								"down": {"uv": [45, 71], "uv_size": [1, -25]}
							}
						},
						{
							"origin": [-4.38856, 24.53679, -47.23707],
							"size": [0.95839, 0.53762, 24.70565],
							"inflate": 0.002,
							"uv": {
								"north": {"uv": [75, 21], "uv_size": [1, 1]},
								"east": {"uv": [47, 36], "uv_size": [25, 1]},
								"south": {"uv": [22, 75], "uv_size": [1, 1]},
								"west": {"uv": [47, 37], "uv_size": [25, 1]},
								"up": {"uv": [47, 38], "uv_size": [1, 25]},
								"down": {"uv": [0, 73], "uv_size": [1, -25]}
							}
						},
						{
							"origin": [-4.46018, 24.50894, -47.23707],
							"size": [0.95839, 0.53762, 24.70565],
							"inflate": 0.002,
							"pivot": [-3.90937, 25.66617, -16.43424],
							"rotation": [0, 0, 42.5],
							"uv": {
								"north": {"uv": [75, 22], "uv_size": [1, 1]},
								"east": {"uv": [1, 48], "uv_size": [25, 1]},
								"south": {"uv": [23, 75], "uv_size": [1, 1]},
								"west": {"uv": [48, 38], "uv_size": [25, 1]},
								"up": {"uv": [26, 48], "uv_size": [1, 25]},
								"down": {"uv": [27, 73], "uv_size": [1, -25]}
							}
						},
						{
							"origin": [-4.38856, 26.31729, -47.23707],
							"size": [0.95839, 0.53762, 24.70565],
							"inflate": 0.002,
							"pivot": [-3.90937, 25.66617, -16.43424],
							"rotation": [0, 0, -90],
							"uv": {
								"north": {"uv": [75, 23], "uv_size": [1, 1]},
								"east": {"uv": [48, 39], "uv_size": [25, 1]},
								"south": {"uv": [24, 75], "uv_size": [1, 1]},
								"west": {"uv": [48, 40], "uv_size": [25, 1]},
								"up": {"uv": [28, 48], "uv_size": [1, 25]},
								"down": {"uv": [29, 73], "uv_size": [1, -25]}
							}
						}
					]
				},
				{
					"name": "Cylinder",
					"parent": "frame2",
					"pivot": [-3.93201, 23.99167, -21.24265],
					"cubes": [
						{
							"origin": [-8.22343, 23.38063, -21.74754],
							"size": [4.90007, 1.19302, 5.9977],
							"pivot": [-3.92479, 23.97714, -18.74869],
							"rotation": [0, -90, -22.5],
							"uv": {
								"north": {"uv": [64, 6], "uv_size": [5, 1]},
								"east": {"uv": [63, 3], "uv_size": [6, 1]},
								"south": {"uv": [64, 7], "uv_size": [5, 1]},
								"west": {"uv": [63, 4], "uv_size": [6, 1]},
								"up": {"uv": [40, 10], "uv_size": [5, 6]},
								"down": {"uv": [40, 22], "uv_size": [5, -6]}
							}
						},
						{
							"origin": [-5.50859, 23.38063, -21.74754],
							"size": [2.18523, 1.19302, 5.9977],
							"pivot": [-3.92479, 23.97714, -18.74869],
							"rotation": [0, -90, -45],
							"uv": {
								"north": {"uv": [73, 22], "uv_size": [2, 1]},
								"east": {"uv": [63, 5], "uv_size": [6, 1]},
								"south": {"uv": [73, 23], "uv_size": [2, 1]},
								"west": {"uv": [63, 12], "uv_size": [6, 1]},
								"up": {"uv": [53, 41], "uv_size": [2, 6]},
								"down": {"uv": [48, 59], "uv_size": [2, -6]}
							}
						},
						{
							"origin": [-8.22343, 23.38063, -21.56219],
							"size": [2.8612, 1.19302, 5.627],
							"pivot": [-3.92479, 23.97714, -18.74869],
							"rotation": [0, -90, -45],
							"uv": {
								"north": {"uv": [69, 57], "uv_size": [3, 1]},
								"east": {"uv": [63, 13], "uv_size": [6, 1]},
								"south": {"uv": [69, 58], "uv_size": [3, 1]},
								"west": {"uv": [63, 14], "uv_size": [6, 1]},
								"up": {"uv": [19, 49], "uv_size": [3, 6]},
								"down": {"uv": [22, 55], "uv_size": [3, -6]}
							}
						},
						{
							"origin": [-8.22343, 20.97829, -19.3452],
							"size": [4.90007, 5.9977, 1.19302],
							"pivot": [-3.92479, 23.97714, -18.74869],
							"rotation": [0, -90, 22.5],
							"uv": {
								"north": {"uv": [40, 22], "uv_size": [5, 6]},
								"east": {"uv": [10, 63], "uv_size": [1, 6]},
								"south": {"uv": [41, 28], "uv_size": [5, 6]},
								"west": {"uv": [11, 63], "uv_size": [1, 6]},
								"up": {"uv": [64, 8], "uv_size": [5, 1]},
								"down": {"uv": [64, 10], "uv_size": [5, -1]}
							}
						},
						{
							"origin": [-8.22343, 20.97829, -19.3452],
							"size": [4.90007, 5.9977, 1.19302],
							"pivot": [-3.92479, 23.97714, -18.74869],
							"rotation": [0, -90, -22.5],
							"uv": {
								"north": {"uv": [41, 34], "uv_size": [5, 6]},
								"east": {"uv": [12, 63], "uv_size": [1, 6]},
								"south": {"uv": [41, 40], "uv_size": [5, 6]},
								"west": {"uv": [13, 63], "uv_size": [1, 6]},
								"up": {"uv": [64, 19], "uv_size": [5, 1]},
								"down": {"uv": [64, 21], "uv_size": [5, -1]}
							}
						},
						{
							"origin": [-5.50859, 20.97829, -19.3452],
							"size": [2.18523, 5.9977, 1.19302],
							"pivot": [-3.92479, 23.97714, -18.74869],
							"rotation": [0, -90, 0],
							"uv": {
								"north": {"uv": [50, 53], "uv_size": [2, 6]},
								"east": {"uv": [36, 63], "uv_size": [1, 6]},
								"south": {"uv": [52, 53], "uv_size": [2, 6]},
								"west": {"uv": [63, 41], "uv_size": [1, 6]},
								"up": {"uv": [73, 24], "uv_size": [2, 1]},
								"down": {"uv": [25, 74], "uv_size": [2, -1]}
							}
						},
						{
							"origin": [-8.22343, 21.16364, -19.3452],
							"size": [2.8612, 5.627, 1.19302],
							"pivot": [-3.92479, 23.97714, -18.74869],
							"rotation": [0, -90, 0],
							"uv": {
								"north": {"uv": [50, 10], "uv_size": [3, 6]},
								"east": {"uv": [46, 63], "uv_size": [1, 6]},
								"south": {"uv": [50, 16], "uv_size": [3, 6]},
								"west": {"uv": [47, 63], "uv_size": [1, 6]},
								"up": {"uv": [1, 70], "uv_size": [3, 1]},
								"down": {"uv": [70, 6], "uv_size": [3, -1]}
							}
						},
						{
							"origin": [-5.50859, 23.38063, -21.74754],
							"size": [2.18523, 1.19302, 5.9977],
							"pivot": [-3.92479, 23.97714, -18.74869],
							"rotation": [0, -90, 45],
							"uv": {
								"north": {"uv": [73, 25], "uv_size": [2, 1]},
								"east": {"uv": [63, 22], "uv_size": [6, 1]},
								"south": {"uv": [73, 26], "uv_size": [2, 1]},
								"west": {"uv": [63, 23], "uv_size": [6, 1]},
								"up": {"uv": [14, 54], "uv_size": [2, 6]},
								"down": {"uv": [16, 60], "uv_size": [2, -6]}
							}
						},
						{
							"origin": [-8.22343, 23.38063, -21.56219],
							"size": [2.8612, 1.19302, 5.627],
							"pivot": [-3.92479, 23.97714, -18.74869],
							"rotation": [0, -90, 45],
							"uv": {
								"north": {"uv": [70, 6], "uv_size": [3, 1]},
								"east": {"uv": [63, 24], "uv_size": [6, 1]},
								"south": {"uv": [7, 70], "uv_size": [3, 1]},
								"west": {"uv": [63, 25], "uv_size": [6, 1]},
								"up": {"uv": [1, 51], "uv_size": [3, 6]},
								"down": {"uv": [4, 57], "uv_size": [3, -6]}
							}
						},
						{
							"origin": [-5.50859, 23.38063, -21.74754],
							"size": [2.18523, 1.19302, 5.9977],
							"pivot": [-3.92479, 23.97714, -18.74869],
							"rotation": [0, -90, 0],
							"uv": {
								"north": {"uv": [27, 73], "uv_size": [2, 1]},
								"east": {"uv": [63, 47], "uv_size": [6, 1]},
								"south": {"uv": [73, 27], "uv_size": [2, 1]},
								"west": {"uv": [63, 48], "uv_size": [6, 1]},
								"up": {"uv": [30, 54], "uv_size": [2, 6]},
								"down": {"uv": [32, 60], "uv_size": [2, -6]}
							}
						},
						{
							"origin": [-8.22343, 23.38063, -21.56219],
							"size": [2.8612, 1.19302, 5.627],
							"pivot": [-3.92479, 23.97714, -18.74869],
							"rotation": [0, -90, 0],
							"uv": {
								"north": {"uv": [70, 7], "uv_size": [3, 1]},
								"east": {"uv": [63, 49], "uv_size": [6, 1]},
								"south": {"uv": [70, 9], "uv_size": [3, 1]},
								"west": {"uv": [63, 50], "uv_size": [6, 1]},
								"up": {"uv": [7, 51], "uv_size": [3, 6]},
								"down": {"uv": [10, 57], "uv_size": [3, -6]}
							}
						},
						{
							"origin": [-8.22343, 23.38063, -21.74754],
							"size": [4.90007, 1.19302, 5.9977],
							"pivot": [-3.92479, 23.97714, -18.74869],
							"rotation": [0, -90, 22.5],
							"uv": {
								"north": {"uv": [64, 21], "uv_size": [5, 1]},
								"east": {"uv": [63, 51], "uv_size": [6, 1]},
								"south": {"uv": [64, 46], "uv_size": [5, 1]},
								"west": {"uv": [63, 52], "uv_size": [6, 1]},
								"up": {"uv": [32, 42], "uv_size": [5, 6]},
								"down": {"uv": [45, 16], "uv_size": [5, -6]}
							}
						},
						{
							"origin": [-4.54855, 21.58747, -23.1475],
							"size": [1.09173, 1.16051, 0.77759],
							"uv": {
								"north": {"uv": [8, 76], "uv_size": [1, 1]},
								"east": {"uv": [76, 8], "uv_size": [1, 1]},
								"south": {"uv": [9, 76], "uv_size": [1, 1]},
								"west": {"uv": [76, 9], "uv_size": [1, 1]},
								"up": {"uv": [10, 76], "uv_size": [1, 1]},
								"down": {"uv": [76, 11], "uv_size": [1, -1]}
							}
						},
						{
							"origin": [-6.19634, 24.47175, -23.1475],
							"size": [1.09173, 1.16051, 0.77759],
							"uv": {
								"north": {"uv": [11, 76], "uv_size": [1, 1]},
								"east": {"uv": [76, 11], "uv_size": [1, 1]},
								"south": {"uv": [12, 76], "uv_size": [1, 1]},
								"west": {"uv": [76, 12], "uv_size": [1, 1]},
								"up": {"uv": [13, 76], "uv_size": [1, 1]},
								"down": {"uv": [76, 14], "uv_size": [1, -1]}
							}
						},
						{
							"origin": [-4.4744, 25.34291, -23.1475],
							"size": [1.09173, 1.16051, 0.77759],
							"uv": {
								"north": {"uv": [14, 76], "uv_size": [1, 1]},
								"east": {"uv": [76, 14], "uv_size": [1, 1]},
								"south": {"uv": [15, 76], "uv_size": [1, 1]},
								"west": {"uv": [76, 15], "uv_size": [1, 1]},
								"up": {"uv": [16, 76], "uv_size": [1, 1]},
								"down": {"uv": [76, 17], "uv_size": [1, -1]}
							}
						},
						{
							"origin": [-6.19633, 22.38448, -23.1475],
							"size": [1.09173, 1.16051, 0.77759],
							"uv": {
								"north": {"uv": [17, 76], "uv_size": [1, 1]},
								"east": {"uv": [76, 17], "uv_size": [1, 1]},
								"south": {"uv": [18, 76], "uv_size": [1, 1]},
								"west": {"uv": [76, 18], "uv_size": [1, 1]},
								"up": {"uv": [19, 76], "uv_size": [1, 1]},
								"down": {"uv": [76, 20], "uv_size": [1, -1]}
							}
						},
						{
							"origin": [-2.76916, 22.38448, -23.1475],
							"size": [1.09173, 1.16051, 0.77759],
							"uv": {
								"north": {"uv": [20, 76], "uv_size": [1, 1]},
								"east": {"uv": [76, 20], "uv_size": [1, 1]},
								"south": {"uv": [21, 76], "uv_size": [1, 1]},
								"west": {"uv": [76, 21], "uv_size": [1, 1]},
								"up": {"uv": [22, 76], "uv_size": [1, 1]},
								"down": {"uv": [76, 23], "uv_size": [1, -1]}
							}
						},
						{
							"origin": [-2.76916, 24.47175, -23.1475],
							"size": [1.09173, 1.16051, 0.77759],
							"pivot": [-13.3537, 22.90192, -23.12941],
							"rotation": [0, 0, 0],
							"uv": {
								"north": {"uv": [23, 76], "uv_size": [1, 1]},
								"east": {"uv": [76, 23], "uv_size": [1, 1]},
								"south": {"uv": [24, 76], "uv_size": [1, 1]},
								"west": {"uv": [76, 24], "uv_size": [1, 1]},
								"up": {"uv": [25, 76], "uv_size": [1, 1]},
								"down": {"uv": [76, 26], "uv_size": [1, -1]}
							}
						}
					]
				},
				{
					"name": "bone",
					"parent": "Cylinder",
					"pivot": [-12.73652, 26.12667, -22.84429],
					"cubes": [
						{
							"origin": [-4.4744, 25.34291, -21.095],
							"size": [1.09173, 1.16051, 3.00182],
							"uv": {
								"north": {"uv": [26, 76], "uv_size": [1, 1]},
								"east": {"uv": [70, 10], "uv_size": [3, 1]},
								"south": {"uv": [76, 26], "uv_size": [1, 1]},
								"west": {"uv": [11, 70], "uv_size": [3, 1]},
								"up": {"uv": [14, 70], "uv_size": [1, 3]},
								"down": {"uv": [70, 20], "uv_size": [1, -3]}
							}
						}
					]
				},
				{
					"name": "bone6",
					"parent": "Cylinder",
					"pivot": [-12.73652, 26.12667, -22.84429],
					"cubes": [
						{
							"origin": [-4.54855, 21.58747, -21.095],
							"size": [1.09173, 1.16051, 3.00182],
							"uv": {
								"north": {"uv": [27, 76], "uv_size": [1, 1]},
								"east": {"uv": [70, 11], "uv_size": [3, 1]},
								"south": {"uv": [76, 27], "uv_size": [1, 1]},
								"west": {"uv": [70, 20], "uv_size": [3, 1]},
								"up": {"uv": [18, 70], "uv_size": [1, 3]},
								"down": {"uv": [70, 24], "uv_size": [1, -3]}
							}
						}
					]
				},
				{
					"name": "bone5",
					"parent": "Cylinder",
					"pivot": [-12.73652, 26.12667, -22.84429],
					"cubes": [
						{
							"origin": [-6.19634, 24.47175, -21.095],
							"size": [1.09173, 1.16051, 3.00182],
							"uv": {
								"north": {"uv": [28, 76], "uv_size": [1, 1]},
								"east": {"uv": [70, 24], "uv_size": [3, 1]},
								"south": {"uv": [76, 28], "uv_size": [1, 1]},
								"west": {"uv": [70, 25], "uv_size": [3, 1]},
								"up": {"uv": [25, 70], "uv_size": [1, 3]},
								"down": {"uv": [35, 73], "uv_size": [1, -3]}
							}
						}
					]
				},
				{
					"name": "bone2",
					"parent": "Cylinder",
					"pivot": [-12.73652, 26.12667, -22.84429],
					"cubes": [
						{
							"origin": [-6.19633, 22.38448, -21.095],
							"size": [1.09173, 1.16051, 3.00182],
							"uv": {
								"north": {"uv": [29, 76], "uv_size": [1, 1]},
								"east": {"uv": [70, 26], "uv_size": [3, 1]},
								"south": {"uv": [76, 29], "uv_size": [1, 1]},
								"west": {"uv": [70, 27], "uv_size": [3, 1]},
								"up": {"uv": [36, 70], "uv_size": [1, 3]},
								"down": {"uv": [37, 73], "uv_size": [1, -3]}
							}
						}
					]
				},
				{
					"name": "bone3",
					"parent": "Cylinder",
					"pivot": [-2.34753, 22.99633, -19.48448],
					"cubes": [
						{
							"origin": [-2.76916, 22.38448, -21.095],
							"size": [1.09173, 1.16051, 3.00182],
							"uv": {
								"north": {"uv": [30, 76], "uv_size": [1, 1]},
								"east": {"uv": [70, 41], "uv_size": [3, 1]},
								"south": {"uv": [76, 30], "uv_size": [1, 1]},
								"west": {"uv": [70, 42], "uv_size": [3, 1]},
								"up": {"uv": [40, 70], "uv_size": [1, 3]},
								"down": {"uv": [48, 73], "uv_size": [1, -3]}
							}
						}
					]
				},
				{
					"name": "bone4",
					"parent": "Cylinder",
					"pivot": [-12.73652, 26.12667, -22.84429],
					"cubes": [
						{
							"origin": [-2.76916, 24.47175, -21.095],
							"size": [1.09173, 1.16051, 3.00182],
							"pivot": [-13.3537, 22.90192, -21.07691],
							"rotation": [0, 0, 0],
							"uv": {
								"north": {"uv": [31, 76], "uv_size": [1, 1]},
								"east": {"uv": [70, 43], "uv_size": [3, 1]},
								"south": {"uv": [76, 31], "uv_size": [1, 1]},
								"west": {"uv": [70, 44], "uv_size": [3, 1]},
								"up": {"uv": [70, 48], "uv_size": [1, 3]},
								"down": {"uv": [49, 73], "uv_size": [1, -3]}
							}
						}
					]
				},
				{
					"name": "Ejector",
					"parent": "Cylinder",
					"pivot": [-4.0901, 24.10289, -11.64341],
					"cubes": [
						{
							"origin": [-4.35065, 23.68651, -18.11975],
							"size": [0.76956, 0.76956, 0.20647],
							"pivot": [-3.96587, 24.07129, -12.10401],
							"rotation": [0, 0, 45],
							"uv": {
								"north": {"uv": [32, 76], "uv_size": [1, 1]},
								"east": {"uv": [76, 32], "uv_size": [1, 1]},
								"south": {"uv": [33, 76], "uv_size": [1, 1]},
								"west": {"uv": [76, 33], "uv_size": [1, 1]},
								"up": {"uv": [34, 76], "uv_size": [1, 1]},
								"down": {"uv": [76, 35], "uv_size": [1, -1]}
							}
						},
						{
							"origin": [-3.80649, 24.23068, -18.11975],
							"size": [0.76956, 0.76956, 0.20647],
							"pivot": [-3.4217, 24.61546, -12.10401],
							"rotation": [0, 0, 45],
							"uv": {
								"north": {"uv": [35, 76], "uv_size": [1, 1]},
								"east": {"uv": [76, 35], "uv_size": [1, 1]},
								"south": {"uv": [36, 76], "uv_size": [1, 1]},
								"west": {"uv": [76, 36], "uv_size": [1, 1]},
								"up": {"uv": [37, 76], "uv_size": [1, 1]},
								"down": {"uv": [76, 38], "uv_size": [1, -1]}
							}
						},
						{
							"origin": [-4.89481, 23.14235, -18.11975],
							"size": [0.76956, 0.76956, 0.20647],
							"pivot": [-4.51003, 23.52713, -12.10401],
							"rotation": [0, 0, 45],
							"uv": {
								"north": {"uv": [38, 76], "uv_size": [1, 1]},
								"east": {"uv": [76, 38], "uv_size": [1, 1]},
								"south": {"uv": [39, 76], "uv_size": [1, 1]},
								"west": {"uv": [76, 39], "uv_size": [1, 1]},
								"up": {"uv": [40, 76], "uv_size": [1, 1]},
								"down": {"uv": [76, 41], "uv_size": [1, -1]}
							}
						},
						{
							"origin": [-4.89481, 24.23068, -18.11975],
							"size": [0.76956, 0.76956, 0.20647],
							"pivot": [-4.51003, 24.61546, -12.10401],
							"rotation": [0, 0, 45],
							"uv": {
								"north": {"uv": [41, 76], "uv_size": [1, 1]},
								"east": {"uv": [76, 41], "uv_size": [1, 1]},
								"south": {"uv": [42, 76], "uv_size": [1, 1]},
								"west": {"uv": [76, 42], "uv_size": [1, 1]},
								"up": {"uv": [43, 76], "uv_size": [1, 1]},
								"down": {"uv": [76, 44], "uv_size": [1, -1]}
							}
						},
						{
							"origin": [-3.80649, 23.14235, -18.11975],
							"size": [0.76956, 0.76956, 0.20647],
							"pivot": [-3.4217, 23.52713, -12.10401],
							"rotation": [0, 0, 45],
							"uv": {
								"north": {"uv": [44, 76], "uv_size": [1, 1]},
								"east": {"uv": [76, 44], "uv_size": [1, 1]},
								"south": {"uv": [45, 76], "uv_size": [1, 1]},
								"west": {"uv": [76, 45], "uv_size": [1, 1]},
								"up": {"uv": [46, 76], "uv_size": [1, 1]},
								"down": {"uv": [76, 47], "uv_size": [1, -1]}
							}
						}
					]
				},
				{
					"name": "Lillever",
					"parent": "frame2",
					"pivot": [-4.05948, 27.03197, -19.51547],
					"cubes": [
						{
							"origin": [-7.47252, 26.9836, -16.75864],
							"size": [2.4584, 0.09674, 0.48633],
							"pivot": [-5.05948, 27.03197, -16.51547],
							"rotation": [-135, 0, 180],
							"uv": {
								"north": {"uv": [73, 52], "uv_size": [2, 1]},
								"east": {"uv": [54, 76], "uv_size": [1, 1]},
								"south": {"uv": [73, 53], "uv_size": [2, 1]},
								"west": {"uv": [76, 54], "uv_size": [1, 1]},
								"up": {"uv": [54, 73], "uv_size": [2, 1]},
								"down": {"uv": [73, 55], "uv_size": [2, -1]}
							}
						},
						{
							"origin": [-7.47131, 26.7888, -16.56384],
							"size": [2.45718, 0.48633, 0.09674],
							"pivot": [-5.05948, 27.03197, -16.51547],
							"rotation": [157.5, 0, -180],
							"uv": {
								"north": {"uv": [73, 48], "uv_size": [2, 1]},
								"east": {"uv": [53, 76], "uv_size": [1, 1]},
								"south": {"uv": [73, 49], "uv_size": [2, 1]},
								"west": {"uv": [76, 53], "uv_size": [1, 1]},
								"up": {"uv": [50, 73], "uv_size": [2, 1]},
								"down": {"uv": [52, 74], "uv_size": [2, -1]}
							}
						},
						{
							"origin": [-7.47131, 26.7888, -16.56384],
							"size": [2.45718, 0.48633, 0.09674],
							"pivot": [-5.05948, 27.03197, -16.51547],
							"rotation": [-157.5, 0, 180],
							"uv": {
								"north": {"uv": [73, 44], "uv_size": [2, 1]},
								"east": {"uv": [52, 76], "uv_size": [1, 1]},
								"south": {"uv": [73, 46], "uv_size": [2, 1]},
								"west": {"uv": [76, 52], "uv_size": [1, 1]},
								"up": {"uv": [73, 47], "uv_size": [2, 1]},
								"down": {"uv": [48, 74], "uv_size": [2, -1]}
							}
						},
						{
							"origin": [-7.47252, 26.9836, -16.75864],
							"size": [2.4584, 0.09674, 0.48633],
							"pivot": [-5.05948, 27.03197, -16.51547],
							"rotation": [135, 0, -180],
							"uv": {
								"north": {"uv": [73, 41], "uv_size": [2, 1]},
								"east": {"uv": [51, 76], "uv_size": [1, 1]},
								"south": {"uv": [73, 42], "uv_size": [2, 1]},
								"west": {"uv": [76, 51], "uv_size": [1, 1]},
								"up": {"uv": [43, 73], "uv_size": [2, 1]},
								"down": {"uv": [73, 44], "uv_size": [2, -1]}
							}
						},
						{
							"origin": [-7.47131, 26.9836, -16.75864],
							"size": [2.45718, 0.09674, 0.48633],
							"pivot": [-5.05948, 27.03197, -16.51547],
							"rotation": [157.5, 0, -180],
							"uv": {
								"north": {"uv": [73, 38], "uv_size": [2, 1]},
								"east": {"uv": [50, 76], "uv_size": [1, 1]},
								"south": {"uv": [39, 73], "uv_size": [2, 1]},
								"west": {"uv": [76, 50], "uv_size": [1, 1]},
								"up": {"uv": [73, 39], "uv_size": [2, 1]},
								"down": {"uv": [73, 41], "uv_size": [2, -1]}
							}
						},
						{
							"origin": [-7.47131, 26.9836, -16.75864],
							"size": [2.45718, 0.09674, 0.48633],
							"pivot": [-5.05948, 27.03197, -16.51547],
							"rotation": [-157.5, 0, 180],
							"uv": {
								"north": {"uv": [35, 73], "uv_size": [2, 1]},
								"east": {"uv": [49, 76], "uv_size": [1, 1]},
								"south": {"uv": [73, 35], "uv_size": [2, 1]},
								"west": {"uv": [76, 49], "uv_size": [1, 1]},
								"up": {"uv": [73, 36], "uv_size": [2, 1]},
								"down": {"uv": [37, 74], "uv_size": [2, -1]}
							}
						},
						{
							"origin": [-7.47252, 26.9836, -16.75864],
							"size": [2.4584, 0.09674, 0.48633],
							"pivot": [-5.05948, 27.03197, -16.51547],
							"rotation": [-180, 0, 180],
							"uv": {
								"north": {"uv": [73, 31], "uv_size": [2, 1]},
								"east": {"uv": [48, 76], "uv_size": [1, 1]},
								"south": {"uv": [33, 73], "uv_size": [2, 1]},
								"west": {"uv": [76, 48], "uv_size": [1, 1]},
								"up": {"uv": [73, 33], "uv_size": [2, 1]},
								"down": {"uv": [73, 35], "uv_size": [2, -1]}
							}
						},
						{
							"origin": [-7.47252, 26.7888, -16.56384],
							"size": [2.4584, 0.48633, 0.09674],
							"pivot": [-5.05948, 27.03197, -16.51547],
							"rotation": [-180, 0, 180],
							"uv": {
								"north": {"uv": [73, 28], "uv_size": [2, 1]},
								"east": {"uv": [47, 76], "uv_size": [1, 1]},
								"south": {"uv": [29, 73], "uv_size": [2, 1]},
								"west": {"uv": [76, 47], "uv_size": [1, 1]},
								"up": {"uv": [73, 29], "uv_size": [2, 1]},
								"down": {"uv": [73, 31], "uv_size": [2, -1]}
							}
						},
						{
							"origin": [-4.1704, 33.05066, -17.12167],
							"size": [0.55, 2.51833, 0.53874],
							"pivot": [-3.08755, 30.05983, -13.9523],
							"rotation": [90, 0, 0],
							"uv": {
								"north": {"uv": [53, 70], "uv_size": [1, 3]},
								"east": {"uv": [54, 70], "uv_size": [1, 3]},
								"south": {"uv": [70, 54], "uv_size": [1, 3]},
								"west": {"uv": [55, 70], "uv_size": [1, 3]},
								"up": {"uv": [56, 76], "uv_size": [1, 1]},
								"down": {"uv": [76, 57], "uv_size": [1, -1]}
							}
						},
						{
							"origin": [-4.1704, 26.82199, -17.07616],
							"size": [0.55, 0.51833, 0.53874],
							"pivot": [-3.8954, 27.08115, -16.80679],
							"rotation": [67.5, 0, 0],
							"uv": {
								"north": {"uv": [57, 76], "uv_size": [1, 1]},
								"east": {"uv": [76, 57], "uv_size": [1, 1]},
								"south": {"uv": [58, 76], "uv_size": [1, 1]},
								"west": {"uv": [76, 58], "uv_size": [1, 1]},
								"up": {"uv": [59, 76], "uv_size": [1, 1]},
								"down": {"uv": [76, 60], "uv_size": [1, -1]}
							}
						}
					]
				},
				{
					"name": "Grip",
					"parent": "gun",
					"pivot": [-4.728, 21.89017, -16.60048]
				},
				{
					"name": "Hammer",
					"parent": "gun",
					"pivot": [-4.48345, 24.57822, -15.00076],
					"rotation": [-55, 0, 0],
					"cubes": [
						{
							"origin": [-4.1856, 26.44791, -16.41197],
							"size": [0.55, 0.57119, 2.20851],
							"pivot": [-4.68345, 26.68485, -16.95405],
							"rotation": [-37.5, 0, 0],
							"uv": {
								"north": {"uv": [54, 74], "uv_size": [1, 1]},
								"east": {"uv": [71, 65], "uv_size": [2, 1]},
								"south": {"uv": [55, 74], "uv_size": [1, 1]},
								"west": {"uv": [71, 66], "uv_size": [2, 1]},
								"up": {"uv": [71, 67], "uv_size": [1, 2]},
								"down": {"uv": [71, 71], "uv_size": [1, -2]}
							}
						},
						{
							"origin": [-4.1856, 25.05732, -16.54157],
							"size": [0.55, 0.57119, 1.20851],
							"pivot": [-3.9106, 25.68071, -15.70596],
							"rotation": [-65, 0, 0],
							"uv": {
								"north": {"uv": [56, 74], "uv_size": [1, 1]},
								"east": {"uv": [57, 74], "uv_size": [1, 1]},
								"south": {"uv": [58, 74], "uv_size": [1, 1]},
								"west": {"uv": [59, 74], "uv_size": [1, 1]},
								"up": {"uv": [60, 74], "uv_size": [1, 1]},
								"down": {"uv": [74, 61], "uv_size": [1, -1]}
							}
						},
						{
							"origin": [-4.1856, 24.84985, -15.87693],
							"size": [0.55, 0.57119, 1.85851],
							"pivot": [-3.9106, 25.63497, -15.34449],
							"rotation": [-20, 0, 0],
							"uv": {
								"north": {"uv": [61, 74], "uv_size": [1, 1]},
								"east": {"uv": [70, 71], "uv_size": [2, 1]},
								"south": {"uv": [74, 61], "uv_size": [1, 1]},
								"west": {"uv": [72, 0], "uv_size": [2, 1]},
								"up": {"uv": [72, 3], "uv_size": [1, 2]},
								"down": {"uv": [6, 74], "uv_size": [1, -2]}
							}
						},
						{
							"origin": [-4.2106, 25.96169, -15.92496],
							"size": [0.6, 0.64619, 2.40851],
							"pivot": [-3.9106, 26.62422, -15.4233],
							"rotation": [19, 0, 0],
							"uv": {
								"north": {"uv": [62, 74], "uv_size": [1, 1]},
								"east": {"uv": [72, 1], "uv_size": [2, 1]},
								"south": {"uv": [74, 62], "uv_size": [1, 1]},
								"west": {"uv": [72, 8], "uv_size": [2, 1]},
								"up": {"uv": [10, 72], "uv_size": [1, 2]},
								"down": {"uv": [12, 74], "uv_size": [1, -2]}
							}
						},
						{
							"origin": [-4.2106, 25.96009, -17.12841],
							"size": [0.6, 0.72119, 2.10851],
							"pivot": [-3.9106, 26.86701, -15.95726],
							"rotation": [2, 0, 0],
							"uv": {
								"north": {"uv": [63, 74], "uv_size": [1, 1]},
								"east": {"uv": [72, 12], "uv_size": [2, 1]},
								"south": {"uv": [74, 63], "uv_size": [1, 1]},
								"west": {"uv": [72, 13], "uv_size": [2, 1]},
								"up": {"uv": [13, 72], "uv_size": [1, 2]},
								"down": {"uv": [15, 74], "uv_size": [1, -2]}
							}
						},
						{
							"origin": [-4.2076, 24.69076, -15.73082],
							"size": [0.594, 0.73995, 1.72],
							"pivot": [-3.9106, 25.46338, -14.95573],
							"rotation": [47.5, 0, 0],
							"uv": {
								"north": {"uv": [64, 74], "uv_size": [1, 1]},
								"east": {"uv": [72, 14], "uv_size": [2, 1]},
								"south": {"uv": [74, 64], "uv_size": [1, 1]},
								"west": {"uv": [19, 72], "uv_size": [2, 1]},
								"up": {"uv": [16, 72], "uv_size": [1, 2]},
								"down": {"uv": [21, 74], "uv_size": [1, -2]}
							}
						},
						{
							"origin": [-4.2076, 24.37122, -15.50708],
							"size": [0.594, 0.73995, 1.72],
							"pivot": [-3.9106, 25.46338, -14.95573],
							"rotation": [25, 0, 0],
							"uv": {
								"north": {"uv": [65, 74], "uv_size": [1, 1]},
								"east": {"uv": [22, 72], "uv_size": [2, 1]},
								"south": {"uv": [74, 65], "uv_size": [1, 1]},
								"west": {"uv": [30, 72], "uv_size": [2, 1]},
								"up": {"uv": [24, 72], "uv_size": [1, 2]},
								"down": {"uv": [32, 74], "uv_size": [1, -2]}
							}
						},
						{
							"origin": [-4.2076, 24.16162, -15.17808],
							"size": [0.594, 0.73995, 1.72],
							"pivot": [-3.9106, 25.46338, -14.95573],
							"rotation": [2.5, 0, 0],
							"uv": {
								"north": {"uv": [66, 74], "uv_size": [1, 1]},
								"east": {"uv": [72, 32], "uv_size": [2, 1]},
								"south": {"uv": [74, 66], "uv_size": [1, 1]},
								"west": {"uv": [33, 72], "uv_size": [2, 1]},
								"up": {"uv": [72, 33], "uv_size": [1, 2]},
								"down": {"uv": [72, 37], "uv_size": [1, -2]}
							}
						},
						{
							"origin": [-4.2076, 24.16067, -15.13446],
							"size": [0.594, 0.74588, 1.68563],
							"pivot": [-3.9106, 24.46338, -14.95573],
							"rotation": [-25, 0, 0],
							"uv": {
								"north": {"uv": [75, 65], "uv_size": [1, 1]},
								"east": {"uv": [73, 20], "uv_size": [2, 1]},
								"south": {"uv": [66, 75], "uv_size": [1, 1]},
								"west": {"uv": [73, 21], "uv_size": [2, 1]},
								"up": {"uv": [20, 73], "uv_size": [1, 2]},
								"down": {"uv": [22, 75], "uv_size": [1, -2]}
							}
						},
						{
							"origin": [-4.2076, 24.16067, -14.93446],
							"size": [0.594, 0.74288, 1.45136],
							"pivot": [-3.9106, 24.46338, -14.95573],
							"rotation": [-53, 0, 0],
							"uv": {
								"north": {"uv": [75, 66], "uv_size": [1, 1]},
								"east": {"uv": [67, 75], "uv_size": [1, 1]},
								"south": {"uv": [75, 67], "uv_size": [1, 1]},
								"west": {"uv": [68, 75], "uv_size": [1, 1]},
								"up": {"uv": [75, 68], "uv_size": [1, 1]},
								"down": {"uv": [69, 76], "uv_size": [1, -1]}
							}
						},
						{
							"origin": [-4.2076, 25.11522, -15.81525],
							"size": [0.594, 0.73995, 1.72],
							"pivot": [-3.9106, 25.46338, -14.95573],
							"rotation": [-70, 0, 180],
							"uv": {
								"north": {"uv": [67, 74], "uv_size": [1, 1]},
								"east": {"uv": [72, 37], "uv_size": [2, 1]},
								"south": {"uv": [74, 67], "uv_size": [1, 1]},
								"west": {"uv": [38, 72], "uv_size": [2, 1]},
								"up": {"uv": [41, 72], "uv_size": [1, 2]},
								"down": {"uv": [42, 74], "uv_size": [1, -2]}
							}
						},
						{
							"origin": [-4.2076, 24.40206, -15.53792],
							"size": [0.594, 0.73995, 1.72],
							"pivot": [-3.9106, 25.46338, -14.95573],
							"rotation": [-115, 0, 180],
							"uv": {
								"north": {"uv": [68, 74], "uv_size": [1, 1]},
								"east": {"uv": [43, 72], "uv_size": [2, 1]},
								"south": {"uv": [74, 68], "uv_size": [1, 1]},
								"west": {"uv": [72, 45], "uv_size": [2, 1]},
								"up": {"uv": [46, 72], "uv_size": [1, 2]},
								"down": {"uv": [72, 48], "uv_size": [1, -2]}
							}
						},
						{
							"origin": [-4.2076, 24.73106, -15.74752],
							"size": [0.594, 0.73995, 1.72],
							"pivot": [-3.9106, 25.46338, -14.95573],
							"rotation": [-92.5, 0, 180],
							"uv": {
								"north": {"uv": [69, 74], "uv_size": [1, 1]},
								"east": {"uv": [72, 50], "uv_size": [2, 1]},
								"south": {"uv": [74, 69], "uv_size": [1, 1]},
								"west": {"uv": [72, 51], "uv_size": [2, 1]},
								"up": {"uv": [47, 72], "uv_size": [1, 2]},
								"down": {"uv": [72, 54], "uv_size": [1, -2]}
							}
						}
					]
				},
				{
					"name": "Grip2",
					"parent": "gun",
					"pivot": [-4.903, 22.89017, -3.10048],
					"cubes": [
						{
							"origin": [-5.1329, 19.63225, -11.93177],
							"size": [1.25319, 4.31833, 2.03874],
							"pivot": [-3.87505, 21.68683, -11.8624],
							"rotation": [25, 0, -180],
							"uv": {
								"north": {"uv": [40, 28], "uv_size": [1, 4]},
								"east": {"uv": [35, 48], "uv_size": [2, 4]},
								"south": {"uv": [62, 64], "uv_size": [1, 4]},
								"west": {"uv": [54, 0], "uv_size": [2, 4]},
								"up": {"uv": [72, 57], "uv_size": [1, 2]},
								"down": {"uv": [64, 74], "uv_size": [1, -2]}
							}
						},
						{
							"origin": [-4.2079, 19.53225, -11.93177],
							"size": [0.82819, 4.5, 2.03874],
							"pivot": [-3.87505, 21.68683, -11.8624],
							"rotation": [25, 0, -180],
							"uv": {
								"north": {"uv": [63, 53], "uv_size": [1, 5]},
								"east": {"uv": [34, 54], "uv_size": [2, 5]},
								"south": {"uv": [63, 58], "uv_size": [1, 5]},
								"west": {"uv": [54, 53], "uv_size": [2, 5]},
								"up": {"uv": [65, 72], "uv_size": [1, 2]},
								"down": {"uv": [67, 74], "uv_size": [1, -2]}
							}
						},
						{
							"origin": [-5.527, 22.58606, -9.25356],
							"size": [1.40319, 4.36879, 4.93555],
							"pivot": [-4.6846, 22.44683, -8.62892],
							"rotation": [37.5, 0, -180],
							"uv": {
								"north": {"uv": [64, 65], "uv_size": [1, 4]},
								"east": {"uv": [30, 48], "uv_size": [5, 4]},
								"south": {"uv": [65, 65], "uv_size": [1, 4]},
								"west": {"uv": [48, 41], "uv_size": [5, 4]},
								"up": {"uv": [63, 63], "uv_size": [1, 5]},
								"down": {"uv": [6, 69], "uv_size": [1, -5]}
							}
						},
						{
							"origin": [-6.827, 22.58606, -9.25356],
							"size": [1.32819, 4.36879, 4.93555],
							"pivot": [-4.6846, 22.44683, -8.62892],
							"rotation": [37.5, 0, -180],
							"uv": {
								"north": {"uv": [1, 66], "uv_size": [1, 4]},
								"east": {"uv": [48, 45], "uv_size": [5, 4]},
								"south": {"uv": [2, 66], "uv_size": [1, 4]},
								"west": {"uv": [49, 0], "uv_size": [5, 4]},
								"up": {"uv": [7, 64], "uv_size": [1, 5]},
								"down": {"uv": [8, 69], "uv_size": [1, -5]}
							}
						},
						{
							"origin": [-5.827, 22.49543, -9.29582],
							"size": [0.82819, 4.50724, 4.97781],
							"pivot": [-4.6846, 22.44683, -8.62892],
							"rotation": [37.5, 0, -180],
							"uv": {
								"north": {"uv": [9, 64], "uv_size": [1, 5]},
								"east": {"uv": [45, 16], "uv_size": [5, 5]},
								"south": {"uv": [19, 64], "uv_size": [1, 5]},
								"west": {"uv": [45, 21], "uv_size": [5, 5]},
								"up": {"uv": [20, 64], "uv_size": [1, 5]},
								"down": {"uv": [21, 69], "uv_size": [1, -5]}
							}
						},
						{
							"origin": [-6.827, 17.35347, -7.36202],
							"size": [1.32819, 4.67316, 8.93532],
							"pivot": [-4.6846, 18.79683, -6.62892],
							"rotation": [82.5, 0, -180],
							"uv": {
								"north": {"uv": [22, 64], "uv_size": [1, 5]},
								"east": {"uv": [32, 32], "uv_size": [9, 5]},
								"south": {"uv": [23, 64], "uv_size": [1, 5]},
								"west": {"uv": [32, 37], "uv_size": [9, 5]},
								"up": {"uv": [19, 55], "uv_size": [1, 9]},
								"down": {"uv": [20, 64], "uv_size": [1, -9]}
							}
						},
						{
							"origin": [-5.527, 17.35347, -7.36202],
							"size": [1.40319, 4.67316, 8.93532],
							"pivot": [-4.6846, 18.79683, -6.62892],
							"rotation": [82.5, 0, -180],
							"uv": {
								"north": {"uv": [24, 64], "uv_size": [1, 5]},
								"east": {"uv": [40, 0], "uv_size": [9, 5]},
								"south": {"uv": [64, 41], "uv_size": [1, 5]},
								"west": {"uv": [40, 5], "uv_size": [9, 5]},
								"up": {"uv": [21, 55], "uv_size": [1, 9]},
								"down": {"uv": [22, 64], "uv_size": [1, -9]}
							}
						},
						{
							"origin": [-6.827, 16.35347, -2.36202],
							"size": [1.32819, 1, 3.93532],
							"pivot": [-4.6846, 18.79683, -6.62892],
							"rotation": [82.5, 0, -180],
							"uv": {
								"north": {"uv": [70, 74], "uv_size": [1, 1]},
								"east": {"uv": [65, 2], "uv_size": [4, 1]},
								"south": {"uv": [74, 70], "uv_size": [1, 1]},
								"west": {"uv": [65, 45], "uv_size": [4, 1]},
								"up": {"uv": [3, 66], "uv_size": [1, 4]},
								"down": {"uv": [14, 70], "uv_size": [1, -4]}
							}
						},
						{
							"origin": [-5.527, 16.35347, -2.36202],
							"size": [1.40319, 1, 3.93532],
							"pivot": [-4.6846, 18.79683, -6.62892],
							"rotation": [82.5, 0, -180],
							"uv": {
								"north": {"uv": [71, 74], "uv_size": [1, 1]},
								"east": {"uv": [15, 66], "uv_size": [4, 1]},
								"south": {"uv": [74, 71], "uv_size": [1, 1]},
								"west": {"uv": [30, 66], "uv_size": [4, 1]},
								"up": {"uv": [66, 53], "uv_size": [1, 4]},
								"down": {"uv": [54, 70], "uv_size": [1, -4]}
							}
						},
						{
							"origin": [-6.827, 17.2047, -6.9219],
							"size": [1.32819, 1.57895, 8.85138],
							"pivot": [-4.6846, 18.79683, -6.62892],
							"rotation": [66, 0, -180],
							"uv": {
								"north": {"uv": [72, 67], "uv_size": [1, 2]},
								"east": {"uv": [49, 6], "uv_size": [9, 2]},
								"south": {"uv": [68, 72], "uv_size": [1, 2]},
								"west": {"uv": [49, 8], "uv_size": [9, 2]},
								"up": {"uv": [23, 55], "uv_size": [1, 9]},
								"down": {"uv": [24, 64], "uv_size": [1, -9]}
							}
						},
						{
							"origin": [-5.827, 17.12505, -6.96514],
							"size": [0.82819, 0.09425, 8.89463],
							"pivot": [-4.6846, 18.79683, -6.62892],
							"rotation": [66, 0, -180],
							"uv": {
								"north": {"uv": [72, 74], "uv_size": [1, 1]},
								"east": {"uv": [53, 21], "uv_size": [9, 1]},
								"south": {"uv": [74, 72], "uv_size": [1, 1]},
								"west": {"uv": [53, 47], "uv_size": [9, 1]},
								"up": {"uv": [56, 51], "uv_size": [1, 9]},
								"down": {"uv": [1, 66], "uv_size": [1, -9]}
							}
						},
						{
							"origin": [-5.827, 22.05005, -6.96514],
							"size": [0.82819, 0.09425, 8.49463],
							"pivot": [-4.6846, 18.79683, -6.62892],
							"rotation": [82, 0, -180],
							"uv": {
								"north": {"uv": [73, 74], "uv_size": [1, 1]},
								"east": {"uv": [53, 48], "uv_size": [8, 1]},
								"south": {"uv": [74, 73], "uv_size": [1, 1]},
								"west": {"uv": [55, 41], "uv_size": [8, 1]},
								"up": {"uv": [4, 57], "uv_size": [1, 8]},
								"down": {"uv": [5, 65], "uv_size": [1, -8]}
							}
						},
						{
							"origin": [-5.527, 17.2047, -6.9219],
							"size": [1.40319, 1.57895, 8.85138],
							"pivot": [-4.6846, 18.79683, -6.62892],
							"rotation": [66, 0, -180],
							"uv": {
								"north": {"uv": [69, 72], "uv_size": [1, 2]},
								"east": {"uv": [10, 49], "uv_size": [9, 2]},
								"south": {"uv": [72, 69], "uv_size": [1, 2]},
								"west": {"uv": [48, 49], "uv_size": [9, 2]},
								"up": {"uv": [2, 57], "uv_size": [1, 9]},
								"down": {"uv": [3, 66], "uv_size": [1, -9]}
							}
						},
						{
							"origin": [-3.9079, 19.63225, -11.93177],
							"size": [1.32819, 4.31833, 2.03874],
							"pivot": [-3.87505, 21.68683, -11.8624],
							"rotation": [25, 0, -180],
							"uv": {
								"north": {"uv": [55, 66], "uv_size": [1, 4]},
								"east": {"uv": [55, 42], "uv_size": [2, 4]},
								"south": {"uv": [56, 66], "uv_size": [1, 4]},
								"west": {"uv": [56, 0], "uv_size": [2, 4]},
								"up": {"uv": [70, 72], "uv_size": [1, 2]},
								"down": {"uv": [71, 74], "uv_size": [1, -2]}
							}
						}
					]
				},
				{
					"name": "Teuing2",
					"parent": "gun",
					"pivot": [-4.025, 17.00571, -16.57145],
					"rotation": [-90, 0, 0],
					"cubes": [
						{
							"origin": [-4.72578, 8.16984, -15.91033],
							"size": [1.40156, 0.88648, 0.27854],
							"pivot": [-0.2328, 8.76828, -25.48706],
							"rotation": [45, 0, 0],
							"uv": {
								"north": {"uv": [75, 24], "uv_size": [1, 1]},
								"east": {"uv": [25, 75], "uv_size": [1, 1]},
								"south": {"uv": [75, 25], "uv_size": [1, 1]},
								"west": {"uv": [26, 75], "uv_size": [1, 1]},
								"up": {"uv": [75, 26], "uv_size": [1, 1]},
								"down": {"uv": [27, 76], "uv_size": [1, -1]}
							}
						},
						{
							"origin": [-4.72578, 21.13009, -27.56018],
							"size": [1.40156, 0.88648, 0.27854],
							"pivot": [-0.2328, 9.76828, -25.48706],
							"rotation": [-45, 0, 0],
							"uv": {
								"north": {"uv": [75, 27], "uv_size": [1, 1]},
								"east": {"uv": [28, 75], "uv_size": [1, 1]},
								"south": {"uv": [75, 28], "uv_size": [1, 1]},
								"west": {"uv": [29, 75], "uv_size": [1, 1]},
								"up": {"uv": [75, 29], "uv_size": [1, 1]},
								"down": {"uv": [30, 76], "uv_size": [1, -1]}
							}
						},
						{
							"origin": [-4.72578, 9.16984, -11.73224],
							"size": [1.40156, 0.88648, 0.27854],
							"pivot": [-0.2328, 9.76828, -25.48706],
							"rotation": [45, 0, 0],
							"uv": {
								"north": {"uv": [75, 30], "uv_size": [1, 1]},
								"east": {"uv": [31, 75], "uv_size": [1, 1]},
								"south": {"uv": [75, 31], "uv_size": [1, 1]},
								"west": {"uv": [32, 75], "uv_size": [1, 1]},
								"up": {"uv": [75, 32], "uv_size": [1, 1]},
								"down": {"uv": [33, 76], "uv_size": [1, -1]}
							}
						},
						{
							"origin": [-4.72578, 13.69925, -12.57145],
							"size": [1.40156, 0.88648, 0.27854],
							"pivot": [-0.2328, 9.76828, -25.48706],
							"rotation": [22.5, 0, 0],
							"uv": {
								"north": {"uv": [75, 33], "uv_size": [1, 1]},
								"east": {"uv": [34, 75], "uv_size": [1, 1]},
								"south": {"uv": [75, 34], "uv_size": [1, 1]},
								"west": {"uv": [35, 75], "uv_size": [1, 1]},
								"up": {"uv": [75, 35], "uv_size": [1, 1]},
								"down": {"uv": [36, 76], "uv_size": [1, -1]}
							}
						},
						{
							"origin": [-4.72578, 16.56272, -15.05891],
							"size": [1.40156, 1.87989, 0.25734],
							"uv": {
								"north": {"uv": [9, 73], "uv_size": [1, 2]},
								"east": {"uv": [11, 73], "uv_size": [1, 2]},
								"south": {"uv": [14, 73], "uv_size": [1, 2]},
								"west": {"uv": [73, 15], "uv_size": [1, 2]},
								"up": {"uv": [75, 36], "uv_size": [1, 1]},
								"down": {"uv": [37, 76], "uv_size": [1, -1]}
							}
						},
						{
							"origin": [-4.72578, 19.17209, -18.87631],
							"size": [1.40156, 0.88648, 0.27854],
							"pivot": [-0.2328, 8.76828, -25.48706],
							"rotation": [-22.5, 0, 0],
							"uv": {
								"north": {"uv": [75, 37], "uv_size": [1, 1]},
								"east": {"uv": [38, 75], "uv_size": [1, 1]},
								"south": {"uv": [75, 38], "uv_size": [1, 1]},
								"west": {"uv": [39, 75], "uv_size": [1, 1]},
								"up": {"uv": [75, 39], "uv_size": [1, 1]},
								"down": {"uv": [40, 76], "uv_size": [1, -1]}
							}
						},
						{
							"origin": [-4.72578, 20.13009, -23.38209],
							"size": [1.40156, 0.88648, 0.27854],
							"pivot": [-0.2328, 8.76828, -25.48706],
							"rotation": [-45, 0, 0],
							"uv": {
								"north": {"uv": [75, 40], "uv_size": [1, 1]},
								"east": {"uv": [41, 75], "uv_size": [1, 1]},
								"south": {"uv": [75, 41], "uv_size": [1, 1]},
								"west": {"uv": [42, 75], "uv_size": [1, 1]},
								"up": {"uv": [75, 42], "uv_size": [1, 1]},
								"down": {"uv": [43, 76], "uv_size": [1, -1]}
							}
						},
						{
							"origin": [-4.72578, 10.91417, -14.96447],
							"size": [1.40156, 0.27854, 0.88648],
							"pivot": [-0.2328, 8.76828, -25.48706],
							"rotation": [22.5, 0, 0],
							"uv": {
								"north": {"uv": [75, 43], "uv_size": [1, 1]},
								"east": {"uv": [44, 75], "uv_size": [1, 1]},
								"south": {"uv": [75, 44], "uv_size": [1, 1]},
								"west": {"uv": [45, 75], "uv_size": [1, 1]},
								"up": {"uv": [75, 45], "uv_size": [1, 1]},
								"down": {"uv": [46, 76], "uv_size": [1, -1]}
							}
						},
						{
							"origin": [-4.72578, 14.77765, -17.47313],
							"size": [1.40156, 0.27854, 0.88648],
							"uv": {
								"north": {"uv": [75, 46], "uv_size": [1, 1]},
								"east": {"uv": [47, 75], "uv_size": [1, 1]},
								"south": {"uv": [75, 47], "uv_size": [1, 1]},
								"west": {"uv": [48, 75], "uv_size": [1, 1]},
								"up": {"uv": [75, 48], "uv_size": [1, 1]},
								"down": {"uv": [49, 76], "uv_size": [1, -1]}
							}
						},
						{
							"origin": [-4.72578, 17.38701, -21.26932],
							"size": [1.40156, 0.27854, 0.88648],
							"pivot": [-0.2328, 8.76828, -25.48706],
							"rotation": [-22.5, 0, 0],
							"uv": {
								"north": {"uv": [75, 49], "uv_size": [1, 1]},
								"east": {"uv": [50, 75], "uv_size": [1, 1]},
								"south": {"uv": [75, 50], "uv_size": [1, 1]},
								"west": {"uv": [51, 75], "uv_size": [1, 1]},
								"up": {"uv": [75, 51], "uv_size": [1, 1]},
								"down": {"uv": [52, 76], "uv_size": [1, -1]}
							}
						},
						{
							"origin": [-4.72578, 16.09226, -14.96447],
							"size": [1.40156, 0.27854, 0.88648],
							"pivot": [-0.2328, 9.76828, -25.48706],
							"rotation": [22.5, 0, 0],
							"uv": {
								"north": {"uv": [75, 52], "uv_size": [1, 1]},
								"east": {"uv": [53, 75], "uv_size": [1, 1]},
								"south": {"uv": [75, 53], "uv_size": [1, 1]},
								"west": {"uv": [54, 75], "uv_size": [1, 1]},
								"up": {"uv": [75, 54], "uv_size": [1, 1]},
								"down": {"uv": [55, 76], "uv_size": [1, -1]}
							}
						},
						{
							"origin": [-4.72578, 19.95574, -17.47313],
							"size": [1.40156, 0.27854, 0.88648],
							"uv": {
								"north": {"uv": [75, 55], "uv_size": [1, 1]},
								"east": {"uv": [56, 75], "uv_size": [1, 1]},
								"south": {"uv": [75, 56], "uv_size": [1, 1]},
								"west": {"uv": [57, 75], "uv_size": [1, 1]},
								"up": {"uv": [75, 57], "uv_size": [1, 1]},
								"down": {"uv": [58, 76], "uv_size": [1, -1]}
							}
						},
						{
							"origin": [-4.72578, 22.5651, -21.26932],
							"size": [1.40156, 0.27854, 0.88648],
							"pivot": [-0.2328, 9.76828, -25.48706],
							"rotation": [-22.5, 0, 0],
							"uv": {
								"north": {"uv": [75, 58], "uv_size": [1, 1]},
								"east": {"uv": [59, 75], "uv_size": [1, 1]},
								"south": {"uv": [75, 59], "uv_size": [1, 1]},
								"west": {"uv": [60, 75], "uv_size": [1, 1]},
								"up": {"uv": [75, 60], "uv_size": [1, 1]},
								"down": {"uv": [61, 76], "uv_size": [1, -1]}
							}
						}
					]
				},
				{
					"name": "trigger",
					"parent": "Teuing2",
					"pivot": [-4.02263, 17.82878, -18.11559],
					"cubes": [
						{
							"origin": [-4.22345, 18.10439, -18.59629],
							"size": [0.4, 0.4298, 1.65475],
							"inflate": 0.002,
							"pivot": [-4.02263, 18.22878, -18.21559],
							"rotation": [13.49478, -0.01017, -179.85616],
							"uv": {
								"north": {"uv": [75, 61], "uv_size": [1, 1]},
								"east": {"uv": [17, 73], "uv_size": [2, 1]},
								"south": {"uv": [62, 75], "uv_size": [1, 1]},
								"west": {"uv": [73, 17], "uv_size": [2, 1]},
								"up": {"uv": [73, 18], "uv_size": [1, 2]},
								"down": {"uv": [19, 75], "uv_size": [1, -2]}
							}
						},
						{
							"origin": [-4.22345, 17.72652, -17.0346],
							"size": [0.4, 0.41222, 0.98435],
							"inflate": 0.002,
							"pivot": [-4.02263, 18.22878, -18.21559],
							"rotation": [30.99478, -0.01017, -179.85616],
							"uv": {
								"north": {"uv": [75, 62], "uv_size": [1, 1]},
								"east": {"uv": [63, 75], "uv_size": [1, 1]},
								"south": {"uv": [75, 63], "uv_size": [1, 1]},
								"west": {"uv": [64, 75], "uv_size": [1, 1]},
								"up": {"uv": [75, 64], "uv_size": [1, 1]},
								"down": {"uv": [65, 76], "uv_size": [1, -1]}
							}
						}
					]
				},
				{
					"name": "trigger2",
					"parent": "Teuing2",
					"pivot": [-4.02263, 15.92878, -18.11559],
					"rotation": [-7, 0, 0]
				},
				{
					"name": "muzzleflash",
					"parent": "main",
					"pivot": [-3.875, 25.775, -47.45],
					"cubes": [
						{
							"origin": [-4.375, 25.275, -47.95],
							"size": [1, 1, 1],
							"inflate": -0.4,
							"uv": {
								"north": {"uv": [61, 46], "uv_size": [1, 1]},
								"east": {"uv": [23, 73], "uv_size": [1, 1]},
								"south": {"uv": [31, 73], "uv_size": [1, 1]},
								"west": {"uv": [45, 73], "uv_size": [1, 1]},
								"up": {"uv": [73, 60], "uv_size": [1, 1]},
								"down": {"uv": [73, 62], "uv_size": [1, -1]}
							}
						}
					]
				},
				{
					"name": "scope",
					"parent": "main",
					"pivot": [-3.9, 27.55, -5.05],
					"cubes": [
						{
							"origin": [-4.415, 27.125, -5.55],
							"size": [1, 1, 1],
							"inflate": -0.4,
							"uv": {
								"north": {"uv": [62, 73], "uv_size": [1, 1]},
								"east": {"uv": [63, 73], "uv_size": [1, 1]},
								"south": {"uv": [73, 63], "uv_size": [1, 1]},
								"west": {"uv": [73, 64], "uv_size": [1, 1]},
								"up": {"uv": [73, 65], "uv_size": [1, 1]},
								"down": {"uv": [66, 74], "uv_size": [1, -1]}
							}
						}
					]
				},
				{
					"name": "rightarm",
					"parent": "main",
					"pivot": [-11.3, 12.8, -3.2],
					"rotation": [-101.81106, -12.40003, -2.46982],
					"cubes": [
						{
							"origin": [-9.40843, 2.22792, -10.79883],
							"size": [8, 24, 8],
							"pivot": [-8.3, 0.8, -6.2],
							"rotation": [0, 0, 12.5],
							"uv": {
								"north": {"uv": [0, 0], "uv_size": [8, 24]},
								"east": {"uv": [8, 0], "uv_size": [8, 24]},
								"south": {"uv": [16, 0], "uv_size": [8, 24]},
								"west": {"uv": [0, 24], "uv_size": [8, 24]},
								"up": {"uv": [32, 0], "uv_size": [8, 8]},
								"down": {"uv": [32, 16], "uv_size": [8, -8]}
							}
						}
					]
				},
				{
					"name": "leftarm",
					"parent": "main",
					"pivot": [-0.67813, 12.10063, -17.53374],
					"rotation": [-119.61483, 1.67666, -38.31282],
					"cubes": [
						{
							"origin": [-5.0585, 14.39756, -25.95516],
							"size": [8, 24, 8],
							"uv": {
								"north": {"uv": [24, 0], "uv_size": [8, 24]},
								"east": {"uv": [8, 24], "uv_size": [8, 24]},
								"south": {"uv": [16, 24], "uv_size": [8, 24]},
								"west": {"uv": [24, 24], "uv_size": [8, 24]},
								"up": {"uv": [32, 16], "uv_size": [8, 8]},
								"down": {"uv": [32, 32], "uv_size": [8, -8]}
							}
						}
					]
				}
			],
			"item_display_transforms": {
				"thirdperson_righthand": {
					"translation": [-0.75, -2.75, 2.75],
					"scale": [0.25, 0.25, 0.25]
				},
				"thirdperson_lefthand": {
					"translation": [0.75, -4.75, 2.75],
					"scale": [0.25, 0.25, 0.25]
				},
				"firstperson_righthand": {
					"rotation": [0, 0, 3.5],
					"translation": [0, -26, -7]
				},
				"firstperson_lefthand": {
					"rotation": [0, 0, 3.5],
					"translation": [0, -26, -6]
				},
				"ground": {
					"translation": [0, -6, 3.5],
					"scale": [0.3, 0.3, 0.3]
				},
				"gui": {
					"rotation": [44, 50, -40],
					"translation": [-0.25, -7.75, 0],
					"scale": [0.37, 0.37, 0.37]
				},
				"head": {
					"translation": [-3.75, -46, 14]
				},
				"fixed": {
					"rotation": [180, -90, 180],
					"translation": [-17.25, -10.25, -5],
					"scale": [0.62, 0.62, 0.62]
				}
			}
		}
	]
}