{
	"format_version": "1.12.0",
	"minecraft:geometry": [
		{
			"description": {
				"identifier": "geometry.unknown",
				"texture_width": 64,
				"texture_height": 64,
				"visible_bounds_width": 12,
				"visible_bounds_height": 6,
				"visible_bounds_offset": [0, 0, 0]
			},
			"bones": [
				{
					"name": "main",
					"pivot": [-3, 20, 0]
				},
				{
					"name": "scopeRolling",
					"parent": "main",
					"pivot": [0.3171, 31.00171, -14.929],
					"cubes": [
						{
							"origin": [-1.10562, 32.0451, -19.41036],
							"size": [1.21157, 0.58011, 14.37182],
							"inflate": 0.002,
							"pivot": [-0.40937, 30.86301, -22.15365],
							"rotation": [0, 0, -42.5],
							"uv": {
								"north": {"uv": [27, 40], "uv_size": [1, 1]},
								"east": {"uv": [29, 2], "uv_size": [14, 1]},
								"south": {"uv": [28, 40], "uv_size": [1, 1]},
								"west": {"uv": [29, 3], "uv_size": [14, 1]},
								"up": {"uv": [30, 16], "uv_size": [1, 14]},
								"down": {"uv": [18, 44], "uv_size": [1, -14]}
							}
						},
						{
							"origin": [-1.21783, 32.00992, -19.41036],
							"size": [1.61693, 0.50129, 14.37182],
							"inflate": 0.002,
							"uv": {
								"north": {"uv": [4, 36], "uv_size": [2, 1]},
								"east": {"uv": [19, 30], "uv_size": [14, 1]},
								"south": {"uv": [36, 4], "uv_size": [2, 1]},
								"west": {"uv": [31, 16], "uv_size": [14, 1]},
								"up": {"uv": [16, 16], "uv_size": [2, 14]},
								"down": {"uv": [18, 30], "uv_size": [2, -14]}
							}
						},
						{
							"origin": [-0.92469, 32.0451, -19.41036],
							"size": [1.21157, 0.58011, 14.37182],
							"inflate": 0.002,
							"pivot": [-0.40937, 30.86301, -22.15365],
							"rotation": [0, 0, 42.5],
							"uv": {
								"north": {"uv": [40, 28], "uv_size": [1, 1]},
								"east": {"uv": [31, 17], "uv_size": [14, 1]},
								"south": {"uv": [29, 40], "uv_size": [1, 1]},
								"west": {"uv": [31, 18], "uv_size": [14, 1]},
								"up": {"uv": [19, 31], "uv_size": [1, 14]},
								"down": {"uv": [20, 45], "uv_size": [1, -14]}
							}
						},
						{
							"origin": [-1.23633, 29.15833, -19.41036],
							"size": [1.65394, 0.48279, 14.37182],
							"inflate": 0.002,
							"pivot": [-0.40937, 30.86301, -22.15365],
							"rotation": [0, 0, -90],
							"uv": {
								"north": {"uv": [36, 5], "uv_size": [2, 1]},
								"east": {"uv": [31, 19], "uv_size": [14, 1]},
								"south": {"uv": [25, 36], "uv_size": [2, 1]},
								"west": {"uv": [31, 20], "uv_size": [14, 1]},
								"up": {"uv": [20, 16], "uv_size": [2, 14]},
								"down": {"uv": [22, 30], "uv_size": [2, -14]}
							}
						},
						{
							"origin": [-0.92469, 29.10082, -19.41036],
							"size": [1.21157, 0.58011, 14.37182],
							"inflate": 0.002,
							"pivot": [-0.40937, 30.86301, -22.15365],
							"rotation": [0, 0, -42.5],
							"uv": {
								"north": {"uv": [40, 29], "uv_size": [1, 1]},
								"east": {"uv": [21, 31], "uv_size": [14, 1]},
								"south": {"uv": [30, 40], "uv_size": [1, 1]},
								"west": {"uv": [31, 21], "uv_size": [14, 1]},
								"up": {"uv": [21, 32], "uv_size": [1, 14]},
								"down": {"uv": [22, 46], "uv_size": [1, -14]}
							}
						},
						{
							"origin": [-1.21783, 29.21481, -19.41036],
							"size": [1.61693, 0.50129, 14.37182],
							"inflate": 0.002,
							"uv": {
								"north": {"uv": [27, 36], "uv_size": [2, 1]},
								"east": {"uv": [31, 22], "uv_size": [14, 1]},
								"south": {"uv": [36, 28], "uv_size": [2, 1]},
								"west": {"uv": [31, 23], "uv_size": [14, 1]},
								"up": {"uv": [24, 16], "uv_size": [2, 14]},
								"down": {"uv": [26, 30], "uv_size": [2, -14]}
							}
						},
						{
							"origin": [-1.10562, 29.10082, -19.41036],
							"size": [1.21157, 0.58011, 14.37182],
							"inflate": 0.002,
							"pivot": [-0.40937, 30.86301, -22.15365],
							"rotation": [0, 0, 42.5],
							"uv": {
								"north": {"uv": [40, 30], "uv_size": [1, 1]},
								"east": {"uv": [31, 24], "uv_size": [14, 1]},
								"south": {"uv": [31, 40], "uv_size": [1, 1]},
								"west": {"uv": [31, 25], "uv_size": [14, 1]},
								"up": {"uv": [23, 32], "uv_size": [1, 14]},
								"down": {"uv": [24, 46], "uv_size": [1, -14]}
							}
						},
						{
							"origin": [-1.23633, 32.0849, -19.41036],
							"size": [1.65394, 0.48279, 14.37182],
							"inflate": 0.002,
							"pivot": [-0.40937, 30.86301, -22.15365],
							"rotation": [0, 0, -90],
							"uv": {
								"north": {"uv": [29, 36], "uv_size": [2, 1]},
								"east": {"uv": [31, 26], "uv_size": [14, 1]},
								"south": {"uv": [36, 29], "uv_size": [2, 1]},
								"west": {"uv": [31, 27], "uv_size": [14, 1]},
								"up": {"uv": [28, 16], "uv_size": [2, 14]},
								"down": {"uv": [16, 44], "uv_size": [2, -14]}
							}
						},
						{
							"origin": [-1.71791, 29.69706, -6.7845],
							"size": [2.6, 2.325, 1],
							"uv": {
								"north": {"uv": [53, 55], "uv_size": [2.6, 2.325]},
								"east": {"uv": [59, 59], "uv_size": [1, 2.325]},
								"south": {"uv": [56, 55], "uv_size": [2.6, 2.325]},
								"west": {"uv": [60, 59], "uv_size": [1, 2.325]},
								"up": {"uv": [61, 53], "uv_size": [2.6, 1]},
								"down": {"uv": [61, 56], "uv_size": [2.6, -1]}
							}
						}
					]
				},
				{
					"name": "sight3",
					"parent": "scopeRolling",
					"pivot": [0.4172, 31.77907, -34.06959],
					"cubes": [
						{
							"origin": [-1.08631, 31.77353, -45.36927],
							"size": [1.17797, 0.5112, 28.53955],
							"inflate": 0.002,
							"pivot": [-0.40937, 30.86301, -37.32077],
							"rotation": [0, 0, -42.5],
							"uv": {
								"north": {"uv": [0, 37], "uv_size": [1, 1]},
								"east": {"uv": [0, 2], "uv_size": [29, 1]},
								"south": {"uv": [37, 0], "uv_size": [1, 1]},
								"west": {"uv": [0, 3], "uv_size": [29, 1]},
								"up": {"uv": [0, 4], "uv_size": [1, 29]},
								"down": {"uv": [1, 33], "uv_size": [1, -29]}
							}
						},
						{
							"origin": [-0.99835, 31.73932, -45.36927],
							"size": [1.17797, 0.5112, 28.53955],
							"inflate": 0.002,
							"uv": {
								"north": {"uv": [1, 37], "uv_size": [1, 1]},
								"east": {"uv": [4, 0], "uv_size": [29, 1]},
								"south": {"uv": [37, 1], "uv_size": [1, 1]},
								"west": {"uv": [4, 1], "uv_size": [29, 1]},
								"up": {"uv": [2, 4], "uv_size": [1, 29]},
								"down": {"uv": [3, 33], "uv_size": [1, -29]}
							}
						},
						{
							"origin": [-0.91038, 31.77353, -45.36927],
							"size": [1.17797, 0.5112, 28.53955],
							"inflate": 0.002,
							"pivot": [-0.40937, 30.86301, -37.32077],
							"rotation": [0, 0, 42.5],
							"uv": {
								"north": {"uv": [2, 37], "uv_size": [1, 1]},
								"east": {"uv": [4, 4], "uv_size": [29, 1]},
								"south": {"uv": [3, 37], "uv_size": [1, 1]},
								"west": {"uv": [4, 5], "uv_size": [29, 1]},
								"up": {"uv": [4, 6], "uv_size": [1, 29]},
								"down": {"uv": [5, 35], "uv_size": [1, -29]}
							}
						},
						{
							"origin": [-0.99835, 29.40259, -45.36927],
							"size": [1.17797, 0.5112, 28.53955],
							"inflate": 0.002,
							"pivot": [-0.40937, 30.86301, -37.32077],
							"rotation": [0, 0, -90],
							"uv": {
								"north": {"uv": [4, 37], "uv_size": [1, 1]},
								"east": {"uv": [6, 6], "uv_size": [29, 1]},
								"south": {"uv": [5, 37], "uv_size": [1, 1]},
								"west": {"uv": [6, 7], "uv_size": [29, 1]},
								"up": {"uv": [6, 8], "uv_size": [1, 29]},
								"down": {"uv": [7, 37], "uv_size": [1, -29]}
							}
						},
						{
							"origin": [-0.91038, 29.4413, -45.36927],
							"size": [1.17797, 0.5112, 28.53955],
							"inflate": 0.002,
							"pivot": [-0.40937, 30.86301, -37.32077],
							"rotation": [0, 0, -42.5],
							"uv": {
								"north": {"uv": [6, 37], "uv_size": [1, 1]},
								"east": {"uv": [8, 8], "uv_size": [29, 1]},
								"south": {"uv": [37, 6], "uv_size": [1, 1]},
								"west": {"uv": [8, 9], "uv_size": [29, 1]},
								"up": {"uv": [8, 10], "uv_size": [1, 29]},
								"down": {"uv": [9, 39], "uv_size": [1, -29]}
							}
						},
						{
							"origin": [-0.99835, 29.4755, -45.36927],
							"size": [1.17797, 0.5112, 28.53955],
							"inflate": 0.002,
							"uv": {
								"north": {"uv": [7, 37], "uv_size": [1, 1]},
								"east": {"uv": [10, 10], "uv_size": [29, 1]},
								"south": {"uv": [37, 7], "uv_size": [1, 1]},
								"west": {"uv": [10, 11], "uv_size": [29, 1]},
								"up": {"uv": [10, 12], "uv_size": [1, 29]},
								"down": {"uv": [11, 41], "uv_size": [1, -29]}
							}
						},
						{
							"origin": [-1.08631, 29.4413, -45.36927],
							"size": [1.17797, 0.5112, 28.53955],
							"inflate": 0.002,
							"pivot": [-0.40937, 30.86301, -37.32077],
							"rotation": [0, 0, 42.5],
							"uv": {
								"north": {"uv": [37, 8], "uv_size": [1, 1]},
								"east": {"uv": [12, 12], "uv_size": [29, 1]},
								"south": {"uv": [37, 9], "uv_size": [1, 1]},
								"west": {"uv": [12, 13], "uv_size": [29, 1]},
								"up": {"uv": [12, 14], "uv_size": [1, 29]},
								"down": {"uv": [13, 43], "uv_size": [1, -29]}
							}
						},
						{
							"origin": [-0.99835, 31.81223, -45.36927],
							"size": [1.17797, 0.5112, 28.53955],
							"inflate": 0.002,
							"pivot": [-0.40937, 30.86301, -37.32077],
							"rotation": [0, 0, -90],
							"uv": {
								"north": {"uv": [25, 37], "uv_size": [1, 1]},
								"east": {"uv": [14, 14], "uv_size": [29, 1]},
								"south": {"uv": [26, 37], "uv_size": [1, 1]},
								"west": {"uv": [14, 15], "uv_size": [29, 1]},
								"up": {"uv": [14, 16], "uv_size": [1, 29]},
								"down": {"uv": [15, 45], "uv_size": [1, -29]}
							}
						},
						{
							"origin": [-1.39723, 29.98442, -44.91065],
							"size": [1.95624, 1.74933, 0.7524],
							"pivot": [-0.41911, 30.85908, -44.53445],
							"rotation": [0, 180, 0],
							"uv": {
								"north": {"uv": [31, 32], "uv_size": [2, 2]},
								"east": {"uv": [26, 34], "uv_size": [1, 2]},
								"south": {"uv": [0, 33], "uv_size": [2, 2]},
								"west": {"uv": [27, 34], "uv_size": [1, 2]},
								"up": {"uv": [28, 34], "uv_size": [2, 1]},
								"down": {"uv": [34, 29], "uv_size": [2, -1]}
							}
						}
					]
				},
				{
					"name": "ytta",
					"parent": "scopeRolling",
					"pivot": [7.49143, 30.70686, -5.8],
					"cubes": [
						{
							"origin": [-4.74086, 36.3113, -5.35],
							"size": [0.66459, 0.54111, 2.225],
							"inflate": 0.002,
							"pivot": [6.59143, 29.58186, -5.8],
							"rotation": [0, -90, -90],
							"uv": {
								"north": {"uv": [27, 37], "uv_size": [1, 1]},
								"east": {"uv": [34, 29], "uv_size": [2, 1]},
								"south": {"uv": [28, 37], "uv_size": [1, 1]},
								"west": {"uv": [30, 34], "uv_size": [2, 1]},
								"up": {"uv": [32, 34], "uv_size": [1, 2]},
								"down": {"uv": [34, 35], "uv_size": [1, -2]}
							}
						},
						{
							"origin": [-5.14086, 36.5613, -22.625],
							"size": [0.66459, 0.54111, 1.25],
							"inflate": 0.002,
							"pivot": [6.84143, 29.58186, -22.8],
							"rotation": [0, -90, -90],
							"uv": {
								"north": {"uv": [29, 37], "uv_size": [1, 1]},
								"east": {"uv": [30, 37], "uv_size": [1, 1]},
								"south": {"uv": [37, 30], "uv_size": [1, 1]},
								"west": {"uv": [37, 31], "uv_size": [1, 1]},
								"up": {"uv": [37, 32], "uv_size": [1, 1]},
								"down": {"uv": [33, 38], "uv_size": [1, -1]}
							}
						},
						{
							"origin": [7.90477, 26.2672, -26.1375],
							"size": [0.66459, 0.54111, 0.625],
							"inflate": 0.002,
							"pivot": [-0.58793, 26.53775, -25.625],
							"rotation": [0, -90, -67],
							"uv": {
								"north": {"uv": [37, 33], "uv_size": [1, 1]},
								"east": {"uv": [34, 37], "uv_size": [1, 1]},
								"south": {"uv": [37, 34], "uv_size": [1, 1]},
								"west": {"uv": [35, 37], "uv_size": [1, 1]},
								"up": {"uv": [37, 35], "uv_size": [1, 1]},
								"down": {"uv": [36, 38], "uv_size": [1, -1]}
							}
						},
						{
							"origin": [-9.74523, 27.5172, -26.1375],
							"size": [0.66459, 0.54111, 0.625],
							"inflate": 0.002,
							"pivot": [-0.58793, 27.78775, -25.625],
							"rotation": [0, -90, -67],
							"uv": {
								"north": {"uv": [37, 36], "uv_size": [1, 1]},
								"east": {"uv": [37, 37], "uv_size": [1, 1]},
								"south": {"uv": [0, 38], "uv_size": [1, 1]},
								"west": {"uv": [38, 0], "uv_size": [1, 1]},
								"up": {"uv": [1, 38], "uv_size": [1, 1]},
								"down": {"uv": [38, 2], "uv_size": [1, -1]}
							}
						},
						{
							"origin": [-9.94701, 27.38766, -25.9375],
							"size": [0.66459, 0.54111, 0.625],
							"inflate": 0.002,
							"pivot": [-0.78972, 27.65821, -25.625],
							"rotation": [0, -90, -29.5],
							"uv": {
								"north": {"uv": [2, 38], "uv_size": [1, 1]},
								"east": {"uv": [3, 38], "uv_size": [1, 1]},
								"south": {"uv": [4, 38], "uv_size": [1, 1]},
								"west": {"uv": [38, 4], "uv_size": [1, 1]},
								"up": {"uv": [5, 38], "uv_size": [1, 1]},
								"down": {"uv": [38, 6], "uv_size": [1, -1]}
							}
						},
						{
							"origin": [7.70299, 26.13766, -25.9375],
							"size": [0.66459, 0.54111, 0.625],
							"inflate": 0.002,
							"pivot": [-0.78972, 26.40821, -25.625],
							"rotation": [0, -90, -29.5],
							"uv": {
								"north": {"uv": [6, 38], "uv_size": [1, 1]},
								"east": {"uv": [38, 6], "uv_size": [1, 1]},
								"south": {"uv": [7, 38], "uv_size": [1, 1]},
								"west": {"uv": [38, 7], "uv_size": [1, 1]},
								"up": {"uv": [38, 8], "uv_size": [1, 1]},
								"down": {"uv": [38, 10], "uv_size": [1, -1]}
							}
						},
						{
							"origin": [-10.40103, 27.26812, -25.9375],
							"size": [0.66459, 0.54111, 0.625],
							"inflate": 0.002,
							"pivot": [-1.24373, 27.53868, -25.625],
							"rotation": [0, -90, 0],
							"uv": {
								"north": {"uv": [25, 38], "uv_size": [1, 1]},
								"east": {"uv": [26, 38], "uv_size": [1, 1]},
								"south": {"uv": [27, 38], "uv_size": [1, 1]},
								"west": {"uv": [28, 38], "uv_size": [1, 1]},
								"up": {"uv": [38, 28], "uv_size": [1, 1]},
								"down": {"uv": [29, 39], "uv_size": [1, -1]}
							}
						},
						{
							"origin": [7.24897, 26.01812, -25.9375],
							"size": [0.66459, 0.54111, 0.625],
							"inflate": 0.002,
							"pivot": [-1.24373, 26.28868, -25.625],
							"rotation": [0, -90, 0],
							"uv": {
								"north": {"uv": [38, 29], "uv_size": [1, 1]},
								"east": {"uv": [30, 38], "uv_size": [1, 1]},
								"south": {"uv": [38, 30], "uv_size": [1, 1]},
								"west": {"uv": [31, 38], "uv_size": [1, 1]},
								"up": {"uv": [38, 31], "uv_size": [1, 1]},
								"down": {"uv": [32, 39], "uv_size": [1, -1]}
							}
						},
						{
							"origin": [-1.03995, 31.71836, -34.81909],
							"size": [1.26118, 0.70803, 0.71428],
							"inflate": 0.002,
							"pivot": [-0.40937, 30.86301, -38.04032],
							"rotation": [0, 0, -90],
							"uv": {
								"north": {"uv": [38, 32], "uv_size": [1, 1]},
								"east": {"uv": [33, 38], "uv_size": [1, 1]},
								"south": {"uv": [38, 33], "uv_size": [1, 1]},
								"west": {"uv": [34, 38], "uv_size": [1, 1]},
								"up": {"uv": [38, 34], "uv_size": [1, 1]},
								"down": {"uv": [35, 39], "uv_size": [1, -1]}
							}
						},
						{
							"origin": [-1.13411, 29.34107, -34.81909],
							"size": [1.26118, 0.70803, 0.71428],
							"inflate": 0.002,
							"pivot": [-0.40937, 30.86301, -38.04032],
							"rotation": [0, 0, 42.5],
							"uv": {
								"north": {"uv": [38, 35], "uv_size": [1, 1]},
								"east": {"uv": [36, 38], "uv_size": [1, 1]},
								"south": {"uv": [38, 36], "uv_size": [1, 1]},
								"west": {"uv": [37, 38], "uv_size": [1, 1]},
								"up": {"uv": [38, 37], "uv_size": [1, 1]},
								"down": {"uv": [38, 39], "uv_size": [1, -1]}
							}
						},
						{
							"origin": [-1.03995, 29.37768, -34.81909],
							"size": [1.26118, 0.70803, 0.71428],
							"inflate": 0.002,
							"uv": {
								"north": {"uv": [0, 39], "uv_size": [1, 1]},
								"east": {"uv": [39, 0], "uv_size": [1, 1]},
								"south": {"uv": [1, 39], "uv_size": [1, 1]},
								"west": {"uv": [39, 1], "uv_size": [1, 1]},
								"up": {"uv": [2, 39], "uv_size": [1, 1]},
								"down": {"uv": [3, 40], "uv_size": [1, -1]}
							}
						},
						{
							"origin": [-0.9458, 29.34107, -34.81909],
							"size": [1.26118, 0.70803, 0.71428],
							"inflate": 0.002,
							"pivot": [-0.40937, 30.86301, -38.04032],
							"rotation": [0, 0, -42.5],
							"uv": {
								"north": {"uv": [4, 39], "uv_size": [1, 1]},
								"east": {"uv": [39, 4], "uv_size": [1, 1]},
								"south": {"uv": [5, 39], "uv_size": [1, 1]},
								"west": {"uv": [39, 5], "uv_size": [1, 1]},
								"up": {"uv": [6, 39], "uv_size": [1, 1]},
								"down": {"uv": [39, 7], "uv_size": [1, -1]}
							}
						},
						{
							"origin": [-1.03995, 29.29964, -34.81909],
							"size": [1.26118, 0.70803, 0.71428],
							"inflate": 0.002,
							"pivot": [-0.40937, 30.86301, -38.04032],
							"rotation": [0, 0, -90],
							"uv": {
								"north": {"uv": [7, 39], "uv_size": [1, 1]},
								"east": {"uv": [39, 7], "uv_size": [1, 1]},
								"south": {"uv": [8, 39], "uv_size": [1, 1]},
								"west": {"uv": [39, 8], "uv_size": [1, 1]},
								"up": {"uv": [9, 39], "uv_size": [1, 1]},
								"down": {"uv": [39, 10], "uv_size": [1, -1]}
							}
						},
						{
							"origin": [-0.9458, 31.67693, -34.81909],
							"size": [1.26118, 0.70803, 0.71428],
							"inflate": 0.002,
							"pivot": [-0.40937, 30.86301, -38.04032],
							"rotation": [0, 0, 42.5],
							"uv": {
								"north": {"uv": [39, 10], "uv_size": [1, 1]},
								"east": {"uv": [39, 11], "uv_size": [1, 1]},
								"south": {"uv": [25, 39], "uv_size": [1, 1]},
								"west": {"uv": [26, 39], "uv_size": [1, 1]},
								"up": {"uv": [27, 39], "uv_size": [1, 1]},
								"down": {"uv": [28, 40], "uv_size": [1, -1]}
							}
						},
						{
							"origin": [-1.03995, 31.64031, -34.81909],
							"size": [1.26118, 0.70803, 0.71428],
							"inflate": 0.002,
							"uv": {
								"north": {"uv": [39, 28], "uv_size": [1, 1]},
								"east": {"uv": [29, 39], "uv_size": [1, 1]},
								"south": {"uv": [39, 29], "uv_size": [1, 1]},
								"west": {"uv": [30, 39], "uv_size": [1, 1]},
								"up": {"uv": [39, 30], "uv_size": [1, 1]},
								"down": {"uv": [31, 40], "uv_size": [1, -1]}
							}
						},
						{
							"origin": [-1.13411, 31.67693, -34.81909],
							"size": [1.26118, 0.70803, 0.71428],
							"inflate": 0.002,
							"pivot": [-0.40937, 30.86301, -38.04032],
							"rotation": [0, 0, -42.5],
							"uv": {
								"north": {"uv": [39, 31], "uv_size": [1, 1]},
								"east": {"uv": [32, 39], "uv_size": [1, 1]},
								"south": {"uv": [39, 32], "uv_size": [1, 1]},
								"west": {"uv": [33, 39], "uv_size": [1, 1]},
								"up": {"uv": [39, 33], "uv_size": [1, 1]},
								"down": {"uv": [34, 40], "uv_size": [1, -1]}
							}
						},
						{
							"origin": [-1.27591, 30.09231, -43.3795],
							"size": [1.716, 1.5345, 0],
							"pivot": [-0.41791, 30.85956, -43.7095],
							"rotation": [0, 180, 0],
							"uv": {
								"north": {"uv": [33, 0], "uv_size": [2, 2]},
								"east": {"uv": [0, 0], "uv_size": [0, 2]},
								"south": {"uv": [2, 33], "uv_size": [2, 2]},
								"west": {"uv": [0, 0], "uv_size": [0, 2]},
								"up": {"uv": [0, 0], "uv_size": [2, 0]},
								"down": {"uv": [0, 0], "uv_size": [2, 0]}
							}
						},
						{
							"origin": [-1.14472, 32.11118, -17.13489],
							"size": [1.27964, 0.61282, 0.67087],
							"inflate": 0.002,
							"pivot": [-0.40937, 30.86301, -20.13168],
							"rotation": [0, 0, -42.5],
							"uv": {
								"north": {"uv": [39, 34], "uv_size": [1, 1]},
								"east": {"uv": [35, 39], "uv_size": [1, 1]},
								"south": {"uv": [39, 35], "uv_size": [1, 1]},
								"west": {"uv": [36, 39], "uv_size": [1, 1]},
								"up": {"uv": [39, 36], "uv_size": [1, 1]},
								"down": {"uv": [37, 40], "uv_size": [1, -1]}
							}
						},
						{
							"origin": [-1.26321, 32.07403, -17.13489],
							"size": [1.7077, 0.52959, 0.67087],
							"inflate": 0.002,
							"uv": {
								"north": {"uv": [0, 35], "uv_size": [2, 1]},
								"east": {"uv": [39, 37], "uv_size": [1, 1]},
								"south": {"uv": [35, 0], "uv_size": [2, 1]},
								"west": {"uv": [38, 39], "uv_size": [1, 1]},
								"up": {"uv": [35, 1], "uv_size": [2, 1]},
								"down": {"uv": [2, 36], "uv_size": [2, -1]}
							}
						},
						{
							"origin": [-0.95366, 32.11118, -17.13489],
							"size": [1.27964, 0.61282, 0.67087],
							"inflate": 0.002,
							"pivot": [-0.40937, 30.86301, -20.13168],
							"rotation": [0, 0, 42.5],
							"uv": {
								"north": {"uv": [39, 38], "uv_size": [1, 1]},
								"east": {"uv": [39, 39], "uv_size": [1, 1]},
								"south": {"uv": [0, 40], "uv_size": [1, 1]},
								"west": {"uv": [40, 0], "uv_size": [1, 1]},
								"up": {"uv": [1, 40], "uv_size": [1, 1]},
								"down": {"uv": [40, 2], "uv_size": [1, -1]}
							}
						},
						{
							"origin": [-1.28276, 29.06276, -17.13489],
							"size": [1.74678, 0.51005, 0.67087],
							"inflate": 0.002,
							"pivot": [-0.40937, 30.86301, -20.13168],
							"rotation": [0, 0, -90],
							"uv": {
								"north": {"uv": [4, 35], "uv_size": [2, 1]},
								"east": {"uv": [2, 40], "uv_size": [1, 1]},
								"south": {"uv": [35, 6], "uv_size": [2, 1]},
								"west": {"uv": [3, 40], "uv_size": [1, 1]},
								"up": {"uv": [35, 7], "uv_size": [2, 1]},
								"down": {"uv": [28, 36], "uv_size": [2, -1]}
							}
						},
						{
							"origin": [-0.95366, 29.00202, -17.13489],
							"size": [1.27964, 0.61282, 0.67087],
							"inflate": 0.002,
							"pivot": [-0.40937, 30.86301, -20.13168],
							"rotation": [0, 0, -42.5],
							"uv": {
								"north": {"uv": [4, 40], "uv_size": [1, 1]},
								"east": {"uv": [40, 4], "uv_size": [1, 1]},
								"south": {"uv": [5, 40], "uv_size": [1, 1]},
								"west": {"uv": [40, 5], "uv_size": [1, 1]},
								"up": {"uv": [6, 40], "uv_size": [1, 1]},
								"down": {"uv": [40, 7], "uv_size": [1, -1]}
							}
						},
						{
							"origin": [-1.26321, 29.1224, -17.13489],
							"size": [1.7077, 0.52959, 0.67087],
							"inflate": 0.002,
							"uv": {
								"north": {"uv": [30, 35], "uv_size": [2, 1]},
								"east": {"uv": [7, 40], "uv_size": [1, 1]},
								"south": {"uv": [35, 31], "uv_size": [2, 1]},
								"west": {"uv": [40, 7], "uv_size": [1, 1]},
								"up": {"uv": [33, 35], "uv_size": [2, 1]},
								"down": {"uv": [35, 34], "uv_size": [2, -1]}
							}
						},
						{
							"origin": [-1.14472, 29.00202, -17.13489],
							"size": [1.27964, 0.61282, 0.67087],
							"inflate": 0.002,
							"pivot": [-0.40937, 30.86301, -20.13168],
							"rotation": [0, 0, 42.5],
							"uv": {
								"north": {"uv": [8, 40], "uv_size": [1, 1]},
								"east": {"uv": [40, 8], "uv_size": [1, 1]},
								"south": {"uv": [9, 40], "uv_size": [1, 1]},
								"west": {"uv": [40, 9], "uv_size": [1, 1]},
								"up": {"uv": [40, 10], "uv_size": [1, 1]},
								"down": {"uv": [40, 12], "uv_size": [1, -1]}
							}
						},
						{
							"origin": [-1.28276, 32.15322, -17.13489],
							"size": [1.74678, 0.51005, 0.67087],
							"inflate": 0.002,
							"pivot": [-0.40937, 30.86301, -20.13168],
							"rotation": [0, 0, -90],
							"uv": {
								"north": {"uv": [35, 34], "uv_size": [2, 1]},
								"east": {"uv": [25, 40], "uv_size": [1, 1]},
								"south": {"uv": [35, 35], "uv_size": [2, 1]},
								"west": {"uv": [26, 40], "uv_size": [1, 1]},
								"up": {"uv": [0, 36], "uv_size": [2, 1]},
								"down": {"uv": [2, 37], "uv_size": [2, -1]}
							}
						}
					]
				},
				{
					"name": "scope",
					"parent": "main",
					"pivot": [-0.419, 30.859, -3.15],
					"cubes": [
						{"origin": [-0.919, 30.359, -3.65], "size": [1, 1, 1], "inflate": -0.4, "uv": [0, 0]}
					]
				},
				{
					"name": "scopepip",
					"parent": "main",
					"pivot": [-0.9, 31.85, -3.1],
					"cubes": [
						{
							"origin": [-1.71791, 29.69706, -6.6095],
							"size": [2.6, 2.325, 1],
							"uv": {
								"north": {"uv": [59.4, 55.675], "uv_size": [2.6, 2.325]},
								"east": {"uv": [61.4, 60.675], "uv_size": [1, 2.325]},
								"south": {"uv": [45.6, 36.675], "uv_size": [-2.6, 2.325]},
								"west": {"uv": [53.4, 61.675], "uv_size": [1, 2.325]},
								"up": {"uv": [61.4, 31.675], "uv_size": [2.6, 1]},
								"down": {"uv": [61.4, 33.675], "uv_size": [2.6, -1]}
							}
						}
					]
				},
				{
					"name": "_ca_scope",
					"parent": "main",
					"pivot": [-0.72809, 17.74301, 12.76841],
					"cubes": [
						{
							"origin": [-2.30309, 25.803, -17.2966],
							"size": [1, 1, 1],
							"uv": {
								"north": {"uv": [36, 30], "uv_size": [1, 1]},
								"east": {"uv": [36, 32], "uv_size": [1, 1]},
								"south": {"uv": [33, 36], "uv_size": [1, 1]},
								"west": {"uv": [34, 36], "uv_size": [1, 1]},
								"up": {"uv": [35, 36], "uv_size": [1, 1]},
								"down": {"uv": [36, 37], "uv_size": [1, -1]}
							}
						}
					]
				}
			]
		}
	]
}