{
"loader": "forge:separate_transforms",
  "gui_light": "front",
  "base": 
{
  "credit": "Made with Blockbench",
  "parent": "builtin/entity",
  "texture_size": [
    128,
    128
  ],
  "display": {
    "thirdperson_righthand": {
      "translation": [
        0.25,
        -4.75,
        -0.25
      ],
      "scale": [
        0.25,
        0.25,
        0.25
      ]
    },
    "thirdperson_lefthand": {
      "translation": [
        0.25,
        -4.75,
        -0.25
      ],
      "scale": [
        0.25,
        0.25,
        0.25
      ]
    },
    "firstperson_righthand": {
      "rotation": [
        0,
        -9,
        -7
      ],
      "translation": [
        3.25,
        -39,
        -19
      ]
    },
    "firstperson_lefthand": {
      "rotation": [
        0,
        -9,
        -7
      ],
      "translation": [
        3.25,
        -39,
        -19
      ]
    },
    "ground": {
      "translation": [
        0,
        -6,
        0.5
      ],
      "scale": [
        0.3,
        0.3,
        0.3
      ]
    },
    "gui": {
      "rotation": [
        -177.21,
        51.82,
        166.54
      ],
      "translation": [
        -0.25,
        -7.75,
        0
      ],
      "scale": [
        0.37,
        0.37,
        0.37
      ]
    },
    "fixed": {
      "rotation": [
        180,
        -90,
        180
      ],
      "translation": [
        2,
        -10.25,
        -1
      ],
      "scale": [
        0.62,
        0.62,
        0.62
      ]
    }
  }
},
  "perspectives": {
    "gui": {
      "parent": "item/generated",
      "textures": {
        "layer0": "pointblank:item/hl_crowbar.icon"
      }
    }
  }
}