{
	"format_version": "1.12.0",
	"minecraft:geometry": [
		{
			"description": {
				"identifier": "geometry.unknown",
				"texture_width": 256,
				"texture_height": 256,
				"visible_bounds_width": 12,
				"visible_bounds_height": 4,
				"visible_bounds_offset": [0, 1, 0]
			},
			"bones": [
				{
					"name": "main",
					"pivot": [0, 18.8, 0]
				},
				{
					"name": "gun",
					"parent": "main",
					"pivot": [-1.60937, 22.71617, -35.48424]
				},
				{
					"name": "Grip",
					"parent": "gun",
					"pivot": [-4.528, 15.04017, -2.00048],
					"cubes": [
						{
							"origin": [-3.53098, 8.37175, -10.45231],
							"size": [1.90203, 4.06148, 7.13699],
							"pivot": [-3.50595, 11.78575, -1.88427],
							"rotation": [22.5, 0, -180],
							"uv": {
								"north": {"uv": [124, 99], "uv_size": [2, 4]},
								"east": {"uv": [103, 82], "uv_size": [7, 4]},
								"south": {"uv": [124, 103], "uv_size": [2, 4]},
								"west": {"uv": [103, 86], "uv_size": [7, 4]},
								"up": {"uv": [118, 102], "uv_size": [2, 7]},
								"down": {"uv": [118, 116], "uv_size": [2, -7]}
							}
						},
						{
							"origin": [-5.36737, 8.43323, -10.45231],
							"size": [1.87107, 4, 7.13699],
							"pivot": [-3.50595, 11.78575, -1.88427],
							"rotation": [22.5, 0, -180],
							"uv": {
								"north": {"uv": [124, 109], "uv_size": [2, 4]},
								"east": {"uv": [103, 101], "uv_size": [7, 4]},
								"south": {"uv": [124, 116], "uv_size": [2, 4]},
								"west": {"uv": [104, 28], "uv_size": [7, 4]},
								"up": {"uv": [114, 118], "uv_size": [2, 7]},
								"down": {"uv": [116, 125], "uv_size": [2, -7]}
							}
						},
						{
							"origin": [-5.36737, 5.2692, -11.01057],
							"size": [1.87107, 3.08992, 7.68051],
							"pivot": [-3.50595, 11.75016, -1.89901],
							"rotation": [22.5, 0, -180],
							"uv": {
								"north": {"uv": [78, 126], "uv_size": [2, 3]},
								"east": {"uv": [106, 97], "uv_size": [8, 3]},
								"south": {"uv": [126, 78], "uv_size": [2, 3]},
								"west": {"uv": [107, 24], "uv_size": [8, 3]},
								"up": {"uv": [113, 27], "uv_size": [2, 8]},
								"down": {"uv": [36, 121], "uv_size": [2, -8]}
							}
						},
						{
							"origin": [-3.53098, 5.2692, -11.01057],
							"size": [1.90203, 3.08992, 7.68051],
							"pivot": [-3.50595, 11.75016, -1.89901],
							"rotation": [22.5, 0, -180],
							"uv": {
								"north": {"uv": [80, 126], "uv_size": [2, 3]},
								"east": {"uv": [36, 107], "uv_size": [8, 3]},
								"south": {"uv": [95, 126], "uv_size": [2, 3]},
								"west": {"uv": [103, 108], "uv_size": [8, 3]},
								"up": {"uv": [38, 113], "uv_size": [2, 8]},
								"down": {"uv": [40, 121], "uv_size": [2, -8]}
							}
						}
					]
				},
				{
					"name": "stock",
					"parent": "Grip",
					"pivot": [-3.50744, 8.65492, 26.1785],
					"cubes": [
						{
							"origin": [-4.77533, 9.81116, -3.43656],
							"size": [1.64657, 2.03844, 7.61651],
							"pivot": [-3.20993, 11.00836, 1.64862],
							"rotation": [17.5, 0, -180],
							"uv": {
								"north": {"uv": [128, 124], "uv_size": [2, 2]},
								"east": {"uv": [113, 22], "uv_size": [8, 2]},
								"south": {"uv": [126, 128], "uv_size": [2, 2]},
								"west": {"uv": [113, 35], "uv_size": [8, 2]},
								"up": {"uv": [42, 113], "uv_size": [2, 8]},
								"down": {"uv": [46, 121], "uv_size": [2, -8]}
							}
						},
						{
							"origin": [-5.33801, 17.63449, 5.32589],
							"size": [1.78097, 5.22018, 22.19903],
							"inflate": -0.0001,
							"pivot": [-3.51616, 14.51955, 19.10428],
							"rotation": [16, 0, -180],
							"uv": {
								"north": {"uv": [46, 121], "uv_size": [2, 5]},
								"east": {"uv": [68, 24], "uv_size": [22, 5]},
								"south": {"uv": [76, 121], "uv_size": [2, 5]},
								"west": {"uv": [68, 29], "uv_size": [22, 5]},
								"up": {"uv": [92, 95], "uv_size": [2, 22]},
								"down": {"uv": [94, 117], "uv_size": [2, -22]}
							}
						},
						{
							"origin": [-5.206, 10.30967, 27.35186],
							"size": [1.84697, 6.08335, -26.75945],
							"inflate": 0.0001,
							"pivot": [-3.45016, 14.51955, 19.10428],
							"rotation": [1, 0, -180],
							"uv": {
								"north": {"uv": [53, 120], "uv_size": [2, 6]},
								"east": {"uv": [68, 0], "uv_size": [27, 6]},
								"south": {"uv": [55, 120], "uv_size": [2, 6]},
								"west": {"uv": [68, 6], "uv_size": [27, 6]},
								"up": {"uv": [60, 89], "uv_size": [2, 27]},
								"down": {"uv": [62, 116], "uv_size": [2, -27]}
							}
						},
						{
							"origin": [-5.206, 16.39302, 11.06789],
							"size": [1.78097, 4.56626, 16.33099],
							"inflate": 0.0001,
							"pivot": [-3.45016, 14.51955, 19.10428],
							"rotation": [1, 0, -180],
							"uv": {
								"north": {"uv": [78, 121], "uv_size": [2, 5]},
								"east": {"uv": [36, 84], "uv_size": [16, 5]},
								"south": {"uv": [80, 121], "uv_size": [2, 5]},
								"west": {"uv": [52, 84], "uv_size": [16, 5]},
								"up": {"uv": [46, 97], "uv_size": [2, 16]},
								"down": {"uv": [48, 113], "uv_size": [2, -16]}
							}
						},
						{
							"origin": [-5.33801, 20.95928, 25.0807],
							"size": [1.84697, 3.7908, 2.31818],
							"pivot": [-3.51616, 14.51955, 19.10428],
							"rotation": [1, 0, -180],
							"uv": {
								"north": {"uv": [124, 120], "uv_size": [2, 4]},
								"east": {"uv": [124, 124], "uv_size": [2, 4]},
								"south": {"uv": [125, 24], "uv_size": [2, 4]},
								"west": {"uv": [125, 28], "uv_size": [2, 4]},
								"up": {"uv": [128, 126], "uv_size": [2, 2]},
								"down": {"uv": [128, 130], "uv_size": [2, -2]}
							}
						},
						{
							"origin": [-5.33801, 14.98309, 27.35186],
							"size": [1.84697, 9.76699, 2.56029],
							"pivot": [-3.51616, 14.51955, 19.10428],
							"rotation": [1, 0, -180],
							"uv": {
								"north": {"uv": [44, 107], "uv_size": [2, 10]},
								"east": {"uv": [100, 82], "uv_size": [3, 10]},
								"south": {"uv": [76, 111], "uv_size": [2, 10]},
								"west": {"uv": [76, 101], "uv_size": [3, 10]},
								"up": {"uv": [126, 119], "uv_size": [2, 3]},
								"down": {"uv": [126, 125], "uv_size": [2, -3]}
							}
						},
						{
							"origin": [-4.73936, 13.01148, -1.52437],
							"size": [1.51391, 3.74284, 4.33806],
							"pivot": [-3.219, 14.5479, 0.10866],
							"rotation": [-34, 0, -180],
							"uv": {
								"north": {"uv": [58, 125], "uv_size": [2, 4]},
								"east": {"uv": [48, 113], "uv_size": [4, 4]},
								"south": {"uv": [64, 125], "uv_size": [2, 4]},
								"west": {"uv": [114, 95], "uv_size": [4, 4]},
								"up": {"uv": [66, 125], "uv_size": [2, 4]},
								"down": {"uv": [68, 129], "uv_size": [2, -4]}
							}
						},
						{
							"origin": [-4.81126, 4.71941, -3.48177],
							"size": [1.58983, 5.0245, 7.65137],
							"pivot": [-3.2279, 10.92709, 1.95297],
							"rotation": [17.5, 0, -180],
							"uv": {
								"north": {"uv": [121, 84], "uv_size": [2, 5]},
								"east": {"uv": [95, 17], "uv_size": [8, 5]},
								"south": {"uv": [95, 121], "uv_size": [2, 5]},
								"west": {"uv": [76, 96], "uv_size": [8, 5]},
								"up": {"uv": [96, 113], "uv_size": [2, 8]},
								"down": {"uv": [114, 110], "uv_size": [2, -8]}
							}
						},
						{
							"origin": [-4.32312, 8.76294, -3.43643],
							"size": [2.15825, 3.08753, 7.61651],
							"pivot": [-3.80711, 11.00913, 1.6465],
							"rotation": [17.5, 0, -180],
							"uv": {
								"north": {"uv": [126, 125], "uv_size": [2, 3]},
								"east": {"uv": [36, 110], "uv_size": [8, 3]},
								"south": {"uv": [127, 24], "uv_size": [2, 3]},
								"west": {"uv": [110, 82], "uv_size": [8, 3]},
								"up": {"uv": [114, 110], "uv_size": [2, 8]},
								"down": {"uv": [115, 32], "uv_size": [2, -8]}
							}
						},
						{
							"origin": [-3.55704, 17.63449, 5.32589],
							"size": [1.94447, 5.22018, 22.19903],
							"inflate": -0.0001,
							"pivot": [-3.51616, 14.51955, 19.10428],
							"rotation": [16, 0, -180],
							"uv": {
								"north": {"uv": [48, 122], "uv_size": [2, 5]},
								"east": {"uv": [68, 34], "uv_size": [22, 5]},
								"south": {"uv": [92, 122], "uv_size": [2, 5]},
								"west": {"uv": [68, 39], "uv_size": [22, 5]},
								"up": {"uv": [68, 96], "uv_size": [2, 22]},
								"down": {"uv": [70, 118], "uv_size": [2, -22]}
							}
						},
						{
							"origin": [-3.49103, 1.6485, 0.52493],
							"size": [1.22849, 1.40826, 29.31974],
							"pivot": [-3.51616, 10.65334, 19.04273],
							"rotation": [1, 0, -180],
							"uv": {
								"north": {"uv": [48, 134], "uv_size": [1, 1]},
								"east": {"uv": [99, 40], "uv_size": [29, 1]},
								"south": {"uv": [49, 134], "uv_size": [1, 1]},
								"west": {"uv": [99, 41], "uv_size": [29, 1]},
								"up": {"uv": [82, 101], "uv_size": [1, 29]},
								"down": {"uv": [83, 130], "uv_size": [1, -29]}
							}
						},
						{
							"origin": [-4.68804, 1.6485, 0.52492],
							"size": [1.197, 1.40826, 29.31974],
							"pivot": [-3.51616, 10.65334, 19.04273],
							"rotation": [1, 0, -180],
							"uv": {
								"north": {"uv": [50, 134], "uv_size": [1, 1]},
								"east": {"uv": [99, 42], "uv_size": [29, 1]},
								"south": {"uv": [51, 134], "uv_size": [1, 1]},
								"west": {"uv": [99, 43], "uv_size": [29, 1]},
								"up": {"uv": [101, 101], "uv_size": [1, 29]},
								"down": {"uv": [102, 130], "uv_size": [1, -29]}
							}
						},
						{
							"origin": [0.79724, 3.99606, 0.52493],
							"size": [1.87846, 1.13318, 29.31974],
							"pivot": [-3.51616, 10.65334, 19.04273],
							"rotation": [0.81918, -0.57356, -145.0041],
							"uv": {
								"north": {"uv": [69, 132], "uv_size": [2, 1]},
								"east": {"uv": [103, 17], "uv_size": [29, 1]},
								"south": {"uv": [76, 132], "uv_size": [2, 1]},
								"west": {"uv": [103, 18], "uv_size": [29, 1]},
								"up": {"uv": [52, 89], "uv_size": [2, 29]},
								"down": {"uv": [54, 118], "uv_size": [2, -29]}
							}
						},
						{
							"origin": [-9.64107, 3.94917, 0.52492],
							"size": [1.84697, 1.13318, 29.31974],
							"pivot": [-3.51616, 10.65334, 19.04273],
							"rotation": [0.81918, 0.57356, 145.0041],
							"uv": {
								"north": {"uv": [78, 132], "uv_size": [2, 1]},
								"east": {"uv": [103, 19], "uv_size": [29, 1]},
								"south": {"uv": [132, 78], "uv_size": [2, 1]},
								"west": {"uv": [103, 20], "uv_size": [29, 1]},
								"up": {"uv": [56, 89], "uv_size": [2, 29]},
								"down": {"uv": [58, 118], "uv_size": [2, -29]}
							}
						},
						{
							"origin": [-3.44124, 10.30967, 27.39888],
							"size": [1.82867, 6.08335, -26.80647],
							"inflate": 0.0001,
							"pivot": [-3.51616, 14.51955, 19.10428],
							"rotation": [1, 0, -180],
							"uv": {
								"north": {"uv": [60, 120], "uv_size": [2, 6]},
								"east": {"uv": [68, 12], "uv_size": [27, 6]},
								"south": {"uv": [62, 120], "uv_size": [2, 6]},
								"west": {"uv": [68, 18], "uv_size": [27, 6]},
								"up": {"uv": [64, 89], "uv_size": [2, 27]},
								"down": {"uv": [66, 116], "uv_size": [2, -27]}
							}
						},
						{
							"origin": [-3.9408, 18.26669, -1.71042],
							"size": [1.87846, 1.13318, 3.15945],
							"pivot": [-3.55059, 18.26652, -0.1807],
							"rotation": [-24.42106, 16.14537, -148.51606],
							"uv": {
								"north": {"uv": [82, 132], "uv_size": [2, 1]},
								"east": {"uv": [51, 129], "uv_size": [3, 1]},
								"south": {"uv": [132, 86], "uv_size": [2, 1]},
								"west": {"uv": [57, 129], "uv_size": [3, 1]},
								"up": {"uv": [118, 127], "uv_size": [2, 3]},
								"down": {"uv": [120, 130], "uv_size": [2, -3]}
							}
						},
						{
							"origin": [-3.55989, 17.41303, -1.71042],
							"size": [1.22849, 1.40826, 3.15945],
							"pivot": [-3.55059, 18.26652, -0.1807],
							"rotation": [-29, 0, -180],
							"uv": {
								"north": {"uv": [54, 134], "uv_size": [1, 1]},
								"east": {"uv": [128, 94], "uv_size": [3, 1]},
								"south": {"uv": [55, 134], "uv_size": [1, 1]},
								"west": {"uv": [129, 35], "uv_size": [3, 1]},
								"up": {"uv": [129, 36], "uv_size": [1, 3]},
								"down": {"uv": [46, 132], "uv_size": [1, -3]}
							}
						},
						{
							"origin": [-6.70679, 16.60117, -1.2604],
							"size": [3.72543, 1.40826, 3.15945],
							"pivot": [-4.20056, 17.45465, 0.26933],
							"rotation": [-29, 0, -180],
							"uv": {
								"north": {"uv": [114, 99], "uv_size": [4, 1]},
								"east": {"uv": [64, 129], "uv_size": [3, 1]},
								"south": {"uv": [126, 112], "uv_size": [4, 1]},
								"west": {"uv": [67, 129], "uv_size": [3, 1]},
								"up": {"uv": [119, 99], "uv_size": [4, 3]},
								"down": {"uv": [120, 27], "uv_size": [4, -3]}
							}
						},
						{
							"origin": [-4.75689, 17.41303, -1.71043],
							"size": [1.197, 1.40826, 3.15945],
							"pivot": [-3.55059, 18.26652, -0.1807],
							"rotation": [-29, 0, -180],
							"uv": {
								"north": {"uv": [52, 134], "uv_size": [1, 1]},
								"east": {"uv": [128, 43], "uv_size": [3, 1]},
								"south": {"uv": [53, 134], "uv_size": [1, 1]},
								"west": {"uv": [128, 80], "uv_size": [3, 1]},
								"up": {"uv": [129, 29], "uv_size": [1, 3]},
								"down": {"uv": [129, 35], "uv_size": [1, -3]}
							}
						},
						{
							"origin": [-5.02827, 18.25929, -1.71043],
							"size": [1.84697, 1.13318, 3.15945],
							"pivot": [-3.55059, 18.26652, -0.1807],
							"rotation": [-24.42106, -16.14537, 148.51606],
							"uv": {
								"north": {"uv": [132, 79], "uv_size": [2, 1]},
								"east": {"uv": [117, 31], "uv_size": [3, 1]},
								"south": {"uv": [80, 132], "uv_size": [2, 1]},
								"west": {"uv": [125, 90], "uv_size": [3, 1]},
								"up": {"uv": [92, 127], "uv_size": [2, 3]},
								"down": {"uv": [127, 98], "uv_size": [2, -3]}
							}
						},
						{
							"origin": [-3.49103, 16.39302, 11.06789],
							"size": [1.87846, 4.5687, 16.33099],
							"pivot": [-3.51616, 14.51955, 19.10428],
							"rotation": [1, 0, -180],
							"uv": {
								"north": {"uv": [122, 102], "uv_size": [2, 5]},
								"east": {"uv": [84, 82], "uv_size": [16, 5]},
								"south": {"uv": [122, 109], "uv_size": [2, 5]},
								"west": {"uv": [84, 87], "uv_size": [16, 5]},
								"up": {"uv": [50, 97], "uv_size": [2, 16]},
								"down": {"uv": [96, 113], "uv_size": [2, -16]}
							}
						},
						{
							"origin": [-3.55704, 20.95928, 25.0807],
							"size": [1.94447, 3.7908, 2.31818],
							"pivot": [-3.51616, 14.51955, 19.10428],
							"rotation": [1, 0, -180],
							"uv": {
								"north": {"uv": [70, 125], "uv_size": [2, 4]},
								"east": {"uv": [125, 82], "uv_size": [2, 4]},
								"south": {"uv": [125, 95], "uv_size": [2, 4]},
								"west": {"uv": [98, 125], "uv_size": [2, 4]},
								"up": {"uv": [129, 21], "uv_size": [2, 2]},
								"down": {"uv": [129, 26], "uv_size": [2, -2]}
							}
						},
						{
							"origin": [-3.49103, 14.98309, 27.39888],
							"size": [1.87846, 9.76699, 2.51327],
							"pivot": [-3.51616, 14.51955, 19.10428],
							"rotation": [1, 0, -180],
							"uv": {
								"north": {"uv": [78, 111], "uv_size": [2, 10]},
								"east": {"uv": [79, 101], "uv_size": [3, 10]},
								"south": {"uv": [80, 111], "uv_size": [2, 10]},
								"west": {"uv": [98, 101], "uv_size": [3, 10]},
								"up": {"uv": [127, 27], "uv_size": [2, 3]},
								"down": {"uv": [127, 33], "uv_size": [2, -3]}
							}
						},
						{
							"origin": [-5.2058, 15.70926, 27.39898],
							"size": [1.84697, 4.67342, 2.56029],
							"pivot": [-3.45006, 17.21955, 19.10428],
							"rotation": [1, 0, -180],
							"uv": {
								"north": {"uv": [118, 122], "uv_size": [2, 5]},
								"east": {"uv": [116, 85], "uv_size": [3, 5]},
								"south": {"uv": [120, 122], "uv_size": [2, 5]},
								"west": {"uv": [117, 24], "uv_size": [3, 5]},
								"up": {"uv": [127, 33], "uv_size": [2, 3]},
								"down": {"uv": [127, 39], "uv_size": [2, -3]}
							}
						},
						{
							"origin": [-3.35882, 15.70926, 27.39898],
							"size": [1.87846, 4.67342, 2.56029],
							"pivot": [-3.45006, 17.21955, 19.10428],
							"rotation": [1, 0, -180],
							"uv": {
								"north": {"uv": [122, 122], "uv_size": [2, 5]},
								"east": {"uv": [48, 117], "uv_size": [3, 5]},
								"south": {"uv": [123, 84], "uv_size": [2, 5]},
								"west": {"uv": [92, 117], "uv_size": [3, 5]},
								"up": {"uv": [48, 127], "uv_size": [2, 3]},
								"down": {"uv": [127, 84], "uv_size": [2, -3]}
							}
						},
						{
							"origin": [-3.22545, 12.81518, -0.90179],
							"size": [1.53972, 3.74284, 4.33806],
							"pivot": [-3.219, 14.3516, 0.73124],
							"rotation": [-34, 0, -180],
							"uv": {
								"north": {"uv": [103, 125], "uv_size": [2, 4]},
								"east": {"uv": [60, 116], "uv_size": [4, 4]},
								"south": {"uv": [105, 125], "uv_size": [2, 4]},
								"west": {"uv": [64, 116], "uv_size": [4, 4]},
								"up": {"uv": [107, 125], "uv_size": [2, 4]},
								"down": {"uv": [112, 129], "uv_size": [2, -4]}
							}
						},
						{
							"origin": [-4.2654, 4.71942, -3.48177],
							"size": [2.21499, 3.97541, 7.65137],
							"pivot": [-3.74988, 10.92709, 1.95297],
							"rotation": [17.5, 0, -180],
							"uv": {
								"north": {"uv": [114, 125], "uv_size": [2, 4]},
								"east": {"uv": [98, 97], "uv_size": [8, 4]},
								"south": {"uv": [116, 125], "uv_size": [2, 4]},
								"west": {"uv": [99, 24], "uv_size": [8, 4]},
								"up": {"uv": [116, 102], "uv_size": [2, 8]},
								"down": {"uv": [116, 118], "uv_size": [2, -8]}
							}
						}
					]
				},
				{
					"name": "Barrel",
					"parent": "gun",
					"pivot": [-3.60837, 15.17531, -21.88374],
					"cubes": [
						{
							"origin": [-6.43983, 21.93845, -97.02459],
							"size": [1.66093, 0.93301, 83.7457],
							"inflate": 0.002,
							"uv": {
								"north": {"uv": [61, 129], "uv_size": [2, 1]},
								"east": {"uv": [84, 44], "uv_size": [84, 1]},
								"south": {"uv": [70, 129], "uv_size": [2, 1]},
								"west": {"uv": [84, 45], "uv_size": [84, 1]},
								"up": {"uv": [32, 0], "uv_size": [2, 84]},
								"down": {"uv": [34, 84], "uv_size": [2, -84]}
							}
						},
						{
							"origin": [-6.43983, 18.96089, -97.02459],
							"size": [1.66093, 0.93301, 83.7457],
							"inflate": 0.002,
							"uv": {
								"north": {"uv": [76, 129], "uv_size": [2, 1]},
								"east": {"uv": [84, 46], "uv_size": [84, 1]},
								"south": {"uv": [78, 129], "uv_size": [2, 1]},
								"west": {"uv": [84, 47], "uv_size": [84, 1]},
								"up": {"uv": [36, 0], "uv_size": [2, 84]},
								"down": {"uv": [38, 84], "uv_size": [2, -84]}
							}
						},
						{
							"origin": [-6.43983, 19.26089, -57.12459],
							"size": [1.66093, 0.73301, 43.7457],
							"inflate": 0.002,
							"uv": {
								"north": {"uv": [20, 132], "uv_size": [2, 1]},
								"east": {"uv": [84, 92], "uv_size": [44, 1]},
								"south": {"uv": [132, 20], "uv_size": [2, 1]},
								"west": {"uv": [84, 93], "uv_size": [44, 1]},
								"up": {"uv": [68, 44], "uv_size": [2, 44]},
								"down": {"uv": [70, 88], "uv_size": [2, -44]}
							}
						},
						{
							"origin": [-6.43983, 21.86089, -57.12459],
							"size": [1.66093, 0.73301, 43.7457],
							"inflate": 0.002,
							"uv": {
								"north": {"uv": [22, 132], "uv_size": [2, 1]},
								"east": {"uv": [95, 1], "uv_size": [44, 1]},
								"south": {"uv": [132, 23], "uv_size": [2, 1]},
								"west": {"uv": [95, 2], "uv_size": [44, 1]},
								"up": {"uv": [72, 44], "uv_size": [2, 44]},
								"down": {"uv": [74, 88], "uv_size": [2, -44]}
							}
						},
						{
							"origin": [-10.53983, 23.68589, -57.12459],
							"size": [1.46093, 0.70801, 43.7457],
							"inflate": 0.002,
							"pivot": [-8.60937, 19.72739, -13.75174],
							"rotation": [0, 0, 90],
							"uv": {
								"north": {"uv": [19, 134], "uv_size": [1, 1]},
								"east": {"uv": [84, 94], "uv_size": [44, 1]},
								"south": {"uv": [134, 19], "uv_size": [1, 1]},
								"west": {"uv": [95, 0], "uv_size": [44, 1]},
								"up": {"uv": [84, 95], "uv_size": [1, 44]},
								"down": {"uv": [85, 139], "uv_size": [1, -44]}
							}
						},
						{
							"origin": [-10.53983, 21.08589, -57.12459],
							"size": [1.46093, 0.68301, 43.7457],
							"inflate": 0.002,
							"pivot": [-8.60937, 19.72739, -13.75174],
							"rotation": [0, 0, 90],
							"uv": {
								"north": {"uv": [20, 134], "uv_size": [1, 1]},
								"east": {"uv": [95, 3], "uv_size": [44, 1]},
								"south": {"uv": [134, 20], "uv_size": [1, 1]},
								"west": {"uv": [95, 4], "uv_size": [44, 1]},
								"up": {"uv": [86, 95], "uv_size": [1, 44]},
								"down": {"uv": [87, 139], "uv_size": [1, -44]}
							}
						},
						{
							"origin": [-6.53983, 21.08589, -57.12459],
							"size": [1.46093, 0.68301, 43.7457],
							"inflate": 0.002,
							"pivot": [-4.60937, 19.72739, -13.75174],
							"rotation": [0, 0, 90],
							"uv": {
								"north": {"uv": [22, 134], "uv_size": [1, 1]},
								"east": {"uv": [95, 11], "uv_size": [44, 1]},
								"south": {"uv": [134, 22], "uv_size": [1, 1]},
								"west": {"uv": [95, 12], "uv_size": [44, 1]},
								"up": {"uv": [90, 95], "uv_size": [1, 44]},
								"down": {"uv": [91, 139], "uv_size": [1, -44]}
							}
						},
						{
							"origin": [-2.43983, 21.86089, -57.12459],
							"size": [1.66093, 0.73301, 43.7457],
							"inflate": 0.002,
							"uv": {
								"north": {"uv": [132, 26], "uv_size": [2, 1]},
								"east": {"uv": [95, 9], "uv_size": [44, 1]},
								"south": {"uv": [132, 27], "uv_size": [2, 1]},
								"west": {"uv": [95, 10], "uv_size": [44, 1]},
								"up": {"uv": [80, 44], "uv_size": [2, 44]},
								"down": {"uv": [82, 88], "uv_size": [2, -44]}
							}
						},
						{
							"origin": [-6.53983, 23.68589, -57.12459],
							"size": [1.46093, 0.70801, 43.7457],
							"inflate": 0.002,
							"pivot": [-4.60937, 19.72739, -13.75174],
							"rotation": [0, 0, 90],
							"uv": {
								"north": {"uv": [21, 134], "uv_size": [1, 1]},
								"east": {"uv": [95, 7], "uv_size": [44, 1]},
								"south": {"uv": [134, 21], "uv_size": [1, 1]},
								"west": {"uv": [95, 8], "uv_size": [44, 1]},
								"up": {"uv": [88, 95], "uv_size": [1, 44]},
								"down": {"uv": [89, 139], "uv_size": [1, -44]}
							}
						},
						{
							"origin": [-2.43983, 19.26089, -57.12459],
							"size": [1.66093, 0.73301, 43.7457],
							"inflate": 0.002,
							"uv": {
								"north": {"uv": [24, 132], "uv_size": [2, 1]},
								"east": {"uv": [95, 5], "uv_size": [44, 1]},
								"south": {"uv": [26, 132], "uv_size": [2, 1]},
								"west": {"uv": [95, 6], "uv_size": [44, 1]},
								"up": {"uv": [76, 44], "uv_size": [2, 44]},
								"down": {"uv": [78, 88], "uv_size": [2, -44]}
							}
						},
						{
							"origin": [-6.43983, 18.85818, -97.02459],
							"size": [1.66093, 0.93301, 83.7457],
							"inflate": 0.002,
							"pivot": [-5.60937, 20.91617, -24.73424],
							"rotation": [0, 0, -90],
							"uv": {
								"north": {"uv": [80, 129], "uv_size": [2, 1]},
								"east": {"uv": [84, 48], "uv_size": [84, 1]},
								"south": {"uv": [129, 81], "uv_size": [2, 1]},
								"west": {"uv": [84, 49], "uv_size": [84, 1]},
								"up": {"uv": [40, 0], "uv_size": [2, 84]},
								"down": {"uv": [42, 84], "uv_size": [2, -84]}
							}
						},
						{
							"origin": [-6.31593, 18.9127, -97.02459],
							"size": [1.66094, 0.93301, 83.7457],
							"inflate": 0.002,
							"pivot": [-5.60937, 20.91617, -24.73424],
							"rotation": [0, 0, -42.5],
							"uv": {
								"north": {"uv": [129, 82], "uv_size": [2, 1]},
								"east": {"uv": [84, 50], "uv_size": [84, 1]},
								"south": {"uv": [129, 83], "uv_size": [2, 1]},
								"west": {"uv": [84, 51], "uv_size": [84, 1]},
								"up": {"uv": [44, 0], "uv_size": [2, 84]},
								"down": {"uv": [46, 84], "uv_size": [2, -84]}
							}
						},
						{
							"origin": [-6.56374, 21.98663, -97.02459],
							"size": [1.66094, 0.93301, 83.7457],
							"inflate": 0.002,
							"pivot": [-5.60937, 20.91617, -24.73424],
							"rotation": [0, 0, -42.5],
							"uv": {
								"north": {"uv": [129, 84], "uv_size": [2, 1]},
								"east": {"uv": [84, 52], "uv_size": [84, 1]},
								"south": {"uv": [129, 85], "uv_size": [2, 1]},
								"west": {"uv": [84, 53], "uv_size": [84, 1]},
								"up": {"uv": [0, 48], "uv_size": [2, 84]},
								"down": {"uv": [48, 84], "uv_size": [2, -84]}
							}
						},
						{
							"origin": [-6.56374, 18.9127, -97.02459],
							"size": [1.66094, 0.93301, 83.7457],
							"inflate": 0.002,
							"pivot": [-5.60937, 20.91617, -24.73424],
							"rotation": [0, 0, 42.5],
							"uv": {
								"north": {"uv": [95, 129], "uv_size": [2, 1]},
								"east": {"uv": [84, 54], "uv_size": [84, 1]},
								"south": {"uv": [129, 95], "uv_size": [2, 1]},
								"west": {"uv": [84, 55], "uv_size": [84, 1]},
								"up": {"uv": [2, 48], "uv_size": [2, 84]},
								"down": {"uv": [4, 132], "uv_size": [2, -84]}
							}
						},
						{
							"origin": [-6.31593, 21.98663, -97.02459],
							"size": [1.66094, 0.93301, 83.7457],
							"inflate": 0.002,
							"pivot": [-5.60937, 20.91617, -24.73424],
							"rotation": [0, 0, 42.5],
							"uv": {
								"north": {"uv": [129, 96], "uv_size": [2, 1]},
								"east": {"uv": [84, 56], "uv_size": [84, 1]},
								"south": {"uv": [129, 97], "uv_size": [2, 1]},
								"west": {"uv": [84, 57], "uv_size": [84, 1]},
								"up": {"uv": [6, 48], "uv_size": [2, 84]},
								"down": {"uv": [8, 132], "uv_size": [2, -84]}
							}
						},
						{
							"origin": [-6.43983, 22.04115, -97.02459],
							"size": [1.66093, 0.93301, 83.7457],
							"inflate": 0.002,
							"pivot": [-5.60937, 20.91617, -24.73424],
							"rotation": [0, 0, -90],
							"uv": {
								"north": {"uv": [98, 129], "uv_size": [2, 1]},
								"east": {"uv": [84, 58], "uv_size": [84, 1]},
								"south": {"uv": [103, 129], "uv_size": [2, 1]},
								"west": {"uv": [84, 59], "uv_size": [84, 1]},
								"up": {"uv": [10, 48], "uv_size": [2, 84]},
								"down": {"uv": [12, 132], "uv_size": [2, -84]}
							}
						},
						{
							"origin": [-2.43983, 21.93845, -97.02459],
							"size": [1.66093, 0.93301, 83.7457],
							"inflate": 0.002,
							"uv": {
								"north": {"uv": [130, 33], "uv_size": [2, 1]},
								"east": {"uv": [84, 74], "uv_size": [84, 1]},
								"south": {"uv": [130, 34], "uv_size": [2, 1]},
								"west": {"uv": [84, 75], "uv_size": [84, 1]},
								"up": {"uv": [60, 0], "uv_size": [2, 84]},
								"down": {"uv": [62, 84], "uv_size": [2, -84]}
							}
						},
						{
							"origin": [-4.43983, 21.73845, -97.02459],
							"size": [1.66093, 1.13301, 83.7457],
							"inflate": 0.002,
							"uv": {
								"north": {"uv": [28, 132], "uv_size": [2, 1]},
								"east": {"uv": [84, 76], "uv_size": [84, 1]},
								"south": {"uv": [132, 28], "uv_size": [2, 1]},
								"west": {"uv": [84, 77], "uv_size": [84, 1]},
								"up": {"uv": [64, 0], "uv_size": [2, 84]},
								"down": {"uv": [66, 84], "uv_size": [2, -84]}
							}
						},
						{
							"origin": [-4.33983, 23.21247, -17.02459],
							"size": [0.36093, 0.496, 0.7457],
							"inflate": 0.002,
							"uv": {
								"north": {"uv": [34, 134], "uv_size": [1, 1]},
								"east": {"uv": [134, 34], "uv_size": [1, 1]},
								"south": {"uv": [35, 134], "uv_size": [1, 1]},
								"west": {"uv": [134, 35], "uv_size": [1, 1]},
								"up": {"uv": [36, 134], "uv_size": [1, 1]},
								"down": {"uv": [134, 37], "uv_size": [1, -1]}
							}
						},
						{
							"origin": [-4.33983, 22.87546, -17.52459],
							"size": [1.46093, 0.33301, 1.2457],
							"inflate": 0.002,
							"uv": {
								"north": {"uv": [43, 134], "uv_size": [1, 1]},
								"east": {"uv": [134, 43], "uv_size": [1, 1]},
								"south": {"uv": [44, 134], "uv_size": [1, 1]},
								"west": {"uv": [45, 134], "uv_size": [1, 1]},
								"up": {"uv": [46, 134], "uv_size": [1, 1]},
								"down": {"uv": [47, 135], "uv_size": [1, -1]}
							}
						},
						{
							"origin": [-3.23983, 23.21247, -17.02459],
							"size": [0.36093, 0.496, 0.7457],
							"inflate": 0.002,
							"uv": {
								"north": {"uv": [40, 134], "uv_size": [1, 1]},
								"east": {"uv": [134, 40], "uv_size": [1, 1]},
								"south": {"uv": [41, 134], "uv_size": [1, 1]},
								"west": {"uv": [134, 41], "uv_size": [1, 1]},
								"up": {"uv": [42, 134], "uv_size": [1, 1]},
								"down": {"uv": [134, 43], "uv_size": [1, -1]}
							}
						},
						{
							"origin": [-3.7828, 22.87546, -93.22459],
							"size": [0.34687, 0.7609, 1.0609],
							"inflate": 0.002,
							"uv": {
								"north": {"uv": [37, 134], "uv_size": [1, 1]},
								"east": {"uv": [134, 37], "uv_size": [1, 1]},
								"south": {"uv": [38, 134], "uv_size": [1, 1]},
								"west": {"uv": [134, 38], "uv_size": [1, 1]},
								"up": {"uv": [39, 134], "uv_size": [1, 1]},
								"down": {"uv": [134, 40], "uv_size": [1, -1]}
							}
						},
						{
							"origin": [-2.43983, 18.96089, -97.02459],
							"size": [1.66093, 0.93301, 83.7457],
							"inflate": 0.002,
							"uv": {
								"north": {"uv": [130, 31], "uv_size": [2, 1]},
								"east": {"uv": [84, 72], "uv_size": [84, 1]},
								"south": {"uv": [130, 32], "uv_size": [2, 1]},
								"west": {"uv": [84, 73], "uv_size": [84, 1]},
								"up": {"uv": [56, 0], "uv_size": [2, 84]},
								"down": {"uv": [58, 84], "uv_size": [2, -84]}
							}
						},
						{
							"origin": [-2.43983, 18.85818, -97.02459],
							"size": [1.66093, 0.93301, 83.7457],
							"inflate": 0.002,
							"pivot": [-1.60937, 20.91617, -24.73424],
							"rotation": [0, 0, -90],
							"uv": {
								"north": {"uv": [130, 29], "uv_size": [2, 1]},
								"east": {"uv": [84, 70], "uv_size": [84, 1]},
								"south": {"uv": [130, 30], "uv_size": [2, 1]},
								"west": {"uv": [84, 71], "uv_size": [84, 1]},
								"up": {"uv": [52, 0], "uv_size": [2, 84]},
								"down": {"uv": [54, 84], "uv_size": [2, -84]}
							}
						},
						{
							"origin": [-2.31593, 18.9127, -97.02459],
							"size": [1.66094, 0.93301, 83.7457],
							"inflate": 0.002,
							"pivot": [-1.60937, 20.91617, -24.73424],
							"rotation": [0, 0, -42.5],
							"uv": {
								"north": {"uv": [130, 27], "uv_size": [2, 1]},
								"east": {"uv": [84, 68], "uv_size": [84, 1]},
								"south": {"uv": [130, 28], "uv_size": [2, 1]},
								"west": {"uv": [84, 69], "uv_size": [84, 1]},
								"up": {"uv": [30, 48], "uv_size": [2, 84]},
								"down": {"uv": [50, 84], "uv_size": [2, -84]}
							}
						},
						{
							"origin": [-2.56374, 21.98663, -97.02459],
							"size": [1.66094, 0.93301, 83.7457],
							"inflate": 0.002,
							"pivot": [-1.60937, 20.91617, -24.73424],
							"rotation": [0, 0, -42.5],
							"uv": {
								"north": {"uv": [130, 23], "uv_size": [2, 1]},
								"east": {"uv": [84, 66], "uv_size": [84, 1]},
								"south": {"uv": [130, 26], "uv_size": [2, 1]},
								"west": {"uv": [84, 67], "uv_size": [84, 1]},
								"up": {"uv": [26, 48], "uv_size": [2, 84]},
								"down": {"uv": [28, 132], "uv_size": [2, -84]}
							}
						},
						{
							"origin": [-2.56374, 18.9127, -97.02459],
							"size": [1.66094, 0.93301, 83.7457],
							"inflate": 0.002,
							"pivot": [-1.60937, 20.91617, -24.73424],
							"rotation": [0, 0, 42.5],
							"uv": {
								"north": {"uv": [114, 129], "uv_size": [2, 1]},
								"east": {"uv": [84, 64], "uv_size": [84, 1]},
								"south": {"uv": [116, 129], "uv_size": [2, 1]},
								"west": {"uv": [84, 65], "uv_size": [84, 1]},
								"up": {"uv": [22, 48], "uv_size": [2, 84]},
								"down": {"uv": [24, 132], "uv_size": [2, -84]}
							}
						},
						{
							"origin": [-2.31593, 21.98663, -97.02459],
							"size": [1.66094, 0.93301, 83.7457],
							"inflate": 0.002,
							"pivot": [-1.60937, 20.91617, -24.73424],
							"rotation": [0, 0, 42.5],
							"uv": {
								"north": {"uv": [109, 129], "uv_size": [2, 1]},
								"east": {"uv": [84, 62], "uv_size": [84, 1]},
								"south": {"uv": [112, 129], "uv_size": [2, 1]},
								"west": {"uv": [84, 63], "uv_size": [84, 1]},
								"up": {"uv": [18, 48], "uv_size": [2, 84]},
								"down": {"uv": [20, 132], "uv_size": [2, -84]}
							}
						},
						{
							"origin": [-2.43983, 22.04115, -97.02459],
							"size": [1.66093, 0.93301, 83.7457],
							"inflate": 0.002,
							"pivot": [-1.60937, 20.91617, -24.73424],
							"rotation": [0, 0, -90],
							"uv": {
								"north": {"uv": [105, 129], "uv_size": [2, 1]},
								"east": {"uv": [84, 60], "uv_size": [84, 1]},
								"south": {"uv": [107, 129], "uv_size": [2, 1]},
								"west": {"uv": [84, 61], "uv_size": [84, 1]},
								"up": {"uv": [14, 48], "uv_size": [2, 84]},
								"down": {"uv": [16, 132], "uv_size": [2, -84]}
							}
						},
						{
							"origin": [-4.65671, 17.67509, -21.43439],
							"size": [2.10745, 2.44093, 5.36975],
							"pivot": [-3.50163, 17.92966, -16.26708],
							"rotation": [-7.5, 0, 0],
							"uv": {
								"north": {"uv": [128, 100], "uv_size": [2, 2]},
								"east": {"uv": [120, 27], "uv_size": [5, 2]},
								"south": {"uv": [128, 102], "uv_size": [2, 2]},
								"west": {"uv": [120, 31], "uv_size": [5, 2]},
								"up": {"uv": [66, 120], "uv_size": [2, 5]},
								"down": {"uv": [98, 125], "uv_size": [2, -5]}
							}
						}
					]
				},
				{
					"name": "framebarrel",
					"parent": "Barrel",
					"pivot": [-3.52359, 17.03735, -36.72842],
					"rotation": [3, 0, 0],
					"cubes": [
						{
							"origin": [-3.57773, 16.35648, -30.94096],
							"size": [1.9332, 3.1435, 8.8128],
							"pivot": [-3.50163, 17.17493, -31.34532],
							"rotation": [-7.5, 0, 0],
							"uv": {
								"north": {"uv": [110, 102], "uv_size": [2, 3]},
								"east": {"uv": [104, 32], "uv_size": [9, 3]},
								"south": {"uv": [46, 126], "uv_size": [2, 3]},
								"west": {"uv": [104, 35], "uv_size": [9, 3]},
								"up": {"uv": [98, 111], "uv_size": [2, 9]},
								"down": {"uv": [103, 120], "uv_size": [2, -9]}
							}
						},
						{
							"origin": [-2.92538, 16.33417, -61.74096],
							"size": [1.37246, 1.40751, 39.56975],
							"pivot": [-3.50163, 17.17493, -31.34532],
							"rotation": [-5.7589, 4.81281, 39.75778],
							"uv": {
								"north": {"uv": [132, 91], "uv_size": [1, 1]},
								"east": {"uv": [95, 13], "uv_size": [40, 1]},
								"south": {"uv": [92, 132], "uv_size": [1, 1]},
								"west": {"uv": [95, 14], "uv_size": [40, 1]},
								"up": {"uv": [72, 96], "uv_size": [1, 40]},
								"down": {"uv": [73, 136], "uv_size": [1, -40]}
							}
						},
						{
							"origin": [-4.65671, 15.27825, -61.74096],
							"size": [2.10745, 1.84093, 39.56975],
							"pivot": [-3.50163, 17.17493, -31.34532],
							"rotation": [-7.5, 0, 0],
							"uv": {
								"north": {"uv": [126, 105], "uv_size": [2, 2]},
								"east": {"uv": [84, 78], "uv_size": [40, 2]},
								"south": {"uv": [127, 84], "uv_size": [2, 2]},
								"west": {"uv": [84, 80], "uv_size": [40, 2]},
								"up": {"uv": [32, 84], "uv_size": [2, 40]},
								"down": {"uv": [34, 124], "uv_size": [2, -40]}
							}
						},
						{
							"origin": [-5.60564, 16.46446, -61.74096],
							"size": [1.43323, 1.12982, 39.56975],
							"pivot": [-3.50163, 17.17493, -31.34532],
							"rotation": [-5.7589, -4.81281, -39.75778],
							"uv": {
								"north": {"uv": [132, 92], "uv_size": [1, 1]},
								"east": {"uv": [95, 15], "uv_size": [40, 1]},
								"south": {"uv": [93, 132], "uv_size": [1, 1]},
								"west": {"uv": [95, 16], "uv_size": [40, 1]},
								"up": {"uv": [74, 96], "uv_size": [1, 40]},
								"down": {"uv": [75, 136], "uv_size": [1, -40]}
							}
						},
						{
							"origin": [-5.38294, 16.14374, -30.94096],
							"size": [1.88161, 3.35624, 8.8128],
							"pivot": [-3.50163, 17.17493, -31.34532],
							"rotation": [-7.5, 0, 0],
							"uv": {
								"north": {"uv": [51, 126], "uv_size": [2, 3]},
								"east": {"uv": [36, 104], "uv_size": [9, 3]},
								"south": {"uv": [53, 126], "uv_size": [2, 3]},
								"west": {"uv": [103, 105], "uv_size": [9, 3]},
								"up": {"uv": [105, 111], "uv_size": [2, 9]},
								"down": {"uv": [107, 120], "uv_size": [2, -9]}
							}
						},
						{
							"origin": [-5.38294, 16.14374, -61.74096],
							"size": [1.08161, 1.55624, 17.9128],
							"pivot": [-3.50163, 17.17493, -31.34532],
							"rotation": [-7.5, 0, 0],
							"uv": {
								"north": {"uv": [130, 36], "uv_size": [1, 2]},
								"east": {"uv": [95, 22], "uv_size": [18, 2]},
								"south": {"uv": [130, 38], "uv_size": [1, 2]},
								"west": {"uv": [96, 95], "uv_size": [18, 2]},
								"up": {"uv": [100, 111], "uv_size": [1, 18]},
								"down": {"uv": [111, 126], "uv_size": [1, -18]}
							}
						},
						{
							"origin": [-2.67773, 16.35648, -36.84096],
							"size": [1.0332, 2.4435, 5.9128],
							"pivot": [-3.50163, 17.17493, -31.34532],
							"rotation": [-7.5, 0, 0],
							"uv": {
								"north": {"uv": [123, 120], "uv_size": [1, 2]},
								"east": {"uv": [118, 116], "uv_size": [6, 2]},
								"south": {"uv": [124, 29], "uv_size": [1, 2]},
								"west": {"uv": [118, 118], "uv_size": [6, 2]},
								"up": {"uv": [56, 126], "uv_size": [1, 6]},
								"down": {"uv": [60, 132], "uv_size": [1, -6]}
							}
						},
						{
							"origin": [-5.38294, 16.14374, -36.84096],
							"size": [1.08161, 2.65624, 5.9128],
							"pivot": [-3.50163, 17.17493, -31.34532],
							"rotation": [-7.5, 0, 0],
							"uv": {
								"north": {"uv": [45, 104], "uv_size": [1, 3]},
								"east": {"uv": [110, 85], "uv_size": [6, 3]},
								"south": {"uv": [95, 117], "uv_size": [1, 3]},
								"west": {"uv": [110, 88], "uv_size": [6, 3]},
								"up": {"uv": [43, 126], "uv_size": [1, 6]},
								"down": {"uv": [55, 132], "uv_size": [1, -6]}
							}
						},
						{
							"origin": [-2.67773, 16.35648, -43.84096],
							"size": [1.0332, 1.9435, 7.0128],
							"pivot": [-3.50163, 17.17493, -31.34532],
							"rotation": [-7.5, 0, 0],
							"uv": {
								"north": {"uv": [54, 129], "uv_size": [1, 2]},
								"east": {"uv": [51, 118], "uv_size": [7, 2]},
								"south": {"uv": [100, 129], "uv_size": [1, 2]},
								"west": {"uv": [118, 82], "uv_size": [7, 2]},
								"up": {"uv": [37, 126], "uv_size": [1, 7]},
								"down": {"uv": [38, 133], "uv_size": [1, -7]}
							}
						},
						{
							"origin": [-5.38294, 16.14374, -43.84096],
							"size": [1.08161, 2.15624, 7.0128],
							"pivot": [-3.50163, 17.17493, -31.34532],
							"rotation": [-7.5, 0, 0],
							"uv": {
								"north": {"uv": [125, 37], "uv_size": [1, 2]},
								"east": {"uv": [117, 29], "uv_size": [7, 2]},
								"south": {"uv": [47, 129], "uv_size": [1, 2]},
								"west": {"uv": [118, 37], "uv_size": [7, 2]},
								"up": {"uv": [126, 32], "uv_size": [1, 7]},
								"down": {"uv": [36, 133], "uv_size": [1, -7]}
							}
						},
						{
							"origin": [-2.67773, 16.35648, -61.74096],
							"size": [1.0332, 1.3435, 17.9128],
							"pivot": [-3.50163, 17.17493, -31.34532],
							"rotation": [-7.5, 0, 0],
							"uv": {
								"north": {"uv": [132, 93], "uv_size": [1, 1]},
								"east": {"uv": [103, 21], "uv_size": [18, 1]},
								"south": {"uv": [94, 132], "uv_size": [1, 1]},
								"west": {"uv": [103, 91], "uv_size": [18, 1]},
								"up": {"uv": [109, 111], "uv_size": [1, 18]},
								"down": {"uv": [110, 129], "uv_size": [1, -18]}
							}
						}
					]
				},
				{
					"name": "Bullet",
					"parent": "Barrel",
					"pivot": [-5.60888, 20.92739, -12.65174],
					"cubes": [
						{
							"origin": [-6.56386, 19.99692, -18.52459],
							"size": [1.90996, 1.86094, 5.1457],
							"inflate": 0.002,
							"uv": {
								"north": {"uv": [128, 104], "uv_size": [2, 2]},
								"east": {"uv": [120, 33], "uv_size": [5, 2]},
								"south": {"uv": [128, 106], "uv_size": [2, 2]},
								"west": {"uv": [120, 107], "uv_size": [5, 2]},
								"up": {"uv": [120, 109], "uv_size": [2, 5]},
								"down": {"uv": [112, 125], "uv_size": [2, -5]}
							}
						}
					]
				},
				{
					"name": "700ne",
					"parent": "Bullet",
					"pivot": [-5.60937, 21.71617, -32.83364],
					"cubes": [
						{
							"origin": [-6.36386, 20.19692, -22.72399],
							"size": [1.50996, 1.46094, 1.2457],
							"inflate": 0.002,
							"uv": {
								"north": {"uv": [61, 132], "uv_size": [2, 1]},
								"east": {"uv": [33, 134], "uv_size": [1, 1]},
								"south": {"uv": [63, 132], "uv_size": [2, 1]},
								"west": {"uv": [134, 33], "uv_size": [1, 1]},
								"up": {"uv": [65, 132], "uv_size": [2, 1]},
								"down": {"uv": [67, 133], "uv_size": [2, -1]}
							}
						},
						{
							"origin": [-6.46386, 20.09692, -21.47429],
							"size": [1.70996, 1.66094, 2.9457],
							"inflate": 0.002,
							"uv": {
								"north": {"uv": [128, 122], "uv_size": [2, 2]},
								"east": {"uv": [125, 114], "uv_size": [3, 2]},
								"south": {"uv": [124, 128], "uv_size": [2, 2]},
								"west": {"uv": [126, 21], "uv_size": [3, 2]},
								"up": {"uv": [126, 109], "uv_size": [2, 3]},
								"down": {"uv": [126, 119], "uv_size": [2, -3]}
							}
						}
					]
				},
				{
					"name": "Bullet2",
					"parent": "Barrel",
					"pivot": [-1.60888, 20.92739, -14.65174],
					"cubes": [
						{
							"origin": [-2.56386, 19.99692, -18.52459],
							"size": [1.90996, 1.86094, 5.1457],
							"inflate": 0.002,
							"uv": {
								"north": {"uv": [128, 108], "uv_size": [2, 2]},
								"east": {"uv": [120, 114], "uv_size": [5, 2]},
								"south": {"uv": [128, 110], "uv_size": [2, 2]},
								"west": {"uv": [118, 120], "uv_size": [5, 2]},
								"up": {"uv": [36, 121], "uv_size": [2, 5]},
								"down": {"uv": [38, 126], "uv_size": [2, -5]}
							}
						}
					]
				},
				{
					"name": "700ne2",
					"parent": "Bullet2",
					"pivot": [-5.60937, 21.71617, -29.88394],
					"cubes": [
						{
							"origin": [-2.46386, 20.09692, -21.47429],
							"size": [1.70996, 1.66094, 2.9457],
							"inflate": 0.002,
							"uv": {
								"north": {"uv": [128, 118], "uv_size": [2, 2]},
								"east": {"uv": [125, 87], "uv_size": [3, 2]},
								"south": {"uv": [128, 120], "uv_size": [2, 2]},
								"west": {"uv": [125, 107], "uv_size": [3, 2]},
								"up": {"uv": [126, 99], "uv_size": [2, 3]},
								"down": {"uv": [126, 105], "uv_size": [2, -3]}
							}
						},
						{
							"origin": [-2.36386, 20.19692, -22.72399],
							"size": [1.50996, 1.46094, 1.2457],
							"inflate": 0.002,
							"uv": {
								"north": {"uv": [51, 132], "uv_size": [2, 1]},
								"east": {"uv": [32, 134], "uv_size": [1, 1]},
								"south": {"uv": [55, 132], "uv_size": [2, 1]},
								"west": {"uv": [134, 32], "uv_size": [1, 1]},
								"up": {"uv": [57, 132], "uv_size": [2, 1]},
								"down": {"uv": [59, 133], "uv_size": [2, -1]}
							}
						}
					]
				},
				{
					"name": "frame",
					"parent": "gun",
					"pivot": [-4.22984, 14.67116, -41.64719]
				},
				{
					"name": "Frame3",
					"parent": "frame",
					"pivot": [-3.50163, 40.92966, 0.73292],
					"cubes": [
						{
							"origin": [-2.67773, 15.96653, -22.16799],
							"size": [1.0332, 5.0435, 8.8128],
							"pivot": [-3.50163, 16.78498, -22.57235],
							"rotation": [-7.5, 0, 0],
							"uv": {
								"north": {"uv": [122, 127], "uv_size": [1, 5]},
								"east": {"uv": [90, 34], "uv_size": [9, 5]},
								"south": {"uv": [123, 127], "uv_size": [1, 5]},
								"west": {"uv": [90, 39], "uv_size": [9, 5]},
								"up": {"uv": [34, 124], "uv_size": [1, 9]},
								"down": {"uv": [35, 133], "uv_size": [1, -9]}
							}
						},
						{
							"origin": [-5.60564, 16.07451, -22.16799],
							"size": [1.43323, 1.12982, 8.76975],
							"pivot": [-3.50163, 16.78498, -22.57235],
							"rotation": [-5.7589, -4.81281, -39.75778],
							"uv": {
								"north": {"uv": [133, 81], "uv_size": [1, 1]},
								"east": {"uv": [116, 90], "uv_size": [9, 1]},
								"south": {"uv": [82, 133], "uv_size": [1, 1]},
								"west": {"uv": [118, 39], "uv_size": [9, 1]},
								"up": {"uv": [50, 122], "uv_size": [1, 9]},
								"down": {"uv": [94, 131], "uv_size": [1, -9]}
							}
						},
						{
							"origin": [-5.38294, 15.75379, -22.16799],
							"size": [1.08161, 5.25624, 8.8128],
							"pivot": [-3.50163, 16.78498, -22.57235],
							"rotation": [-7.5, 0, 0],
							"uv": {
								"north": {"uv": [63, 126], "uv_size": [1, 5]},
								"east": {"uv": [90, 24], "uv_size": [9, 5]},
								"south": {"uv": [111, 126], "uv_size": [1, 5]},
								"west": {"uv": [90, 29], "uv_size": [9, 5]},
								"up": {"uv": [57, 120], "uv_size": [1, 9]},
								"down": {"uv": [97, 130], "uv_size": [1, -9]}
							}
						},
						{
							"origin": [-4.65671, 14.8883, -22.16799],
							"size": [2.10745, 2.44093, 8.76975],
							"pivot": [-3.50163, 16.78498, -22.57235],
							"rotation": [-7.5, 0, 0],
							"uv": {
								"north": {"uv": [128, 87], "uv_size": [2, 2]},
								"east": {"uv": [104, 38], "uv_size": [9, 2]},
								"south": {"uv": [128, 90], "uv_size": [2, 2]},
								"west": {"uv": [110, 100], "uv_size": [9, 2]},
								"up": {"uv": [112, 102], "uv_size": [2, 9]},
								"down": {"uv": [112, 120], "uv_size": [2, -9]}
							}
						},
						{
							"origin": [-2.92538, 15.94422, -22.16799],
							"size": [1.37246, 1.40751, 8.76975],
							"pivot": [-3.50163, 16.78498, -22.57235],
							"rotation": [-5.7589, 4.81281, 39.75778],
							"uv": {
								"north": {"uv": [133, 82], "uv_size": [1, 1]},
								"east": {"uv": [121, 23], "uv_size": [9, 1]},
								"south": {"uv": [83, 133], "uv_size": [1, 1]},
								"west": {"uv": [121, 89], "uv_size": [9, 1]},
								"up": {"uv": [32, 124], "uv_size": [1, 9]},
								"down": {"uv": [33, 133], "uv_size": [1, -9]}
							}
						}
					]
				},
				{
					"name": "Frame4",
					"parent": "frame",
					"pivot": [-3.50163, 39.92966, 10.73292],
					"cubes": [
						{
							"origin": [-3.50133, 14.81623, -13.47364],
							"size": [1.8568, 7.1435, 4.85585],
							"inflate": 0.0002,
							"pivot": [-3.50163, 15.63468, -13.83495],
							"rotation": [-7.5, 0, 0],
							"uv": {
								"north": {"uv": [44, 117], "uv_size": [2, 7]},
								"east": {"uv": [36, 97], "uv_size": [5, 7]},
								"south": {"uv": [58, 118], "uv_size": [2, 7]},
								"west": {"uv": [41, 97], "uv_size": [5, 7]},
								"up": {"uv": [111, 27], "uv_size": [2, 5]},
								"down": {"uv": [64, 125], "uv_size": [2, -5]}
							}
						},
						{
							"origin": [-5.60564, 14.92421, -13.47364],
							"size": [1.43323, 1.12982, 6.8128],
							"pivot": [-3.50163, 15.63468, -13.83495],
							"rotation": [-5.7589, -4.81281, -39.75778],
							"uv": {
								"north": {"uv": [133, 83], "uv_size": [1, 1]},
								"east": {"uv": [103, 90], "uv_size": [7, 1]},
								"south": {"uv": [133, 84], "uv_size": [1, 1]},
								"west": {"uv": [121, 91], "uv_size": [7, 1]},
								"up": {"uv": [39, 126], "uv_size": [1, 7]},
								"down": {"uv": [40, 133], "uv_size": [1, -7]}
							}
						},
						{
							"origin": [-5.38294, 20.25349, -13.47364],
							"size": [1.88161, 1.70624, 4.85585],
							"inflate": 0.0002,
							"pivot": [-3.50163, 15.63468, -13.83495],
							"rotation": [-7.5, 0, 0],
							"uv": {
								"north": {"uv": [128, 114], "uv_size": [2, 2]},
								"east": {"uv": [121, 21], "uv_size": [5, 2]},
								"south": {"uv": [128, 116], "uv_size": [2, 2]},
								"west": {"uv": [121, 35], "uv_size": [5, 2]},
								"up": {"uv": [40, 121], "uv_size": [2, 5]},
								"down": {"uv": [42, 126], "uv_size": [2, -5]}
							}
						},
						{
							"origin": [-5.38294, 14.60349, -13.47364],
							"size": [1.88161, 5.65624, 4.85585],
							"inflate": 0.0002,
							"pivot": [-3.50163, 15.63468, -13.83495],
							"rotation": [-7.5, 0, 0],
							"uv": {
								"north": {"uv": [119, 84], "uv_size": [2, 6]},
								"east": {"uv": [99, 28], "uv_size": [5, 6]},
								"south": {"uv": [51, 120], "uv_size": [2, 6]},
								"west": {"uv": [99, 34], "uv_size": [5, 6]},
								"up": {"uv": [120, 102], "uv_size": [2, 5]},
								"down": {"uv": [103, 125], "uv_size": [2, -5]}
							}
						},
						{
							"origin": [-4.75794, 19.61623, -16.07364],
							"size": [2.33841, 2.9435, 5.05585],
							"uv": {
								"north": {"uv": [61, 126], "uv_size": [2, 3]},
								"east": {"uv": [113, 37], "uv_size": [5, 3]},
								"south": {"uv": [76, 126], "uv_size": [2, 3]},
								"west": {"uv": [115, 32], "uv_size": [5, 3]},
								"up": {"uv": [105, 120], "uv_size": [2, 5]},
								"down": {"uv": [107, 125], "uv_size": [2, -5]}
							}
						},
						{
							"origin": [-4.75794, 22.51623, -13.27364],
							"size": [2.33841, 0.3435, 1.45585],
							"uv": {
								"north": {"uv": [132, 40], "uv_size": [2, 1]},
								"east": {"uv": [24, 134], "uv_size": [1, 1]},
								"south": {"uv": [132, 41], "uv_size": [2, 1]},
								"west": {"uv": [134, 24], "uv_size": [1, 1]},
								"up": {"uv": [132, 42], "uv_size": [2, 1]},
								"down": {"uv": [43, 133], "uv_size": [2, -1]}
							}
						},
						{
							"origin": [-4.75794, 20.65492, -11.74787],
							"size": [2.33841, 1.3435, 3.65585],
							"pivot": [-3.58874, 21.02667, -10.41995],
							"rotation": [-32.5, 0, 0],
							"uv": {
								"north": {"uv": [132, 29], "uv_size": [2, 1]},
								"east": {"uv": [106, 100], "uv_size": [4, 1]},
								"south": {"uv": [30, 132], "uv_size": [2, 1]},
								"west": {"uv": [107, 27], "uv_size": [4, 1]},
								"up": {"uv": [44, 124], "uv_size": [2, 4]},
								"down": {"uv": [124, 82], "uv_size": [2, -4]}
							}
						},
						{
							"origin": [-4.65671, 13.738, -13.47364],
							"size": [2.10745, 2.44093, 6.8128],
							"pivot": [-3.50163, 15.63468, -13.83495],
							"rotation": [-7.5, 0, 0],
							"uv": {
								"north": {"uv": [128, 92], "uv_size": [2, 2]},
								"east": {"uv": [118, 95], "uv_size": [7, 2]},
								"south": {"uv": [128, 98], "uv_size": [2, 2]},
								"west": {"uv": [118, 97], "uv_size": [7, 2]},
								"up": {"uv": [68, 118], "uv_size": [2, 7]},
								"down": {"uv": [70, 125], "uv_size": [2, -7]}
							}
						},
						{
							"origin": [-2.92538, 14.79392, -13.47364],
							"size": [1.37246, 1.40751, 6.8128],
							"pivot": [-3.50163, 15.63468, -13.83495],
							"rotation": [-5.7589, 4.81281, 39.75778],
							"uv": {
								"north": {"uv": [133, 85], "uv_size": [1, 1]},
								"east": {"uv": [124, 113], "uv_size": [7, 1]},
								"south": {"uv": [133, 87], "uv_size": [1, 1]},
								"west": {"uv": [125, 86], "uv_size": [7, 1]},
								"up": {"uv": [41, 126], "uv_size": [1, 7]},
								"down": {"uv": [42, 133], "uv_size": [1, -7]}
							}
						}
					]
				},
				{
					"name": "Frame2",
					"parent": "frame",
					"pivot": [-1.60937, 22.71617, 6.76576],
					"cubes": [
						{
							"origin": [-6.37324, 21.85683, -12.2539],
							"size": [1.52775, 0.85805, 1.05373],
							"inflate": 0.002,
							"uv": {
								"north": {"uv": [130, 40], "uv_size": [2, 1]},
								"east": {"uv": [95, 132], "uv_size": [1, 1]},
								"south": {"uv": [130, 41], "uv_size": [2, 1]},
								"west": {"uv": [96, 132], "uv_size": [1, 1]},
								"up": {"uv": [130, 42], "uv_size": [2, 1]},
								"down": {"uv": [44, 131], "uv_size": [2, -1]}
							}
						},
						{
							"origin": [-6.37324, 19.11747, -12.2539],
							"size": [1.52775, 0.85805, 1.05373],
							"inflate": 0.002,
							"uv": {
								"north": {"uv": [48, 130], "uv_size": [2, 1]},
								"east": {"uv": [97, 132], "uv_size": [1, 1]},
								"south": {"uv": [51, 130], "uv_size": [2, 1]},
								"west": {"uv": [132, 98], "uv_size": [1, 1]},
								"up": {"uv": [57, 130], "uv_size": [2, 1]},
								"down": {"uv": [61, 131], "uv_size": [2, -1]}
							}
						},
						{
							"origin": [-6.37324, 19.02298, -12.2539],
							"size": [1.52775, 0.85805, 1.05373],
							"inflate": 0.002,
							"pivot": [-5.60936, 20.91617, 15.61306],
							"rotation": [0, 0, -90],
							"uv": {
								"north": {"uv": [64, 130], "uv_size": [2, 1]},
								"east": {"uv": [99, 132], "uv_size": [1, 1]},
								"south": {"uv": [66, 130], "uv_size": [2, 1]},
								"west": {"uv": [132, 99], "uv_size": [1, 1]},
								"up": {"uv": [68, 130], "uv_size": [2, 1]},
								"down": {"uv": [70, 131], "uv_size": [2, -1]}
							}
						},
						{
							"origin": [-6.25924, 19.07314, -12.2539],
							"size": [1.52774, 0.85805, 1.05373],
							"inflate": 0.002,
							"pivot": [-5.60936, 20.91617, 15.61306],
							"rotation": [0, 0, -42.5],
							"uv": {
								"north": {"uv": [76, 130], "uv_size": [2, 1]},
								"east": {"uv": [100, 132], "uv_size": [1, 1]},
								"south": {"uv": [78, 130], "uv_size": [2, 1]},
								"west": {"uv": [132, 100], "uv_size": [1, 1]},
								"up": {"uv": [130, 78], "uv_size": [2, 1]},
								"down": {"uv": [130, 80], "uv_size": [2, -1]}
							}
						},
						{
							"origin": [-6.48723, 21.90116, -12.2539],
							"size": [1.52774, 0.85805, 1.05373],
							"inflate": 0.002,
							"pivot": [-5.60936, 20.91617, 15.61306],
							"rotation": [0, 0, -42.5],
							"uv": {
								"north": {"uv": [80, 130], "uv_size": [2, 1]},
								"east": {"uv": [101, 132], "uv_size": [1, 1]},
								"south": {"uv": [82, 130], "uv_size": [2, 1]},
								"west": {"uv": [132, 101], "uv_size": [1, 1]},
								"up": {"uv": [130, 87], "uv_size": [2, 1]},
								"down": {"uv": [130, 89], "uv_size": [2, -1]}
							}
						},
						{
							"origin": [-6.48723, 19.07314, -12.2539],
							"size": [1.52774, 0.85805, 1.05373],
							"inflate": 0.002,
							"pivot": [-5.60936, 20.91617, 15.61306],
							"rotation": [0, 0, 42.5],
							"uv": {
								"north": {"uv": [130, 89], "uv_size": [2, 1]},
								"east": {"uv": [102, 132], "uv_size": [1, 1]},
								"south": {"uv": [130, 90], "uv_size": [2, 1]},
								"west": {"uv": [132, 102], "uv_size": [1, 1]},
								"up": {"uv": [130, 91], "uv_size": [2, 1]},
								"down": {"uv": [92, 131], "uv_size": [2, -1]}
							}
						},
						{
							"origin": [-6.25924, 21.90116, -12.2539],
							"size": [1.52774, 0.85805, 1.05373],
							"inflate": 0.002,
							"pivot": [-5.60936, 20.91617, 15.61306],
							"rotation": [0, 0, 42.5],
							"uv": {
								"north": {"uv": [130, 92], "uv_size": [2, 1]},
								"east": {"uv": [103, 132], "uv_size": [1, 1]},
								"south": {"uv": [130, 93], "uv_size": [2, 1]},
								"west": {"uv": [132, 103], "uv_size": [1, 1]},
								"up": {"uv": [95, 130], "uv_size": [2, 1]},
								"down": {"uv": [97, 131], "uv_size": [2, -1]}
							}
						},
						{
							"origin": [-6.37324, 21.95132, -12.2539],
							"size": [1.52775, 0.85804, 1.05373],
							"inflate": 0.002,
							"pivot": [-5.60936, 20.91617, 15.61306],
							"rotation": [0, 0, -90],
							"uv": {
								"north": {"uv": [130, 98], "uv_size": [2, 1]},
								"east": {"uv": [104, 132], "uv_size": [1, 1]},
								"south": {"uv": [130, 99], "uv_size": [2, 1]},
								"west": {"uv": [132, 104], "uv_size": [1, 1]},
								"up": {"uv": [130, 100], "uv_size": [2, 1]},
								"down": {"uv": [101, 131], "uv_size": [2, -1]}
							}
						},
						{
							"origin": [-2.37324, 21.85683, -12.2539],
							"size": [1.52775, 0.85805, 1.05373],
							"inflate": 0.002,
							"uv": {
								"north": {"uv": [130, 101], "uv_size": [2, 1]},
								"east": {"uv": [105, 132], "uv_size": [1, 1]},
								"south": {"uv": [130, 102], "uv_size": [2, 1]},
								"west": {"uv": [132, 105], "uv_size": [1, 1]},
								"up": {"uv": [103, 130], "uv_size": [2, 1]},
								"down": {"uv": [130, 104], "uv_size": [2, -1]}
							}
						},
						{
							"origin": [-2.37324, 19.11747, -12.2539],
							"size": [1.52775, 0.85805, 1.05373],
							"inflate": 0.002,
							"uv": {
								"north": {"uv": [130, 104], "uv_size": [2, 1]},
								"east": {"uv": [106, 132], "uv_size": [1, 1]},
								"south": {"uv": [105, 130], "uv_size": [2, 1]},
								"west": {"uv": [132, 106], "uv_size": [1, 1]},
								"up": {"uv": [130, 105], "uv_size": [2, 1]},
								"down": {"uv": [130, 107], "uv_size": [2, -1]}
							}
						},
						{
							"origin": [-2.37324, 19.02298, -12.2539],
							"size": [1.52775, 0.85805, 1.05373],
							"inflate": 0.002,
							"pivot": [-1.60936, 20.91617, 15.61306],
							"rotation": [0, 0, -90],
							"uv": {
								"north": {"uv": [107, 130], "uv_size": [2, 1]},
								"east": {"uv": [107, 132], "uv_size": [1, 1]},
								"south": {"uv": [130, 107], "uv_size": [2, 1]},
								"west": {"uv": [132, 107], "uv_size": [1, 1]},
								"up": {"uv": [130, 108], "uv_size": [2, 1]},
								"down": {"uv": [109, 131], "uv_size": [2, -1]}
							}
						},
						{
							"origin": [-2.25924, 19.07314, -12.2539],
							"size": [1.52774, 0.85805, 1.05373],
							"inflate": 0.002,
							"pivot": [-1.60936, 20.91617, 15.61306],
							"rotation": [0, 0, -42.5],
							"uv": {
								"north": {"uv": [130, 109], "uv_size": [2, 1]},
								"east": {"uv": [108, 132], "uv_size": [1, 1]},
								"south": {"uv": [130, 110], "uv_size": [2, 1]},
								"west": {"uv": [132, 108], "uv_size": [1, 1]},
								"up": {"uv": [130, 111], "uv_size": [2, 1]},
								"down": {"uv": [112, 131], "uv_size": [2, -1]}
							}
						},
						{
							"origin": [-2.48723, 21.90116, -12.2539],
							"size": [1.52774, 0.85805, 1.05373],
							"inflate": 0.002,
							"pivot": [-1.60936, 20.91617, 15.61306],
							"rotation": [0, 0, -42.5],
							"uv": {
								"north": {"uv": [130, 112], "uv_size": [2, 1]},
								"east": {"uv": [109, 132], "uv_size": [1, 1]},
								"south": {"uv": [114, 130], "uv_size": [2, 1]},
								"west": {"uv": [132, 109], "uv_size": [1, 1]},
								"up": {"uv": [130, 114], "uv_size": [2, 1]},
								"down": {"uv": [130, 116], "uv_size": [2, -1]}
							}
						},
						{
							"origin": [-2.48723, 19.07314, -12.2539],
							"size": [1.52774, 0.85805, 1.05373],
							"inflate": 0.002,
							"pivot": [-1.60936, 20.91617, 15.61306],
							"rotation": [0, 0, 42.5],
							"uv": {
								"north": {"uv": [116, 130], "uv_size": [2, 1]},
								"east": {"uv": [110, 132], "uv_size": [1, 1]},
								"south": {"uv": [130, 116], "uv_size": [2, 1]},
								"west": {"uv": [132, 110], "uv_size": [1, 1]},
								"up": {"uv": [130, 117], "uv_size": [2, 1]},
								"down": {"uv": [118, 131], "uv_size": [2, -1]}
							}
						},
						{
							"origin": [-2.25924, 21.90116, -12.2539],
							"size": [1.52774, 0.85805, 1.05373],
							"inflate": 0.002,
							"pivot": [-1.60936, 20.91617, 15.61306],
							"rotation": [0, 0, 42.5],
							"uv": {
								"north": {"uv": [130, 118], "uv_size": [2, 1]},
								"east": {"uv": [111, 132], "uv_size": [1, 1]},
								"south": {"uv": [130, 119], "uv_size": [2, 1]},
								"west": {"uv": [132, 111], "uv_size": [1, 1]},
								"up": {"uv": [120, 130], "uv_size": [2, 1]},
								"down": {"uv": [130, 121], "uv_size": [2, -1]}
							}
						},
						{
							"origin": [-2.37324, 21.95132, -12.2539],
							"size": [1.52775, 0.85804, 1.05373],
							"inflate": 0.002,
							"pivot": [-1.60936, 20.91617, 15.61306],
							"rotation": [0, 0, -90],
							"uv": {
								"north": {"uv": [130, 121], "uv_size": [2, 1]},
								"east": {"uv": [112, 132], "uv_size": [1, 1]},
								"south": {"uv": [130, 122], "uv_size": [2, 1]},
								"west": {"uv": [132, 112], "uv_size": [1, 1]},
								"up": {"uv": [130, 123], "uv_size": [2, 1]},
								"down": {"uv": [124, 131], "uv_size": [2, -1]}
							}
						}
					]
				},
				{
					"name": "bone",
					"parent": "Frame2",
					"pivot": [-1.60936, 21.71617, 13.05085],
					"cubes": [
						{
							"origin": [-2.31197, 21.78173, -11.61159],
							"size": [1.40521, 0.78909, 0.96911],
							"inflate": 0.002,
							"uv": {
								"north": {"uv": [6, 133], "uv_size": [1, 1]},
								"east": {"uv": [7, 133], "uv_size": [1, 1]},
								"south": {"uv": [8, 133], "uv_size": [1, 1]},
								"west": {"uv": [9, 133], "uv_size": [1, 1]},
								"up": {"uv": [10, 133], "uv_size": [1, 1]},
								"down": {"uv": [11, 134], "uv_size": [1, -1]}
							}
						},
						{
							"origin": [-2.61197, 19.98173, -11.51159],
							"size": [2.00521, 1.98909, 0.96911],
							"inflate": 0.002,
							"pivot": [-1.60936, 20.97628, -11.02704],
							"rotation": [0, 0, -50],
							"uv": {
								"north": {"uv": [128, 39], "uv_size": [2, 2]},
								"east": {"uv": [53, 130], "uv_size": [1, 2]},
								"south": {"uv": [128, 41], "uv_size": [2, 2]},
								"west": {"uv": [59, 130], "uv_size": [1, 2]},
								"up": {"uv": [130, 124], "uv_size": [2, 1]},
								"down": {"uv": [130, 126], "uv_size": [2, -1]}
							}
						},
						{
							"origin": [-6.61197, 19.98173, -11.51159],
							"size": [2.00521, 1.98909, 0.96911],
							"inflate": 0.002,
							"pivot": [-5.60936, 20.97628, -11.02704],
							"rotation": [0, 0, 50],
							"uv": {
								"north": {"uv": [44, 128], "uv_size": [2, 2]},
								"east": {"uv": [99, 130], "uv_size": [1, 2]},
								"south": {"uv": [128, 78], "uv_size": [2, 2]},
								"west": {"uv": [126, 130], "uv_size": [1, 2]},
								"up": {"uv": [130, 126], "uv_size": [2, 1]},
								"down": {"uv": [127, 131], "uv_size": [2, -1]}
							}
						},
						{
							"origin": [-2.20709, 21.82252, -11.61159],
							"size": [1.4052, 0.78908, 0.96911],
							"inflate": 0.002,
							"pivot": [-1.60936, 20.91617, 14.02585],
							"rotation": [0, 0, 42.5],
							"uv": {
								"north": {"uv": [0, 133], "uv_size": [1, 1]},
								"east": {"uv": [1, 133], "uv_size": [1, 1]},
								"south": {"uv": [2, 133], "uv_size": [1, 1]},
								"west": {"uv": [3, 133], "uv_size": [1, 1]},
								"up": {"uv": [4, 133], "uv_size": [1, 1]},
								"down": {"uv": [5, 134], "uv_size": [1, -1]}
							}
						},
						{
							"origin": [-2.31197, 19.1746, -11.61159],
							"size": [1.40521, 0.78908, 0.96911],
							"inflate": 0.002,
							"pivot": [-1.60936, 20.91617, 14.02585],
							"rotation": [0, 0, -90],
							"uv": {
								"north": {"uv": [132, 128], "uv_size": [1, 1]},
								"east": {"uv": [129, 132], "uv_size": [1, 1]},
								"south": {"uv": [132, 129], "uv_size": [1, 1]},
								"west": {"uv": [130, 132], "uv_size": [1, 1]},
								"up": {"uv": [131, 132], "uv_size": [1, 1]},
								"down": {"uv": [132, 133], "uv_size": [1, -1]}
							}
						},
						{
							"origin": [-2.20709, 19.22074, -11.61159],
							"size": [1.4052, 0.78909, 0.96911],
							"inflate": 0.002,
							"pivot": [-1.60936, 20.91617, 14.02585],
							"rotation": [0, 0, -42.5],
							"uv": {
								"north": {"uv": [132, 125], "uv_size": [1, 1]},
								"east": {"uv": [126, 132], "uv_size": [1, 1]},
								"south": {"uv": [132, 126], "uv_size": [1, 1]},
								"west": {"uv": [127, 132], "uv_size": [1, 1]},
								"up": {"uv": [132, 127], "uv_size": [1, 1]},
								"down": {"uv": [128, 133], "uv_size": [1, -1]}
							}
						},
						{
							"origin": [-2.31197, 19.26153, -11.61159],
							"size": [1.40521, 0.78908, 0.96911],
							"inflate": 0.002,
							"uv": {
								"north": {"uv": [132, 122], "uv_size": [1, 1]},
								"east": {"uv": [123, 132], "uv_size": [1, 1]},
								"south": {"uv": [132, 123], "uv_size": [1, 1]},
								"west": {"uv": [124, 132], "uv_size": [1, 1]},
								"up": {"uv": [132, 124], "uv_size": [1, 1]},
								"down": {"uv": [125, 133], "uv_size": [1, -1]}
							}
						},
						{
							"origin": [-2.41684, 19.22074, -11.61159],
							"size": [1.4052, 0.78909, 0.96911],
							"inflate": 0.002,
							"pivot": [-1.60936, 20.91617, 14.02585],
							"rotation": [0, 0, 42.5],
							"uv": {
								"north": {"uv": [132, 119], "uv_size": [1, 1]},
								"east": {"uv": [120, 132], "uv_size": [1, 1]},
								"south": {"uv": [132, 120], "uv_size": [1, 1]},
								"west": {"uv": [121, 132], "uv_size": [1, 1]},
								"up": {"uv": [132, 121], "uv_size": [1, 1]},
								"down": {"uv": [122, 133], "uv_size": [1, -1]}
							}
						},
						{
							"origin": [-2.31197, 21.86866, -11.61159],
							"size": [1.40521, 0.78909, 0.96911],
							"inflate": 0.002,
							"pivot": [-1.60936, 20.91617, 14.02585],
							"rotation": [0, 0, -90],
							"uv": {
								"north": {"uv": [132, 116], "uv_size": [1, 1]},
								"east": {"uv": [117, 132], "uv_size": [1, 1]},
								"south": {"uv": [132, 117], "uv_size": [1, 1]},
								"west": {"uv": [118, 132], "uv_size": [1, 1]},
								"up": {"uv": [132, 118], "uv_size": [1, 1]},
								"down": {"uv": [119, 133], "uv_size": [1, -1]}
							}
						},
						{
							"origin": [-2.41684, 21.82252, -11.61159],
							"size": [1.4052, 0.78908, 0.96911],
							"inflate": 0.002,
							"pivot": [-1.60936, 20.91617, 14.02585],
							"rotation": [0, 0, -42.5],
							"uv": {
								"north": {"uv": [113, 132], "uv_size": [1, 1]},
								"east": {"uv": [114, 132], "uv_size": [1, 1]},
								"south": {"uv": [132, 114], "uv_size": [1, 1]},
								"west": {"uv": [115, 132], "uv_size": [1, 1]},
								"up": {"uv": [132, 115], "uv_size": [1, 1]},
								"down": {"uv": [116, 133], "uv_size": [1, -1]}
							}
						}
					]
				},
				{
					"name": "bone2",
					"parent": "Frame2",
					"pivot": [-5.60936, 21.71617, 13.05085],
					"cubes": [
						{
							"origin": [-6.31197, 21.78173, -11.61159],
							"size": [1.40521, 0.78909, 0.96911],
							"inflate": 0.002,
							"uv": {
								"north": {"uv": [12, 133], "uv_size": [1, 1]},
								"east": {"uv": [13, 133], "uv_size": [1, 1]},
								"south": {"uv": [14, 133], "uv_size": [1, 1]},
								"west": {"uv": [15, 133], "uv_size": [1, 1]},
								"up": {"uv": [16, 133], "uv_size": [1, 1]},
								"down": {"uv": [17, 134], "uv_size": [1, -1]}
							}
						},
						{
							"origin": [-6.20709, 21.82252, -11.61159],
							"size": [1.4052, 0.78908, 0.96911],
							"inflate": 0.002,
							"pivot": [-5.60936, 20.91617, 14.02585],
							"rotation": [0, 0, 42.5],
							"uv": {
								"north": {"uv": [18, 133], "uv_size": [1, 1]},
								"east": {"uv": [133, 18], "uv_size": [1, 1]},
								"south": {"uv": [19, 133], "uv_size": [1, 1]},
								"west": {"uv": [133, 19], "uv_size": [1, 1]},
								"up": {"uv": [20, 133], "uv_size": [1, 1]},
								"down": {"uv": [21, 134], "uv_size": [1, -1]}
							}
						},
						{
							"origin": [-6.31197, 19.1746, -11.61159],
							"size": [1.40521, 0.78908, 0.96911],
							"inflate": 0.002,
							"pivot": [-5.60936, 20.91617, 14.02585],
							"rotation": [0, 0, -90],
							"uv": {
								"north": {"uv": [133, 21], "uv_size": [1, 1]},
								"east": {"uv": [22, 133], "uv_size": [1, 1]},
								"south": {"uv": [133, 22], "uv_size": [1, 1]},
								"west": {"uv": [23, 133], "uv_size": [1, 1]},
								"up": {"uv": [24, 133], "uv_size": [1, 1]},
								"down": {"uv": [133, 25], "uv_size": [1, -1]}
							}
						},
						{
							"origin": [-6.20709, 19.22074, -11.61159],
							"size": [1.4052, 0.78909, 0.96911],
							"inflate": 0.002,
							"pivot": [-5.60936, 20.91617, 14.02585],
							"rotation": [0, 0, -42.5],
							"uv": {
								"north": {"uv": [25, 133], "uv_size": [1, 1]},
								"east": {"uv": [133, 25], "uv_size": [1, 1]},
								"south": {"uv": [26, 133], "uv_size": [1, 1]},
								"west": {"uv": [27, 133], "uv_size": [1, 1]},
								"up": {"uv": [28, 133], "uv_size": [1, 1]},
								"down": {"uv": [29, 134], "uv_size": [1, -1]}
							}
						},
						{
							"origin": [-6.31197, 19.26153, -11.61159],
							"size": [1.40521, 0.78908, 0.96911],
							"inflate": 0.002,
							"uv": {
								"north": {"uv": [30, 133], "uv_size": [1, 1]},
								"east": {"uv": [31, 133], "uv_size": [1, 1]},
								"south": {"uv": [32, 133], "uv_size": [1, 1]},
								"west": {"uv": [133, 32], "uv_size": [1, 1]},
								"up": {"uv": [33, 133], "uv_size": [1, 1]},
								"down": {"uv": [133, 34], "uv_size": [1, -1]}
							}
						},
						{
							"origin": [-6.41684, 19.22074, -11.61159],
							"size": [1.4052, 0.78909, 0.96911],
							"inflate": 0.002,
							"pivot": [-5.60936, 20.91617, 14.02585],
							"rotation": [0, 0, 42.5],
							"uv": {
								"north": {"uv": [34, 133], "uv_size": [1, 1]},
								"east": {"uv": [133, 34], "uv_size": [1, 1]},
								"south": {"uv": [35, 133], "uv_size": [1, 1]},
								"west": {"uv": [133, 35], "uv_size": [1, 1]},
								"up": {"uv": [36, 133], "uv_size": [1, 1]},
								"down": {"uv": [133, 37], "uv_size": [1, -1]}
							}
						},
						{
							"origin": [-6.31197, 21.86866, -11.61159],
							"size": [1.40521, 0.78909, 0.96911],
							"inflate": 0.002,
							"pivot": [-5.60936, 20.91617, 14.02585],
							"rotation": [0, 0, -90],
							"uv": {
								"north": {"uv": [37, 133], "uv_size": [1, 1]},
								"east": {"uv": [133, 37], "uv_size": [1, 1]},
								"south": {"uv": [38, 133], "uv_size": [1, 1]},
								"west": {"uv": [133, 38], "uv_size": [1, 1]},
								"up": {"uv": [39, 133], "uv_size": [1, 1]},
								"down": {"uv": [133, 40], "uv_size": [1, -1]}
							}
						},
						{
							"origin": [-6.41684, 21.82252, -11.61159],
							"size": [1.4052, 0.78908, 0.96911],
							"inflate": 0.002,
							"pivot": [-5.60936, 20.91617, 14.02585],
							"rotation": [0, 0, -42.5],
							"uv": {
								"north": {"uv": [40, 133], "uv_size": [1, 1]},
								"east": {"uv": [41, 133], "uv_size": [1, 1]},
								"south": {"uv": [42, 133], "uv_size": [1, 1]},
								"west": {"uv": [43, 133], "uv_size": [1, 1]},
								"up": {"uv": [133, 43], "uv_size": [1, 1]},
								"down": {"uv": [44, 134], "uv_size": [1, -1]}
							}
						}
					]
				},
				{
					"name": "bone3",
					"parent": "bone2",
					"pivot": [-1.60937, 22.71617, 6.51576],
					"cubes": [
						{
							"origin": [-6.43983, 21.93845, -13.27459],
							"size": [1.66093, 0.93301, 1.4707],
							"inflate": 0.002,
							"uv": {
								"north": {"uv": [130, 127], "uv_size": [2, 1]},
								"east": {"uv": [45, 133], "uv_size": [1, 1]},
								"south": {"uv": [130, 128], "uv_size": [2, 1]},
								"west": {"uv": [46, 133], "uv_size": [1, 1]},
								"up": {"uv": [129, 130], "uv_size": [2, 1]},
								"down": {"uv": [130, 130], "uv_size": [2, -1]}
							}
						},
						{
							"origin": [-6.43983, 18.96089, -13.27459],
							"size": [1.66093, 0.93301, 1.4707],
							"inflate": 0.002,
							"uv": {
								"north": {"uv": [131, 21], "uv_size": [2, 1]},
								"east": {"uv": [47, 133], "uv_size": [1, 1]},
								"south": {"uv": [131, 22], "uv_size": [2, 1]},
								"west": {"uv": [48, 133], "uv_size": [1, 1]},
								"up": {"uv": [131, 24], "uv_size": [2, 1]},
								"down": {"uv": [131, 26], "uv_size": [2, -1]}
							}
						},
						{
							"origin": [-6.43983, 18.85818, -13.27459],
							"size": [1.66093, 0.93301, 1.4707],
							"inflate": 0.002,
							"pivot": [-5.60937, 20.91617, 16.74076],
							"rotation": [0, 0, -90],
							"uv": {
								"north": {"uv": [131, 36], "uv_size": [2, 1]},
								"east": {"uv": [51, 133], "uv_size": [1, 1]},
								"south": {"uv": [131, 37], "uv_size": [2, 1]},
								"west": {"uv": [52, 133], "uv_size": [1, 1]},
								"up": {"uv": [131, 38], "uv_size": [2, 1]},
								"down": {"uv": [131, 40], "uv_size": [2, -1]}
							}
						},
						{
							"origin": [-6.31593, 18.9127, -13.27459],
							"size": [1.66094, 0.93301, 1.4707],
							"inflate": 0.002,
							"pivot": [-5.60937, 20.91617, 16.74076],
							"rotation": [0, 0, -42.5],
							"uv": {
								"north": {"uv": [131, 43], "uv_size": [2, 1]},
								"east": {"uv": [53, 133], "uv_size": [1, 1]},
								"south": {"uv": [44, 131], "uv_size": [2, 1]},
								"west": {"uv": [54, 133], "uv_size": [1, 1]},
								"up": {"uv": [47, 131], "uv_size": [2, 1]},
								"down": {"uv": [49, 132], "uv_size": [2, -1]}
							}
						},
						{
							"origin": [-6.56374, 21.98663, -13.27459],
							"size": [1.66094, 0.93301, 1.4707],
							"inflate": 0.002,
							"pivot": [-5.60937, 20.91617, 16.74076],
							"rotation": [0, 0, -42.5],
							"uv": {
								"north": {"uv": [51, 131], "uv_size": [2, 1]},
								"east": {"uv": [55, 133], "uv_size": [1, 1]},
								"south": {"uv": [57, 131], "uv_size": [2, 1]},
								"west": {"uv": [56, 133], "uv_size": [1, 1]},
								"up": {"uv": [61, 131], "uv_size": [2, 1]},
								"down": {"uv": [63, 132], "uv_size": [2, -1]}
							}
						},
						{
							"origin": [-6.56374, 18.9127, -13.27459],
							"size": [1.66094, 0.93301, 1.4707],
							"inflate": 0.002,
							"pivot": [-5.60937, 20.91617, 16.74076],
							"rotation": [0, 0, 42.5],
							"uv": {
								"north": {"uv": [65, 131], "uv_size": [2, 1]},
								"east": {"uv": [57, 133], "uv_size": [1, 1]},
								"south": {"uv": [67, 131], "uv_size": [2, 1]},
								"west": {"uv": [58, 133], "uv_size": [1, 1]},
								"up": {"uv": [69, 131], "uv_size": [2, 1]},
								"down": {"uv": [76, 132], "uv_size": [2, -1]}
							}
						},
						{
							"origin": [-6.31593, 21.98663, -13.27459],
							"size": [1.66094, 0.93301, 1.4707],
							"inflate": 0.002,
							"pivot": [-5.60937, 20.91617, 16.74076],
							"rotation": [0, 0, 42.5],
							"uv": {
								"north": {"uv": [78, 131], "uv_size": [2, 1]},
								"east": {"uv": [59, 133], "uv_size": [1, 1]},
								"south": {"uv": [80, 131], "uv_size": [2, 1]},
								"west": {"uv": [60, 133], "uv_size": [1, 1]},
								"up": {"uv": [131, 80], "uv_size": [2, 1]},
								"down": {"uv": [131, 82], "uv_size": [2, -1]}
							}
						},
						{
							"origin": [-6.43983, 22.04115, -13.27459],
							"size": [1.66093, 0.93301, 1.4707],
							"inflate": 0.002,
							"pivot": [-5.60937, 20.91617, 16.74076],
							"rotation": [0, 0, -90],
							"uv": {
								"north": {"uv": [82, 131], "uv_size": [2, 1]},
								"east": {"uv": [61, 133], "uv_size": [1, 1]},
								"south": {"uv": [131, 82], "uv_size": [2, 1]},
								"west": {"uv": [62, 133], "uv_size": [1, 1]},
								"up": {"uv": [131, 83], "uv_size": [2, 1]},
								"down": {"uv": [131, 85], "uv_size": [2, -1]}
							}
						},
						{
							"origin": [-2.43983, 21.93845, -13.27459],
							"size": [1.66093, 0.93301, 1.4707],
							"inflate": 0.002,
							"uv": {
								"north": {"uv": [131, 85], "uv_size": [2, 1]},
								"east": {"uv": [63, 133], "uv_size": [1, 1]},
								"south": {"uv": [92, 131], "uv_size": [2, 1]},
								"west": {"uv": [64, 133], "uv_size": [1, 1]},
								"up": {"uv": [94, 131], "uv_size": [2, 1]},
								"down": {"uv": [131, 95], "uv_size": [2, -1]}
							}
						},
						{
							"origin": [-2.43983, 18.96089, -13.27459],
							"size": [1.66093, 0.93301, 1.4707],
							"inflate": 0.002,
							"uv": {
								"north": {"uv": [131, 95], "uv_size": [2, 1]},
								"east": {"uv": [65, 133], "uv_size": [1, 1]},
								"south": {"uv": [96, 131], "uv_size": [2, 1]},
								"west": {"uv": [66, 133], "uv_size": [1, 1]},
								"up": {"uv": [131, 96], "uv_size": [2, 1]},
								"down": {"uv": [131, 98], "uv_size": [2, -1]}
							}
						},
						{
							"origin": [-2.43983, 18.85818, -13.27459],
							"size": [1.66093, 0.93301, 1.4707],
							"inflate": 0.002,
							"pivot": [-1.60937, 20.91617, 16.74076],
							"rotation": [0, 0, -90],
							"uv": {
								"north": {"uv": [100, 131], "uv_size": [2, 1]},
								"east": {"uv": [67, 133], "uv_size": [1, 1]},
								"south": {"uv": [102, 131], "uv_size": [2, 1]},
								"west": {"uv": [68, 133], "uv_size": [1, 1]},
								"up": {"uv": [104, 131], "uv_size": [2, 1]},
								"down": {"uv": [106, 132], "uv_size": [2, -1]}
							}
						},
						{
							"origin": [-2.31593, 18.9127, -13.27459],
							"size": [1.66094, 0.93301, 1.4707],
							"inflate": 0.002,
							"pivot": [-1.60937, 20.91617, 16.74076],
							"rotation": [0, 0, -42.5],
							"uv": {
								"north": {"uv": [108, 131], "uv_size": [2, 1]},
								"east": {"uv": [69, 133], "uv_size": [1, 1]},
								"south": {"uv": [110, 131], "uv_size": [2, 1]},
								"west": {"uv": [70, 133], "uv_size": [1, 1]},
								"up": {"uv": [112, 131], "uv_size": [2, 1]},
								"down": {"uv": [131, 114], "uv_size": [2, -1]}
							}
						},
						{
							"origin": [-2.56374, 21.98663, -13.27459],
							"size": [1.66094, 0.93301, 1.4707],
							"inflate": 0.002,
							"pivot": [-1.60937, 20.91617, 16.74076],
							"rotation": [0, 0, -42.5],
							"uv": {
								"north": {"uv": [114, 131], "uv_size": [2, 1]},
								"east": {"uv": [71, 133], "uv_size": [1, 1]},
								"south": {"uv": [116, 131], "uv_size": [2, 1]},
								"west": {"uv": [76, 133], "uv_size": [1, 1]},
								"up": {"uv": [118, 131], "uv_size": [2, 1]},
								"down": {"uv": [120, 132], "uv_size": [2, -1]}
							}
						},
						{
							"origin": [-2.56374, 18.9127, -13.27459],
							"size": [1.66094, 0.93301, 1.4707],
							"inflate": 0.002,
							"pivot": [-1.60937, 20.91617, 16.74076],
							"rotation": [0, 0, 42.5],
							"uv": {
								"north": {"uv": [124, 131], "uv_size": [2, 1]},
								"east": {"uv": [77, 133], "uv_size": [1, 1]},
								"south": {"uv": [127, 131], "uv_size": [2, 1]},
								"west": {"uv": [78, 133], "uv_size": [1, 1]},
								"up": {"uv": [129, 131], "uv_size": [2, 1]},
								"down": {"uv": [131, 131], "uv_size": [2, -1]}
							}
						},
						{
							"origin": [-2.31593, 21.98663, -13.27459],
							"size": [1.66094, 0.93301, 1.4707],
							"inflate": 0.002,
							"pivot": [-1.60937, 20.91617, 16.74076],
							"rotation": [0, 0, 42.5],
							"uv": {
								"north": {"uv": [131, 131], "uv_size": [2, 1]},
								"east": {"uv": [79, 133], "uv_size": [1, 1]},
								"south": {"uv": [0, 132], "uv_size": [2, 1]},
								"west": {"uv": [80, 133], "uv_size": [1, 1]},
								"up": {"uv": [2, 132], "uv_size": [2, 1]},
								"down": {"uv": [4, 133], "uv_size": [2, -1]}
							}
						},
						{
							"origin": [-2.43983, 22.04115, -13.27459],
							"size": [1.66093, 0.93301, 1.4707],
							"inflate": 0.002,
							"pivot": [-1.60937, 20.91617, 16.74076],
							"rotation": [0, 0, -90],
							"uv": {
								"north": {"uv": [6, 132], "uv_size": [2, 1]},
								"east": {"uv": [133, 80], "uv_size": [1, 1]},
								"south": {"uv": [8, 132], "uv_size": [2, 1]},
								"west": {"uv": [81, 133], "uv_size": [1, 1]},
								"up": {"uv": [10, 132], "uv_size": [2, 1]},
								"down": {"uv": [12, 133], "uv_size": [2, -1]}
							}
						}
					]
				},
				{
					"name": "Teuing2",
					"parent": "gun",
					"pivot": [-3.6, 12.08404, -11.09755],
					"rotation": [-97.5, 0, 0],
					"cubes": [
						{
							"origin": [-4.30078, 2.43562, -9.97865],
							"size": [1.40156, 0.88647, 0.27854],
							"pivot": [0.1922, 3.03406, -19.55539],
							"rotation": [45, 0, 0],
							"uv": {
								"north": {"uv": [133, 88], "uv_size": [1, 1]},
								"east": {"uv": [133, 89], "uv_size": [1, 1]},
								"south": {"uv": [133, 90], "uv_size": [1, 1]},
								"west": {"uv": [133, 91], "uv_size": [1, 1]},
								"up": {"uv": [92, 133], "uv_size": [1, 1]},
								"down": {"uv": [133, 93], "uv_size": [1, -1]}
							}
						},
						{
							"origin": [-4.30078, 6.96503, -10.81786],
							"size": [1.40156, 0.88648, 0.27854],
							"pivot": [0.1922, 3.03406, -19.55539],
							"rotation": [22.5, 0, 0],
							"uv": {
								"north": {"uv": [93, 133], "uv_size": [1, 1]},
								"east": {"uv": [133, 93], "uv_size": [1, 1]},
								"south": {"uv": [94, 133], "uv_size": [1, 1]},
								"west": {"uv": [133, 94], "uv_size": [1, 1]},
								"up": {"uv": [95, 133], "uv_size": [1, 1]},
								"down": {"uv": [133, 96], "uv_size": [1, -1]}
							}
						},
						{
							"origin": [-4.30078, 10.8285, -13.32653],
							"size": [1.40156, 0.88648, 0.27854],
							"uv": {
								"north": {"uv": [96, 133], "uv_size": [1, 1]},
								"east": {"uv": [133, 96], "uv_size": [1, 1]},
								"south": {"uv": [97, 133], "uv_size": [1, 1]},
								"west": {"uv": [133, 97], "uv_size": [1, 1]},
								"up": {"uv": [98, 133], "uv_size": [1, 1]},
								"down": {"uv": [133, 99], "uv_size": [1, -1]}
							}
						},
						{
							"origin": [-4.30078, 13.43787, -17.12272],
							"size": [1.40156, 0.88648, 0.27854],
							"pivot": [0.1922, 3.03406, -19.55539],
							"rotation": [-22.5, 0, 0],
							"uv": {
								"north": {"uv": [99, 133], "uv_size": [1, 1]},
								"east": {"uv": [133, 99], "uv_size": [1, 1]},
								"south": {"uv": [100, 133], "uv_size": [1, 1]},
								"west": {"uv": [133, 100], "uv_size": [1, 1]},
								"up": {"uv": [101, 133], "uv_size": [1, 1]},
								"down": {"uv": [133, 102], "uv_size": [1, -1]}
							}
						},
						{
							"origin": [-4.30078, 16.39587, -21.6285],
							"size": [1.40156, 0.88647, 0.27854],
							"pivot": [0.1922, 5.03406, -19.55539],
							"rotation": [-45, 0, 0],
							"uv": {
								"north": {"uv": [102, 133], "uv_size": [1, 1]},
								"east": {"uv": [133, 102], "uv_size": [1, 1]},
								"south": {"uv": [103, 133], "uv_size": [1, 1]},
								"west": {"uv": [133, 103], "uv_size": [1, 1]},
								"up": {"uv": [104, 133], "uv_size": [1, 1]},
								"down": {"uv": [133, 105], "uv_size": [1, -1]}
							}
						},
						{
							"origin": [-4.30078, 4.43562, -5.80056],
							"size": [1.40156, 0.88647, 0.27854],
							"pivot": [0.1922, 5.03406, -19.55539],
							"rotation": [45, 0, 0],
							"uv": {
								"north": {"uv": [105, 133], "uv_size": [1, 1]},
								"east": {"uv": [133, 105], "uv_size": [1, 1]},
								"south": {"uv": [106, 133], "uv_size": [1, 1]},
								"west": {"uv": [133, 106], "uv_size": [1, 1]},
								"up": {"uv": [107, 133], "uv_size": [1, 1]},
								"down": {"uv": [133, 108], "uv_size": [1, -1]}
							}
						},
						{
							"origin": [-4.30078, 8.96503, -6.63977],
							"size": [1.40156, 0.88648, 0.27853],
							"pivot": [0.1922, 5.03406, -19.55539],
							"rotation": [22.5, 0, 0],
							"uv": {
								"north": {"uv": [108, 133], "uv_size": [1, 1]},
								"east": {"uv": [133, 108], "uv_size": [1, 1]},
								"south": {"uv": [109, 133], "uv_size": [1, 1]},
								"west": {"uv": [133, 109], "uv_size": [1, 1]},
								"up": {"uv": [110, 133], "uv_size": [1, 1]},
								"down": {"uv": [133, 111], "uv_size": [1, -1]}
							}
						},
						{
							"origin": [-4.30078, 10.8285, -9.12723],
							"size": [1.40156, 2.87989, 0.25733],
							"uv": {
								"north": {"uv": [123, 99], "uv_size": [1, 3]},
								"east": {"uv": [124, 24], "uv_size": [1, 3]},
								"south": {"uv": [125, 32], "uv_size": [1, 3]},
								"west": {"uv": [129, 26], "uv_size": [1, 3]},
								"up": {"uv": [111, 133], "uv_size": [1, 1]},
								"down": {"uv": [133, 112], "uv_size": [1, -1]}
							}
						},
						{
							"origin": [-4.30078, 13.43787, -12.94463],
							"size": [1.40156, 0.88648, 0.27854],
							"pivot": [0.1922, 3.03406, -19.55539],
							"rotation": [-22.5, 0, 0],
							"uv": {
								"north": {"uv": [112, 133], "uv_size": [1, 1]},
								"east": {"uv": [133, 112], "uv_size": [1, 1]},
								"south": {"uv": [113, 133], "uv_size": [1, 1]},
								"west": {"uv": [133, 113], "uv_size": [1, 1]},
								"up": {"uv": [114, 133], "uv_size": [1, 1]},
								"down": {"uv": [133, 115], "uv_size": [1, -1]}
							}
						},
						{
							"origin": [-4.30078, 14.39587, -17.45041],
							"size": [1.40156, 0.88647, 0.27854],
							"pivot": [0.1922, 3.03406, -19.55539],
							"rotation": [-45, 0, 0],
							"uv": {
								"north": {"uv": [115, 133], "uv_size": [1, 1]},
								"east": {"uv": [133, 115], "uv_size": [1, 1]},
								"south": {"uv": [116, 133], "uv_size": [1, 1]},
								"west": {"uv": [133, 116], "uv_size": [1, 1]},
								"up": {"uv": [117, 133], "uv_size": [1, 1]},
								"down": {"uv": [133, 118], "uv_size": [1, -1]}
							}
						},
						{
							"origin": [-4.30078, 5.17995, -9.03279],
							"size": [1.40156, 0.27854, 0.88648],
							"pivot": [0.1922, 3.03406, -19.55539],
							"rotation": [22.5, 0, 0],
							"uv": {
								"north": {"uv": [118, 133], "uv_size": [1, 1]},
								"east": {"uv": [133, 118], "uv_size": [1, 1]},
								"south": {"uv": [119, 133], "uv_size": [1, 1]},
								"west": {"uv": [133, 119], "uv_size": [1, 1]},
								"up": {"uv": [120, 133], "uv_size": [1, 1]},
								"down": {"uv": [133, 121], "uv_size": [1, -1]}
							}
						},
						{
							"origin": [-4.30078, 9.04343, -11.54145],
							"size": [1.40156, 0.27854, 0.88648],
							"uv": {
								"north": {"uv": [121, 133], "uv_size": [1, 1]},
								"east": {"uv": [133, 121], "uv_size": [1, 1]},
								"south": {"uv": [122, 133], "uv_size": [1, 1]},
								"west": {"uv": [133, 122], "uv_size": [1, 1]},
								"up": {"uv": [123, 133], "uv_size": [1, 1]},
								"down": {"uv": [133, 124], "uv_size": [1, -1]}
							}
						},
						{
							"origin": [-4.30078, 11.65279, -15.33764],
							"size": [1.40156, 0.27854, 0.88648],
							"pivot": [0.1922, 3.03406, -19.55539],
							"rotation": [-22.5, 0, 0],
							"uv": {
								"north": {"uv": [124, 133], "uv_size": [1, 1]},
								"east": {"uv": [133, 124], "uv_size": [1, 1]},
								"south": {"uv": [125, 133], "uv_size": [1, 1]},
								"west": {"uv": [133, 125], "uv_size": [1, 1]},
								"up": {"uv": [126, 133], "uv_size": [1, 1]},
								"down": {"uv": [133, 127], "uv_size": [1, -1]}
							}
						},
						{
							"origin": [-4.30078, 11.35804, -9.03279],
							"size": [1.40156, 0.27854, 0.88648],
							"pivot": [0.1922, 5.03406, -19.55539],
							"rotation": [22.5, 0, 0],
							"uv": {
								"north": {"uv": [127, 133], "uv_size": [1, 1]},
								"east": {"uv": [133, 127], "uv_size": [1, 1]},
								"south": {"uv": [128, 133], "uv_size": [1, 1]},
								"west": {"uv": [133, 128], "uv_size": [1, 1]},
								"up": {"uv": [129, 133], "uv_size": [1, 1]},
								"down": {"uv": [133, 130], "uv_size": [1, -1]}
							}
						},
						{
							"origin": [-4.30078, 15.22152, -11.54145],
							"size": [1.40156, 0.27854, 0.88648],
							"uv": {
								"north": {"uv": [130, 133], "uv_size": [1, 1]},
								"east": {"uv": [133, 130], "uv_size": [1, 1]},
								"south": {"uv": [131, 133], "uv_size": [1, 1]},
								"west": {"uv": [133, 131], "uv_size": [1, 1]},
								"up": {"uv": [132, 133], "uv_size": [1, 1]},
								"down": {"uv": [133, 133], "uv_size": [1, -1]}
							}
						},
						{
							"origin": [-4.30078, 17.83088, -15.33764],
							"size": [1.40156, 0.27854, 0.88648],
							"pivot": [0.1922, 5.03406, -19.55539],
							"rotation": [-22.5, 0, 0],
							"uv": {
								"north": {"uv": [133, 133], "uv_size": [1, 1]},
								"east": {"uv": [0, 134], "uv_size": [1, 1]},
								"south": {"uv": [1, 134], "uv_size": [1, 1]},
								"west": {"uv": [2, 134], "uv_size": [1, 1]},
								"up": {"uv": [3, 134], "uv_size": [1, 1]},
								"down": {"uv": [4, 135], "uv_size": [1, -1]}
							}
						}
					]
				},
				{
					"name": "trigger",
					"parent": "Teuing2",
					"pivot": [-3.59763, 13.09456, -12.18392],
					"cubes": [
						{
							"origin": [-3.79763, 13.31457, -12.63034],
							"size": [0.4, 0.42979, 1.65475],
							"inflate": 0.002,
							"pivot": [-3.59763, 13.59456, -11.18392],
							"rotation": [-24.00512, 0.07949, -179.8797],
							"uv": {
								"north": {"uv": [5, 134], "uv_size": [1, 1]},
								"east": {"uv": [14, 132], "uv_size": [2, 1]},
								"south": {"uv": [6, 134], "uv_size": [1, 1]},
								"west": {"uv": [16, 132], "uv_size": [2, 1]},
								"up": {"uv": [54, 131], "uv_size": [1, 2]},
								"down": {"uv": [71, 133], "uv_size": [1, -2]}
							}
						},
						{
							"origin": [-3.79763, 13.26437, -11.06612],
							"size": [0.4, 0.41222, 0.98435],
							"inflate": 0.002,
							"pivot": [-3.59763, 13.59456, -11.18392],
							"rotation": [-6.50512, 0.07949, -179.8797],
							"uv": {
								"north": {"uv": [7, 134], "uv_size": [1, 1]},
								"east": {"uv": [8, 134], "uv_size": [1, 1]},
								"south": {"uv": [9, 134], "uv_size": [1, 1]},
								"west": {"uv": [10, 134], "uv_size": [1, 1]},
								"up": {"uv": [11, 134], "uv_size": [1, 1]},
								"down": {"uv": [12, 135], "uv_size": [1, -1]}
							}
						}
					]
				},
				{
					"name": "trigger2",
					"parent": "Teuing2",
					"pivot": [-3.59763, 11.19456, -12.18392],
					"rotation": [-7, 0, 0],
					"cubes": [
						{
							"origin": [-3.79763, 11.42973, -12.74748],
							"size": [0.4, 0.4298, 1.65476],
							"inflate": 0.002,
							"pivot": [-3.59763, 11.70972, -11.30105],
							"rotation": [-28.00512, 0.08769, -179.88553],
							"uv": {
								"north": {"uv": [13, 134], "uv_size": [1, 1]},
								"east": {"uv": [132, 17], "uv_size": [2, 1]},
								"south": {"uv": [14, 134], "uv_size": [1, 1]},
								"west": {"uv": [18, 132], "uv_size": [2, 1]},
								"up": {"uv": [98, 131], "uv_size": [1, 2]},
								"down": {"uv": [132, 20], "uv_size": [1, -2]}
							}
						},
						{
							"origin": [-3.79763, 11.37953, -11.18325],
							"size": [0.4, 0.41222, 0.98434],
							"inflate": 0.002,
							"pivot": [-3.59763, 11.70972, -11.30105],
							"rotation": [-10.50512, 0.08769, -179.88553],
							"uv": {
								"north": {"uv": [15, 134], "uv_size": [1, 1]},
								"east": {"uv": [16, 134], "uv_size": [1, 1]},
								"south": {"uv": [17, 134], "uv_size": [1, 1]},
								"west": {"uv": [134, 17], "uv_size": [1, 1]},
								"up": {"uv": [18, 134], "uv_size": [1, 1]},
								"down": {"uv": [134, 19], "uv_size": [1, -1]}
							}
						}
					]
				},
				{
					"name": "Eject",
					"parent": "gun",
					"pivot": [-3.61132, 22.22875, -10.42082],
					"cubes": [
						{
							"origin": [-3.98437, 21.51617, -10.88424],
							"size": [0.75, 0.4, 1.8],
							"pivot": [-3.60937, 21.71617, -9.68424],
							"rotation": [-22.75, 0, 0],
							"uv": {
								"north": {"uv": [23, 134], "uv_size": [1, 1]},
								"east": {"uv": [132, 30], "uv_size": [2, 1]},
								"south": {"uv": [134, 23], "uv_size": [1, 1]},
								"west": {"uv": [132, 31], "uv_size": [2, 1]},
								"up": {"uv": [132, 32], "uv_size": [1, 2]},
								"down": {"uv": [132, 36], "uv_size": [1, -2]}
							}
						},
						{
							"origin": [-4.11718, 21.35572, -11.11064],
							"size": [1, 1, 1],
							"pivot": [-3.61718, 21.85572, -10.61064],
							"rotation": [-29.74276, 40.96653, -20.53628],
							"uv": {
								"north": {"uv": [26, 134], "uv_size": [1, 1]},
								"east": {"uv": [134, 26], "uv_size": [1, 1]},
								"south": {"uv": [27, 134], "uv_size": [1, 1]},
								"west": {"uv": [134, 27], "uv_size": [1, 1]},
								"up": {"uv": [28, 134], "uv_size": [1, 1]},
								"down": {"uv": [134, 29], "uv_size": [1, -1]}
							}
						},
						{
							"origin": [-3.98437, 21.19965, -9.19582],
							"size": [0.75, 0.4, 1.8],
							"pivot": [-3.60937, 21.39965, -7.99582],
							"rotation": [-4.75, 0, 0],
							"uv": {
								"north": {"uv": [25, 134], "uv_size": [1, 1]},
								"east": {"uv": [45, 132], "uv_size": [2, 1]},
								"south": {"uv": [134, 25], "uv_size": [1, 1]},
								"west": {"uv": [47, 132], "uv_size": [2, 1]},
								"up": {"uv": [49, 132], "uv_size": [1, 2]},
								"down": {"uv": [50, 134], "uv_size": [1, -2]}
							}
						},
						{
							"origin": [-3.98437, 21.42036, -7.49223],
							"size": [0.75, 0.4, 0.5],
							"pivot": [-3.60937, 21.62036, -6.29223],
							"rotation": [13.25, 0, 0],
							"uv": {
								"north": {"uv": [29, 134], "uv_size": [1, 1]},
								"east": {"uv": [134, 29], "uv_size": [1, 1]},
								"south": {"uv": [30, 134], "uv_size": [1, 1]},
								"west": {"uv": [134, 30], "uv_size": [1, 1]},
								"up": {"uv": [31, 134], "uv_size": [1, 1]},
								"down": {"uv": [134, 32], "uv_size": [1, -1]}
							}
						}
					]
				},
				{
					"name": "rightarm",
					"parent": "main",
					"pivot": [-4.3, 7.6, 21.8],
					"rotation": [-101.81106, -12.40003, -2.46982],
					"cubes": [
						{
							"origin": [-12.9, -22.4, 18.8],
							"size": [8, 24, 8],
							"pivot": [-1.3, -4.4, 18.8],
							"rotation": [12.08681, 3.21132, -2.15993],
							"uv": {
								"north": {"uv": [0, 0], "uv_size": [8, 24]},
								"east": {"uv": [8, 0], "uv_size": [8, 24]},
								"south": {"uv": [16, 0], "uv_size": [8, 24]},
								"west": {"uv": [0, 24], "uv_size": [8, 24]},
								"up": {"uv": [68, 88], "uv_size": [8, 8]},
								"down": {"uv": [76, 96], "uv_size": [8, -8]}
							}
						}
					]
				},
				{
					"name": "leftarm",
					"parent": "main",
					"pivot": [11.85502, 4.04683, -2.20683],
					"rotation": [-119.61483, 1.67666, -38.31282],
					"cubes": [
						{
							"origin": [5.20953, -24.05703, -8.84102],
							"size": [8, 24, 8],
							"uv": {
								"north": {"uv": [24, 0], "uv_size": [8, 24]},
								"east": {"uv": [8, 24], "uv_size": [8, 24]},
								"south": {"uv": [16, 24], "uv_size": [8, 24]},
								"west": {"uv": [24, 24], "uv_size": [8, 24]},
								"up": {"uv": [36, 89], "uv_size": [8, 8]},
								"down": {"uv": [44, 97], "uv_size": [8, -8]}
							}
						}
					]
				},
				{
					"name": "muzzleflash",
					"parent": "main",
					"pivot": [-3.65, 21.55, -97.65],
					"cubes": [
						{
							"origin": [-4.15, 21.05, -98.15],
							"size": [1, 1, 1],
							"inflate": -0.4,
							"uv": {
								"north": {"uv": [51, 117], "uv_size": [1, 1]},
								"east": {"uv": [118, 84], "uv_size": [1, 1]},
								"south": {"uv": [118, 99], "uv_size": [1, 1]},
								"west": {"uv": [95, 120], "uv_size": [1, 1]},
								"up": {"uv": [126, 81], "uv_size": [1, 1]},
								"down": {"uv": [127, 40], "uv_size": [1, -1]}
							}
						}
					]
				},
				{
					"name": "scope",
					"parent": "main",
					"pivot": [-3.61172, 23.59609, -3.05],
					"cubes": [
						{
							"origin": [-4.10781, 23.09609, -3.55],
							"size": [1, 1, 1],
							"inflate": -0.4,
							"uv": {
								"north": {"uv": [127, 98], "uv_size": [1, 1]},
								"east": {"uv": [53, 132], "uv_size": [1, 1]},
								"south": {"uv": [132, 87], "uv_size": [1, 1]},
								"west": {"uv": [132, 88], "uv_size": [1, 1]},
								"up": {"uv": [132, 89], "uv_size": [1, 1]},
								"down": {"uv": [132, 91], "uv_size": [1, -1]}
							}
						}
					]
				}
			]
		}
	]
}