{
	"format_version": "1.12.0",
	"minecraft:geometry": [
		{
			"description": {
				"identifier": "geometry.unknown",
				"texture_width": 128,
				"texture_height": 128,
				"visible_bounds_width": 10,
				"visible_bounds_height": 7,
				"visible_bounds_offset": [0, 1.5, 0]
			},
			"bones": [
				{
					"name": "main",
					"pivot": [0, 14, 0]
				},
				{
					"name": "gun",
					"parent": "main",
					"pivot": [-1.29163, 27.9753, 1.9]
				},
				{
					"name": "frame",
					"parent": "gun",
					"pivot": [-4.89163, 27.9753, -25.1]
				},
				{
					"name": "trigger",
					"parent": "frame",
					"pivot": [-3.29163, 19.3003, -4.7],
					"cubes": [
						{
							"origin": [-3.88669, 17.32663, -3.66024],
							"size": [0.69975, 1.15461, 1.8136],
							"pivot": [-3.14658, 17.90394, -3.60476],
							"rotation": [0, 85, 90],
							"uv": {
								"north": {"uv": [91, 12], "uv_size": [1, 1]},
								"east": {"uv": [96, 15], "uv_size": [2, 1]},
								"south": {"uv": [91, 66], "uv_size": [1, 1]},
								"west": {"uv": [103, 56], "uv_size": [2, 1]},
								"up": {"uv": [95, 10], "uv_size": [1, 2]},
								"down": {"uv": [103, 69], "uv_size": [1, -2]}
							}
						},
						{
							"origin": [-3.7492, 17.32663, -5.84397],
							"size": [0.70867, 1.15461, 2.67244],
							"pivot": [-3.14658, 17.90394, -3.60476],
							"rotation": [0, 45, 90],
							"uv": {
								"north": {"uv": [103, 93], "uv_size": [1, 1]},
								"east": {"uv": [102, 86], "uv_size": [3, 1]},
								"south": {"uv": [103, 94], "uv_size": [1, 1]},
								"west": {"uv": [87, 102], "uv_size": [3, 1]},
								"up": {"uv": [102, 91], "uv_size": [1, 3]},
								"down": {"uv": [94, 105], "uv_size": [1, -3]}
							}
						}
					]
				},
				{
					"name": "lever",
					"parent": "frame",
					"pivot": [-3.29603, 18.63078, -6.87619],
					"rotation": [10, 0, 0],
					"cubes": [
						{
							"origin": [-4.45286, 21.09358, -8.51024],
							"size": [1.18623, 3.9, 3.76609],
							"pivot": [-4.13475, 23.61252, -7.48305],
							"rotation": [-10, 0, 0],
							"uv": {
								"north": {"uv": [102, 49], "uv_size": [1, 4]},
								"east": {"uv": [91, 62], "uv_size": [4, 4]},
								"south": {"uv": [102, 53], "uv_size": [1, 4]},
								"west": {"uv": [92, 12], "uv_size": [4, 4]},
								"up": {"uv": [102, 74], "uv_size": [1, 4]},
								"down": {"uv": [76, 106], "uv_size": [1, -4]}
							}
						},
						{
							"origin": [-4.50286, 23.91858, -8.61024],
							"size": [0.66123, 0.625, 4.19109],
							"pivot": [-4.70975, 24.21252, -7.48305],
							"rotation": [-27.5, 0, 0],
							"uv": {
								"north": {"uv": [106, 54], "uv_size": [1, 1]},
								"east": {"uv": [102, 57], "uv_size": [4, 1]},
								"south": {"uv": [55, 106], "uv_size": [1, 1]},
								"west": {"uv": [102, 78], "uv_size": [4, 1]},
								"up": {"uv": [77, 102], "uv_size": [1, 4]},
								"down": {"uv": [86, 106], "uv_size": [1, -4]}
							}
						}
					]
				},
				{
					"name": "Teuing2",
					"parent": "lever",
					"pivot": [-2.24085, 8.23567, 9.58375],
					"rotation": [-108.5, 0, 0],
					"cubes": [
						{
							"origin": [-3.71741, -14.06878, 2.8885],
							"size": [1.47656, 3.77854, 1.98648],
							"pivot": [-2.64163, -10.02951, 4.03174],
							"rotation": [11, 0, 0],
							"uv": {
								"north": {"uv": [81, 101], "uv_size": [1, 4]},
								"east": {"uv": [99, 78], "uv_size": [2, 4]},
								"south": {"uv": [101, 91], "uv_size": [1, 4]},
								"west": {"uv": [99, 82], "uv_size": [2, 4]},
								"up": {"uv": [79, 103], "uv_size": [1, 2]},
								"down": {"uv": [103, 81], "uv_size": [1, -2]}
							}
						},
						{
							"origin": [-3.71741, -10.84795, 4.52303],
							"size": [1.47656, 1.37854, 0.58648],
							"pivot": [-2.64163, -10.45868, 4.81627],
							"rotation": [-70, 0, 0],
							"uv": {
								"north": {"uv": [104, 67], "uv_size": [1, 1]},
								"east": {"uv": [104, 68], "uv_size": [1, 1]},
								"south": {"uv": [104, 79], "uv_size": [1, 1]},
								"west": {"uv": [104, 80], "uv_size": [1, 1]},
								"up": {"uv": [104, 81], "uv_size": [1, 1]},
								"down": {"uv": [104, 83], "uv_size": [1, -1]}
							}
						},
						{
							"origin": [-3.71741, -10.41746, 5.89246],
							"size": [1.47656, 2.22854, 0.58648],
							"pivot": [-2.64163, -9.72819, 6.18569],
							"rotation": [-50, 0, 0],
							"uv": {
								"north": {"uv": [80, 103], "uv_size": [1, 2]},
								"east": {"uv": [103, 81], "uv_size": [1, 2]},
								"south": {"uv": [103, 83], "uv_size": [1, 2]},
								"west": {"uv": [87, 103], "uv_size": [1, 2]},
								"up": {"uv": [104, 83], "uv_size": [1, 1]},
								"down": {"uv": [84, 105], "uv_size": [1, -1]}
							}
						},
						{
							"origin": [-3.71741, -8.88532, 7.2011],
							"size": [1.47656, 0.97854, 0.58648],
							"pivot": [-2.64163, -8.39605, 7.49434],
							"rotation": [-25, 0, 0],
							"uv": {
								"north": {"uv": [104, 84], "uv_size": [1, 1]},
								"east": {"uv": [85, 104], "uv_size": [1, 1]},
								"south": {"uv": [92, 104], "uv_size": [1, 1]},
								"west": {"uv": [93, 104], "uv_size": [1, 1]},
								"up": {"uv": [104, 93], "uv_size": [1, 1]},
								"down": {"uv": [104, 95], "uv_size": [1, -1]}
							}
						},
						{
							"origin": [-3.71741, -8.04246, 7.44678],
							"size": [1.47656, 1.47854, 0.58648],
							"pivot": [-2.64163, -7.55319, 7.74001],
							"rotation": [-7.5, 0, 0],
							"uv": {
								"north": {"uv": [104, 95], "uv_size": [1, 1]},
								"east": {"uv": [104, 96], "uv_size": [1, 1]},
								"south": {"uv": [104, 97], "uv_size": [1, 1]},
								"west": {"uv": [104, 98], "uv_size": [1, 1]},
								"up": {"uv": [104, 99], "uv_size": [1, 1]},
								"down": {"uv": [104, 101], "uv_size": [1, -1]}
							}
						},
						{
							"origin": [-3.71741, -6.70322, 7.45675],
							"size": [1.47656, 1.47854, 0.58648],
							"pivot": [-2.64163, -6.21396, 7.74999],
							"rotation": [15, 0, 0],
							"uv": {
								"north": {"uv": [101, 104], "uv_size": [1, 1]},
								"east": {"uv": [104, 101], "uv_size": [1, 1]},
								"south": {"uv": [102, 104], "uv_size": [1, 1]},
								"west": {"uv": [104, 102], "uv_size": [1, 1]},
								"up": {"uv": [103, 104], "uv_size": [1, 1]},
								"down": {"uv": [104, 104], "uv_size": [1, -1]}
							}
						},
						{
							"origin": [-3.71741, -5.43918, 6.96312],
							"size": [1.47656, 1.07854, 0.58648],
							"pivot": [-2.64163, -4.94991, 7.25636],
							"rotation": [35, 0, 0],
							"uv": {
								"north": {"uv": [104, 104], "uv_size": [1, 1]},
								"east": {"uv": [105, 10], "uv_size": [1, 1]},
								"south": {"uv": [105, 11], "uv_size": [1, 1]},
								"west": {"uv": [105, 12], "uv_size": [1, 1]},
								"up": {"uv": [22, 105], "uv_size": [1, 1]},
								"down": {"uv": [27, 106], "uv_size": [1, -1]}
							}
						},
						{
							"origin": [-3.71741, -4.77271, 6.29513],
							"size": [1.47656, 1.47854, 0.58648],
							"pivot": [-2.64163, -4.28344, 6.58837],
							"rotation": [57.5, 0, 0],
							"uv": {
								"north": {"uv": [105, 42], "uv_size": [1, 1]},
								"east": {"uv": [43, 105], "uv_size": [1, 1]},
								"south": {"uv": [105, 43], "uv_size": [1, 1]},
								"west": {"uv": [44, 105], "uv_size": [1, 1]},
								"up": {"uv": [105, 44], "uv_size": [1, 1]},
								"down": {"uv": [45, 106], "uv_size": [1, -1]}
							}
						},
						{
							"origin": [-3.71741, -3.91829, 5.28766],
							"size": [1.47656, 1.07854, 0.58648],
							"pivot": [-2.64163, -3.42902, 5.5809],
							"rotation": [32.5, 0, 0],
							"uv": {
								"north": {"uv": [105, 50], "uv_size": [1, 1]},
								"east": {"uv": [105, 51], "uv_size": [1, 1]},
								"south": {"uv": [105, 52], "uv_size": [1, 1]},
								"west": {"uv": [105, 53], "uv_size": [1, 1]},
								"up": {"uv": [105, 54], "uv_size": [1, 1]},
								"down": {"uv": [55, 106], "uv_size": [1, -1]}
							}
						},
						{
							"origin": [-3.71741, -3.05954, 4.9597],
							"size": [1.47656, 1.07854, 0.58648],
							"pivot": [-2.64163, -2.57027, 5.25294],
							"rotation": [6.5, 0, 0],
							"uv": {
								"north": {"uv": [105, 55], "uv_size": [1, 1]},
								"east": {"uv": [56, 105], "uv_size": [1, 1]},
								"south": {"uv": [105, 56], "uv_size": [1, 1]},
								"west": {"uv": [57, 105], "uv_size": [1, 1]},
								"up": {"uv": [105, 58], "uv_size": [1, 1]},
								"down": {"uv": [105, 60], "uv_size": [1, -1]}
							}
						},
						{
							"origin": [-3.71741, -2.2647, 5.14128],
							"size": [1.47656, 1.07854, 0.58648],
							"pivot": [-2.97913, -1.72543, 5.43452],
							"rotation": [-33, 0, 0],
							"uv": {
								"north": {"uv": [105, 62], "uv_size": [1, 1]},
								"east": {"uv": [105, 63], "uv_size": [1, 1]},
								"south": {"uv": [105, 64], "uv_size": [1, 1]},
								"west": {"uv": [105, 65], "uv_size": [1, 1]},
								"up": {"uv": [105, 67], "uv_size": [1, 1]},
								"down": {"uv": [105, 69], "uv_size": [1, -1]}
							}
						},
						{
							"origin": [-3.71741, -1.50979, 5.78602],
							"size": [1.47656, 1.07854, 0.58648],
							"pivot": [-2.97913, -0.97052, 6.07926],
							"rotation": [-48, 0, 0],
							"uv": {
								"north": {"uv": [105, 70], "uv_size": [1, 1]},
								"east": {"uv": [105, 74], "uv_size": [1, 1]},
								"south": {"uv": [105, 75], "uv_size": [1, 1]},
								"west": {"uv": [105, 76], "uv_size": [1, 1]},
								"up": {"uv": [105, 77], "uv_size": [1, 1]},
								"down": {"uv": [79, 106], "uv_size": [1, -1]}
							}
						},
						{
							"origin": [-3.71741, 3.04785, 8.66131],
							"size": [1.47656, 1.07854, 0.58648],
							"pivot": [-2.97913, 3.58712, 8.95455],
							"rotation": [-8, 0, 0],
							"uv": {
								"north": {"uv": [105, 80], "uv_size": [1, 1]},
								"east": {"uv": [81, 105], "uv_size": [1, 1]},
								"south": {"uv": [105, 81], "uv_size": [1, 1]},
								"west": {"uv": [105, 82], "uv_size": [1, 1]},
								"up": {"uv": [105, 83], "uv_size": [1, 1]},
								"down": {"uv": [84, 106], "uv_size": [1, -1]}
							}
						},
						{
							"origin": [-3.71741, 4.03586, 8.66347],
							"size": [1.47656, 1.07854, 0.58648],
							"pivot": [-2.97913, 4.57513, 8.95671],
							"rotation": [7.75, 0, 0],
							"uv": {
								"north": {"uv": [105, 84], "uv_size": [1, 1]},
								"east": {"uv": [85, 105], "uv_size": [1, 1]},
								"south": {"uv": [105, 85], "uv_size": [1, 1]},
								"west": {"uv": [105, 86], "uv_size": [1, 1]},
								"up": {"uv": [87, 105], "uv_size": [1, 1]},
								"down": {"uv": [105, 88], "uv_size": [1, -1]}
							}
						},
						{
							"origin": [-3.71741, 5.05658, 8.46043],
							"size": [1.47656, 1.07854, 0.58648],
							"pivot": [-2.97913, 5.59585, 8.75367],
							"rotation": [14.75, 0, 0],
							"uv": {
								"north": {"uv": [88, 105], "uv_size": [1, 1]},
								"east": {"uv": [105, 88], "uv_size": [1, 1]},
								"south": {"uv": [89, 105], "uv_size": [1, 1]},
								"west": {"uv": [105, 89], "uv_size": [1, 1]},
								"up": {"uv": [105, 90], "uv_size": [1, 1]},
								"down": {"uv": [91, 106], "uv_size": [1, -1]}
							}
						},
						{
							"origin": [-3.71741, 6.01971, 8.11463],
							"size": [1.47656, 1.07854, 0.58648],
							"pivot": [-2.97913, 6.55898, 8.40787],
							"rotation": [24.75, 0, 0],
							"uv": {
								"north": {"uv": [105, 91], "uv_size": [1, 1]},
								"east": {"uv": [92, 105], "uv_size": [1, 1]},
								"south": {"uv": [105, 92], "uv_size": [1, 1]},
								"west": {"uv": [93, 105], "uv_size": [1, 1]},
								"up": {"uv": [105, 93], "uv_size": [1, 1]},
								"down": {"uv": [94, 106], "uv_size": [1, -1]}
							}
						},
						{
							"origin": [-3.71741, 6.78294, 7.56012],
							"size": [1.47656, 1.07854, 0.58648],
							"pivot": [-2.97913, 7.3222, 7.85336],
							"rotation": [47.25, 0, 0],
							"uv": {
								"north": {"uv": [105, 94], "uv_size": [1, 1]},
								"east": {"uv": [95, 105], "uv_size": [1, 1]},
								"south": {"uv": [105, 95], "uv_size": [1, 1]},
								"west": {"uv": [96, 105], "uv_size": [1, 1]},
								"up": {"uv": [105, 96], "uv_size": [1, 1]},
								"down": {"uv": [97, 106], "uv_size": [1, -1]}
							}
						},
						{
							"origin": [-3.71741, 6.97981, 6.88469],
							"size": [1.47656, 1.07854, 0.58648],
							"pivot": [-2.97913, 7.51907, 7.17793],
							"rotation": [100.25, 0, 0],
							"uv": {
								"north": {"uv": [105, 97], "uv_size": [1, 1]},
								"east": {"uv": [98, 105], "uv_size": [1, 1]},
								"south": {"uv": [105, 98], "uv_size": [1, 1]},
								"west": {"uv": [99, 105], "uv_size": [1, 1]},
								"up": {"uv": [105, 99], "uv_size": [1, 1]},
								"down": {"uv": [100, 106], "uv_size": [1, -1]}
							}
						},
						{
							"origin": [-3.71741, -0.75489, 6.43077],
							"size": [1.47656, 4.57854, 0.58648],
							"pivot": [-2.97913, -0.21562, 6.72401],
							"rotation": [-33, 0, 0],
							"uv": {
								"north": {"uv": [81, 74], "uv_size": [1, 5]},
								"east": {"uv": [91, 100], "uv_size": [1, 5]},
								"south": {"uv": [100, 95], "uv_size": [1, 5]},
								"west": {"uv": [99, 100], "uv_size": [1, 5]},
								"up": {"uv": [105, 79], "uv_size": [1, 1]},
								"down": {"uv": [80, 106], "uv_size": [1, -1]}
							}
						}
					]
				},
				{
					"name": "framelagi",
					"parent": "frame",
					"pivot": [-4.89163, 25.2253, -15.1],
					"cubes": [
						{
							"origin": [-2.54163, 19.3253, -15.8],
							"size": [1.10334, 6.88722, 15.03391],
							"uv": {
								"north": {"uv": [99, 86], "uv_size": [1, 7]},
								"east": {"uv": [0, 48], "uv_size": [15, 7]},
								"south": {"uv": [99, 93], "uv_size": [1, 7]},
								"west": {"uv": [15, 48], "uv_size": [15, 7]},
								"up": {"uv": [66, 92], "uv_size": [1, 15]},
								"down": {"uv": [67, 107], "uv_size": [1, -15]}
							}
						},
						{
							"origin": [-4.55286, 19.3253, -15.8],
							"size": [0.83623, 3.38722, 15.03391],
							"uv": {
								"north": {"uv": [102, 94], "uv_size": [1, 3]},
								"east": {"uv": [76, 2], "uv_size": [15, 3]},
								"south": {"uv": [95, 102], "uv_size": [1, 3]},
								"west": {"uv": [76, 5], "uv_size": [15, 3]},
								"up": {"uv": [92, 74], "uv_size": [1, 15]},
								"down": {"uv": [92, 104], "uv_size": [1, -15]}
							}
						},
						{
							"origin": [-4.63475, 20.4003, -2.1],
							"size": [0, 0.93722, 46.23391],
							"pivot": [-4.83475, 20.86891, 5.41695],
							"rotation": [-12.5, 0, 0],
							"uv": {
								"north": {"uv": [0, 0], "uv_size": [0, 1]},
								"east": {"uv": [62, 30], "uv_size": [46, 1]},
								"south": {"uv": [0, 0], "uv_size": [0, 1]},
								"west": {"uv": [62, 31], "uv_size": [46, 1]},
								"up": {"uv": [0, 0], "uv_size": [0, 46]},
								"down": {"uv": [0, 46], "uv_size": [0, -46]}
							}
						},
						{
							"origin": [-1.38475, 20.4003, -2.1],
							"size": [0, 0.93722, 46.23391],
							"pivot": [-1.58475, 20.86891, 5.41695],
							"rotation": [-12.5, 0, 0],
							"uv": {
								"north": {"uv": [0, 0], "uv_size": [0, 1]},
								"east": {"uv": [76, 0], "uv_size": [46, 1]},
								"south": {"uv": [0, 0], "uv_size": [0, 1]},
								"west": {"uv": [76, 1], "uv_size": [46, 1]},
								"up": {"uv": [0, 0], "uv_size": [0, 46]},
								"down": {"uv": [0, 46], "uv_size": [0, -46]}
							}
						},
						{
							"origin": [-4.55286, 22.71252, -5.6],
							"size": [0.83623, 3.5, 4.83391],
							"uv": {
								"north": {"uv": [35, 103], "uv_size": [1, 3]},
								"east": {"uv": [92, 66], "uv_size": [5, 3]},
								"south": {"uv": [36, 103], "uv_size": [1, 3]},
								"west": {"uv": [93, 2], "uv_size": [5, 3]},
								"up": {"uv": [101, 74], "uv_size": [1, 5]},
								"down": {"uv": [78, 106], "uv_size": [1, -5]}
							}
						},
						{
							"origin": [-4.55286, 24.81252, -9.36609],
							"size": [0.83623, 1.4, 3.76609],
							"uv": {
								"north": {"uv": [106, 52], "uv_size": [1, 1]},
								"east": {"uv": [102, 15], "uv_size": [4, 1]},
								"south": {"uv": [106, 53], "uv_size": [1, 1]},
								"west": {"uv": [35, 102], "uv_size": [4, 1]},
								"up": {"uv": [31, 102], "uv_size": [1, 4]},
								"down": {"uv": [39, 106], "uv_size": [1, -4]}
							}
						},
						{
							"origin": [-4.55286, 22.71252, -15.8],
							"size": [0.83623, 3.5, 6.43391],
							"uv": {
								"north": {"uv": [37, 103], "uv_size": [1, 3]},
								"east": {"uv": [86, 13], "uv_size": [6, 3]},
								"south": {"uv": [38, 103], "uv_size": [1, 3]},
								"west": {"uv": [86, 67], "uv_size": [6, 3]},
								"up": {"uv": [100, 89], "uv_size": [1, 6]},
								"down": {"uv": [90, 106], "uv_size": [1, -6]}
							}
						},
						{
							"origin": [-2.04163, 26.0208, -15.8],
							"size": [1.28227, 1.19845, 15.27821],
							"pivot": [-1.29163, 25.2253, -15.1],
							"rotation": [0, 0, -45],
							"uv": {
								"north": {"uv": [103, 95], "uv_size": [1, 1]},
								"east": {"uv": [0, 55], "uv_size": [15, 1]},
								"south": {"uv": [103, 96], "uv_size": [1, 1]},
								"west": {"uv": [15, 55], "uv_size": [15, 1]},
								"up": {"uv": [93, 74], "uv_size": [1, 15]},
								"down": {"uv": [93, 104], "uv_size": [1, -15]}
							}
						},
						{
							"origin": [-5.27301, 26.16222, -15.8],
							"size": [1.13138, 1.20792, 15.27821],
							"pivot": [-4.89163, 25.2253, -15.1],
							"rotation": [0, 0, 45],
							"uv": {
								"north": {"uv": [103, 97], "uv_size": [1, 1]},
								"east": {"uv": [0, 56], "uv_size": [15, 1]},
								"south": {"uv": [103, 98], "uv_size": [1, 1]},
								"west": {"uv": [15, 56], "uv_size": [15, 1]},
								"up": {"uv": [58, 94], "uv_size": [1, 15]},
								"down": {"uv": [59, 109], "uv_size": [1, -15]}
							}
						},
						{
							"origin": [-6.67793, 26.47225, -15.8],
							"size": [1.0113, 1.3195, 15.27821],
							"pivot": [-4.89163, 25.2253, -15.1],
							"rotation": [0, 0, 90],
							"uv": {
								"north": {"uv": [103, 99], "uv_size": [1, 1]},
								"east": {"uv": [83, 59], "uv_size": [15, 1]},
								"south": {"uv": [103, 100], "uv_size": [1, 1]},
								"west": {"uv": [86, 70], "uv_size": [15, 1]},
								"up": {"uv": [60, 94], "uv_size": [1, 15]},
								"down": {"uv": [61, 109], "uv_size": [1, -15]}
							}
						},
						{
							"origin": [-4.52786, 17.39919, -12.83129],
							"size": [1.13947, 4.21222, 10.47314],
							"pivot": [-2.44163, 20.09919, -7.79205],
							"rotation": [20, 0, 0],
							"uv": {
								"north": {"uv": [101, 95], "uv_size": [1, 4]},
								"east": {"uv": [76, 8], "uv_size": [10, 4]},
								"south": {"uv": [101, 99], "uv_size": [1, 4]},
								"west": {"uv": [76, 12], "uv_size": [10, 4]},
								"up": {"uv": [94, 49], "uv_size": [1, 10]},
								"down": {"uv": [22, 105], "uv_size": [1, -10]}
							}
						},
						{
							"origin": [-4.52786, 15.21681, -14.86191],
							"size": [1.53947, 4.81222, 5.43391],
							"pivot": [-2.44163, 18.51681, -9.66191],
							"rotation": [-40, 0, 0],
							"uv": {
								"north": {"uv": [23, 95], "uv_size": [2, 5]},
								"east": {"uv": [83, 49], "uv_size": [5, 5]},
								"south": {"uv": [25, 95], "uv_size": [2, 5]},
								"west": {"uv": [83, 54], "uv_size": [5, 5]},
								"up": {"uv": [95, 49], "uv_size": [2, 5]},
								"down": {"uv": [95, 59], "uv_size": [2, -5]}
							}
						},
						{
							"origin": [-2.63839, 17.39919, -12.83129],
							"size": [1.175, 4.21222, 10.47314],
							"pivot": [-2.49163, 20.09919, -7.79205],
							"rotation": [20, 0, 0],
							"uv": {
								"north": {"uv": [102, 10], "uv_size": [1, 4]},
								"east": {"uv": [42, 78], "uv_size": [10, 4]},
								"south": {"uv": [16, 102], "uv_size": [1, 4]},
								"west": {"uv": [68, 79], "uv_size": [10, 4]},
								"up": {"uv": [27, 95], "uv_size": [1, 10]},
								"down": {"uv": [95, 84], "uv_size": [1, -10]}
							}
						},
						{
							"origin": [-3.03839, 15.21681, -14.86191],
							"size": [1.575, 4.81222, 5.43391],
							"pivot": [-2.49163, 18.51681, -9.66191],
							"rotation": [-40, 0, 0],
							"uv": {
								"north": {"uv": [95, 84], "uv_size": [2, 5]},
								"east": {"uv": [86, 8], "uv_size": [5, 5]},
								"south": {"uv": [95, 89], "uv_size": [2, 5]},
								"west": {"uv": [86, 62], "uv_size": [5, 5]},
								"up": {"uv": [95, 94], "uv_size": [2, 5]},
								"down": {"uv": [96, 15], "uv_size": [2, -5]}
							}
						},
						{
							"origin": [-4.07011, 18.93823, -15.79205],
							"size": [0.99199, 1.15442, 9.91836],
							"pivot": [-3.07166, 20.54303, -16.7241],
							"rotation": [0, 0, 0],
							"uv": {
								"north": {"uv": [105, 100], "uv_size": [1, 1]},
								"east": {"uv": [93, 41], "uv_size": [10, 1]},
								"south": {"uv": [101, 105], "uv_size": [1, 1]},
								"west": {"uv": [93, 42], "uv_size": [10, 1]},
								"up": {"uv": [96, 74], "uv_size": [1, 10]},
								"down": {"uv": [97, 59], "uv_size": [1, -10]}
							}
						},
						{
							"origin": [-4.81185, 19.79481, -15.79205],
							"size": [1.51385, 0.62892, 9.91836],
							"pivot": [-3.08244, 20.54292, -16.7358],
							"rotation": [0, 0, -34.9959],
							"uv": {
								"north": {"uv": [103, 91], "uv_size": [2, 1]},
								"east": {"uv": [95, 64], "uv_size": [10, 1]},
								"south": {"uv": [103, 92], "uv_size": [2, 1]},
								"west": {"uv": [95, 65], "uv_size": [10, 1]},
								"up": {"uv": [91, 2], "uv_size": [2, 10]},
								"down": {"uv": [92, 59], "uv_size": [2, -10]}
							}
						},
						{
							"origin": [-2.77151, 19.80225, -15.79205],
							"size": [1.53978, 0.92892, 9.91836],
							"pivot": [-2.97177, 20.54295, -16.7358],
							"rotation": [0, 0, 34.9959],
							"uv": {
								"north": {"uv": [103, 89], "uv_size": [2, 1]},
								"east": {"uv": [95, 62], "uv_size": [10, 1]},
								"south": {"uv": [103, 90], "uv_size": [2, 1]},
								"west": {"uv": [95, 63], "uv_size": [10, 1]},
								"up": {"uv": [88, 49], "uv_size": [2, 10]},
								"down": {"uv": [90, 59], "uv_size": [2, -10]}
							}
						},
						{
							"origin": [-3.07811, 18.93823, -15.79205],
							"size": [1.10697, 1.15442, 9.91836],
							"pivot": [-3.07166, 20.54303, -16.7241],
							"rotation": [0, 0, 0],
							"uv": {
								"north": {"uv": [105, 101], "uv_size": [1, 1]},
								"east": {"uv": [93, 43], "uv_size": [10, 1]},
								"south": {"uv": [102, 105], "uv_size": [1, 1]},
								"west": {"uv": [93, 44], "uv_size": [10, 1]},
								"up": {"uv": [52, 97], "uv_size": [1, 10]},
								"down": {"uv": [53, 107], "uv_size": [1, -10]}
							}
						}
					]
				},
				{
					"name": "framelagi2",
					"parent": "frame",
					"pivot": [-4.79163, 22.3253, -15.1]
				},
				{
					"name": "frame2",
					"parent": "frame",
					"pivot": [-2.19163, 26.2253, 1.9]
				},
				{
					"name": "frame3",
					"parent": "frame",
					"pivot": [-2.19163, 23.0253, 7.9],
					"rotation": [2.5, 0, 0]
				},
				{
					"name": "Stock",
					"parent": "gun",
					"pivot": [-1.29981, 17.47525, 21.18078],
					"cubes": [
						{
							"origin": [-4.54419, 14.41542, -3.00972],
							"size": [1.64657, 3.486, 18.65137],
							"inflate": 0.0001,
							"pivot": [-2.97879, 16.66171, 12.81032],
							"rotation": [17.5, 0, -180],
							"uv": {
								"north": {"uv": [97, 66], "uv_size": [2, 3]},
								"east": {"uv": [62, 27], "uv_size": [19, 3]},
								"south": {"uv": [98, 2], "uv_size": [2, 3]},
								"west": {"uv": [64, 48], "uv_size": [19, 3]},
								"up": {"uv": [28, 68], "uv_size": [2, 19]},
								"down": {"uv": [30, 87], "uv_size": [2, -19]}
							}
						},
						{
							"origin": [-4.50822, 14.94768, -2.96442],
							"size": [1.51391, 4.27884, 44.28006],
							"inflate": -0.0001,
							"pivot": [-2.96081, 14.54223, 26.94016],
							"rotation": [18.5, 0, -180],
							"uv": {
								"north": {"uv": [97, 74], "uv_size": [2, 4]},
								"east": {"uv": [32, 0], "uv_size": [44, 4]},
								"south": {"uv": [78, 97], "uv_size": [2, 4]},
								"west": {"uv": [32, 4], "uv_size": [44, 4]},
								"up": {"uv": [34, 57], "uv_size": [2, 44]},
								"down": {"uv": [36, 101], "uv_size": [2, -44]}
							}
						},
						{
							"origin": [-4.45412, 7.78182, 11.98351],
							"size": [1.51391, 3.74284, 29.53006],
							"pivot": [-2.96081, 14.54223, 26.94016],
							"rotation": [3.5, 0, -180],
							"uv": {
								"north": {"uv": [97, 78], "uv_size": [2, 4]},
								"east": {"uv": [32, 16], "uv_size": [30, 4]},
								"south": {"uv": [80, 97], "uv_size": [2, 4]},
								"west": {"uv": [32, 20], "uv_size": [30, 4]},
								"up": {"uv": [64, 62], "uv_size": [2, 30]},
								"down": {"uv": [66, 92], "uv_size": [2, -30]}
							}
						},
						{
							"origin": [-4.45412, 11.52466, 14.66351],
							"size": [1.51391, 4.41284, 26.85006],
							"pivot": [-2.96081, 14.54223, 26.94016],
							"rotation": [3.5, 0, -180],
							"uv": {
								"north": {"uv": [97, 82], "uv_size": [2, 4]},
								"east": {"uv": [32, 32], "uv_size": [27, 4]},
								"south": {"uv": [97, 86], "uv_size": [2, 4]},
								"west": {"uv": [32, 36], "uv_size": [27, 4]},
								"up": {"uv": [20, 68], "uv_size": [2, 27]},
								"down": {"uv": [22, 95], "uv_size": [2, -27]}
							}
						},
						{
							"origin": [-4.45412, 15.9375, 28.12751],
							"size": [1.51391, 3.74484, 13.38606],
							"pivot": [-2.96081, 14.54223, 26.94016],
							"rotation": [3.5, 0, -180],
							"uv": {
								"north": {"uv": [97, 90], "uv_size": [2, 4]},
								"east": {"uv": [42, 70], "uv_size": [13, 4]},
								"south": {"uv": [97, 94], "uv_size": [2, 4]},
								"west": {"uv": [68, 71], "uv_size": [13, 4]},
								"up": {"uv": [86, 89], "uv_size": [2, 13]},
								"down": {"uv": [88, 102], "uv_size": [2, -13]}
							}
						},
						{
							"origin": [-4.50822, 19.68034, 39.61342],
							"size": [1.56801, 3.10721, 1.90015],
							"pivot": [-2.96081, 14.54223, 26.94016],
							"rotation": [3.5, 0, -180],
							"uv": {
								"north": {"uv": [98, 57], "uv_size": [2, 3]},
								"east": {"uv": [99, 66], "uv_size": [2, 3]},
								"south": {"uv": [95, 99], "uv_size": [2, 3]},
								"west": {"uv": [100, 2], "uv_size": [2, 3]},
								"up": {"uv": [93, 10], "uv_size": [2, 2]},
								"down": {"uv": [98, 16], "uv_size": [2, -2]}
							}
						},
						{
							"origin": [-4.50822, 7.78182, 41.51357],
							"size": [1.56801, 15.00573, 2.06006],
							"pivot": [-2.96081, 14.54223, 26.94016],
							"rotation": [3.5, 0, -180],
							"uv": {
								"north": {"uv": [76, 83], "uv_size": [2, 15]},
								"east": {"uv": [84, 74], "uv_size": [2, 15]},
								"south": {"uv": [86, 74], "uv_size": [2, 15]},
								"west": {"uv": [28, 87], "uv_size": [2, 15]},
								"up": {"uv": [101, 67], "uv_size": [2, 2]},
								"down": {"uv": [79, 103], "uv_size": [2, -2]}
							}
						},
						{
							"origin": [-4.58022, 11.5682, -3.02007],
							"size": [1.58993, 2.77988, 18.65147],
							"pivot": [-2.99676, 16.58044, 13.11467],
							"rotation": [17.5, 0, -180],
							"uv": {
								"north": {"uv": [100, 10], "uv_size": [2, 3]},
								"east": {"uv": [64, 51], "uv_size": [19, 3]},
								"south": {"uv": [100, 13], "uv_size": [2, 3]},
								"west": {"uv": [64, 54], "uv_size": [19, 3]},
								"up": {"uv": [55, 70], "uv_size": [2, 19]},
								"down": {"uv": [52, 97], "uv_size": [2, -19]}
							}
						},
						{
							"origin": [-2.94409, 14.41629, -3.00959],
							"size": [1.5179, 3.486, 18.35137],
							"pivot": [-3.00203, 16.66248, 12.8082],
							"rotation": [17.5, 0, -180],
							"uv": {
								"north": {"uv": [23, 100], "uv_size": [2, 3]},
								"east": {"uv": [65, 57], "uv_size": [18, 3]},
								"south": {"uv": [25, 100], "uv_size": [2, 3]},
								"west": {"uv": [68, 62], "uv_size": [18, 3]},
								"up": {"uv": [78, 79], "uv_size": [2, 18]},
								"down": {"uv": [80, 97], "uv_size": [2, -18]}
							}
						},
						{
							"origin": [-2.99431, 14.94768, -2.96442],
							"size": [1.59383, 4.27884, 44.28006],
							"inflate": -0.0001,
							"pivot": [-2.96081, 14.54223, 26.94016],
							"rotation": [18.5, 0, -180],
							"uv": {
								"north": {"uv": [98, 10], "uv_size": [2, 4]},
								"east": {"uv": [32, 8], "uv_size": [44, 4]},
								"south": {"uv": [16, 98], "uv_size": [2, 4]},
								"west": {"uv": [32, 12], "uv_size": [44, 4]},
								"up": {"uv": [38, 57], "uv_size": [2, 44]},
								"down": {"uv": [40, 101], "uv_size": [2, -44]}
							}
						},
						{
							"origin": [-2.94021, 7.78182, 11.98351],
							"size": [1.53972, 3.74284, 29.53006],
							"pivot": [-2.96081, 14.54223, 26.94016],
							"rotation": [3.5, 0, -180],
							"uv": {
								"north": {"uv": [18, 98], "uv_size": [2, 4]},
								"east": {"uv": [32, 24], "uv_size": [30, 4]},
								"south": {"uv": [98, 49], "uv_size": [2, 4]},
								"west": {"uv": [32, 28], "uv_size": [30, 4]},
								"up": {"uv": [16, 68], "uv_size": [2, 30]},
								"down": {"uv": [18, 98], "uv_size": [2, -30]}
							}
						},
						{
							"origin": [-2.94021, 7.02086, 11.99521],
							"size": [1.00696, 1.15431, 31.57356],
							"pivot": [-2.96081, 14.54223, 26.94016],
							"rotation": [3.5, 0, -180],
							"uv": {
								"north": {"uv": [104, 44], "uv_size": [1, 1]},
								"east": {"uv": [82, 34], "uv_size": [32, 1]},
								"south": {"uv": [45, 104], "uv_size": [1, 1]},
								"west": {"uv": [82, 35], "uv_size": [32, 1]},
								"up": {"uv": [73, 83], "uv_size": [1, 32]},
								"down": {"uv": [74, 115], "uv_size": [1, -32]}
							}
						},
						{
							"origin": [-3.92136, 7.02086, 11.99521],
							"size": [0.98115, 1.15431, 31.57356],
							"pivot": [-2.96081, 14.54223, 26.94016],
							"rotation": [3.5, 0, -180],
							"uv": {
								"north": {"uv": [104, 50], "uv_size": [1, 1]},
								"east": {"uv": [82, 36], "uv_size": [32, 1]},
								"south": {"uv": [104, 51], "uv_size": [1, 1]},
								"west": {"uv": [82, 37], "uv_size": [32, 1]},
								"up": {"uv": [83, 74], "uv_size": [1, 32]},
								"down": {"uv": [75, 115], "uv_size": [1, -32]}
							}
						},
						{
							"origin": [0.65528, 8.97047, 11.99521],
							"size": [1.53972, 0.92884, 31.57356],
							"pivot": [-2.96081, 14.54223, 26.94016],
							"rotation": [2.86821, -2.00668, -145.05024],
							"uv": {
								"north": {"uv": [103, 74], "uv_size": [2, 1]},
								"east": {"uv": [82, 38], "uv_size": [32, 1]},
								"south": {"uv": [103, 75], "uv_size": [2, 1]},
								"west": {"uv": [82, 39], "uv_size": [32, 1]},
								"up": {"uv": [32, 60], "uv_size": [2, 32]},
								"down": {"uv": [58, 94], "uv_size": [2, -32]}
							}
						},
						{
							"origin": [-8.06172, 8.93204, 11.99521],
							"size": [1.51391, 0.92884, 31.57356],
							"pivot": [-2.96081, 14.54223, 26.94016],
							"rotation": [2.86821, 2.00668, 145.05024],
							"uv": {
								"north": {"uv": [103, 76], "uv_size": [2, 1]},
								"east": {"uv": [82, 40], "uv_size": [32, 1]},
								"south": {"uv": [103, 77], "uv_size": [2, 1]},
								"west": {"uv": [83, 48], "uv_size": [32, 1]},
								"up": {"uv": [60, 62], "uv_size": [2, 32]},
								"down": {"uv": [62, 94], "uv_size": [2, -32]}
							}
						},
						{
							"origin": [-2.94021, 11.52466, 14.66351],
							"size": [1.53972, 4.41284, 26.85006],
							"pivot": [-2.96081, 14.54223, 26.94016],
							"rotation": [3.5, 0, -180],
							"uv": {
								"north": {"uv": [98, 53], "uv_size": [2, 4]},
								"east": {"uv": [32, 40], "uv_size": [27, 4]},
								"south": {"uv": [76, 98], "uv_size": [2, 4]},
								"west": {"uv": [32, 44], "uv_size": [27, 4]},
								"up": {"uv": [24, 68], "uv_size": [2, 27]},
								"down": {"uv": [26, 95], "uv_size": [2, -27]}
							}
						},
						{
							"origin": [-2.94021, 15.9375, 28.12751],
							"size": [1.53972, 3.74484, 13.38606],
							"pivot": [-2.96081, 14.54223, 26.94016],
							"rotation": [3.5, 0, -180],
							"uv": {
								"north": {"uv": [97, 98], "uv_size": [2, 4]},
								"east": {"uv": [42, 74], "uv_size": [13, 4]},
								"south": {"uv": [99, 74], "uv_size": [2, 4]},
								"west": {"uv": [68, 75], "uv_size": [13, 4]},
								"up": {"uv": [90, 74], "uv_size": [2, 13]},
								"down": {"uv": [90, 100], "uv_size": [2, -13]}
							}
						},
						{
							"origin": [-2.99431, 19.68034, 39.61342],
							"size": [1.59383, 3.10721, 1.90015],
							"pivot": [-2.96081, 14.54223, 26.94016],
							"rotation": [3.5, 0, -180],
							"uv": {
								"north": {"uv": [42, 100], "uv_size": [2, 3]},
								"east": {"uv": [44, 100], "uv_size": [2, 3]},
								"south": {"uv": [100, 49], "uv_size": [2, 3]},
								"west": {"uv": [100, 52], "uv_size": [2, 3]},
								"up": {"uv": [101, 79], "uv_size": [2, 2]},
								"down": {"uv": [101, 83], "uv_size": [2, -2]}
							}
						},
						{
							"origin": [-2.99431, 7.78182, 41.51357],
							"size": [1.59383, 15.00573, 2.06006],
							"pivot": [-2.96081, 14.54223, 26.94016],
							"rotation": [3.5, 0, -180],
							"uv": {
								"north": {"uv": [30, 87], "uv_size": [2, 15]},
								"east": {"uv": [88, 74], "uv_size": [2, 15]},
								"south": {"uv": [55, 89], "uv_size": [2, 15]},
								"west": {"uv": [84, 89], "uv_size": [2, 15]},
								"up": {"uv": [101, 83], "uv_size": [2, 2]},
								"down": {"uv": [101, 91], "uv_size": [2, -2]}
							}
						},
						{
							"origin": [-2.96156, 11.5682, -3.02007],
							"size": [1.64984, 2.77998, 18.35137],
							"pivot": [-2.94479, 16.58044, 13.11467],
							"rotation": [17.5, 0, -180],
							"uv": {
								"north": {"uv": [100, 55], "uv_size": [2, 3]},
								"east": {"uv": [68, 65], "uv_size": [18, 3]},
								"south": {"uv": [100, 86], "uv_size": [2, 3]},
								"west": {"uv": [68, 68], "uv_size": [18, 3]},
								"up": {"uv": [42, 82], "uv_size": [2, 18]},
								"down": {"uv": [44, 100], "uv_size": [2, -18]}
							}
						},
						{
							"origin": [-4.35131, 24.81965, -0.94401],
							"size": [1.24853, 0.75005, 13.86613],
							"inflate": 0.002,
							"pivot": [-2.97599, 24.71809, 5.11576],
							"rotation": [-12.70265, -11.39217, -41.22782],
							"uv": {
								"north": {"uv": [104, 52], "uv_size": [1, 1]},
								"east": {"uv": [92, 69], "uv_size": [14, 1]},
								"south": {"uv": [104, 53], "uv_size": [1, 1]},
								"west": {"uv": [93, 5], "uv_size": [14, 1]},
								"up": {"uv": [62, 94], "uv_size": [1, 14]},
								"down": {"uv": [63, 108], "uv_size": [1, -14]}
							}
						},
						{
							"origin": [-3.64268, 24.5335, -0.94401],
							"size": [1.3155, 0.72763, 13.86613],
							"inflate": 0.002,
							"pivot": [-2.97599, 24.71809, 5.11576],
							"rotation": [-17, 0, 0],
							"uv": {
								"north": {"uv": [104, 54], "uv_size": [1, 1]},
								"east": {"uv": [93, 6], "uv_size": [14, 1]},
								"south": {"uv": [55, 104], "uv_size": [1, 1]},
								"west": {"uv": [93, 7], "uv_size": [14, 1]},
								"up": {"uv": [94, 74], "uv_size": [1, 14]},
								"down": {"uv": [94, 102], "uv_size": [1, -14]}
							}
						},
						{
							"origin": [-2.86239, 24.81965, -0.94401],
							"size": [1.23284, 0.73797, 13.86613],
							"inflate": 0.002,
							"pivot": [-2.97599, 24.71809, 5.11576],
							"rotation": [-12.70265, 11.39217, 41.22782],
							"uv": {
								"north": {"uv": [104, 55], "uv_size": [1, 1]},
								"east": {"uv": [93, 8], "uv_size": [14, 1]},
								"south": {"uv": [56, 104], "uv_size": [1, 1]},
								"west": {"uv": [93, 9], "uv_size": [14, 1]},
								"up": {"uv": [20, 95], "uv_size": [1, 14]},
								"down": {"uv": [21, 109], "uv_size": [1, -14]}
							}
						}
					]
				},
				{
					"name": "Barrel2",
					"parent": "gun",
					"pivot": [-3.3089, 27.29187, -37.64127],
					"cubes": [
						{
							"origin": [-3.53581, 26.38947, -78.80165],
							"size": [1.06964, 0.60023, 64.65438],
							"inflate": 0.002,
							"pivot": [-3.00099, 25.66331, -31.20683],
							"rotation": [0, 0, -90],
							"uv": {
								"north": {"uv": [105, 102], "uv_size": [1, 1]},
								"east": {"uv": [59, 45], "uv_size": [65, 1]},
								"south": {"uv": [103, 105], "uv_size": [1, 1]},
								"west": {"uv": [59, 46], "uv_size": [65, 1]},
								"up": {"uv": [0, 60], "uv_size": [1, 65]},
								"down": {"uv": [1, 125], "uv_size": [1, -65]}
							}
						},
						{
							"origin": [-3.61571, 24.37208, -78.80165],
							"size": [1.06964, 0.60023, 64.65438],
							"inflate": 0.002,
							"pivot": [-3.00099, 25.66331, -31.20683],
							"rotation": [0, 0, 42.5],
							"uv": {
								"north": {"uv": [105, 103], "uv_size": [1, 1]},
								"east": {"uv": [59, 47], "uv_size": [65, 1]},
								"south": {"uv": [104, 105], "uv_size": [1, 1]},
								"west": {"uv": [42, 60], "uv_size": [65, 1]},
								"up": {"uv": [2, 60], "uv_size": [1, 65]},
								"down": {"uv": [3, 125], "uv_size": [1, -65]}
							}
						},
						{
							"origin": [-3.53581, 24.40315, -78.80165],
							"size": [1.06964, 0.60023, 64.65438],
							"inflate": 0.002,
							"uv": {
								"north": {"uv": [105, 104], "uv_size": [1, 1]},
								"east": {"uv": [42, 61], "uv_size": [65, 1]},
								"south": {"uv": [105, 105], "uv_size": [1, 1]},
								"west": {"uv": [62, 16], "uv_size": [65, 1]},
								"up": {"uv": [4, 60], "uv_size": [1, 65]},
								"down": {"uv": [5, 125], "uv_size": [1, -65]}
							}
						},
						{
							"origin": [-3.45591, 24.37208, -78.80165],
							"size": [1.06964, 0.60023, 64.65438],
							"inflate": 0.002,
							"pivot": [-3.00099, 25.66331, -31.20683],
							"rotation": [0, 0, -42.5],
							"uv": {
								"north": {"uv": [106, 2], "uv_size": [1, 1]},
								"east": {"uv": [62, 17], "uv_size": [65, 1]},
								"south": {"uv": [106, 3], "uv_size": [1, 1]},
								"west": {"uv": [62, 18], "uv_size": [65, 1]},
								"up": {"uv": [6, 60], "uv_size": [1, 65]},
								"down": {"uv": [7, 125], "uv_size": [1, -65]}
							}
						},
						{
							"origin": [-3.53581, 24.33692, -78.80165],
							"size": [1.06964, 0.60023, 64.65438],
							"inflate": 0.002,
							"pivot": [-3.00099, 25.66331, -31.20683],
							"rotation": [0, 0, -90],
							"uv": {
								"north": {"uv": [106, 4], "uv_size": [1, 1]},
								"east": {"uv": [62, 19], "uv_size": [65, 1]},
								"south": {"uv": [106, 10], "uv_size": [1, 1]},
								"west": {"uv": [62, 20], "uv_size": [65, 1]},
								"up": {"uv": [8, 60], "uv_size": [1, 65]},
								"down": {"uv": [9, 125], "uv_size": [1, -65]}
							}
						},
						{
							"origin": [-3.45591, 26.35431, -78.80165],
							"size": [1.06964, 0.60023, 64.65438],
							"inflate": 0.002,
							"pivot": [-3.00099, 25.66331, -31.20683],
							"rotation": [0, 0, 42.5],
							"uv": {
								"north": {"uv": [106, 11], "uv_size": [1, 1]},
								"east": {"uv": [62, 21], "uv_size": [65, 1]},
								"south": {"uv": [106, 12], "uv_size": [1, 1]},
								"west": {"uv": [62, 22], "uv_size": [65, 1]},
								"up": {"uv": [10, 60], "uv_size": [1, 65]},
								"down": {"uv": [11, 125], "uv_size": [1, -65]}
							}
						},
						{
							"origin": [-3.53581, 26.32324, -78.80165],
							"size": [1.06964, 0.60023, 64.65438],
							"inflate": 0.002,
							"uv": {
								"north": {"uv": [106, 13], "uv_size": [1, 1]},
								"east": {"uv": [62, 23], "uv_size": [65, 1]},
								"south": {"uv": [106, 14], "uv_size": [1, 1]},
								"west": {"uv": [62, 24], "uv_size": [65, 1]},
								"up": {"uv": [12, 60], "uv_size": [1, 65]},
								"down": {"uv": [13, 125], "uv_size": [1, -65]}
							}
						},
						{
							"origin": [-3.61571, 26.35431, -78.80165],
							"size": [1.06964, 0.60023, 64.65438],
							"inflate": 0.002,
							"pivot": [-3.00099, 25.66331, -31.20683],
							"rotation": [0, 0, -42.5],
							"uv": {
								"north": {"uv": [106, 15], "uv_size": [1, 1]},
								"east": {"uv": [62, 25], "uv_size": [65, 1]},
								"south": {"uv": [16, 106], "uv_size": [1, 1]},
								"west": {"uv": [62, 26], "uv_size": [65, 1]},
								"up": {"uv": [14, 60], "uv_size": [1, 65]},
								"down": {"uv": [15, 125], "uv_size": [1, -65]}
							}
						}
					]
				},
				{
					"name": "WoodFrame",
					"parent": "gun",
					"pivot": [-2.37764, 36.72638, -31.29932],
					"rotation": [-2.5, 0, 0],
					"cubes": [
						{
							"origin": [-4.49665, 21.41408, -49.06962],
							"size": [0.87882, 2.81783, 34.27191],
							"inflate": 0.0002,
							"pivot": [-2.33767, 24.92444, -34.24271],
							"rotation": [-2.5, 0, 0],
							"uv": {
								"north": {"uv": [96, 102], "uv_size": [1, 3]},
								"east": {"uv": [30, 48], "uv_size": [34, 3]},
								"south": {"uv": [97, 102], "uv_size": [1, 3]},
								"west": {"uv": [30, 51], "uv_size": [34, 3]},
								"up": {"uv": [46, 82], "uv_size": [1, 34]},
								"down": {"uv": [47, 116], "uv_size": [1, -34]}
							}
						},
						{
							"origin": [-3.74822, 20.52187, -49.09415],
							"size": [1.44014, 2.45029, 34.2849],
							"pivot": [-3.61267, 24.36469, -34.25405],
							"rotation": [-2.5, 0, 0],
							"uv": {
								"north": {"uv": [88, 103], "uv_size": [1, 2]},
								"east": {"uv": [59, 41], "uv_size": [34, 2]},
								"south": {"uv": [89, 103], "uv_size": [1, 2]},
								"west": {"uv": [59, 43], "uv_size": [34, 2]},
								"up": {"uv": [48, 82], "uv_size": [1, 34]},
								"down": {"uv": [49, 116], "uv_size": [1, -34]}
							}
						},
						{
							"origin": [-4.25843, 19.83757, -49.24619],
							"size": [1.16465, 1.16451, 34.6849],
							"pivot": [-3.6764, 20.41948, -13.19615],
							"rotation": [-1.91561, -1.60667, -39.97314],
							"uv": {
								"north": {"uv": [17, 106], "uv_size": [1, 1]},
								"east": {"uv": [81, 27], "uv_size": [35, 1]},
								"south": {"uv": [18, 106], "uv_size": [1, 1]},
								"west": {"uv": [81, 28], "uv_size": [35, 1]},
								"up": {"uv": [57, 70], "uv_size": [1, 35]},
								"down": {"uv": [54, 113], "uv_size": [1, -35]}
							}
						},
						{
							"origin": [-2.95654, 19.83918, -49.24623],
							"size": [1.16858, 1.1621, 34.3599],
							"pivot": [-2.37393, 20.41868, -13.19618],
							"rotation": [-1.61591, -1.90783, -49.72309],
							"uv": {
								"north": {"uv": [19, 106], "uv_size": [1, 1]},
								"east": {"uv": [81, 29], "uv_size": [34, 1]},
								"south": {"uv": [22, 106], "uv_size": [1, 1]},
								"west": {"uv": [81, 71], "uv_size": [34, 1]},
								"up": {"uv": [50, 82], "uv_size": [1, 34]},
								"down": {"uv": [51, 116], "uv_size": [1, -34]}
							}
						},
						{
							"origin": [-4.49699, 24.92766, -49.1534],
							"size": [0.87906, 1.45889, 34.05823],
							"pivot": [-2.67489, 25.65711, -25.11178],
							"rotation": [2.5, 0, 0],
							"uv": {
								"north": {"uv": [23, 106], "uv_size": [1, 1]},
								"east": {"uv": [81, 72], "uv_size": [34, 1]},
								"south": {"uv": [24, 106], "uv_size": [1, 1]},
								"west": {"uv": [81, 73], "uv_size": [34, 1]},
								"up": {"uv": [82, 74], "uv_size": [1, 34]},
								"down": {"uv": [68, 117], "uv_size": [1, -34]}
							}
						},
						{
							"origin": [-2.43179, 24.92766, -49.1534],
							"size": [0.87876, 1.45889, 34.05823],
							"pivot": [-3.37499, 25.65711, -25.11179],
							"rotation": [2.5, 0, 0],
							"uv": {
								"north": {"uv": [25, 106], "uv_size": [1, 1]},
								"east": {"uv": [82, 32], "uv_size": [34, 1]},
								"south": {"uv": [26, 106], "uv_size": [1, 1]},
								"west": {"uv": [82, 33], "uv_size": [34, 1]},
								"up": {"uv": [69, 83], "uv_size": [1, 34]},
								"down": {"uv": [70, 117], "uv_size": [1, -34]}
							}
						},
						{
							"origin": [-2.43219, 21.41391, -49.06962],
							"size": [0.87906, 2.818, 34.27191],
							"inflate": 0.0002,
							"pivot": [-0.27267, 24.92444, -34.24271],
							"rotation": [-2.5, 0, 0],
							"uv": {
								"north": {"uv": [102, 97], "uv_size": [1, 3]},
								"east": {"uv": [30, 54], "uv_size": [34, 3]},
								"south": {"uv": [98, 102], "uv_size": [1, 3]},
								"west": {"uv": [0, 57], "uv_size": [34, 3]},
								"up": {"uv": [71, 83], "uv_size": [1, 34]},
								"down": {"uv": [72, 117], "uv_size": [1, -34]}
							}
						},
						{
							"origin": [-4.47219, 22.41332, -38.48281],
							"size": [0.85436, 2.51859, 23.2851],
							"pivot": [-2.33767, 25.62444, -34.64271],
							"rotation": [2.5, 0, 0],
							"uv": {
								"north": {"uv": [23, 103], "uv_size": [1, 3]},
								"east": {"uv": [59, 35], "uv_size": [23, 3]},
								"south": {"uv": [24, 103], "uv_size": [1, 3]},
								"west": {"uv": [59, 38], "uv_size": [23, 3]},
								"up": {"uv": [64, 92], "uv_size": [1, 23]},
								"down": {"uv": [65, 115], "uv_size": [1, -23]}
							}
						},
						{
							"origin": [-2.43219, 22.41332, -38.48281],
							"size": [0.85436, 2.51859, 23.2851],
							"pivot": [-0.27267, 25.62444, -34.64271],
							"rotation": [2.5, 0, 0],
							"uv": {
								"north": {"uv": [102, 100], "uv_size": [1, 3]},
								"east": {"uv": [42, 57], "uv_size": [23, 3]},
								"south": {"uv": [103, 10], "uv_size": [1, 3]},
								"west": {"uv": [59, 32], "uv_size": [23, 3]},
								"up": {"uv": [32, 92], "uv_size": [1, 23]},
								"down": {"uv": [33, 115], "uv_size": [1, -23]}
							}
						}
					]
				},
				{
					"name": "Ring3",
					"parent": "WoodFrame",
					"pivot": [-3.02515, 44.56353, -74.13883],
					"rotation": [-2.5, 0, 0]
				},
				{
					"name": "WoodFrame2",
					"parent": "WoodFrame",
					"pivot": [-2.77877, 31.17038, 9.50389]
				},
				{
					"name": "sight",
					"parent": "gun",
					"pivot": [-3.19163, 26.7753, -22.9],
					"cubes": [
						{
							"origin": [-6.85584, 26.41805, -19.925],
							"size": [0.21421, 0.84304, 4.5],
							"pivot": [-4.76663, 25.0753, -6.925],
							"rotation": [0, 0, 90],
							"uv": {
								"north": {"uv": [27, 106], "uv_size": [1, 1]},
								"east": {"uv": [101, 70], "uv_size": [4, 1]},
								"south": {"uv": [28, 106], "uv_size": [1, 1]},
								"west": {"uv": [101, 85], "uv_size": [4, 1]},
								"up": {"uv": [17, 102], "uv_size": [1, 4]},
								"down": {"uv": [18, 106], "uv_size": [1, -4]}
							}
						},
						{
							"origin": [-2.05947, 27.88589, -20.325],
							"size": [0.50389, 0.24304, 4.67343],
							"pivot": [-3.00236, 28.30741, -17.275],
							"rotation": [0, -10, 90],
							"uv": {
								"north": {"uv": [29, 106], "uv_size": [1, 1]},
								"east": {"uv": [100, 58], "uv_size": [5, 1]},
								"south": {"uv": [30, 106], "uv_size": [1, 1]},
								"west": {"uv": [100, 59], "uv_size": [5, 1]},
								"up": {"uv": [100, 100], "uv_size": [1, 5]},
								"down": {"uv": [34, 106], "uv_size": [1, -5]}
							}
						},
						{
							"origin": [-2.05947, 28.48589, -20.325],
							"size": [0.50389, 0.24304, 4.67343],
							"pivot": [-3.00236, 28.30741, -17.275],
							"rotation": [0, -10, 90],
							"uv": {
								"north": {"uv": [31, 106], "uv_size": [1, 1]},
								"east": {"uv": [35, 101], "uv_size": [5, 1]},
								"south": {"uv": [34, 106], "uv_size": [1, 1]},
								"west": {"uv": [101, 66], "uv_size": [5, 1]},
								"up": {"uv": [40, 101], "uv_size": [1, 5]},
								"down": {"uv": [41, 106], "uv_size": [1, -5]}
							}
						},
						{
							"origin": [-2.9543, 26.99494, -19.925],
							"size": [0.20389, 0.24304, 3.67343],
							"pivot": [-3.00236, 27.41646, -18.58828],
							"rotation": [0, 0, 90],
							"uv": {
								"north": {"uv": [35, 106], "uv_size": [1, 1]},
								"east": {"uv": [102, 2], "uv_size": [4, 1]},
								"south": {"uv": [36, 106], "uv_size": [1, 1]},
								"west": {"uv": [102, 3], "uv_size": [4, 1]},
								"up": {"uv": [19, 102], "uv_size": [1, 4]},
								"down": {"uv": [28, 106], "uv_size": [1, -4]}
							}
						},
						{
							"origin": [-2.6543, 26.93798, -19.925],
							"size": [0.20389, 0.35696, 3.32343],
							"pivot": [-2.70236, 27.41646, -18.58828],
							"rotation": [0, 0, 90],
							"uv": {
								"north": {"uv": [37, 106], "uv_size": [1, 1]},
								"east": {"uv": [102, 87], "uv_size": [3, 1]},
								"south": {"uv": [38, 106], "uv_size": [1, 1]},
								"west": {"uv": [102, 88], "uv_size": [3, 1]},
								"up": {"uv": [25, 103], "uv_size": [1, 3]},
								"down": {"uv": [26, 106], "uv_size": [1, -3]}
							}
						},
						{
							"origin": [-2.9293, 27.01298, -77.225],
							"size": [0.95389, 0.20696, 0.22343],
							"pivot": [-2.70236, 27.41646, -77.43828],
							"rotation": [0, 0, 90],
							"uv": {
								"north": {"uv": [44, 106], "uv_size": [1, 1]},
								"east": {"uv": [106, 44], "uv_size": [1, 1]},
								"south": {"uv": [45, 106], "uv_size": [1, 1]},
								"west": {"uv": [106, 49], "uv_size": [1, 1]},
								"up": {"uv": [106, 50], "uv_size": [1, 1]},
								"down": {"uv": [106, 52], "uv_size": [1, -1]}
							}
						},
						{
							"origin": [-2.86306, 27.13798, -16.58616],
							"size": [0.01264, 0.35696, 1.0846],
							"pivot": [-3.00236, 27.31646, -16.05157],
							"rotation": [0, 20, 90],
							"uv": {
								"north": {"uv": [39, 106], "uv_size": [1, 1]},
								"east": {"uv": [40, 106], "uv_size": [1, 1]},
								"south": {"uv": [41, 106], "uv_size": [1, 1]},
								"west": {"uv": [106, 41], "uv_size": [1, 1]},
								"up": {"uv": [42, 106], "uv_size": [1, 1]},
								"down": {"uv": [106, 43], "uv_size": [1, -1]}
							}
						},
						{
							"origin": [-2.9543, 27.59494, -19.925],
							"size": [0.20389, 0.24304, 3.67343],
							"pivot": [-3.00236, 27.41646, -18.58828],
							"rotation": [0, 0, 90],
							"uv": {
								"north": {"uv": [43, 106], "uv_size": [1, 1]},
								"east": {"uv": [102, 4], "uv_size": [4, 1]},
								"south": {"uv": [106, 43], "uv_size": [1, 1]},
								"west": {"uv": [102, 14], "uv_size": [4, 1]},
								"up": {"uv": [29, 102], "uv_size": [1, 4]},
								"down": {"uv": [30, 106], "uv_size": [1, -4]}
							}
						}
					]
				},
				{
					"name": "BulletShell",
					"parent": "gun",
					"pivot": [-3.52984, 21.83253, -7.46],
					"cubes": [
						{
							"origin": [-4.14581, 21.21656, -9.07538],
							"size": [1.23194, 1.23194, 3.23076],
							"uv": {
								"north": {"uv": [106, 55], "uv_size": [1, 1]},
								"east": {"uv": [103, 13], "uv_size": [3, 1]},
								"south": {"uv": [56, 106], "uv_size": [1, 1]},
								"west": {"uv": [103, 41], "uv_size": [3, 1]},
								"up": {"uv": [42, 103], "uv_size": [1, 3]},
								"down": {"uv": [103, 45], "uv_size": [1, -3]}
							}
						}
					]
				},
				{
					"name": "Bullet",
					"parent": "gun",
					"pivot": [-3.15018, 23.28395, -3.08497],
					"cubes": [
						{
							"origin": [-3.72992, 22.70421, -2.9509],
							"size": [1.15948, 1.15948, 3.04071],
							"uv": {
								"north": {"uv": [106, 56], "uv_size": [1, 1]},
								"east": {"uv": [43, 103], "uv_size": [3, 1]},
								"south": {"uv": [57, 106], "uv_size": [1, 1]},
								"west": {"uv": [103, 49], "uv_size": [3, 1]},
								"up": {"uv": [103, 50], "uv_size": [1, 3]},
								"down": {"uv": [103, 56], "uv_size": [1, -3]}
							}
						},
						{
							"origin": [-3.59078, 22.84335, -3.94418],
							"size": [0.8812, 0.8812, 1.21856],
							"uv": {
								"north": {"uv": [106, 57], "uv_size": [1, 1]},
								"east": {"uv": [106, 58], "uv_size": [1, 1]},
								"south": {"uv": [106, 59], "uv_size": [1, 1]},
								"west": {"uv": [106, 62], "uv_size": [1, 1]},
								"up": {"uv": [106, 63], "uv_size": [1, 1]},
								"down": {"uv": [106, 65], "uv_size": [1, -1]}
							}
						},
						{
							"origin": [-3.49826, 22.93587, -5.03479],
							"size": [0.69615, 0.69615, 1.09066],
							"uv": {
								"north": {"uv": [106, 65], "uv_size": [1, 1]},
								"east": {"uv": [106, 66], "uv_size": [1, 1]},
								"south": {"uv": [106, 67], "uv_size": [1, 1]},
								"west": {"uv": [106, 68], "uv_size": [1, 1]},
								"up": {"uv": [106, 69], "uv_size": [1, 1]},
								"down": {"uv": [106, 71], "uv_size": [1, -1]}
							}
						}
					]
				},
				{
					"name": "rightarm",
					"parent": "main",
					"pivot": [-6.39163, 7.3003, 20.8],
					"rotation": [-101.81106, -12.40003, -2.46982],
					"cubes": [
						{
							"origin": [-10.39163, -16.6997, 10.8],
							"size": [8, 24, 8],
							"uv": {
								"north": {"uv": [0, 0], "uv_size": [8, 24]},
								"east": {"uv": [8, 0], "uv_size": [8, 24]},
								"south": {"uv": [16, 0], "uv_size": [8, 24]},
								"west": {"uv": [0, 24], "uv_size": [8, 24]},
								"up": {"uv": [16, 60], "uv_size": [8, 8]},
								"down": {"uv": [24, 68], "uv_size": [8, -8]}
							}
						}
					]
				},
				{
					"name": "leftarm",
					"parent": "main",
					"pivot": [6.43598, 13.9653, -5.67708],
					"rotation": [-119.61483, 1.67666, -38.31282],
					"cubes": [
						{
							"origin": [0.88926, -10.51186, -7.24231],
							"size": [8, 24, 8],
							"uv": {
								"north": {"uv": [24, 0], "uv_size": [8, 24]},
								"east": {"uv": [8, 24], "uv_size": [8, 24]},
								"south": {"uv": [16, 24], "uv_size": [8, 24]},
								"west": {"uv": [24, 24], "uv_size": [8, 24]},
								"up": {"uv": [42, 62], "uv_size": [8, 8]},
								"down": {"uv": [50, 70], "uv_size": [8, -8]}
							}
						}
					]
				},
				{
					"name": "muzzleflash",
					"parent": "main",
					"pivot": [-3.09163, 25.6503, -78],
					"cubes": [
						{
							"origin": [-3.59163, 25.1503, -78.5],
							"size": [1, 1, 1],
							"inflate": -0.4,
							"uv": {
								"north": {"uv": [101, 103], "uv_size": [1, 1]},
								"east": {"uv": [103, 101], "uv_size": [1, 1]},
								"south": {"uv": [102, 103], "uv_size": [1, 1]},
								"west": {"uv": [103, 102], "uv_size": [1, 1]},
								"up": {"uv": [103, 103], "uv_size": [1, 1]},
								"down": {"uv": [104, 11], "uv_size": [1, -1]}
							}
						}
					]
				},
				{
					"name": "scope",
					"parent": "main",
					"pivot": [-2.99888, 27.56451, 8.175],
					"cubes": [
						{
							"origin": [-3.502, 27.06451, 7.675],
							"size": [1, 1, 1],
							"inflate": -0.4,
							"uv": {
								"north": {"uv": [104, 11], "uv_size": [1, 1]},
								"east": {"uv": [104, 12], "uv_size": [1, 1]},
								"south": {"uv": [104, 42], "uv_size": [1, 1]},
								"west": {"uv": [43, 104], "uv_size": [1, 1]},
								"up": {"uv": [104, 43], "uv_size": [1, 1]},
								"down": {"uv": [44, 105], "uv_size": [1, -1]}
							}
						}
					]
				},
				{
					"name": "_cb_scope",
					"parent": "main",
					"pivot": [-1.07809, 15.06801, 14.94341],
					"cubes": [
						{
							"origin": [-2.45309, 23.128, -15.1216],
							"size": [1, 1, 1],
							"uv": {
								"north": {"uv": [106, 74], "uv_size": [1, 1]},
								"east": {"uv": [106, 75], "uv_size": [1, 1]},
								"south": {"uv": [76, 106], "uv_size": [1, 1]},
								"west": {"uv": [106, 76], "uv_size": [1, 1]},
								"up": {"uv": [77, 106], "uv_size": [1, 1]},
								"down": {"uv": [106, 78], "uv_size": [1, -1]}
							}
						}
					]
				}
			]
		}
	]
}