{
	"format_version": "1.12.0",
	"minecraft:geometry": [
		{
			"description": {
				"identifier": "geometry.unknown",
				"texture_width": 128,
				"texture_height": 128,
				"visible_bounds_width": 8,
				"visible_bounds_height": 4,
				"visible_bounds_offset": [0, 1, 0]
			},
			"bones": [
				{
					"name": "main",
					"pivot": [0, 20, 0]
				},
				{
					"name": "gun",
					"parent": "main",
					"pivot": [-3.3663, 25.75894, -14.61028],
					"cubes": [
						{
							"origin": [-4.7125, 15.67555, -16.66427],
							"size": [2.604, 4.564, 1.174],
							"inflate": -0.1,
							"uv": {
								"north": {"uv": [68, 7], "uv_size": [3, 5]},
								"east": {"uv": [82, 23], "uv_size": [1, 5]},
								"south": {"uv": [69, 48], "uv_size": [3, 5]},
								"west": {"uv": [82, 28], "uv_size": [1, 5]},
								"up": {"uv": [54, 19], "uv_size": [3, 1]},
								"down": {"uv": [84, 7], "uv_size": [3, -1]}
							}
						},
						{
							"origin": [-4.7311, 15.75891, -22.98684],
							"size": [2.604, 3.164, 0.944],
							"inflate": -0.1,
							"pivot": [-3.4291, 18.49091, -24.01484],
							"rotation": [22.5, 0, 0],
							"uv": {
								"north": {"uv": [69, 53], "uv_size": [3, 3]},
								"east": {"uv": [86, 0], "uv_size": [1, 3]},
								"south": {"uv": [75, 53], "uv_size": [3, 3]},
								"west": {"uv": [86, 3], "uv_size": [1, 3]},
								"up": {"uv": [86, 7], "uv_size": [3, 1]},
								"down": {"uv": [86, 9], "uv_size": [3, -1]}
							}
						},
						{
							"origin": [-4.7311, 20.90841, -26.25319],
							"size": [2.604, 3.289, 1.419],
							"inflate": -0.1,
							"pivot": [-3.4291, 22.49041, -22.90619],
							"rotation": [70, 0, 0],
							"uv": {
								"north": {"uv": [73, 78], "uv_size": [3, 3]},
								"east": {"uv": [47, 86], "uv_size": [1, 3]},
								"south": {"uv": [78, 75], "uv_size": [3, 3]},
								"west": {"uv": [67, 86], "uv_size": [1, 3]},
								"up": {"uv": [86, 40], "uv_size": [3, 1]},
								"down": {"uv": [86, 52], "uv_size": [3, -1]}
							}
						},
						{
							"origin": [-4.7311, 14.63997, -21.48926],
							"size": [2.604, 2.964, 0.944],
							"inflate": -0.1,
							"pivot": [-3.4291, 16.62197, -21.01726],
							"rotation": [75, 0, 0],
							"uv": {
								"north": {"uv": [78, 48], "uv_size": [3, 3]},
								"east": {"uv": [45, 86], "uv_size": [1, 3]},
								"south": {"uv": [78, 53], "uv_size": [3, 3]},
								"west": {"uv": [46, 86], "uv_size": [1, 3]},
								"up": {"uv": [86, 36], "uv_size": [3, 1]},
								"down": {"uv": [86, 40], "uv_size": [3, -1]}
							}
						},
						{
							"origin": [-4.7225, 15.66555, -19.40567],
							"size": [2.6054, 0.9454, 3.9254],
							"inflate": -0.11,
							"uv": {
								"north": {"uv": [85, 49], "uv_size": [3, 1]},
								"east": {"uv": [82, 33], "uv_size": [4, 1]},
								"south": {"uv": [85, 80], "uv_size": [3, 1]},
								"west": {"uv": [82, 34], "uv_size": [4, 1]},
								"up": {"uv": [72, 20], "uv_size": [3, 4]},
								"down": {"uv": [72, 52], "uv_size": [3, -4]}
							}
						}
					]
				},
				{
					"name": "Trigger",
					"parent": "gun",
					"pivot": [-3.4105, 19.7652, -18.43849],
					"rotation": [27.5, 0, 0],
					"cubes": [
						{
							"origin": [-3.9225, 18.24463, -19.78153],
							"size": [1.024, 2.834, 0.944],
							"inflate": -0.1,
							"pivot": [-2.3805, 17.35163, -18.84453],
							"rotation": [-21, 0, 0],
							"uv": {
								"north": {"uv": [15, 86], "uv_size": [1, 3]},
								"east": {"uv": [16, 86], "uv_size": [1, 3]},
								"south": {"uv": [26, 86], "uv_size": [1, 3]},
								"west": {"uv": [86, 33], "uv_size": [1, 3]},
								"up": {"uv": [83, 81], "uv_size": [1, 1]},
								"down": {"uv": [84, 79], "uv_size": [1, -1]}
							}
						},
						{
							"origin": [-3.9225, 16.60395, -20.19545],
							"size": [1.024, 1.634, 0.944],
							"inflate": -0.1,
							"pivot": [-2.3805, 17.31095, -18.75845],
							"rotation": [-46, 0, 0],
							"uv": {
								"north": {"uv": [87, 81], "uv_size": [1, 2]},
								"east": {"uv": [87, 83], "uv_size": [1, 2]},
								"south": {"uv": [84, 87], "uv_size": [1, 2]},
								"west": {"uv": [85, 87], "uv_size": [1, 2]},
								"up": {"uv": [89, 88], "uv_size": [1, 1]},
								"down": {"uv": [89, 90], "uv_size": [1, -1]}
							}
						}
					]
				},
				{
					"name": "Grip",
					"parent": "gun",
					"pivot": [-2.7525, 19.93714, -8.10028],
					"cubes": [
						{
							"origin": [-5.0775, 16.26214, -15.57903],
							"size": [3.255, 3.72, 6.7585],
							"uv": {
								"north": {"uv": [68, 12], "uv_size": [3, 4]},
								"east": {"uv": [46, 20], "uv_size": [7, 4]},
								"south": {"uv": [71, 7], "uv_size": [3, 4]},
								"west": {"uv": [20, 48], "uv_size": [7, 4]},
								"up": {"uv": [32, 52], "uv_size": [3, 7]},
								"down": {"uv": [54, 7], "uv_size": [3, -7]}
							}
						},
						{
							"origin": [-5.124, 6.63614, -14.65828],
							"size": [3.348, 12.323, 6.2545],
							"pivot": [-2.52, 15.79714, -13.10028],
							"rotation": [12.5, 0, 0],
							"uv": {
								"north": {"uv": [8, 48], "uv_size": [3, 12]},
								"east": {"uv": [32, 0], "uv_size": [6, 12]},
								"south": {"uv": [11, 48], "uv_size": [3, 12]},
								"west": {"uv": [32, 12], "uv_size": [6, 12]},
								"up": {"uv": [54, 7], "uv_size": [3, 6]},
								"down": {"uv": [54, 19], "uv_size": [3, -6]}
							}
						},
						{
							"origin": [-5.22378, 7.03331, -14.2461],
							"size": [3.54756, 10.05331, 5.46686],
							"pivot": [-2.5479, 15.71948, -13.03484],
							"rotation": [12.5, 0, 0],
							"uv": {
								"north": {"uv": [0, 48], "uv_size": [4, 10]},
								"east": {"uv": [43, 44], "uv_size": [5, 10]},
								"south": {"uv": [4, 48], "uv_size": [4, 10]},
								"west": {"uv": [45, 32], "uv_size": [5, 10]},
								"up": {"uv": [58, 48], "uv_size": [4, 5]},
								"down": {"uv": [58, 58], "uv_size": [4, -5]}
							}
						},
						{
							"origin": [-5.07764, 15.797, -15.57917],
							"size": [0.93028, 0.93028, 5.53378],
							"inflate": -0.002,
							"uv": {
								"north": {"uv": [77, 31], "uv_size": [1, 1]},
								"east": {"uv": [79, 41], "uv_size": [6, 1]},
								"south": {"uv": [83, 70], "uv_size": [1, 1]},
								"west": {"uv": [79, 58], "uv_size": [6, 1]},
								"up": {"uv": [26, 80], "uv_size": [1, 6]},
								"down": {"uv": [80, 72], "uv_size": [1, -6]}
							}
						},
						{
							"origin": [-4.61243, 15.79721, -15.57896],
							"size": [2.78986, 0.92986, 5.53336],
							"inflate": 0.001,
							"uv": {
								"north": {"uv": [86, 9], "uv_size": [3, 1]},
								"east": {"uv": [79, 59], "uv_size": [6, 1]},
								"south": {"uv": [86, 10], "uv_size": [3, 1]},
								"west": {"uv": [79, 60], "uv_size": [6, 1]},
								"up": {"uv": [15, 60], "uv_size": [3, 6]},
								"down": {"uv": [61, 6], "uv_size": [3, -6]}
							}
						},
						{
							"origin": [-5.07764, 12.22356, -16.22156],
							"size": [0.93028, 0.93028, 5.53378],
							"inflate": -0.002,
							"pivot": [-3.915, 13.45595, -12.80367],
							"rotation": [-60, 0, 0],
							"uv": {
								"north": {"uv": [89, 0], "uv_size": [1, 1]},
								"east": {"uv": [81, 54], "uv_size": [6, 1]},
								"south": {"uv": [1, 89], "uv_size": [1, 1]},
								"west": {"uv": [81, 55], "uv_size": [6, 1]},
								"up": {"uv": [66, 81], "uv_size": [1, 6]},
								"down": {"uv": [81, 72], "uv_size": [1, -6]}
							}
						},
						{
							"origin": [-5.0775, 12.68489, -16.2204],
							"size": [3.255, 3.72, 5.5335],
							"pivot": [-3.915, 13.45214, -12.80265],
							"rotation": [-60, 0, 0],
							"uv": {
								"north": {"uv": [72, 52], "uv_size": [3, 4]},
								"east": {"uv": [52, 48], "uv_size": [6, 4]},
								"south": {"uv": [73, 40], "uv_size": [3, 4]},
								"west": {"uv": [52, 52], "uv_size": [6, 4]},
								"up": {"uv": [40, 61], "uv_size": [3, 6]},
								"down": {"uv": [60, 67], "uv_size": [3, -6]}
							}
						},
						{
							"origin": [-4.61243, 12.21996, -16.22033],
							"size": [2.78986, 0.92986, 5.53336],
							"inflate": 0.001,
							"pivot": [-3.915, 13.45214, -12.80265],
							"rotation": [-60, 0, 0],
							"uv": {
								"north": {"uv": [86, 13], "uv_size": [3, 1]},
								"east": {"uv": [80, 17], "uv_size": [6, 1]},
								"south": {"uv": [86, 14], "uv_size": [3, 1]},
								"west": {"uv": [81, 53], "uv_size": [6, 1]},
								"up": {"uv": [61, 6], "uv_size": [3, 6]},
								"down": {"uv": [61, 18], "uv_size": [3, -6]}
							}
						}
					]
				},
				{
					"name": "Frame",
					"parent": "gun",
					"pivot": [-4.9845, 27.84214, -0.66028],
					"cubes": [
						{
							"origin": [-4.98443, 19.98221, -18.12221],
							"size": [0.92986, 3.19886, 9.29986],
							"inflate": 0.001,
							"uv": {
								"north": {"uv": [75, 48], "uv_size": [1, 3]},
								"east": {"uv": [50, 34], "uv_size": [9, 3]},
								"south": {"uv": [80, 83], "uv_size": [1, 3]},
								"west": {"uv": [50, 37], "uv_size": [9, 3]},
								"up": {"uv": [77, 22], "uv_size": [1, 9]},
								"down": {"uv": [78, 42], "uv_size": [1, -9]}
							}
						},
						{
							"origin": [-4.98443, 23.18221, -10.92221],
							"size": [0.92986, 1.44886, 2.09986],
							"inflate": 0.001,
							"uv": {
								"north": {"uv": [89, 52], "uv_size": [1, 1]},
								"east": {"uv": [60, 87], "uv_size": [2, 1]},
								"south": {"uv": [53, 89], "uv_size": [1, 1]},
								"west": {"uv": [87, 60], "uv_size": [2, 1]},
								"up": {"uv": [87, 61], "uv_size": [1, 2]},
								"down": {"uv": [62, 89], "uv_size": [1, -2]}
							}
						},
						{
							"origin": [-4.98464, 19.982, -8.82242],
							"size": [1.43028, 1.86028, 1.86028],
							"inflate": 0.0001,
							"pivot": [-4.0545, 19.98214, -8.82228],
							"rotation": [53, 0, 0],
							"uv": {
								"north": {"uv": [72, 40], "uv_size": [1, 2]},
								"east": {"uv": [75, 22], "uv_size": [2, 2]},
								"south": {"uv": [50, 87], "uv_size": [1, 2]},
								"west": {"uv": [82, 35], "uv_size": [2, 2]},
								"up": {"uv": [51, 87], "uv_size": [1, 2]},
								"down": {"uv": [52, 89], "uv_size": [1, -2]}
							}
						},
						{
							"origin": [-3.55436, 19.9818, -8.82262],
							"size": [1.63886, 1.86048, 1.86048],
							"inflate": -0.0001,
							"pivot": [-1.9295, 19.98214, -8.82228],
							"rotation": [53, 0, 0],
							"uv": {
								"north": {"uv": [64, 85], "uv_size": [2, 2]},
								"east": {"uv": [85, 64], "uv_size": [2, 2]},
								"south": {"uv": [85, 66], "uv_size": [2, 2]},
								"west": {"uv": [85, 68], "uv_size": [2, 2]},
								"up": {"uv": [73, 85], "uv_size": [2, 2]},
								"down": {"uv": [78, 87], "uv_size": [2, -2]}
							}
						},
						{
							"origin": [-4.98371, 19.052, -7.26242],
							"size": [3.06835, 2.88168, 1.53554],
							"pivot": [-1.9155, 21.84214, -6.03228],
							"rotation": [-68, 0, 0],
							"uv": {
								"north": {"uv": [78, 42], "uv_size": [3, 3]},
								"east": {"uv": [81, 45], "uv_size": [2, 3]},
								"south": {"uv": [78, 45], "uv_size": [3, 3]},
								"west": {"uv": [81, 48], "uv_size": [2, 3]},
								"up": {"uv": [62, 54], "uv_size": [3, 2]},
								"down": {"uv": [69, 42], "uv_size": [3, -2]}
							}
						},
						{
							"origin": [-6.35268, 21.23763, -28.0336],
							"size": [1.48493, 1.85818, 2.65818],
							"inflate": 0.0001,
							"pivot": [-4.10364, 21.75171, -26.20542],
							"rotation": [-127, 0, -180],
							"uv": {
								"north": {"uv": [87, 55], "uv_size": [1, 2]},
								"east": {"uv": [73, 81], "uv_size": [3, 2]},
								"south": {"uv": [56, 87], "uv_size": [1, 2]},
								"west": {"uv": [81, 75], "uv_size": [3, 2]},
								"up": {"uv": [35, 86], "uv_size": [1, 3]},
								"down": {"uv": [36, 89], "uv_size": [1, -3]}
							}
						},
						{
							"origin": [-7.51322, 21.73765, -26.94102],
							"size": [1.54182, 2.05782, 0.90054],
							"inflate": 0.00001,
							"pivot": [-4.70736, 21.59198, -26.08506],
							"rotation": [118.5, 0, 180],
							"uv": {
								"north": {"uv": [53, 87], "uv_size": [1, 2]},
								"east": {"uv": [87, 53], "uv_size": [1, 2]},
								"south": {"uv": [54, 87], "uv_size": [1, 2]},
								"west": {"uv": [55, 87], "uv_size": [1, 2]},
								"up": {"uv": [89, 1], "uv_size": [1, 1]},
								"down": {"uv": [2, 90], "uv_size": [1, -1]}
							}
						},
						{
							"origin": [-10.65001, 21.23773, -28.0335],
							"size": [1.68057, 1.85808, 2.65808],
							"inflate": 0.0001,
							"pivot": [-6.99487, 21.75171, -26.20542],
							"rotation": [-127, 0, -180],
							"uv": {
								"north": {"uv": [84, 72], "uv_size": [2, 2]},
								"east": {"uv": [81, 77], "uv_size": [3, 2]},
								"south": {"uv": [84, 74], "uv_size": [2, 2]},
								"west": {"uv": [78, 81], "uv_size": [3, 2]},
								"up": {"uv": [81, 79], "uv_size": [2, 3]},
								"down": {"uv": [8, 85], "uv_size": [2, -3]}
							}
						},
						{
							"origin": [-9.2144, 21.73765, -26.84102],
							"size": [1.63618, 2.05782, 0.80054],
							"pivot": [-6.28836, 21.59198, -26.08506],
							"rotation": [118.5, 0, 180],
							"uv": {
								"north": {"uv": [83, 42], "uv_size": [2, 2]},
								"east": {"uv": [57, 87], "uv_size": [1, 2]},
								"south": {"uv": [83, 44], "uv_size": [2, 2]},
								"west": {"uv": [87, 57], "uv_size": [1, 2]},
								"up": {"uv": [87, 50], "uv_size": [2, 1]},
								"down": {"uv": [87, 60], "uv_size": [2, -1]}
							}
						},
						{
							"origin": [-4.70178, 22.52019, -8.8383],
							"size": [2.79, 0.939, 3.165],
							"uv": {
								"north": {"uv": [87, 24], "uv_size": [3, 1]},
								"east": {"uv": [87, 25], "uv_size": [3, 1]},
								"south": {"uv": [87, 26], "uv_size": [3, 1]},
								"west": {"uv": [27, 87], "uv_size": [3, 1]},
								"up": {"uv": [79, 31], "uv_size": [3, 3]},
								"down": {"uv": [79, 37], "uv_size": [3, -3]}
							}
						},
						{
							"origin": [-2.21178, 23.45919, -8.8383],
							"size": [0.3, 1.209, 3.165],
							"inflate": 0.0001,
							"uv": {
								"north": {"uv": [37, 90], "uv_size": [1, 1]},
								"east": {"uv": [87, 27], "uv_size": [3, 1]},
								"south": {"uv": [90, 37], "uv_size": [1, 1]},
								"west": {"uv": [87, 28], "uv_size": [3, 1]},
								"up": {"uv": [24, 87], "uv_size": [1, 3]},
								"down": {"uv": [25, 90], "uv_size": [1, -3]}
							}
						},
						{
							"origin": [-4.98171, 23.46012, -8.83737],
							"size": [0.3, 1.209, 3.165],
							"inflate": 0.0001,
							"uv": {
								"north": {"uv": [38, 90], "uv_size": [1, 1]},
								"east": {"uv": [87, 29], "uv_size": [3, 1]},
								"south": {"uv": [90, 38], "uv_size": [1, 1]},
								"west": {"uv": [87, 30], "uv_size": [3, 1]},
								"up": {"uv": [30, 87], "uv_size": [1, 3]},
								"down": {"uv": [31, 90], "uv_size": [1, -3]}
							}
						},
						{
							"origin": [-4.98071, 22.52026, -8.83823],
							"size": [0.92986, 0.93886, 3.16486],
							"inflate": 0.001,
							"uv": {
								"north": {"uv": [89, 2], "uv_size": [1, 1]},
								"east": {"uv": [86, 17], "uv_size": [3, 1]},
								"south": {"uv": [3, 89], "uv_size": [1, 1]},
								"west": {"uv": [86, 18], "uv_size": [3, 1]},
								"up": {"uv": [43, 86], "uv_size": [1, 3]},
								"down": {"uv": [44, 89], "uv_size": [1, -3]}
							}
						},
						{
							"origin": [-4.70178, 21.86312, -8.89579],
							"size": [2.79, 0.939, 3.165],
							"pivot": [-3.91128, 22.33262, -7.31329],
							"rotation": [-10, 0, 0],
							"uv": {
								"north": {"uv": [87, 19], "uv_size": [3, 1]},
								"east": {"uv": [87, 20], "uv_size": [3, 1]},
								"south": {"uv": [87, 21], "uv_size": [3, 1]},
								"west": {"uv": [87, 23], "uv_size": [3, 1]},
								"up": {"uv": [79, 25], "uv_size": [3, 3]},
								"down": {"uv": [79, 31], "uv_size": [3, -3]}
							}
						},
						{
							"origin": [-4.98071, 21.86319, -8.89572],
							"size": [0.92986, 0.93886, 3.16486],
							"inflate": 0.001,
							"pivot": [-3.91128, 22.33262, -7.31329],
							"rotation": [-10, 0, 0],
							"uv": {
								"north": {"uv": [36, 90], "uv_size": [1, 1]},
								"east": {"uv": [87, 15], "uv_size": [3, 1]},
								"south": {"uv": [90, 36], "uv_size": [1, 1]},
								"west": {"uv": [17, 87], "uv_size": [3, 1]},
								"up": {"uv": [12, 87], "uv_size": [1, 3]},
								"down": {"uv": [13, 90], "uv_size": [1, -3]}
							}
						},
						{
							"origin": [-4.7055, 19.98214, -25.32228],
							"size": [2.79, 3.999, 16.5],
							"inflate": 0.0001,
							"uv": {
								"north": {"uv": [71, 11], "uv_size": [3, 4]},
								"east": {"uv": [32, 24], "uv_size": [17, 4]},
								"south": {"uv": [70, 71], "uv_size": [3, 4]},
								"west": {"uv": [32, 28], "uv_size": [17, 4]},
								"up": {"uv": [37, 40], "uv_size": [3, 17]},
								"down": {"uv": [40, 61], "uv_size": [3, -17]}
							}
						},
						{
							"origin": [-3.1055, 23.98114, -17.52228],
							"size": [1.19, 0.651, 8.7],
							"uv": {
								"north": {"uv": [89, 4], "uv_size": [1, 1]},
								"east": {"uv": [77, 18], "uv_size": [9, 1]},
								"south": {"uv": [5, 89], "uv_size": [1, 1]},
								"west": {"uv": [78, 19], "uv_size": [9, 1]},
								"up": {"uv": [34, 78], "uv_size": [1, 9]},
								"down": {"uv": [78, 75], "uv_size": [1, -9]}
							}
						},
						{
							"origin": [-2.4845, 19.98214, -25.51578],
							"size": [0.63, 5.208, 7.998],
							"inflate": 0.0001,
							"uv": {
								"north": {"uv": [82, 66], "uv_size": [1, 5]},
								"east": {"uv": [46, 10], "uv_size": [8, 5]},
								"south": {"uv": [81, 82], "uv_size": [1, 5]},
								"west": {"uv": [46, 15], "uv_size": [8, 5]},
								"up": {"uv": [22, 80], "uv_size": [1, 8]},
								"down": {"uv": [23, 88], "uv_size": [1, -8]}
							}
						},
						{
							"origin": [-2.4845, 24.48214, -17.51778],
							"size": [0.18, 0.708, 8.698],
							"uv": {
								"north": {"uv": [91, 40], "uv_size": [1, 1]},
								"east": {"uv": [78, 56], "uv_size": [9, 1]},
								"south": {"uv": [41, 91], "uv_size": [1, 1]},
								"west": {"uv": [78, 57], "uv_size": [9, 1]},
								"up": {"uv": [14, 79], "uv_size": [1, 9]},
								"down": {"uv": [79, 75], "uv_size": [1, -9]}
							}
						},
						{
							"origin": [-5.0205, 19.98214, -25.51578],
							"size": [0.605, 5.208, 7.998],
							"uv": {
								"north": {"uv": [67, 81], "uv_size": [1, 5]},
								"east": {"uv": [46, 0], "uv_size": [8, 5]},
								"south": {"uv": [17, 82], "uv_size": [1, 5]},
								"west": {"uv": [46, 5], "uv_size": [8, 5]},
								"up": {"uv": [20, 80], "uv_size": [1, 8]},
								"down": {"uv": [21, 88], "uv_size": [1, -8]}
							}
						},
						{
							"origin": [-5.0205, 22.60543, -28.03872],
							"size": [0.605, 2.58471, 2.52295],
							"uv": {
								"north": {"uv": [86, 84], "uv_size": [1, 3]},
								"east": {"uv": [11, 79], "uv_size": [3, 3]},
								"south": {"uv": [87, 0], "uv_size": [1, 3]},
								"west": {"uv": [79, 22], "uv_size": [3, 3]},
								"up": {"uv": [87, 3], "uv_size": [1, 3]},
								"down": {"uv": [8, 90], "uv_size": [1, -3]}
							}
						},
						{
							"origin": [-2.3845, 22.60543, -28.03872],
							"size": [0.53, 2.58471, 2.52295],
							"uv": {
								"north": {"uv": [80, 86], "uv_size": [1, 3]},
								"east": {"uv": [78, 78], "uv_size": [3, 3]},
								"south": {"uv": [86, 81], "uv_size": [1, 3]},
								"west": {"uv": [8, 79], "uv_size": [3, 3]},
								"up": {"uv": [82, 86], "uv_size": [1, 3]},
								"down": {"uv": [83, 89], "uv_size": [1, -3]}
							}
						},
						{
							"origin": [-4.75802, 19.57447, -30.55383],
							"size": [0.79638, 1.17426, 0.85101],
							"pivot": [-4.43366, 22.7376, -30.12833],
							"rotation": [90, 0, -47],
							"uv": {
								"north": {"uv": [29, 90], "uv_size": [1, 1]},
								"east": {"uv": [90, 29], "uv_size": [1, 1]},
								"south": {"uv": [30, 90], "uv_size": [1, 1]},
								"west": {"uv": [90, 30], "uv_size": [1, 1]},
								"up": {"uv": [31, 90], "uv_size": [1, 1]},
								"down": {"uv": [90, 32], "uv_size": [1, -1]}
							}
						},
						{
							"origin": [-4.96607, 16.79176, -30.59906],
							"size": [0.64872, 1.17426, 0.45725],
							"pivot": [-4.37237, 21.6081, -31.78153],
							"rotation": [90, 0, 0],
							"uv": {
								"north": {"uv": [26, 90], "uv_size": [1, 1]},
								"east": {"uv": [90, 26], "uv_size": [1, 1]},
								"south": {"uv": [27, 90], "uv_size": [1, 1]},
								"west": {"uv": [90, 27], "uv_size": [1, 1]},
								"up": {"uv": [28, 90], "uv_size": [1, 1]},
								"down": {"uv": [90, 29], "uv_size": [1, -1]}
							}
						},
						{
							"origin": [-3.36371, 19.47256, -30.55383],
							"size": [0.79638, 1.17426, 0.5803],
							"pivot": [-2.96552, 22.63569, -30.12833],
							"rotation": [90, 0, 0],
							"uv": {
								"north": {"uv": [23, 90], "uv_size": [1, 1]},
								"east": {"uv": [90, 23], "uv_size": [1, 1]},
								"south": {"uv": [24, 90], "uv_size": [1, 1]},
								"west": {"uv": [90, 24], "uv_size": [1, 1]},
								"up": {"uv": [25, 90], "uv_size": [1, 1]},
								"down": {"uv": [90, 26], "uv_size": [1, -1]}
							}
						},
						{
							"origin": [-4.34367, 19.47256, -30.55383],
							"size": [0.97996, 1.17426, 0.5803],
							"pivot": [-4.01931, 22.63569, -30.12833],
							"rotation": [90, 0, 0],
							"uv": {
								"north": {"uv": [20, 90], "uv_size": [1, 1]},
								"east": {"uv": [90, 20], "uv_size": [1, 1]},
								"south": {"uv": [21, 90], "uv_size": [1, 1]},
								"west": {"uv": [90, 21], "uv_size": [1, 1]},
								"up": {"uv": [22, 90], "uv_size": [1, 1]},
								"down": {"uv": [90, 23], "uv_size": [1, -1]}
							}
						},
						{
							"origin": [-2.92589, 19.62846, -30.55383],
							"size": [0.79638, 1.17426, 0.85101],
							"pivot": [-2.5277, 22.79159, -30.12833],
							"rotation": [90, 0, 47],
							"uv": {
								"north": {"uv": [17, 90], "uv_size": [1, 1]},
								"east": {"uv": [90, 17], "uv_size": [1, 1]},
								"south": {"uv": [18, 90], "uv_size": [1, 1]},
								"west": {"uv": [90, 18], "uv_size": [1, 1]},
								"up": {"uv": [19, 90], "uv_size": [1, 1]},
								"down": {"uv": [90, 20], "uv_size": [1, -1]}
							}
						},
						{
							"origin": [-2.56905, 19.51153, -30.11085],
							"size": [0.62411, 1.17426, 0.45725],
							"pivot": [-2.54001, 22.72388, -30.17755],
							"rotation": [90, 0, 0],
							"uv": {
								"north": {"uv": [14, 90], "uv_size": [1, 1]},
								"east": {"uv": [90, 14], "uv_size": [1, 1]},
								"south": {"uv": [15, 90], "uv_size": [1, 1]},
								"west": {"uv": [90, 15], "uv_size": [1, 1]},
								"up": {"uv": [16, 90], "uv_size": [1, 1]},
								"down": {"uv": [90, 17], "uv_size": [1, -1]}
							}
						}
					]
				},
				{
					"name": "hexadecagon",
					"parent": "Frame",
					"pivot": [-1.85686, 22.71609, -7.48544],
					"rotation": [-10.5, 0, 0],
					"cubes": [
						{
							"origin": [-1.965, 22.86573, -8.975],
							"size": [0.255, 0.26853, 1.35],
							"pivot": [-2.26, 23, -8.3],
							"rotation": [45, 0, 0],
							"uv": {
								"north": {"uv": [89, 64], "uv_size": [1, 1]},
								"east": {"uv": [65, 89], "uv_size": [1, 1]},
								"south": {"uv": [89, 65], "uv_size": [1, 1]},
								"west": {"uv": [66, 89], "uv_size": [1, 1]},
								"up": {"uv": [89, 66], "uv_size": [1, 1]},
								"down": {"uv": [67, 90], "uv_size": [1, -1]}
							}
						},
						{
							"origin": [-1.965, 22.86573, -8.975],
							"size": [0.255, 0.26853, 1.35],
							"pivot": [-2.26, 23, -8.3],
							"rotation": [22.5, 0, 0],
							"uv": {
								"north": {"uv": [89, 67], "uv_size": [1, 1]},
								"east": {"uv": [68, 89], "uv_size": [1, 1]},
								"south": {"uv": [89, 68], "uv_size": [1, 1]},
								"west": {"uv": [69, 89], "uv_size": [1, 1]},
								"up": {"uv": [89, 69], "uv_size": [1, 1]},
								"down": {"uv": [70, 90], "uv_size": [1, -1]}
							}
						},
						{
							"origin": [-1.965, 22.86573, -8.975],
							"size": [0.255, 0.26853, 1.35],
							"uv": {
								"north": {"uv": [89, 70], "uv_size": [1, 1]},
								"east": {"uv": [71, 89], "uv_size": [1, 1]},
								"south": {"uv": [89, 71], "uv_size": [1, 1]},
								"west": {"uv": [72, 89], "uv_size": [1, 1]},
								"up": {"uv": [89, 72], "uv_size": [1, 1]},
								"down": {"uv": [73, 90], "uv_size": [1, -1]}
							}
						},
						{
							"origin": [-1.965, 22.86573, -8.975],
							"size": [0.255, 0.26853, 1.35],
							"pivot": [-2.26, 23, -8.3],
							"rotation": [-22.5, 0, 0],
							"uv": {
								"north": {"uv": [89, 73], "uv_size": [1, 1]},
								"east": {"uv": [74, 89], "uv_size": [1, 1]},
								"south": {"uv": [89, 74], "uv_size": [1, 1]},
								"west": {"uv": [75, 89], "uv_size": [1, 1]},
								"up": {"uv": [89, 75], "uv_size": [1, 1]},
								"down": {"uv": [76, 90], "uv_size": [1, -1]}
							}
						},
						{
							"origin": [-1.965, 22.86573, -8.975],
							"size": [0.255, 0.26853, 1.35],
							"pivot": [-2.26, 23, -8.3],
							"rotation": [-45, 0, 0],
							"uv": {
								"north": {"uv": [89, 76], "uv_size": [1, 1]},
								"east": {"uv": [77, 89], "uv_size": [1, 1]},
								"south": {"uv": [89, 77], "uv_size": [1, 1]},
								"west": {"uv": [78, 89], "uv_size": [1, 1]},
								"up": {"uv": [89, 78], "uv_size": [1, 1]},
								"down": {"uv": [79, 90], "uv_size": [1, -1]}
							}
						},
						{
							"origin": [-1.965, 22.325, -8.43427],
							"size": [0.255, 1.35, 0.26853],
							"pivot": [-2.26, 23, -8.3],
							"rotation": [22.5, 0, 0],
							"uv": {
								"north": {"uv": [89, 79], "uv_size": [1, 1]},
								"east": {"uv": [80, 89], "uv_size": [1, 1]},
								"south": {"uv": [89, 80], "uv_size": [1, 1]},
								"west": {"uv": [81, 89], "uv_size": [1, 1]},
								"up": {"uv": [89, 81], "uv_size": [1, 1]},
								"down": {"uv": [82, 90], "uv_size": [1, -1]}
							}
						},
						{
							"origin": [-1.965, 22.325, -8.43427],
							"size": [0.255, 1.35, 0.26853],
							"uv": {
								"north": {"uv": [89, 82], "uv_size": [1, 1]},
								"east": {"uv": [83, 89], "uv_size": [1, 1]},
								"south": {"uv": [89, 83], "uv_size": [1, 1]},
								"west": {"uv": [84, 89], "uv_size": [1, 1]},
								"up": {"uv": [89, 84], "uv_size": [1, 1]},
								"down": {"uv": [85, 90], "uv_size": [1, -1]}
							}
						},
						{
							"origin": [-1.965, 22.325, -8.43427],
							"size": [0.255, 1.35, 0.26853],
							"pivot": [-2.26, 23, -8.3],
							"rotation": [-22.5, 0, 0],
							"uv": {
								"north": {"uv": [89, 85], "uv_size": [1, 1]},
								"east": {"uv": [86, 89], "uv_size": [1, 1]},
								"south": {"uv": [89, 86], "uv_size": [1, 1]},
								"west": {"uv": [87, 89], "uv_size": [1, 1]},
								"up": {"uv": [89, 87], "uv_size": [1, 1]},
								"down": {"uv": [88, 90], "uv_size": [1, -1]}
							}
						},
						{
							"origin": [-1.91178, 22.65484, -8.18852],
							"size": [0.1, 0.484, 1.69],
							"pivot": [-1.84928, 22.93434, -7.25602],
							"rotation": [-29.5, 0, 0],
							"uv": {
								"north": {"uv": [40, 90], "uv_size": [1, 1]},
								"east": {"uv": [22, 88], "uv_size": [2, 1]},
								"south": {"uv": [90, 40], "uv_size": [1, 1]},
								"west": {"uv": [88, 22], "uv_size": [2, 1]},
								"up": {"uv": [27, 88], "uv_size": [1, 2]},
								"down": {"uv": [28, 90], "uv_size": [1, -2]}
							}
						},
						{
							"origin": [-1.91178, 22.2404, -8.51969],
							"size": [0.1, 0.609, 1.865],
							"inflate": 0.0001,
							"pivot": [-1.84928, 22.5449, -7.58719],
							"rotation": [-11.5, 0, 0],
							"uv": {
								"north": {"uv": [39, 90], "uv_size": [1, 1]},
								"east": {"uv": [88, 16], "uv_size": [2, 1]},
								"south": {"uv": [90, 39], "uv_size": [1, 1]},
								"west": {"uv": [18, 88], "uv_size": [2, 1]},
								"up": {"uv": [20, 88], "uv_size": [1, 2]},
								"down": {"uv": [21, 90], "uv_size": [1, -2]}
							}
						},
						{
							"origin": [-1.9486, 22.3525, -7.0395],
							"size": [0.1472, 0.14501, 0.729],
							"pivot": [-2.0944, 22.425, -6.675],
							"rotation": [45, 0, 0],
							"uv": {
								"north": {"uv": [41, 90], "uv_size": [1, 1]},
								"east": {"uv": [90, 41], "uv_size": [1, 1]},
								"south": {"uv": [42, 90], "uv_size": [1, 1]},
								"west": {"uv": [90, 42], "uv_size": [1, 1]},
								"up": {"uv": [43, 90], "uv_size": [1, 1]},
								"down": {"uv": [90, 44], "uv_size": [1, -1]}
							}
						},
						{
							"origin": [-1.9486, 22.3525, -7.0395],
							"size": [0.1472, 0.14501, 0.729],
							"pivot": [-2.0944, 22.425, -6.675],
							"rotation": [22.5, 0, 0],
							"uv": {
								"north": {"uv": [44, 90], "uv_size": [1, 1]},
								"east": {"uv": [90, 44], "uv_size": [1, 1]},
								"south": {"uv": [45, 90], "uv_size": [1, 1]},
								"west": {"uv": [90, 45], "uv_size": [1, 1]},
								"up": {"uv": [46, 90], "uv_size": [1, 1]},
								"down": {"uv": [90, 47], "uv_size": [1, -1]}
							}
						},
						{
							"origin": [-1.9486, 22.3525, -7.0395],
							"size": [0.1472, 0.14501, 0.729],
							"uv": {
								"north": {"uv": [47, 90], "uv_size": [1, 1]},
								"east": {"uv": [90, 47], "uv_size": [1, 1]},
								"south": {"uv": [48, 90], "uv_size": [1, 1]},
								"west": {"uv": [90, 48], "uv_size": [1, 1]},
								"up": {"uv": [49, 90], "uv_size": [1, 1]},
								"down": {"uv": [90, 50], "uv_size": [1, -1]}
							}
						},
						{
							"origin": [-1.9486, 22.3525, -7.0395],
							"size": [0.1472, 0.14501, 0.729],
							"pivot": [-2.0944, 22.425, -6.675],
							"rotation": [-22.5, 0, 0],
							"uv": {
								"north": {"uv": [50, 90], "uv_size": [1, 1]},
								"east": {"uv": [90, 50], "uv_size": [1, 1]},
								"south": {"uv": [51, 90], "uv_size": [1, 1]},
								"west": {"uv": [90, 51], "uv_size": [1, 1]},
								"up": {"uv": [52, 90], "uv_size": [1, 1]},
								"down": {"uv": [90, 53], "uv_size": [1, -1]}
							}
						},
						{
							"origin": [-1.9486, 22.3525, -7.0395],
							"size": [0.1472, 0.14501, 0.729],
							"pivot": [-2.0944, 22.425, -6.675],
							"rotation": [-45, 0, 0],
							"uv": {
								"north": {"uv": [53, 90], "uv_size": [1, 1]},
								"east": {"uv": [90, 53], "uv_size": [1, 1]},
								"south": {"uv": [54, 90], "uv_size": [1, 1]},
								"west": {"uv": [90, 54], "uv_size": [1, 1]},
								"up": {"uv": [55, 90], "uv_size": [1, 1]},
								"down": {"uv": [90, 56], "uv_size": [1, -1]}
							}
						},
						{
							"origin": [-1.9486, 22.0605, -6.7475],
							"size": [0.1472, 0.729, 0.14501],
							"pivot": [-2.0944, 22.425, -6.675],
							"rotation": [22.5, 0, 0],
							"uv": {
								"north": {"uv": [56, 90], "uv_size": [1, 1]},
								"east": {"uv": [90, 56], "uv_size": [1, 1]},
								"south": {"uv": [57, 90], "uv_size": [1, 1]},
								"west": {"uv": [90, 57], "uv_size": [1, 1]},
								"up": {"uv": [58, 90], "uv_size": [1, 1]},
								"down": {"uv": [90, 59], "uv_size": [1, -1]}
							}
						},
						{
							"origin": [-1.9486, 22.0605, -6.7475],
							"size": [0.1472, 0.729, 0.14501],
							"uv": {
								"north": {"uv": [59, 90], "uv_size": [1, 1]},
								"east": {"uv": [90, 59], "uv_size": [1, 1]},
								"south": {"uv": [60, 90], "uv_size": [1, 1]},
								"west": {"uv": [90, 60], "uv_size": [1, 1]},
								"up": {"uv": [61, 90], "uv_size": [1, 1]},
								"down": {"uv": [90, 62], "uv_size": [1, -1]}
							}
						},
						{
							"origin": [-1.9486, 22.0605, -6.7475],
							"size": [0.1472, 0.729, 0.14501],
							"pivot": [-2.0944, 22.425, -6.675],
							"rotation": [-22.5, 0, 0],
							"uv": {
								"north": {"uv": [62, 90], "uv_size": [1, 1]},
								"east": {"uv": [90, 62], "uv_size": [1, 1]},
								"south": {"uv": [63, 90], "uv_size": [1, 1]},
								"west": {"uv": [90, 63], "uv_size": [1, 1]},
								"up": {"uv": [64, 90], "uv_size": [1, 1]},
								"down": {"uv": [90, 65], "uv_size": [1, -1]}
							}
						}
					]
				},
				{
					"name": "bone2",
					"parent": "gun",
					"pivot": [-3.45, 33.60814, -24.84028]
				},
				{
					"name": "Barrel",
					"parent": "gun",
					"pivot": [-3.45726, 29.94718, -21.48781],
					"cubes": [
						{
							"origin": [-3.82819, 24.40624, -36.91606],
							"size": [0.74185, 0.41576, 19.15648],
							"inflate": 0.002,
							"uv": {
								"north": {"uv": [88, 73], "uv_size": [1, 1]},
								"east": {"uv": [50, 40], "uv_size": [19, 1]},
								"south": {"uv": [88, 74], "uv_size": [1, 1]},
								"west": {"uv": [50, 41], "uv_size": [19, 1]},
								"up": {"uv": [6, 58], "uv_size": [1, 19]},
								"down": {"uv": [7, 77], "uv_size": [1, -19]}
							}
						},
						{
							"origin": [-3.82819, 23.07236, -36.91606],
							"size": [0.74185, 0.41576, 19.15648],
							"inflate": 0.002,
							"uv": {
								"north": {"uv": [76, 88], "uv_size": [1, 1]},
								"east": {"uv": [53, 20], "uv_size": [19, 1]},
								"south": {"uv": [77, 88], "uv_size": [1, 1]},
								"west": {"uv": [53, 21], "uv_size": [19, 1]},
								"up": {"uv": [58, 58], "uv_size": [1, 19]},
								"down": {"uv": [59, 19], "uv_size": [1, -19]}
							}
						},
						{
							"origin": [2.32991, 16.86826, -36.91606],
							"size": [0.74185, 0.41576, 19.15648],
							"inflate": 0.002,
							"pivot": [-3.45726, 17.78908, -18.25948],
							"rotation": [0, 0, -90],
							"uv": {
								"north": {"uv": [88, 78], "uv_size": [1, 1]},
								"east": {"uv": [53, 22], "uv_size": [19, 1]},
								"south": {"uv": [88, 79], "uv_size": [1, 1]},
								"west": {"uv": [53, 23], "uv_size": [19, 1]},
								"up": {"uv": [32, 59], "uv_size": [1, 19]},
								"down": {"uv": [33, 78], "uv_size": [1, -19]}
							}
						},
						{
							"origin": [0.38767, 21.4329, -36.91606],
							"size": [0.74185, 0.41576, 19.15648],
							"inflate": 0.002,
							"pivot": [-3.45726, 17.78908, -18.25948],
							"rotation": [0, 0, -42.5],
							"uv": {
								"north": {"uv": [88, 80], "uv_size": [1, 1]},
								"east": {"uv": [59, 19], "uv_size": [19, 1]},
								"south": {"uv": [88, 81], "uv_size": [1, 1]},
								"west": {"uv": [59, 34], "uv_size": [19, 1]},
								"up": {"uv": [34, 59], "uv_size": [1, 19]},
								"down": {"uv": [59, 77], "uv_size": [1, -19]}
							}
						},
						{
							"origin": [0.27665, 22.80995, -36.91606],
							"size": [0.74185, 0.41576, 19.15648],
							"inflate": 0.002,
							"pivot": [-3.45726, 17.78908, -18.25948],
							"rotation": [0, 0, -42.5],
							"uv": {
								"north": {"uv": [88, 82], "uv_size": [1, 1]},
								"east": {"uv": [59, 35], "uv_size": [19, 1]},
								"south": {"uv": [88, 83], "uv_size": [1, 1]},
								"west": {"uv": [59, 36], "uv_size": [19, 1]},
								"up": {"uv": [60, 0], "uv_size": [1, 19]},
								"down": {"uv": [8, 79], "uv_size": [1, -19]}
							}
						},
						{
							"origin": [-8.04404, 21.4329, -36.91606],
							"size": [0.74185, 0.41576, 19.15648],
							"inflate": 0.002,
							"pivot": [-3.45726, 17.78908, -18.25948],
							"rotation": [0, 0, 42.5],
							"uv": {
								"north": {"uv": [88, 84], "uv_size": [1, 1]},
								"east": {"uv": [59, 37], "uv_size": [19, 1]},
								"south": {"uv": [88, 86], "uv_size": [1, 1]},
								"west": {"uv": [59, 38], "uv_size": [19, 1]},
								"up": {"uv": [9, 60], "uv_size": [1, 19]},
								"down": {"uv": [10, 79], "uv_size": [1, -19]}
							}
						},
						{
							"origin": [-7.93302, 22.80995, -36.91606],
							"size": [0.74185, 0.41576, 19.15648],
							"inflate": 0.002,
							"pivot": [-3.45726, 17.78908, -18.25948],
							"rotation": [0, 0, 42.5],
							"uv": {
								"north": {"uv": [87, 88], "uv_size": [1, 1]},
								"east": {"uv": [59, 39], "uv_size": [19, 1]},
								"south": {"uv": [88, 87], "uv_size": [1, 1]},
								"west": {"uv": [60, 58], "uv_size": [19, 1]},
								"up": {"uv": [11, 60], "uv_size": [1, 19]},
								"down": {"uv": [12, 79], "uv_size": [1, -19]}
							}
						},
						{
							"origin": [2.32991, 18.29415, -36.91606],
							"size": [0.74185, 0.41576, 19.15648],
							"inflate": 0.002,
							"pivot": [-3.45726, 17.78908, -18.25948],
							"rotation": [0, 0, -90],
							"uv": {
								"north": {"uv": [88, 88], "uv_size": [1, 1]},
								"east": {"uv": [60, 59], "uv_size": [19, 1]},
								"south": {"uv": [0, 89], "uv_size": [1, 1]},
								"west": {"uv": [60, 60], "uv_size": [19, 1]},
								"up": {"uv": [13, 60], "uv_size": [1, 19]},
								"down": {"uv": [14, 79], "uv_size": [1, -19]}
							}
						}
					]
				},
				{
					"name": "FrameCha",
					"parent": "gun",
					"pivot": [-4.37767, 31.42402, -10.03173],
					"cubes": [
						{
							"origin": [-4.83443, 23.18121, -17.52221],
							"size": [1.05486, 1.45086, 6.59986],
							"inflate": 0.001,
							"uv": {
								"north": {"uv": [89, 3], "uv_size": [1, 1]},
								"east": {"uv": [79, 39], "uv_size": [7, 1]},
								"south": {"uv": [4, 89], "uv_size": [1, 1]},
								"west": {"uv": [79, 40], "uv_size": [7, 1]},
								"up": {"uv": [24, 80], "uv_size": [1, 7]},
								"down": {"uv": [25, 87], "uv_size": [1, -7]}
							}
						},
						{
							"origin": [-4.68161, 23.45929, -8.83747],
							"size": [2.46973, 1.20993, 3.16407],
							"inflate": 0.0001,
							"uv": {
								"north": {"uv": [48, 87], "uv_size": [2, 1]},
								"east": {"uv": [86, 11], "uv_size": [3, 1]},
								"south": {"uv": [87, 48], "uv_size": [2, 1]},
								"west": {"uv": [86, 12], "uv_size": [3, 1]},
								"up": {"uv": [80, 72], "uv_size": [2, 3]},
								"down": {"uv": [81, 45], "uv_size": [2, -3]}
							}
						},
						{
							"origin": [-4.68161, 24.78429, -25.51247],
							"size": [2.46973, 0.18493, 9.08907],
							"inflate": 0.0001,
							"uv": {
								"north": {"uv": [88, 61], "uv_size": [2, 1]},
								"east": {"uv": [79, 37], "uv_size": [9, 1]},
								"south": {"uv": [88, 62], "uv_size": [2, 1]},
								"west": {"uv": [79, 38], "uv_size": [9, 1]},
								"up": {"uv": [18, 60], "uv_size": [2, 9]},
								"down": {"uv": [64, 9], "uv_size": [2, -9]}
							}
						},
						{
							"origin": [-3.47178, 24.487, -9.25601],
							"size": [1.56, 7.9, 2.4645],
							"pivot": [-3.91128, 24.90571, -8.97553],
							"rotation": [90, 0, 0],
							"uv": {
								"north": {"uv": [64, 9], "uv_size": [2, 8]},
								"east": {"uv": [65, 48], "uv_size": [2, 8]},
								"south": {"uv": [66, 0], "uv_size": [2, 8]},
								"west": {"uv": [66, 8], "uv_size": [2, 8]},
								"up": {"uv": [83, 29], "uv_size": [2, 2]},
								"down": {"uv": [83, 33], "uv_size": [2, -2]}
							}
						},
						{
							"origin": [-3.47092, 24.83389, -7.75147],
							"size": [1.56014, 1.68114, 1.76214],
							"inflate": -0.001,
							"pivot": [-3.4581, 25.62446, -7.5704],
							"rotation": [150.5, 0, 0],
							"uv": {
								"north": {"uv": [82, 71], "uv_size": [2, 2]},
								"east": {"uv": [82, 73], "uv_size": [2, 2]},
								"south": {"uv": [82, 82], "uv_size": [2, 2]},
								"west": {"uv": [83, 23], "uv_size": [2, 2]},
								"up": {"uv": [83, 25], "uv_size": [2, 2]},
								"down": {"uv": [83, 29], "uv_size": [2, -2]}
							}
						},
						{
							"origin": [-4.97992, 24.83389, -7.75147],
							"size": [1.511, 1.68114, 1.76214],
							"inflate": -0.001,
							"pivot": [-3.4581, 25.62446, -7.5704],
							"rotation": [150.5, 0, 0],
							"uv": {
								"north": {"uv": [60, 83], "uv_size": [2, 2]},
								"east": {"uv": [62, 83], "uv_size": [2, 2]},
								"south": {"uv": [64, 83], "uv_size": [2, 2]},
								"west": {"uv": [83, 66], "uv_size": [2, 2]},
								"up": {"uv": [83, 68], "uv_size": [2, 2]},
								"down": {"uv": [73, 85], "uv_size": [2, -2]}
							}
						},
						{
							"origin": [-3.47092, 23.72193, -7.06522],
							"size": [1.56014, 1.68114, 2.06214],
							"inflate": -0.001,
							"pivot": [-3.4581, 24.5125, -6.58415],
							"rotation": [131, 0, 0],
							"uv": {
								"north": {"uv": [85, 47], "uv_size": [2, 2]},
								"east": {"uv": [85, 58], "uv_size": [2, 2]},
								"south": {"uv": [60, 85], "uv_size": [2, 2]},
								"west": {"uv": [85, 60], "uv_size": [2, 2]},
								"up": {"uv": [62, 85], "uv_size": [2, 2]},
								"down": {"uv": [85, 64], "uv_size": [2, -2]}
							}
						},
						{
							"origin": [-4.97992, 23.72193, -7.06522],
							"size": [1.511, 1.68114, 2.06214],
							"inflate": -0.001,
							"pivot": [-3.4581, 24.5125, -6.58415],
							"rotation": [131, 0, 0],
							"uv": {
								"north": {"uv": [85, 27], "uv_size": [2, 2]},
								"east": {"uv": [85, 29], "uv_size": [2, 2]},
								"south": {"uv": [85, 31], "uv_size": [2, 2]},
								"west": {"uv": [85, 41], "uv_size": [2, 2]},
								"up": {"uv": [85, 43], "uv_size": [2, 2]},
								"down": {"uv": [85, 47], "uv_size": [2, -2]}
							}
						},
						{
							"origin": [-4.97892, 18.94912, -15.83052],
							"size": [1.50714, 7.9, 2.4645],
							"pivot": [-4.37767, 25.42402, -15.03173],
							"rotation": [90, 0, 0],
							"uv": {
								"north": {"uv": [15, 66], "uv_size": [2, 8]},
								"east": {"uv": [66, 61], "uv_size": [2, 8]},
								"south": {"uv": [40, 67], "uv_size": [2, 8]},
								"west": {"uv": [67, 48], "uv_size": [2, 8]},
								"up": {"uv": [83, 46], "uv_size": [2, 2]},
								"down": {"uv": [83, 50], "uv_size": [2, -2]}
							}
						},
						{
							"origin": [-4.97892, 17.84912, -24.83052],
							"size": [0.30714, 1.06095, 0.56491],
							"pivot": [-4.37767, 25.42402, -24.03173],
							"rotation": [90, 0, 0],
							"uv": {
								"north": {"uv": [91, 27], "uv_size": [1, 1]},
								"east": {"uv": [28, 91], "uv_size": [1, 1]},
								"south": {"uv": [91, 28], "uv_size": [1, 1]},
								"west": {"uv": [29, 91], "uv_size": [1, 1]},
								"up": {"uv": [91, 29], "uv_size": [1, 1]},
								"down": {"uv": [30, 92], "uv_size": [1, -1]}
							}
						},
						{
							"origin": [-2.21892, 17.84912, -24.83052],
							"size": [0.30714, 1.06095, 0.56491],
							"pivot": [-1.61767, 25.42402, -24.03173],
							"rotation": [90, 0, 0],
							"uv": {
								"north": {"uv": [91, 30], "uv_size": [1, 1]},
								"east": {"uv": [31, 91], "uv_size": [1, 1]},
								"south": {"uv": [91, 31], "uv_size": [1, 1]},
								"west": {"uv": [32, 91], "uv_size": [1, 1]},
								"up": {"uv": [91, 32], "uv_size": [1, 1]},
								"down": {"uv": [33, 92], "uv_size": [1, -1]}
							}
						},
						{
							"origin": [-5.07153, 24.36198, -11.08457],
							"size": [0.39975, 1.9514, 1.6645],
							"pivot": [-5.02628, 25.85748, -10.25232],
							"rotation": [90, 7.5, 0],
							"uv": {
								"north": {"uv": [87, 65], "uv_size": [1, 2]},
								"east": {"uv": [84, 76], "uv_size": [2, 2]},
								"south": {"uv": [66, 87], "uv_size": [1, 2]},
								"west": {"uv": [84, 81], "uv_size": [2, 2]},
								"up": {"uv": [87, 67], "uv_size": [1, 2]},
								"down": {"uv": [87, 71], "uv_size": [1, -2]}
							}
						},
						{
							"origin": [-2.23078, 24.36198, -11.08457],
							"size": [0.42442, 1.92172, 1.6645],
							"pivot": [-1.87628, 25.85748, -10.25232],
							"rotation": [90, -7.5, 0],
							"uv": {
								"north": {"uv": [70, 87], "uv_size": [1, 2]},
								"east": {"uv": [82, 84], "uv_size": [2, 2]},
								"south": {"uv": [71, 87], "uv_size": [1, 2]},
								"west": {"uv": [84, 83], "uv_size": [2, 2]},
								"up": {"uv": [87, 71], "uv_size": [1, 2]},
								"down": {"uv": [72, 89], "uv_size": [1, -2]}
							}
						},
						{
							"origin": [-2.40767, 24.71198, -12.6005],
							"size": [0.509, 2.291, 1.6645],
							"pivot": [-2.15317, 25.85748, -11.76825],
							"rotation": [90, 7.5, 0],
							"uv": {
								"north": {"uv": [78, 87], "uv_size": [1, 2]},
								"east": {"uv": [12, 85], "uv_size": [2, 2]},
								"south": {"uv": [87, 78], "uv_size": [1, 2]},
								"west": {"uv": [18, 85], "uv_size": [2, 2]},
								"up": {"uv": [79, 87], "uv_size": [1, 2]},
								"down": {"uv": [81, 89], "uv_size": [1, -2]}
							}
						},
						{
							"origin": [-4.93078, 24.36198, -13.08457],
							"size": [0.509, 2.291, 1.6645],
							"pivot": [-5.47628, 25.85748, -12.25232],
							"rotation": [90, -7.5, 0],
							"uv": {
								"north": {"uv": [73, 87], "uv_size": [1, 2]},
								"east": {"uv": [8, 85], "uv_size": [2, 2]},
								"south": {"uv": [87, 73], "uv_size": [1, 2]},
								"west": {"uv": [10, 85], "uv_size": [2, 2]},
								"up": {"uv": [74, 87], "uv_size": [1, 2]},
								"down": {"uv": [75, 89], "uv_size": [1, -2]}
							}
						},
						{
							"origin": [-3.77178, 24.59556, -17.0946],
							"size": [1.835, 1.95522, 1.50029],
							"pivot": [-2.51628, 25.5498, -16.81941],
							"rotation": [37.5, 0, 0],
							"uv": {
								"north": {"uv": [84, 0], "uv_size": [2, 2]},
								"east": {"uv": [84, 2], "uv_size": [2, 2]},
								"south": {"uv": [84, 4], "uv_size": [2, 2]},
								"west": {"uv": [35, 84], "uv_size": [2, 2]},
								"up": {"uv": [84, 35], "uv_size": [2, 2]},
								"down": {"uv": [84, 72], "uv_size": [2, -2]}
							}
						},
						{
							"origin": [-4.95392, 24.59556, -17.0946],
							"size": [1.18214, 1.95522, 1.50029],
							"pivot": [-4.37628, 25.5498, -16.81941],
							"rotation": [37.5, 0, 0],
							"uv": {
								"north": {"uv": [63, 87], "uv_size": [1, 2]},
								"east": {"uv": [78, 83], "uv_size": [2, 2]},
								"south": {"uv": [87, 63], "uv_size": [1, 2]},
								"west": {"uv": [83, 79], "uv_size": [2, 2]},
								"up": {"uv": [64, 87], "uv_size": [1, 2]},
								"down": {"uv": [65, 89], "uv_size": [1, -2]}
							}
						},
						{
							"origin": [-4.98078, 9.84912, -32.43052],
							"size": [1.209, 20.491, 1.2395],
							"pivot": [-4.37768, 25.42402, -32.03173],
							"rotation": [90, 0, 0],
							"uv": {
								"north": {"uv": [45, 54], "uv_size": [1, 20]},
								"east": {"uv": [46, 54], "uv_size": [1, 20]},
								"south": {"uv": [47, 54], "uv_size": [1, 20]},
								"west": {"uv": [52, 56], "uv_size": [1, 20]},
								"up": {"uv": [19, 89], "uv_size": [1, 1]},
								"down": {"uv": [22, 90], "uv_size": [1, -1]}
							}
						},
						{
							"origin": [-3.12078, 15.387, -25.85601],
							"size": [1.209, 20.491, 1.2395],
							"pivot": [-3.91128, 24.90571, -25.97553],
							"rotation": [90, 0, 0],
							"uv": {
								"north": {"uv": [35, 52], "uv_size": [1, 20]},
								"east": {"uv": [36, 52], "uv_size": [1, 20]},
								"south": {"uv": [43, 54], "uv_size": [1, 20]},
								"west": {"uv": [44, 54], "uv_size": [1, 20]},
								"up": {"uv": [18, 89], "uv_size": [1, 1]},
								"down": {"uv": [89, 19], "uv_size": [1, -1]}
							}
						},
						{
							"origin": [-3.49153, 16.37745, -25.85601],
							"size": [0.8955, 20.491, 1.0645],
							"pivot": [-4.59553, 25.89616, -25.97553],
							"rotation": [90, 0, 0],
							"uv": {
								"north": {"uv": [2, 58], "uv_size": [1, 20]},
								"east": {"uv": [3, 58], "uv_size": [1, 20]},
								"south": {"uv": [4, 58], "uv_size": [1, 20]},
								"west": {"uv": [5, 58], "uv_size": [1, 20]},
								"up": {"uv": [89, 51], "uv_size": [1, 1]},
								"down": {"uv": [52, 90], "uv_size": [1, -1]}
							}
						},
						{
							"origin": [-4.29653, 10.83957, -32.43052],
							"size": [0.809, 20.491, 1.0645],
							"pivot": [-3.69343, 26.41447, -32.03173],
							"rotation": [90, 0, 0],
							"uv": {
								"north": {"uv": [57, 56], "uv_size": [1, 20]},
								"east": {"uv": [0, 58], "uv_size": [1, 20]},
								"south": {"uv": [58, 0], "uv_size": [1, 20]},
								"west": {"uv": [1, 58], "uv_size": [1, 20]},
								"up": {"uv": [89, 50], "uv_size": [1, 1]},
								"down": {"uv": [51, 90], "uv_size": [1, -1]}
							}
						},
						{
							"origin": [-3.32148, 16.33839, -26.93457],
							"size": [1.209, 20.491, 1.0645],
							"pivot": [-2.71698, 26.28389, -26.40232],
							"rotation": [90, 0, -40],
							"uv": {
								"north": {"uv": [57, 0], "uv_size": [1, 20]},
								"east": {"uv": [37, 57], "uv_size": [1, 20]},
								"south": {"uv": [38, 57], "uv_size": [1, 20]},
								"west": {"uv": [39, 57], "uv_size": [1, 20]},
								"up": {"uv": [89, 36], "uv_size": [1, 1]},
								"down": {"uv": [37, 90], "uv_size": [1, -1]}
							}
						},
						{
							"origin": [-4.86554, 10.60765, -32.43052],
							"size": [1.209, 20.491, 1.0645],
							"pivot": [-4.26244, 26.18255, -32.03173],
							"rotation": [90, 0, 40],
							"uv": {
								"north": {"uv": [53, 56], "uv_size": [1, 20]},
								"east": {"uv": [54, 56], "uv_size": [1, 20]},
								"south": {"uv": [55, 56], "uv_size": [1, 20]},
								"west": {"uv": [56, 56], "uv_size": [1, 20]},
								"up": {"uv": [35, 89], "uv_size": [1, 1]},
								"down": {"uv": [36, 90], "uv_size": [1, -1]}
							}
						},
						{
							"origin": [-8.35152, 22.33587, -36.94583],
							"size": [0.74185, 0.88076, 15.85648],
							"inflate": 0.002,
							"pivot": [-3.20674, 19.34305, -18.28925],
							"rotation": [0, 0, 42.5],
							"uv": {
								"north": {"uv": [89, 8], "uv_size": [1, 1]},
								"east": {"uv": [62, 57], "uv_size": [16, 1]},
								"south": {"uv": [89, 9], "uv_size": [1, 1]},
								"west": {"uv": [64, 17], "uv_size": [16, 1]},
								"up": {"uv": [60, 67], "uv_size": [1, 16]},
								"down": {"uv": [61, 83], "uv_size": [1, -16]}
							}
						},
						{
							"origin": [1.01032, 22.88388, -36.94583],
							"size": [0.74185, 0.69476, 15.85648],
							"inflate": 0.002,
							"pivot": [-2.83461, 19.24006, -18.28925],
							"rotation": [0, 0, -42.5],
							"uv": {
								"north": {"uv": [89, 5], "uv_size": [1, 1]},
								"east": {"uv": [61, 18], "uv_size": [16, 1]},
								"south": {"uv": [89, 7], "uv_size": [1, 1]},
								"west": {"uv": [62, 56], "uv_size": [16, 1]},
								"up": {"uv": [17, 66], "uv_size": [1, 16]},
								"down": {"uv": [42, 83], "uv_size": [1, -16]}
							}
						},
						{
							"origin": [-7.114, 22.18192, -36.94583],
							"size": [0.46285, 0.41576, 15.85648],
							"inflate": 0.002,
							"pivot": [-2.63823, 17.16105, -18.28925],
							"rotation": [0, 0, 42.5],
							"uv": {
								"north": {"uv": [16, 89], "uv_size": [1, 1]},
								"east": {"uv": [68, 5], "uv_size": [16, 1]},
								"south": {"uv": [89, 17], "uv_size": [1, 1]},
								"west": {"uv": [68, 6], "uv_size": [16, 1]},
								"up": {"uv": [19, 69], "uv_size": [1, 16]},
								"down": {"uv": [69, 77], "uv_size": [1, -16]}
							}
						},
						{
							"origin": [-0.26006, 22.18192, -36.94583],
							"size": [0.46285, 0.41576, 15.85648],
							"inflate": 0.002,
							"pivot": [-4.27297, 17.16105, -18.28925],
							"rotation": [0, 0, -42.5],
							"uv": {
								"north": {"uv": [89, 14], "uv_size": [1, 1]},
								"east": {"uv": [68, 3], "uv_size": [16, 1]},
								"south": {"uv": [15, 89], "uv_size": [1, 1]},
								"west": {"uv": [68, 4], "uv_size": [16, 1]},
								"up": {"uv": [68, 61], "uv_size": [1, 16]},
								"down": {"uv": [18, 85], "uv_size": [1, -16]}
							}
						},
						{
							"origin": [2.71736, 18.37439, -36.94583],
							"size": [1.05285, 0.49076, 15.85648],
							"inflate": 0.002,
							"pivot": [-3.55581, 17.59032, -18.28925],
							"rotation": [0, 0, -90],
							"uv": {
								"north": {"uv": [89, 10], "uv_size": [1, 1]},
								"east": {"uv": [66, 16], "uv_size": [16, 1]},
								"south": {"uv": [89, 11], "uv_size": [1, 1]},
								"west": {"uv": [68, 0], "uv_size": [16, 1]},
								"up": {"uv": [62, 67], "uv_size": [1, 16]},
								"down": {"uv": [63, 83], "uv_size": [1, -16]}
							}
						},
						{
							"origin": [-5.3162, 24.47642, -28.78751],
							"size": [1.15285, 0.19076, 0.80648],
							"inflate": 0.002,
							"pivot": [-4.61478, 24.5718, -29.18427],
							"rotation": [13, 0, -90],
							"uv": {
								"north": {"uv": [91, 33], "uv_size": [1, 1]},
								"east": {"uv": [34, 91], "uv_size": [1, 1]},
								"south": {"uv": [91, 34], "uv_size": [1, 1]},
								"west": {"uv": [35, 91], "uv_size": [1, 1]},
								"up": {"uv": [91, 35], "uv_size": [1, 1]},
								"down": {"uv": [36, 92], "uv_size": [1, -1]}
							}
						},
						{
							"origin": [-2.68357, 24.36361, -28.79902],
							"size": [1.15285, 0.19076, 0.80648],
							"inflate": 0.002,
							"pivot": [-2.10714, 24.45899, -28.39577],
							"rotation": [13, 0, 90],
							"uv": {
								"north": {"uv": [91, 36], "uv_size": [1, 1]},
								"east": {"uv": [37, 91], "uv_size": [1, 1]},
								"south": {"uv": [91, 37], "uv_size": [1, 1]},
								"west": {"uv": [38, 91], "uv_size": [1, 1]},
								"up": {"uv": [91, 38], "uv_size": [1, 1]},
								"down": {"uv": [39, 92], "uv_size": [1, -1]}
							}
						},
						{
							"origin": [2.71736, 16.09064, -36.94583],
							"size": [1.05285, 0.49076, 15.85648],
							"inflate": 0.002,
							"pivot": [-3.55581, 17.59032, -18.28925],
							"rotation": [0, 0, -90],
							"uv": {
								"north": {"uv": [89, 12], "uv_size": [1, 1]},
								"east": {"uv": [68, 1], "uv_size": [16, 1]},
								"south": {"uv": [89, 13], "uv_size": [1, 1]},
								"west": {"uv": [68, 2], "uv_size": [16, 1]},
								"up": {"uv": [64, 67], "uv_size": [1, 16]},
								"down": {"uv": [65, 83], "uv_size": [1, -16]}
							}
						},
						{
							"origin": [-2.5551, 18.07781, -30.33458],
							"size": [0.634, 11.491, 0.7895],
							"pivot": [-2.5256, 23.02331, -30.40233],
							"rotation": [90, 0, 0],
							"uv": {
								"north": {"uv": [28, 76], "uv_size": [1, 11]},
								"east": {"uv": [29, 76], "uv_size": [1, 11]},
								"south": {"uv": [30, 76], "uv_size": [1, 11]},
								"west": {"uv": [31, 76], "uv_size": [1, 11]},
								"up": {"uv": [32, 89], "uv_size": [1, 1]},
								"down": {"uv": [33, 90], "uv_size": [1, -1]}
							}
						},
						{
							"origin": [-4.9901, 15.31495, -30.83052],
							"size": [0.659, 11.491, 0.7895],
							"pivot": [-4.387, 21.88985, -32.03173],
							"rotation": [90, 0, 0],
							"uv": {
								"north": {"uv": [70, 75], "uv_size": [1, 11]},
								"east": {"uv": [71, 75], "uv_size": [1, 11]},
								"south": {"uv": [72, 75], "uv_size": [1, 11]},
								"west": {"uv": [27, 76], "uv_size": [1, 11]},
								"up": {"uv": [23, 89], "uv_size": [1, 1]},
								"down": {"uv": [26, 90], "uv_size": [1, -1]}
							}
						},
						{
							"origin": [-2.9176, 18.1966, -30.78458],
							"size": [0.809, 11.491, 0.8645],
							"pivot": [-2.5131, 23.0921, -30.35233],
							"rotation": [90, 0, 47],
							"uv": {
								"north": {"uv": [51, 76], "uv_size": [1, 11]},
								"east": {"uv": [52, 76], "uv_size": [1, 11]},
								"south": {"uv": [53, 76], "uv_size": [1, 11]},
								"west": {"uv": [54, 76], "uv_size": [1, 11]},
								"up": {"uv": [56, 89], "uv_size": [1, 1]},
								"down": {"uv": [57, 90], "uv_size": [1, -1]}
							}
						},
						{
							"origin": [-4.9926, 18.1966, -30.88458],
							"size": [0.309, 11.491, 0.7645],
							"pivot": [-2.5131, 23.0921, -30.35233],
							"rotation": [90, 0, 47],
							"uv": {
								"north": {"uv": [77, 66], "uv_size": [1, 11]},
								"east": {"uv": [68, 77], "uv_size": [1, 11]},
								"south": {"uv": [69, 77], "uv_size": [1, 11]},
								"west": {"uv": [76, 77], "uv_size": [1, 11]},
								"up": {"uv": [89, 60], "uv_size": [1, 1]},
								"down": {"uv": [61, 90], "uv_size": [1, -1]}
							}
						},
						{
							"origin": [-4.77875, 18.14175, -30.78458],
							"size": [0.809, 11.491, 0.8645],
							"pivot": [-4.44925, 23.03725, -30.35233],
							"rotation": [90, 0, -47],
							"uv": {
								"north": {"uv": [76, 40], "uv_size": [1, 11]},
								"east": {"uv": [48, 76], "uv_size": [1, 11]},
								"south": {"uv": [49, 76], "uv_size": [1, 11]},
								"west": {"uv": [50, 76], "uv_size": [1, 11]},
								"up": {"uv": [54, 89], "uv_size": [1, 1]},
								"down": {"uv": [55, 90], "uv_size": [1, -1]}
							}
						},
						{
							"origin": [-2.22875, 18.14175, -30.88458],
							"size": [0.309, 11.491, 0.7645],
							"pivot": [-4.44925, 23.03725, -30.35233],
							"rotation": [90, 0, -47],
							"uv": {
								"north": {"uv": [39, 77], "uv_size": [1, 11]},
								"east": {"uv": [77, 40], "uv_size": [1, 11]},
								"south": {"uv": [58, 77], "uv_size": [1, 11]},
								"west": {"uv": [59, 77], "uv_size": [1, 11]},
								"up": {"uv": [89, 59], "uv_size": [1, 1]},
								"down": {"uv": [60, 90], "uv_size": [1, -1]}
							}
						},
						{
							"origin": [-4.35785, 18.03822, -30.78458],
							"size": [0.99549, 11.491, 0.5895],
							"pivot": [-4.02835, 22.93372, -30.35233],
							"rotation": [90, 0, 0],
							"uv": {
								"north": {"uv": [6, 77], "uv_size": [1, 11]},
								"east": {"uv": [7, 77], "uv_size": [1, 11]},
								"south": {"uv": [37, 77], "uv_size": [1, 11]},
								"west": {"uv": [38, 77], "uv_size": [1, 11]},
								"up": {"uv": [89, 58], "uv_size": [1, 1]},
								"down": {"uv": [59, 90], "uv_size": [1, -1]}
							}
						},
						{
							"origin": [-3.36236, 18.03822, -30.78458],
							"size": [0.809, 11.491, 0.5895],
							"pivot": [-2.95786, 22.93372, -30.35233],
							"rotation": [90, 0, 0],
							"uv": {
								"north": {"uv": [55, 76], "uv_size": [1, 11]},
								"east": {"uv": [56, 76], "uv_size": [1, 11]},
								"south": {"uv": [57, 76], "uv_size": [1, 11]},
								"west": {"uv": [76, 66], "uv_size": [1, 11]},
								"up": {"uv": [89, 57], "uv_size": [1, 1]},
								"down": {"uv": [58, 90], "uv_size": [1, -1]}
							}
						},
						{
							"origin": [-3.36236, 20.36322, -30.78458],
							"size": [0.459, 11.491, 0.5145],
							"pivot": [-2.95786, 25.25872, -30.35233],
							"rotation": [90, 0, 0],
							"uv": {
								"north": {"uv": [3, 78], "uv_size": [1, 11]},
								"east": {"uv": [4, 78], "uv_size": [1, 11]},
								"south": {"uv": [5, 78], "uv_size": [1, 11]},
								"west": {"uv": [78, 22], "uv_size": [1, 11]},
								"up": {"uv": [89, 63], "uv_size": [1, 1]},
								"down": {"uv": [64, 90], "uv_size": [1, -1]}
							}
						},
						{
							"origin": [-3.98285, 20.36322, -30.78458],
							"size": [0.62049, 11.491, 0.5145],
							"pivot": [-4.02835, 25.25872, -30.35233],
							"rotation": [90, 0, 0],
							"uv": {
								"north": {"uv": [77, 77], "uv_size": [1, 11]},
								"east": {"uv": [0, 78], "uv_size": [1, 11]},
								"south": {"uv": [1, 78], "uv_size": [1, 11]},
								"west": {"uv": [2, 78], "uv_size": [1, 11]},
								"up": {"uv": [62, 89], "uv_size": [1, 1]},
								"down": {"uv": [63, 90], "uv_size": [1, -1]}
							}
						},
						{
							"origin": [-4.98071, 24.65926, -8.83823],
							"size": [0.92986, 0.60886, 1.36486],
							"inflate": 0.001,
							"uv": {
								"north": {"uv": [33, 90], "uv_size": [1, 1]},
								"east": {"uv": [90, 33], "uv_size": [1, 1]},
								"south": {"uv": [34, 90], "uv_size": [1, 1]},
								"west": {"uv": [90, 34], "uv_size": [1, 1]},
								"up": {"uv": [35, 90], "uv_size": [1, 1]},
								"down": {"uv": [90, 36], "uv_size": [1, -1]}
							}
						},
						{
							"origin": [-4.70178, 24.65919, -8.8383],
							"size": [2.79, 0.609, 1.365],
							"inflate": 0.0001,
							"uv": {
								"north": {"uv": [86, 76], "uv_size": [3, 1]},
								"east": {"uv": [32, 90], "uv_size": [1, 1]},
								"south": {"uv": [86, 77], "uv_size": [3, 1]},
								"west": {"uv": [90, 32], "uv_size": [1, 1]},
								"up": {"uv": [87, 6], "uv_size": [3, 1]},
								"down": {"uv": [9, 88], "uv_size": [3, -1]}
							}
						}
					]
				},
				{
					"name": "sight",
					"parent": "FrameCha",
					"pivot": [-3.91128, 27.40571, -8.97553],
					"cubes": [
						{
							"origin": [-4.42178, 26.18698, -11.90957],
							"size": [1.96, 2.591, 0.4145],
							"inflate": 0.0001,
							"pivot": [-3.44178, 27.28248, -11.65232],
							"rotation": [90, 0, 0],
							"uv": {
								"north": {"uv": [10, 82], "uv_size": [2, 3]},
								"east": {"uv": [86, 70], "uv_size": [1, 3]},
								"south": {"uv": [12, 82], "uv_size": [2, 3]},
								"west": {"uv": [86, 73], "uv_size": [1, 3]},
								"up": {"uv": [87, 75], "uv_size": [2, 1]},
								"down": {"uv": [87, 86], "uv_size": [2, -1]}
							}
						},
						{
							"origin": [-4.42178, 27.07575, -11.90957],
							"size": [1.96, 2.11673, 0.12708],
							"inflate": 0.0001,
							"pivot": [-3.44178, 27.69698, -11.65232],
							"rotation": [90, 0, 0],
							"uv": {
								"north": {"uv": [85, 78], "uv_size": [2, 2]},
								"east": {"uv": [29, 88], "uv_size": [1, 2]},
								"south": {"uv": [84, 85], "uv_size": [2, 2]},
								"west": {"uv": [88, 57], "uv_size": [1, 2]},
								"up": {"uv": [58, 88], "uv_size": [2, 1]},
								"down": {"uv": [60, 89], "uv_size": [2, -1]}
							}
						},
						{
							"origin": [-4.42178, 27.04168, -10.43569],
							"size": [1.96, 0.491, 0.4145],
							"pivot": [-3.44178, 27.13718, -10.22844],
							"rotation": [75, 0, 0],
							"uv": {
								"north": {"uv": [88, 33], "uv_size": [2, 1]},
								"east": {"uv": [91, 22], "uv_size": [1, 1]},
								"south": {"uv": [88, 34], "uv_size": [2, 1]},
								"west": {"uv": [23, 91], "uv_size": [1, 1]},
								"up": {"uv": [88, 35], "uv_size": [2, 1]},
								"down": {"uv": [37, 89], "uv_size": [2, -1]}
							}
						},
						{
							"origin": [-4.42178, 27.16876, -10.90996],
							"size": [1.96, 0.491, 0.4145],
							"pivot": [-3.44178, 27.26426, -10.70271],
							"rotation": [75, 0, 0],
							"uv": {
								"north": {"uv": [88, 53], "uv_size": [2, 1]},
								"east": {"uv": [91, 26], "uv_size": [1, 1]},
								"south": {"uv": [88, 54], "uv_size": [2, 1]},
								"west": {"uv": [27, 91], "uv_size": [1, 1]},
								"up": {"uv": [88, 55], "uv_size": [2, 1]},
								"down": {"uv": [88, 57], "uv_size": [2, -1]}
							}
						},
						{
							"origin": [-4.42178, 27.0146, -9.96142],
							"size": [1.96, 0.391, 0.4145],
							"pivot": [-3.44178, 27.0101, -9.75417],
							"rotation": [75, 0, 0],
							"uv": {
								"north": {"uv": [88, 37], "uv_size": [2, 1]},
								"east": {"uv": [91, 23], "uv_size": [1, 1]},
								"south": {"uv": [88, 38], "uv_size": [2, 1]},
								"west": {"uv": [24, 91], "uv_size": [1, 1]},
								"up": {"uv": [39, 88], "uv_size": [2, 1]},
								"down": {"uv": [41, 89], "uv_size": [2, -1]}
							}
						},
						{
							"origin": [-4.42178, 26.9685, -9.54046],
							"size": [1.96, 0.491, 0.4145],
							"pivot": [-3.44178, 26.964, -9.33321],
							"rotation": [84, 0, 0],
							"uv": {
								"north": {"uv": [88, 42], "uv_size": [2, 1]},
								"east": {"uv": [91, 24], "uv_size": [1, 1]},
								"south": {"uv": [88, 43], "uv_size": [2, 1]},
								"west": {"uv": [25, 91], "uv_size": [1, 1]},
								"up": {"uv": [88, 44], "uv_size": [2, 1]},
								"down": {"uv": [88, 46], "uv_size": [2, -1]}
							}
						},
						{
							"origin": [-4.42178, 26.86934, -9.08169],
							"size": [1.96, 0.491, 0.4145],
							"pivot": [-3.44178, 26.86484, -8.87444],
							"rotation": [78, 0, 0],
							"uv": {
								"north": {"uv": [88, 46], "uv_size": [2, 1]},
								"east": {"uv": [91, 25], "uv_size": [1, 1]},
								"south": {"uv": [88, 47], "uv_size": [2, 1]},
								"west": {"uv": [26, 91], "uv_size": [1, 1]},
								"up": {"uv": [48, 88], "uv_size": [2, 1]},
								"down": {"uv": [88, 50], "uv_size": [2, -1]}
							}
						},
						{
							"origin": [-3.5211, 28.68698, -11.90957],
							"size": [0.1673, 0.091, 0.9145],
							"pivot": [-3.44178, 27.28248, -11.65232],
							"rotation": [90, 0, 0],
							"uv": {
								"north": {"uv": [3, 90], "uv_size": [1, 1]},
								"east": {"uv": [90, 3], "uv_size": [1, 1]},
								"south": {"uv": [4, 90], "uv_size": [1, 1]},
								"west": {"uv": [90, 4], "uv_size": [1, 1]},
								"up": {"uv": [5, 90], "uv_size": [1, 1]},
								"down": {"uv": [90, 6], "uv_size": [1, -1]}
							}
						},
						{
							"origin": [-3.5461, 25.53698, -37.35957],
							"size": [0.2173, 1.691, 1.7145],
							"pivot": [-3.43745, 27.48248, -36.30232],
							"rotation": [55, 0, 0],
							"uv": {
								"north": {"uv": [10, 88], "uv_size": [1, 2]},
								"east": {"uv": [85, 23], "uv_size": [2, 2]},
								"south": {"uv": [11, 88], "uv_size": [1, 2]},
								"west": {"uv": [85, 25], "uv_size": [2, 2]},
								"up": {"uv": [14, 88], "uv_size": [1, 2]},
								"down": {"uv": [17, 90], "uv_size": [1, -2]}
							}
						},
						{
							"origin": [-4.32175, 26.73, -12.10876],
							"size": [0.96, 2.092, 0.6395],
							"pivot": [-3.39175, 27.32568, -11.65151],
							"rotation": [90, 0, 32.5],
							"uv": {
								"north": {"uv": [86, 87], "uv_size": [1, 2]},
								"east": {"uv": [87, 86], "uv_size": [1, 2]},
								"south": {"uv": [88, 0], "uv_size": [1, 2]},
								"west": {"uv": [88, 2], "uv_size": [1, 2]},
								"up": {"uv": [1, 90], "uv_size": [1, 1]},
								"down": {"uv": [90, 2], "uv_size": [1, -1]}
							}
						},
						{
							"origin": [-3.72788, 26.76199, -12.78376],
							"size": [0.96, 2.092, 0.6395],
							"pivot": [-4.69788, 27.35767, -11.65151],
							"rotation": [90, 0, -32.5],
							"uv": {
								"north": {"uv": [88, 4], "uv_size": [1, 2]},
								"east": {"uv": [6, 88], "uv_size": [1, 2]},
								"south": {"uv": [7, 88], "uv_size": [1, 2]},
								"west": {"uv": [9, 88], "uv_size": [1, 2]},
								"up": {"uv": [2, 90], "uv_size": [1, 1]},
								"down": {"uv": [90, 3], "uv_size": [1, -1]}
							}
						}
					]
				},
				{
					"name": "Barrel2",
					"parent": "FrameCha",
					"pivot": [-3.45726, 30.22358, -26.96676],
					"cubes": [
						{
							"origin": [-3.72749, 25.81424, -36.95389],
							"size": [0.54047, 0.66742, 28.03215],
							"inflate": 0.002,
							"uv": {
								"north": {"uv": [38, 89], "uv_size": [1, 1]},
								"east": {"uv": [45, 42], "uv_size": [28, 1]},
								"south": {"uv": [39, 89], "uv_size": [1, 1]},
								"west": {"uv": [45, 43], "uv_size": [28, 1]},
								"up": {"uv": [27, 48], "uv_size": [1, 28]},
								"down": {"uv": [28, 76], "uv_size": [1, -28]}
							}
						},
						{
							"origin": [-3.72749, 25.20551, -36.95389],
							"size": [0.54047, 0.60473, 28.03215],
							"inflate": 0.002,
							"uv": {
								"north": {"uv": [89, 39], "uv_size": [1, 1]},
								"east": {"uv": [48, 44], "uv_size": [28, 1]},
								"south": {"uv": [40, 89], "uv_size": [1, 1]},
								"west": {"uv": [48, 45], "uv_size": [28, 1]},
								"up": {"uv": [29, 48], "uv_size": [1, 28]},
								"down": {"uv": [30, 76], "uv_size": [1, -28]}
							}
						},
						{
							"origin": [0.76791, 20.67651, -36.95389],
							"size": [0.54047, 0.30242, 28.03215],
							"inflate": 0.002,
							"pivot": [-3.45726, 21.34818, -24.57613],
							"rotation": [0, 0, -90],
							"uv": {
								"north": {"uv": [89, 40], "uv_size": [1, 1]},
								"east": {"uv": [48, 46], "uv_size": [28, 1]},
								"south": {"uv": [41, 89], "uv_size": [1, 1]},
								"west": {"uv": [48, 47], "uv_size": [28, 1]},
								"up": {"uv": [31, 48], "uv_size": [1, 28]},
								"down": {"uv": [48, 76], "uv_size": [1, -28]}
							}
						},
						{
							"origin": [-0.64992, 24.0087, -36.95389],
							"size": [0.54047, 0.59442, 28.03215],
							"inflate": 0.002,
							"pivot": [-3.45726, 21.34818, -24.57613],
							"rotation": [0, 0, -42.5],
							"uv": {
								"north": {"uv": [42, 89], "uv_size": [1, 1]},
								"east": {"uv": [49, 24], "uv_size": [28, 1]},
								"south": {"uv": [43, 89], "uv_size": [1, 1]},
								"west": {"uv": [49, 25], "uv_size": [28, 1]},
								"up": {"uv": [49, 48], "uv_size": [1, 28]},
								"down": {"uv": [50, 76], "uv_size": [1, -28]}
							}
						},
						{
							"origin": [-0.73096, 24.94095, -36.95389],
							"size": [0.54047, 0.37542, 28.03215],
							"inflate": 0.002,
							"pivot": [-3.45726, 21.34818, -24.57613],
							"rotation": [0, 0, -42.5],
							"uv": {
								"north": {"uv": [44, 89], "uv_size": [1, 1]},
								"east": {"uv": [49, 26], "uv_size": [28, 1]},
								"south": {"uv": [45, 89], "uv_size": [1, 1]},
								"west": {"uv": [49, 27], "uv_size": [28, 1]},
								"up": {"uv": [51, 48], "uv_size": [1, 28]},
								"down": {"uv": [20, 80], "uv_size": [1, -28]}
							}
						},
						{
							"origin": [-6.80507, 24.0087, -36.95389],
							"size": [0.54047, 0.59442, 28.03215],
							"inflate": 0.002,
							"pivot": [-3.45726, 21.34818, -24.57613],
							"rotation": [0, 0, 42.5],
							"uv": {
								"north": {"uv": [46, 89], "uv_size": [1, 1]},
								"east": {"uv": [49, 28], "uv_size": [28, 1]},
								"south": {"uv": [47, 89], "uv_size": [1, 1]},
								"west": {"uv": [49, 29], "uv_size": [28, 1]},
								"up": {"uv": [21, 52], "uv_size": [1, 28]},
								"down": {"uv": [22, 80], "uv_size": [1, -28]}
							}
						},
						{
							"origin": [-6.72403, 24.94095, -36.95389],
							"size": [0.54047, 0.37542, 28.03215],
							"inflate": 0.002,
							"pivot": [-3.45726, 21.34818, -24.57613],
							"rotation": [0, 0, 42.5],
							"uv": {
								"north": {"uv": [48, 89], "uv_size": [1, 1]},
								"east": {"uv": [49, 30], "uv_size": [28, 1]},
								"south": {"uv": [89, 48], "uv_size": [1, 1]},
								"west": {"uv": [49, 31], "uv_size": [28, 1]},
								"up": {"uv": [23, 52], "uv_size": [1, 28]},
								"down": {"uv": [24, 80], "uv_size": [1, -28]}
							}
						},
						{
							"origin": [0.76791, 21.71742, -36.95389],
							"size": [0.54047, 0.30242, 28.03215],
							"inflate": 0.002,
							"pivot": [-3.45726, 21.34818, -24.57613],
							"rotation": [0, 0, -90],
							"uv": {
								"north": {"uv": [49, 89], "uv_size": [1, 1]},
								"east": {"uv": [50, 32], "uv_size": [28, 1]},
								"south": {"uv": [50, 89], "uv_size": [1, 1]},
								"west": {"uv": [50, 33], "uv_size": [28, 1]},
								"up": {"uv": [25, 52], "uv_size": [1, 28]},
								"down": {"uv": [26, 80], "uv_size": [1, -28]}
							}
						}
					]
				},
				{
					"name": "hexadecagon2",
					"parent": "FrameCha",
					"pivot": [-5, 30.9, -2.8]
				},
				{
					"name": "Barrel3",
					"parent": "FrameCha",
					"pivot": [-3.45726, 29.94718, -4.01281],
					"cubes": [
						{
							"origin": [-3.82819, 24.40624, -17.75557],
							"size": [0.74185, 0.41576, 11.571],
							"inflate": 0.002,
							"uv": {
								"north": {"uv": [6, 90], "uv_size": [1, 1]},
								"east": {"uv": [71, 15], "uv_size": [12, 1]},
								"south": {"uv": [90, 6], "uv_size": [1, 1]},
								"west": {"uv": [73, 61], "uv_size": [12, 1]},
								"up": {"uv": [66, 69], "uv_size": [1, 12]},
								"down": {"uv": [67, 81], "uv_size": [1, -12]}
							}
						},
						{
							"origin": [-3.82819, 23.07236, -17.75557],
							"size": [0.74185, 0.41576, 11.571],
							"inflate": 0.002,
							"uv": {
								"north": {"uv": [7, 90], "uv_size": [1, 1]},
								"east": {"uv": [73, 62], "uv_size": [12, 1]},
								"south": {"uv": [90, 7], "uv_size": [1, 1]},
								"west": {"uv": [73, 63], "uv_size": [12, 1]},
								"up": {"uv": [35, 72], "uv_size": [1, 12]},
								"down": {"uv": [36, 84], "uv_size": [1, -12]}
							}
						},
						{
							"origin": [-4.02819, 23.42236, -16.97409],
							"size": [1.14185, 1.06576, 10.81452],
							"inflate": 0.002,
							"pivot": [-3.45726, 23.95524, -6.36281],
							"rotation": [0, 0, -50],
							"uv": {
								"north": {"uv": [13, 90], "uv_size": [1, 1]},
								"east": {"uv": [75, 51], "uv_size": [11, 1]},
								"south": {"uv": [90, 13], "uv_size": [1, 1]},
								"west": {"uv": [75, 52], "uv_size": [11, 1]},
								"up": {"uv": [32, 78], "uv_size": [1, 11]},
								"down": {"uv": [33, 89], "uv_size": [1, -11]}
							}
						},
						{
							"origin": [2.32991, 16.86826, -17.75557],
							"size": [0.74185, 0.41576, 11.571],
							"inflate": 0.002,
							"pivot": [-3.45726, 17.78908, -0.78448],
							"rotation": [0, 0, -90],
							"uv": {
								"north": {"uv": [8, 90], "uv_size": [1, 1]},
								"east": {"uv": [73, 64], "uv_size": [12, 1]},
								"south": {"uv": [90, 8], "uv_size": [1, 1]},
								"west": {"uv": [73, 65], "uv_size": [12, 1]},
								"up": {"uv": [73, 66], "uv_size": [1, 12]},
								"down": {"uv": [15, 86], "uv_size": [1, -12]}
							}
						},
						{
							"origin": [0.38767, 21.4329, -17.75557],
							"size": [0.74185, 0.41576, 11.571],
							"inflate": 0.002,
							"pivot": [-3.45726, 17.78908, -0.78448],
							"rotation": [0, 0, -42.5],
							"uv": {
								"north": {"uv": [9, 90], "uv_size": [1, 1]},
								"east": {"uv": [74, 7], "uv_size": [12, 1]},
								"south": {"uv": [90, 9], "uv_size": [1, 1]},
								"west": {"uv": [74, 8], "uv_size": [12, 1]},
								"up": {"uv": [16, 74], "uv_size": [1, 12]},
								"down": {"uv": [43, 86], "uv_size": [1, -12]}
							}
						},
						{
							"origin": [0.27665, 22.80995, -17.75557],
							"size": [0.74185, 0.41576, 11.571],
							"inflate": 0.002,
							"pivot": [-3.45726, 17.78908, -0.78448],
							"rotation": [0, 0, -42.5],
							"uv": {
								"north": {"uv": [10, 90], "uv_size": [1, 1]},
								"east": {"uv": [74, 9], "uv_size": [12, 1]},
								"south": {"uv": [90, 10], "uv_size": [1, 1]},
								"west": {"uv": [74, 10], "uv_size": [12, 1]},
								"up": {"uv": [44, 74], "uv_size": [1, 12]},
								"down": {"uv": [45, 86], "uv_size": [1, -12]}
							}
						},
						{
							"origin": [-8.04404, 21.4329, -17.75557],
							"size": [0.74185, 0.41576, 11.571],
							"inflate": 0.002,
							"pivot": [-3.45726, 17.78908, -0.78448],
							"rotation": [0, 0, 42.5],
							"uv": {
								"north": {"uv": [11, 90], "uv_size": [1, 1]},
								"east": {"uv": [74, 11], "uv_size": [12, 1]},
								"south": {"uv": [90, 11], "uv_size": [1, 1]},
								"west": {"uv": [74, 12], "uv_size": [12, 1]},
								"up": {"uv": [46, 74], "uv_size": [1, 12]},
								"down": {"uv": [47, 86], "uv_size": [1, -12]}
							}
						},
						{
							"origin": [-7.03187, 22.37317, -17.75557],
							"size": [0.74185, 0.41576, 11.571],
							"inflate": 0.002,
							"pivot": [-2.44509, 18.72935, -0.78448],
							"rotation": [0, 0, 42.5],
							"uv": {
								"north": {"uv": [91, 39], "uv_size": [1, 1]},
								"east": {"uv": [75, 20], "uv_size": [12, 1]},
								"south": {"uv": [40, 91], "uv_size": [1, 1]},
								"west": {"uv": [75, 21], "uv_size": [12, 1]},
								"up": {"uv": [41, 75], "uv_size": [1, 12]},
								"down": {"uv": [75, 78], "uv_size": [1, -12]}
							}
						},
						{
							"origin": [2.32991, 18.29415, -17.75557],
							"size": [0.74185, 0.41576, 11.571],
							"inflate": 0.002,
							"pivot": [-3.45726, 17.78908, -0.78448],
							"rotation": [0, 0, -90],
							"uv": {
								"north": {"uv": [12, 90], "uv_size": [1, 1]},
								"east": {"uv": [74, 13], "uv_size": [12, 1]},
								"south": {"uv": [90, 12], "uv_size": [1, 1]},
								"west": {"uv": [74, 14], "uv_size": [12, 1]},
								"up": {"uv": [74, 66], "uv_size": [1, 12]},
								"down": {"uv": [40, 87], "uv_size": [1, -12]}
							}
						}
					]
				},
				{
					"name": "hexadecagon3",
					"parent": "FrameCha",
					"pivot": [-1.82552, 25.82757, -12.18812],
					"rotation": [-2.52454, -7.99234, 0.35124],
					"cubes": [
						{
							"origin": [-1.55904, 24.28812, -10.92448],
							"size": [0.06057, 0.13655, 0.6865],
							"pivot": [-2.01494, 25.82757, -12.18812],
							"rotation": [45, 0, 0],
							"uv": {
								"north": {"uv": [65, 90], "uv_size": [1, 1]},
								"east": {"uv": [90, 65], "uv_size": [1, 1]},
								"south": {"uv": [66, 90], "uv_size": [1, 1]},
								"west": {"uv": [90, 66], "uv_size": [1, 1]},
								"up": {"uv": [67, 90], "uv_size": [1, 1]},
								"down": {"uv": [90, 68], "uv_size": [1, -1]}
							}
						},
						{
							"origin": [-1.55904, 25.01504, -10.4838],
							"size": [0.06057, 0.13655, 0.6865],
							"pivot": [-2.01494, 25.82757, -12.18812],
							"rotation": [22.5, 0, 0],
							"uv": {
								"north": {"uv": [68, 90], "uv_size": [1, 1]},
								"east": {"uv": [90, 68], "uv_size": [1, 1]},
								"south": {"uv": [69, 90], "uv_size": [1, 1]},
								"west": {"uv": [90, 69], "uv_size": [1, 1]},
								"up": {"uv": [70, 90], "uv_size": [1, 1]},
								"down": {"uv": [90, 71], "uv_size": [1, -1]}
							}
						},
						{
							"origin": [-1.55904, 25.85526, -10.35485],
							"size": [0.06057, 0.13655, 0.6865],
							"uv": {
								"north": {"uv": [71, 90], "uv_size": [1, 1]},
								"east": {"uv": [90, 71], "uv_size": [1, 1]},
								"south": {"uv": [72, 90], "uv_size": [1, 1]},
								"west": {"uv": [90, 72], "uv_size": [1, 1]},
								"up": {"uv": [73, 90], "uv_size": [1, 1]},
								"down": {"uv": [90, 74], "uv_size": [1, -1]}
							}
						},
						{
							"origin": [-1.55904, 26.68087, -10.55725],
							"size": [0.06057, 0.13655, 0.6865],
							"pivot": [-2.01494, 25.82757, -12.18812],
							"rotation": [-22.5, 0, 0],
							"uv": {
								"north": {"uv": [74, 90], "uv_size": [1, 1]},
								"east": {"uv": [90, 74], "uv_size": [1, 1]},
								"south": {"uv": [75, 90], "uv_size": [1, 1]},
								"west": {"uv": [90, 75], "uv_size": [1, 1]},
								"up": {"uv": [76, 90], "uv_size": [1, 1]},
								"down": {"uv": [90, 77], "uv_size": [1, -1]}
							}
						},
						{
							"origin": [-1.55904, 27.36618, -11.06019],
							"size": [0.06057, 0.13655, 0.6865],
							"pivot": [-2.01494, 25.82757, -12.18812],
							"rotation": [-45, 0, 0],
							"uv": {
								"north": {"uv": [77, 90], "uv_size": [1, 1]},
								"east": {"uv": [90, 77], "uv_size": [1, 1]},
								"south": {"uv": [78, 90], "uv_size": [1, 1]},
								"west": {"uv": [90, 78], "uv_size": [1, 1]},
								"up": {"uv": [79, 90], "uv_size": [1, 1]},
								"down": {"uv": [90, 80], "uv_size": [1, -1]}
							}
						},
						{
							"origin": [-1.55904, 24.74007, -10.20883],
							"size": [0.06057, 0.6865, 0.13655],
							"pivot": [-2.01494, 25.82757, -12.18812],
							"rotation": [22.5, 0, 0],
							"uv": {
								"north": {"uv": [80, 90], "uv_size": [1, 1]},
								"east": {"uv": [90, 80], "uv_size": [1, 1]},
								"south": {"uv": [81, 90], "uv_size": [1, 1]},
								"west": {"uv": [90, 81], "uv_size": [1, 1]},
								"up": {"uv": [82, 90], "uv_size": [1, 1]},
								"down": {"uv": [90, 83], "uv_size": [1, -1]}
							}
						},
						{
							"origin": [-1.55904, 25.58029, -10.07988],
							"size": [0.06057, 0.6865, 0.13655],
							"uv": {
								"north": {"uv": [83, 90], "uv_size": [1, 1]},
								"east": {"uv": [90, 83], "uv_size": [1, 1]},
								"south": {"uv": [84, 90], "uv_size": [1, 1]},
								"west": {"uv": [90, 84], "uv_size": [1, 1]},
								"up": {"uv": [85, 90], "uv_size": [1, 1]},
								"down": {"uv": [90, 86], "uv_size": [1, -1]}
							}
						},
						{
							"origin": [-1.55904, 26.4059, -10.28228],
							"size": [0.06057, 0.6865, 0.13655],
							"pivot": [-2.01494, 25.82757, -12.18812],
							"rotation": [-22.5, 0, 0],
							"uv": {
								"north": {"uv": [86, 90], "uv_size": [1, 1]},
								"east": {"uv": [90, 86], "uv_size": [1, 1]},
								"south": {"uv": [87, 90], "uv_size": [1, 1]},
								"west": {"uv": [90, 87], "uv_size": [1, 1]},
								"up": {"uv": [88, 90], "uv_size": [1, 1]},
								"down": {"uv": [90, 89], "uv_size": [1, -1]}
							}
						}
					]
				},
				{
					"name": "hexadecagon4",
					"parent": "FrameCha",
					"pivot": [-5.02552, 25.82757, -12.18812],
					"rotation": [-2.52154, 7.49282, -0.32902],
					"cubes": [
						{
							"origin": [-5.35181, 24.2863, -10.92265],
							"size": [0.06057, 0.13655, 0.6865],
							"pivot": [-5.21494, 25.82757, -12.18812],
							"rotation": [45, 0, 0],
							"uv": {
								"north": {"uv": [89, 90], "uv_size": [1, 1]},
								"east": {"uv": [90, 89], "uv_size": [1, 1]},
								"south": {"uv": [90, 90], "uv_size": [1, 1]},
								"west": {"uv": [0, 91], "uv_size": [1, 1]},
								"up": {"uv": [91, 0], "uv_size": [1, 1]},
								"down": {"uv": [1, 92], "uv_size": [1, -1]}
							}
						},
						{
							"origin": [-5.35181, 25.01405, -10.48141],
							"size": [0.06057, 0.13655, 0.6865],
							"pivot": [-5.21494, 25.82757, -12.18812],
							"rotation": [22.5, 0, 0],
							"uv": {
								"north": {"uv": [91, 1], "uv_size": [1, 1]},
								"east": {"uv": [2, 91], "uv_size": [1, 1]},
								"south": {"uv": [91, 2], "uv_size": [1, 1]},
								"west": {"uv": [3, 91], "uv_size": [1, 1]},
								"up": {"uv": [91, 3], "uv_size": [1, 1]},
								"down": {"uv": [4, 92], "uv_size": [1, -1]}
							}
						},
						{
							"origin": [-5.35181, 25.85526, -10.35226],
							"size": [0.06057, 0.13655, 0.6865],
							"uv": {
								"north": {"uv": [91, 4], "uv_size": [1, 1]},
								"east": {"uv": [5, 91], "uv_size": [1, 1]},
								"south": {"uv": [91, 5], "uv_size": [1, 1]},
								"west": {"uv": [6, 91], "uv_size": [1, 1]},
								"up": {"uv": [91, 6], "uv_size": [1, 1]},
								"down": {"uv": [7, 92], "uv_size": [1, -1]}
							}
						},
						{
							"origin": [-5.35181, 26.68186, -10.55486],
							"size": [0.06057, 0.13655, 0.6865],
							"pivot": [-5.21494, 25.82757, -12.18812],
							"rotation": [-22.5, 0, 0],
							"uv": {
								"north": {"uv": [91, 7], "uv_size": [1, 1]},
								"east": {"uv": [8, 91], "uv_size": [1, 1]},
								"south": {"uv": [91, 8], "uv_size": [1, 1]},
								"west": {"uv": [9, 91], "uv_size": [1, 1]},
								"up": {"uv": [91, 9], "uv_size": [1, 1]},
								"down": {"uv": [10, 92], "uv_size": [1, -1]}
							}
						},
						{
							"origin": [-5.35181, 27.36801, -11.05836],
							"size": [0.06057, 0.13655, 0.6865],
							"pivot": [-5.21494, 25.82757, -12.18812],
							"rotation": [-45, 0, 0],
							"uv": {
								"north": {"uv": [91, 10], "uv_size": [1, 1]},
								"east": {"uv": [11, 91], "uv_size": [1, 1]},
								"south": {"uv": [91, 11], "uv_size": [1, 1]},
								"west": {"uv": [12, 91], "uv_size": [1, 1]},
								"up": {"uv": [91, 12], "uv_size": [1, 1]},
								"down": {"uv": [13, 92], "uv_size": [1, -1]}
							}
						},
						{
							"origin": [-5.35181, 24.73908, -10.20644],
							"size": [0.06057, 0.6865, 0.13655],
							"pivot": [-5.21494, 25.82757, -12.18812],
							"rotation": [22.5, 0, 0],
							"uv": {
								"north": {"uv": [91, 13], "uv_size": [1, 1]},
								"east": {"uv": [14, 91], "uv_size": [1, 1]},
								"south": {"uv": [91, 14], "uv_size": [1, 1]},
								"west": {"uv": [15, 91], "uv_size": [1, 1]},
								"up": {"uv": [91, 15], "uv_size": [1, 1]},
								"down": {"uv": [16, 92], "uv_size": [1, -1]}
							}
						},
						{
							"origin": [-5.35181, 25.58029, -10.07729],
							"size": [0.06057, 0.6865, 0.13655],
							"uv": {
								"north": {"uv": [91, 16], "uv_size": [1, 1]},
								"east": {"uv": [17, 91], "uv_size": [1, 1]},
								"south": {"uv": [91, 17], "uv_size": [1, 1]},
								"west": {"uv": [18, 91], "uv_size": [1, 1]},
								"up": {"uv": [91, 18], "uv_size": [1, 1]},
								"down": {"uv": [19, 92], "uv_size": [1, -1]}
							}
						},
						{
							"origin": [-5.35181, 26.40689, -10.27989],
							"size": [0.06057, 0.6865, 0.13655],
							"pivot": [-5.21494, 25.82757, -12.18812],
							"rotation": [-22.5, 0, 0],
							"uv": {
								"north": {"uv": [91, 19], "uv_size": [1, 1]},
								"east": {"uv": [20, 91], "uv_size": [1, 1]},
								"south": {"uv": [91, 20], "uv_size": [1, 1]},
								"west": {"uv": [21, 91], "uv_size": [1, 1]},
								"up": {"uv": [91, 21], "uv_size": [1, 1]},
								"down": {"uv": [22, 92], "uv_size": [1, -1]}
							}
						}
					]
				},
				{
					"name": "Bullet2",
					"parent": "gun",
					"pivot": [-3.50018, 23.4838, -16.35207],
					"cubes": [
						{
							"origin": [-3.98481, 22.99918, -16.82703],
							"size": [0.96925, 0.96925, 2.54184],
							"uv": {
								"north": {"uv": [91, 41], "uv_size": [1, 1]},
								"east": {"uv": [87, 31], "uv_size": [3, 1]},
								"south": {"uv": [42, 91], "uv_size": [1, 1]},
								"west": {"uv": [87, 32], "uv_size": [3, 1]},
								"up": {"uv": [87, 33], "uv_size": [1, 3]},
								"down": {"uv": [34, 90], "uv_size": [1, -3]}
							}
						},
						{
							"origin": [-3.92743, 23.05656, -17.73884],
							"size": [0.85449, 0.85449, 1.18162],
							"uv": {
								"north": {"uv": [91, 42], "uv_size": [1, 1]},
								"east": {"uv": [43, 91], "uv_size": [1, 1]},
								"south": {"uv": [91, 43], "uv_size": [1, 1]},
								"west": {"uv": [44, 91], "uv_size": [1, 1]},
								"up": {"uv": [91, 44], "uv_size": [1, 1]},
								"down": {"uv": [45, 92], "uv_size": [1, -1]}
							}
						}
					]
				},
				{
					"name": "BulletShell",
					"parent": "gun",
					"pivot": [-3.50018, 24.1838, -19.05611],
					"cubes": [
						{
							"origin": [-3.98481, 23.69918, -20.32703],
							"size": [0.96925, 0.96925, 2.54184],
							"uv": {
								"north": {"uv": [91, 45], "uv_size": [1, 1]},
								"east": {"uv": [40, 87], "uv_size": [3, 1]},
								"south": {"uv": [46, 91], "uv_size": [1, 1]},
								"west": {"uv": [87, 41], "uv_size": [3, 1]},
								"up": {"uv": [87, 42], "uv_size": [1, 3]},
								"down": {"uv": [87, 48], "uv_size": [1, -3]}
							}
						}
					]
				},
				{
					"name": "magazine",
					"parent": "gun",
					"pivot": [-3.45, 16.15209, -5.36799],
					"cubes": [
						{
							"origin": [-4.724, 2.63614, -18.48328],
							"size": [2.548, 12.323, 5.3045],
							"pivot": [-2.52, 32.39714, -33.50028],
							"rotation": [12.5, 0, 0],
							"uv": {
								"north": {"uv": [14, 48], "uv_size": [3, 12]},
								"east": {"uv": [32, 40], "uv_size": [5, 12]},
								"south": {"uv": [17, 48], "uv_size": [3, 12]},
								"west": {"uv": [40, 32], "uv_size": [5, 12]},
								"up": {"uv": [70, 61], "uv_size": [3, 5]},
								"down": {"uv": [70, 71], "uv_size": [3, -5]}
							}
						},
						{
							"origin": [-4.724, 2.43614, -18.48328],
							"size": [2.548, 0.223, 5.7045],
							"pivot": [-2.52, 32.39714, -33.50028],
							"rotation": [12.5, 0, 0],
							"uv": {
								"north": {"uv": [86, 52], "uv_size": [3, 1]},
								"east": {"uv": [82, 16], "uv_size": [6, 1]},
								"south": {"uv": [70, 86], "uv_size": [3, 1]},
								"west": {"uv": [82, 22], "uv_size": [6, 1]},
								"up": {"uv": [62, 48], "uv_size": [3, 6]},
								"down": {"uv": [63, 67], "uv_size": [3, -6]}
							}
						}
					]
				},
				{
					"name": "bullet",
					"parent": "magazine",
					"pivot": [-3.47598, 24.92645, -7.43064],
					"cubes": [
						{
							"origin": [-4.17884, 15.78221, -13.93973],
							"size": [0.95236, 1.01236, 3.9186],
							"pivot": [-4.00266, 15.48839, -24.83043],
							"rotation": [11.93845, -3.73171, 17.10967],
							"uv": {
								"north": {"uv": [0, 90], "uv_size": [1, 1]},
								"east": {"uv": [83, 15], "uv_size": [4, 1]},
								"south": {"uv": [90, 0], "uv_size": [1, 1]},
								"west": {"uv": [83, 50], "uv_size": [4, 1]},
								"up": {"uv": [42, 83], "uv_size": [1, 4]},
								"down": {"uv": [75, 87], "uv_size": [1, -4]}
							}
						}
					]
				},
				{
					"name": "rightarm",
					"parent": "main",
					"pivot": [-3.65435, 14.27504, -1.78047],
					"rotation": [-101.81106, -12.40003, -2.46982],
					"cubes": [
						{
							"origin": [-9.65435, 2.27504, -5.78047],
							"size": [8, 24, 8],
							"uv": {
								"north": {"uv": [0, 0], "uv_size": [8, 24]},
								"east": {"uv": [8, 0], "uv_size": [8, 24]},
								"south": {"uv": [16, 0], "uv_size": [8, 24]},
								"west": {"uv": [0, 24], "uv_size": [8, 24]},
								"up": {"uv": [32, 32], "uv_size": [8, 8]},
								"down": {"uv": [38, 8], "uv_size": [8, -8]}
							}
						}
					]
				},
				{
					"name": "leftarm",
					"parent": "main",
					"pivot": [2.34932, 9.03234, -2.20029],
					"rotation": [-119.61483, 1.67666, -38.31282],
					"cubes": [
						{
							"origin": [-1.65068, -2.96766, -6.20029],
							"size": [8, 24, 8],
							"uv": {
								"north": {"uv": [24, 0], "uv_size": [8, 24]},
								"east": {"uv": [8, 24], "uv_size": [8, 24]},
								"south": {"uv": [16, 24], "uv_size": [8, 24]},
								"west": {"uv": [24, 24], "uv_size": [8, 24]},
								"up": {"uv": [38, 8], "uv_size": [8, 8]},
								"down": {"uv": [38, 24], "uv_size": [8, -8]}
							}
						}
					]
				},
				{
					"name": "muzzleflash",
					"parent": "main",
					"pivot": [-3.5, 23.85, -35.75],
					"cubes": [
						{
							"origin": [-4, 23.35, -38.25],
							"size": [1, 1, 1],
							"inflate": -0.4,
							"uv": {
								"north": {"uv": [88, 63], "uv_size": [1, 1]},
								"east": {"uv": [88, 64], "uv_size": [1, 1]},
								"south": {"uv": [88, 65], "uv_size": [1, 1]},
								"west": {"uv": [88, 66], "uv_size": [1, 1]},
								"up": {"uv": [88, 67], "uv_size": [1, 1]},
								"down": {"uv": [68, 89], "uv_size": [1, -1]}
							}
						}
					]
				},
				{
					"name": "scope",
					"parent": "main",
					"pivot": [-3.438, 27.75, -9.15],
					"cubes": [
						{
							"origin": [-3.938, 27.25, -4.65],
							"size": [1, 1, 1],
							"inflate": -0.4,
							"uv": {
								"north": {"uv": [88, 68], "uv_size": [1, 1]},
								"east": {"uv": [69, 88], "uv_size": [1, 1]},
								"south": {"uv": [88, 69], "uv_size": [1, 1]},
								"west": {"uv": [88, 70], "uv_size": [1, 1]},
								"up": {"uv": [88, 71], "uv_size": [1, 1]},
								"down": {"uv": [88, 73], "uv_size": [1, -1]}
							}
						}
					]
				}
			]
		}
	]
}