{
	"format_version": "1.12.0",
	"minecraft:geometry": [
		{
			"description": {
				"identifier": "geometry.unknown",
				"texture_width": 64,
				"texture_height": 64,
				"visible_bounds_width": 13,
				"visible_bounds_height": 4,
				"visible_bounds_offset": [0, 1, 0]
			},
			"bones": [
				{
					"name": "main",
					"pivot": [0.6933, 21.11661, 26.94981]
				},
				{
					"name": "scope",
					"parent": "main",
					"pivot": [2.01924, 25.126, 19.78342],
					"cubes": [
						{
							"origin": [1.5561, 23.65262, 19.32028],
							"size": [0.92628, 0.92628, 0.92628],
							"inflate": -0.4,
							"uv": {
								"north": {"uv": [7, 42], "uv_size": [1, 1]},
								"east": {"uv": [34, 42], "uv_size": [1, 1]},
								"south": {"uv": [13, 43], "uv_size": [1, 1]},
								"west": {"uv": [43, 30], "uv_size": [1, 1]},
								"up": {"uv": [43, 31], "uv_size": [1, 1]},
								"down": {"uv": [32, 44], "uv_size": [1, -1]}
							}
						}
					]
				},
				{
					"name": "CarcanoScope",
					"parent": "main",
					"pivot": [-0.17366, 12.46744, 26.58844],
					"cubes": [
						{
							"origin": [1.45331, 24.94499, 6.37419],
							"size": [1.11533, 0.3429, 12.58645],
							"inflate": 0.002,
							"uv": {
								"north": {"uv": [40, 17], "uv_size": [2, 1]},
								"east": {"uv": [20, 15], "uv_size": [20, 1]},
								"south": {"uv": [40, 18], "uv_size": [2, 1]},
								"west": {"uv": [20, 16], "uv_size": [20, 1]},
								"up": {"uv": [0, 0], "uv_size": [2, 20]},
								"down": {"uv": [2, 20], "uv_size": [2, -20]}
							}
						},
						{
							"origin": [1.45331, 22.92886, 6.37419],
							"size": [1.11533, 0.3429, 12.58645],
							"inflate": 0.002,
							"uv": {
								"north": {"uv": [40, 19], "uv_size": [2, 1]},
								"east": {"uv": [20, 17], "uv_size": [20, 1]},
								"south": {"uv": [40, 20], "uv_size": [2, 1]},
								"west": {"uv": [20, 18], "uv_size": [20, 1]},
								"up": {"uv": [4, 0], "uv_size": [2, 20]},
								"down": {"uv": [6, 20], "uv_size": [2, -20]}
							}
						},
						{
							"origin": [1.44357, 22.8827, 6.37419],
							"size": [1.1348, 0.33316, 12.58645],
							"inflate": 0.002,
							"pivot": [2.01097, 24.10837, -23.34348],
							"rotation": [0, 0, -90],
							"uv": {
								"north": {"uv": [40, 21], "uv_size": [2, 1]},
								"east": {"uv": [20, 19], "uv_size": [20, 1]},
								"south": {"uv": [40, 37], "uv_size": [2, 1]},
								"west": {"uv": [20, 20], "uv_size": [20, 1]},
								"up": {"uv": [8, 0], "uv_size": [2, 20]},
								"down": {"uv": [10, 20], "uv_size": [2, -20]}
							}
						},
						{
							"origin": [1.62738, 22.86116, 6.37419],
							"size": [0.90204, 0.38437, 12.58645],
							"inflate": 0.002,
							"pivot": [2.01097, 24.10837, -23.34348],
							"rotation": [0, 0, -42.5],
							"uv": {
								"north": {"uv": [33, 43], "uv_size": [1, 1]},
								"east": {"uv": [20, 21], "uv_size": [20, 1]},
								"south": {"uv": [34, 43], "uv_size": [1, 1]},
								"west": {"uv": [22, 0], "uv_size": [20, 1]},
								"up": {"uv": [6, 20], "uv_size": [1, 20]},
								"down": {"uv": [7, 40], "uv_size": [1, -20]}
							}
						},
						{
							"origin": [1.49252, 24.97121, 6.37419],
							"size": [0.90204, 0.38437, 12.58645],
							"inflate": 0.002,
							"pivot": [2.01097, 24.10837, -23.34348],
							"rotation": [0, 0, -42.5],
							"uv": {
								"north": {"uv": [35, 43], "uv_size": [1, 1]},
								"east": {"uv": [22, 1], "uv_size": [20, 1]},
								"south": {"uv": [43, 35], "uv_size": [1, 1]},
								"west": {"uv": [22, 2], "uv_size": [20, 1]},
								"up": {"uv": [8, 20], "uv_size": [1, 20]},
								"down": {"uv": [9, 40], "uv_size": [1, -20]}
							}
						},
						{
							"origin": [1.49252, 22.86116, 6.37419],
							"size": [0.90204, 0.38437, 12.58645],
							"inflate": 0.002,
							"pivot": [2.01097, 24.10837, -23.34348],
							"rotation": [0, 0, 42.5],
							"uv": {
								"north": {"uv": [36, 43], "uv_size": [1, 1]},
								"east": {"uv": [22, 3], "uv_size": [20, 1]},
								"south": {"uv": [43, 36], "uv_size": [1, 1]},
								"west": {"uv": [22, 4], "uv_size": [20, 1]},
								"up": {"uv": [10, 20], "uv_size": [1, 20]},
								"down": {"uv": [11, 40], "uv_size": [1, -20]}
							}
						},
						{
							"origin": [1.62738, 24.97121, 6.37419],
							"size": [0.90204, 0.38437, 12.58645],
							"inflate": 0.002,
							"pivot": [2.01097, 24.10837, -23.34348],
							"rotation": [0, 0, 42.5],
							"uv": {
								"north": {"uv": [37, 43], "uv_size": [1, 1]},
								"east": {"uv": [22, 5], "uv_size": [20, 1]},
								"south": {"uv": [38, 43], "uv_size": [1, 1]},
								"west": {"uv": [22, 6], "uv_size": [20, 1]},
								"up": {"uv": [12, 20], "uv_size": [1, 20]},
								"down": {"uv": [13, 40], "uv_size": [1, -20]}
							}
						},
						{
							"origin": [1.44357, 25.00088, 6.37419],
							"size": [1.1348, 0.33316, 12.58645],
							"inflate": 0.002,
							"pivot": [2.01097, 24.10837, -23.34348],
							"rotation": [0, 0, -90],
							"uv": {
								"north": {"uv": [40, 38], "uv_size": [2, 1]},
								"east": {"uv": [22, 7], "uv_size": [20, 1]},
								"south": {"uv": [39, 40], "uv_size": [2, 1]},
								"west": {"uv": [22, 8], "uv_size": [20, 1]},
								"up": {"uv": [12, 0], "uv_size": [2, 20]},
								"down": {"uv": [14, 20], "uv_size": [2, -20]}
							}
						},
						{
							"origin": [1.10819, 23.24573, 17.75694],
							"size": [1.79949, 1.70478, 0.6314],
							"uv": {
								"north": {"uv": [26, 39], "uv_size": [3, 3]},
								"east": {"uv": [37, 39], "uv_size": [1, 3]},
								"south": {"uv": [29, 39], "uv_size": [3, 3]},
								"west": {"uv": [39, 37], "uv_size": [1, 3]},
								"up": {"uv": [39, 25], "uv_size": [3, 1]},
								"down": {"uv": [6, 41], "uv_size": [3, -1]}
							}
						}
					]
				},
				{
					"name": "CarcanoScope2",
					"parent": "CarcanoScope",
					"pivot": [2.01097, 26.44455, -27.45173],
					"cubes": [
						{
							"origin": [1.49368, 24.92251, -2.95941],
							"size": [1.03459, 0.30349, 9.38761],
							"inflate": 0.002,
							"pivot": [2.01097, 24.10837, -32.15299],
							"rotation": [0, 0, -90],
							"uv": {
								"north": {"uv": [40, 39], "uv_size": [2, 1]},
								"east": {"uv": [22, 9], "uv_size": [15, 1]},
								"south": {"uv": [6, 41], "uv_size": [2, 1]},
								"west": {"uv": [22, 10], "uv_size": [15, 1]},
								"up": {"uv": [16, 0], "uv_size": [2, 15]},
								"down": {"uv": [16, 30], "uv_size": [2, -15]}
							}
						},
						{
							"origin": [1.66131, 24.89545, -2.95941],
							"size": [0.82231, 0.35019, 9.38761],
							"inflate": 0.002,
							"pivot": [2.01097, 24.10837, -32.15299],
							"rotation": [0, 0, 42.5],
							"uv": {
								"north": {"uv": [39, 43], "uv_size": [1, 1]},
								"east": {"uv": [22, 11], "uv_size": [15, 1]},
								"south": {"uv": [40, 43], "uv_size": [1, 1]},
								"west": {"uv": [22, 12], "uv_size": [15, 1]},
								"up": {"uv": [14, 20], "uv_size": [1, 15]},
								"down": {"uv": [15, 35], "uv_size": [1, -15]}
							}
						},
						{
							"origin": [1.53832, 22.97109, -2.95941],
							"size": [0.82231, 0.35019, 9.38761],
							"inflate": 0.002,
							"pivot": [2.01097, 24.10837, -32.15299],
							"rotation": [0, 0, 42.5],
							"uv": {
								"north": {"uv": [43, 40], "uv_size": [1, 1]},
								"east": {"uv": [22, 13], "uv_size": [15, 1]},
								"south": {"uv": [41, 43], "uv_size": [1, 1]},
								"west": {"uv": [22, 14], "uv_size": [15, 1]},
								"up": {"uv": [20, 22], "uv_size": [1, 15]},
								"down": {"uv": [21, 37], "uv_size": [1, -15]}
							}
						},
						{
							"origin": [1.53832, 24.89545, -2.95941],
							"size": [0.82231, 0.35019, 9.38761],
							"inflate": 0.002,
							"pivot": [2.01097, 24.10837, -32.15299],
							"rotation": [0, 0, -42.5],
							"uv": {
								"north": {"uv": [43, 41], "uv_size": [1, 1]},
								"east": {"uv": [22, 22], "uv_size": [15, 1]},
								"south": {"uv": [42, 43], "uv_size": [1, 1]},
								"west": {"uv": [22, 23], "uv_size": [15, 1]},
								"up": {"uv": [22, 24], "uv_size": [1, 15]},
								"down": {"uv": [23, 39], "uv_size": [1, -15]}
							}
						},
						{
							"origin": [1.66131, 22.97109, -2.95941],
							"size": [0.82231, 0.35019, 9.38761],
							"inflate": 0.002,
							"pivot": [2.01097, 24.10837, -32.15299],
							"rotation": [0, 0, -42.5],
							"uv": {
								"north": {"uv": [43, 42], "uv_size": [1, 1]},
								"east": {"uv": [24, 24], "uv_size": [15, 1]},
								"south": {"uv": [43, 43], "uv_size": [1, 1]},
								"west": {"uv": [24, 25], "uv_size": [15, 1]},
								"up": {"uv": [24, 26], "uv_size": [1, 15]},
								"down": {"uv": [25, 41], "uv_size": [1, -15]}
							}
						},
						{
							"origin": [1.49368, 22.99074, -2.95941],
							"size": [1.03459, 0.30349, 9.38761],
							"inflate": 0.002,
							"pivot": [2.01097, 24.10837, -32.15299],
							"rotation": [0, 0, -90],
							"uv": {
								"north": {"uv": [24, 41], "uv_size": [2, 1]},
								"east": {"uv": [26, 26], "uv_size": [15, 1]},
								"south": {"uv": [41, 26], "uv_size": [2, 1]},
								"west": {"uv": [26, 27], "uv_size": [15, 1]},
								"up": {"uv": [18, 0], "uv_size": [2, 15]},
								"down": {"uv": [18, 30], "uv_size": [2, -15]}
							}
						},
						{
							"origin": [1.50256, 23.03283, -2.95942],
							"size": [1.01683, 0.31237, 9.38761],
							"inflate": 0.002,
							"uv": {
								"north": {"uv": [41, 27], "uv_size": [2, 1]},
								"east": {"uv": [26, 28], "uv_size": [15, 1]},
								"south": {"uv": [41, 28], "uv_size": [2, 1]},
								"west": {"uv": [26, 29], "uv_size": [15, 1]},
								"up": {"uv": [0, 20], "uv_size": [2, 15]},
								"down": {"uv": [20, 15], "uv_size": [2, -15]}
							}
						},
						{
							"origin": [1.50256, 24.87154, -2.95942],
							"size": [1.01683, 0.31237, 9.38761],
							"inflate": 0.002,
							"uv": {
								"north": {"uv": [41, 29], "uv_size": [2, 1]},
								"east": {"uv": [26, 30], "uv_size": [15, 1]},
								"south": {"uv": [41, 30], "uv_size": [2, 1]},
								"west": {"uv": [26, 31], "uv_size": [15, 1]},
								"up": {"uv": [2, 20], "uv_size": [2, 15]},
								"down": {"uv": [4, 35], "uv_size": [2, -15]}
							}
						}
					]
				},
				{
					"name": "CarcanoScope3",
					"parent": "CarcanoScope",
					"pivot": [2.01097, 26.44455, -40.71113],
					"cubes": [
						{
							"origin": [1.53948, 24.85088, -11.17288],
							"size": [0.94298, 0.27637, 8.13627],
							"inflate": 0.002,
							"pivot": [2.01097, 24.10837, -41.96528],
							"rotation": [0, 0, -90],
							"uv": {
								"north": {"uv": [44, 0], "uv_size": [1, 1]},
								"east": {"uv": [26, 32], "uv_size": [13, 1]},
								"south": {"uv": [44, 1], "uv_size": [1, 1]},
								"west": {"uv": [26, 33], "uv_size": [13, 1]},
								"up": {"uv": [16, 30], "uv_size": [1, 13]},
								"down": {"uv": [17, 43], "uv_size": [1, -13]}
							}
						},
						{
							"origin": [1.69233, 24.82621, -11.17288],
							"size": [0.74943, 0.31895, 8.13627],
							"inflate": 0.002,
							"pivot": [2.01097, 24.10837, -41.96528],
							"rotation": [0, 0, 42.5],
							"uv": {
								"north": {"uv": [44, 2], "uv_size": [1, 1]},
								"east": {"uv": [26, 34], "uv_size": [13, 1]},
								"south": {"uv": [44, 3], "uv_size": [1, 1]},
								"west": {"uv": [26, 35], "uv_size": [13, 1]},
								"up": {"uv": [18, 30], "uv_size": [1, 13]},
								"down": {"uv": [19, 43], "uv_size": [1, -13]}
							}
						},
						{
							"origin": [1.58018, 23.07158, -11.17288],
							"size": [0.74943, 0.31895, 8.13627],
							"inflate": 0.002,
							"pivot": [2.01097, 24.10837, -41.96528],
							"rotation": [0, 0, 42.5],
							"uv": {
								"north": {"uv": [6, 44], "uv_size": [1, 1]},
								"east": {"uv": [26, 36], "uv_size": [13, 1]},
								"south": {"uv": [7, 44], "uv_size": [1, 1]},
								"west": {"uv": [37, 9], "uv_size": [13, 1]},
								"up": {"uv": [0, 35], "uv_size": [1, 13]},
								"down": {"uv": [1, 48], "uv_size": [1, -13]}
							}
						},
						{
							"origin": [1.58018, 24.82621, -11.17288],
							"size": [0.74943, 0.31895, 8.13627],
							"inflate": 0.002,
							"pivot": [2.01097, 24.10837, -41.96528],
							"rotation": [0, 0, -42.5],
							"uv": {
								"north": {"uv": [8, 44], "uv_size": [1, 1]},
								"east": {"uv": [37, 10], "uv_size": [13, 1]},
								"south": {"uv": [44, 8], "uv_size": [1, 1]},
								"west": {"uv": [37, 11], "uv_size": [13, 1]},
								"up": {"uv": [2, 35], "uv_size": [1, 13]},
								"down": {"uv": [3, 48], "uv_size": [1, -13]}
							}
						},
						{
							"origin": [1.69233, 23.07158, -11.17288],
							"size": [0.74943, 0.31895, 8.13627],
							"inflate": 0.002,
							"pivot": [2.01097, 24.10837, -41.96528],
							"rotation": [0, 0, -42.5],
							"uv": {
								"north": {"uv": [9, 44], "uv_size": [1, 1]},
								"east": {"uv": [37, 12], "uv_size": [13, 1]},
								"south": {"uv": [10, 44], "uv_size": [1, 1]},
								"west": {"uv": [37, 13], "uv_size": [13, 1]},
								"up": {"uv": [4, 35], "uv_size": [1, 13]},
								"down": {"uv": [5, 48], "uv_size": [1, -13]}
							}
						},
						{
							"origin": [1.53948, 23.08949, -11.17288],
							"size": [0.94298, 0.27637, 8.13627],
							"inflate": 0.002,
							"pivot": [2.01097, 24.10837, -41.96528],
							"rotation": [0, 0, -90],
							"uv": {
								"north": {"uv": [11, 44], "uv_size": [1, 1]},
								"east": {"uv": [37, 14], "uv_size": [13, 1]},
								"south": {"uv": [12, 44], "uv_size": [1, 1]},
								"west": {"uv": [37, 22], "uv_size": [13, 1]},
								"up": {"uv": [14, 35], "uv_size": [1, 13]},
								"down": {"uv": [15, 48], "uv_size": [1, -13]}
							}
						},
						{
							"origin": [1.54758, 23.12787, -11.17288],
							"size": [0.92679, 0.28446, 8.13627],
							"inflate": 0.002,
							"uv": {
								"north": {"uv": [13, 44], "uv_size": [1, 1]},
								"east": {"uv": [37, 23], "uv_size": [13, 1]},
								"south": {"uv": [16, 44], "uv_size": [1, 1]},
								"west": {"uv": [26, 37], "uv_size": [13, 1]},
								"up": {"uv": [20, 37], "uv_size": [1, 13]},
								"down": {"uv": [21, 50], "uv_size": [1, -13]}
							}
						},
						{
							"origin": [1.54758, 24.80441, -11.17288],
							"size": [0.92679, 0.28446, 8.13627],
							"inflate": 0.002,
							"uv": {
								"north": {"uv": [17, 44], "uv_size": [1, 1]},
								"east": {"uv": [26, 38], "uv_size": [13, 1]},
								"south": {"uv": [44, 17], "uv_size": [1, 1]},
								"west": {"uv": [39, 24], "uv_size": [13, 1]},
								"up": {"uv": [22, 39], "uv_size": [1, 13]},
								"down": {"uv": [23, 52], "uv_size": [1, -13]}
							}
						},
						{
							"origin": [1.26114, 23.39064, -10.85495],
							"size": [1.49358, 1.41497, 0.52406],
							"uv": {
								"north": {"uv": [35, 39], "uv_size": [2, 2]},
								"east": {"uv": [8, 41], "uv_size": [1, 2]},
								"south": {"uv": [39, 35], "uv_size": [2, 2]},
								"west": {"uv": [35, 41], "uv_size": [1, 2]},
								"up": {"uv": [41, 31], "uv_size": [2, 1]},
								"down": {"uv": [41, 36], "uv_size": [2, -1]}
							}
						}
					]
				},
				{
					"name": "Ringscope3",
					"parent": "CarcanoScope3",
					"pivot": [2.01097, 25.11861, -34.93093],
					"cubes": [
						{
							"origin": [1.45532, 24.84708, -3.12765],
							"size": [1.1113, 0.34165, 0.39898],
							"inflate": 0.002,
							"uv": {
								"north": {"uv": [41, 36], "uv_size": [2, 1]},
								"east": {"uv": [18, 44], "uv_size": [1, 1]},
								"south": {"uv": [39, 41], "uv_size": [2, 1]},
								"west": {"uv": [44, 18], "uv_size": [1, 1]},
								"up": {"uv": [41, 40], "uv_size": [2, 1]},
								"down": {"uv": [41, 42], "uv_size": [2, -1]}
							}
						},
						{
							"origin": [1.45532, 22.83821, -3.12765],
							"size": [1.1113, 0.34165, 0.39898],
							"inflate": 0.002,
							"uv": {
								"north": {"uv": [42, 0], "uv_size": [2, 1]},
								"east": {"uv": [19, 44], "uv_size": [1, 1]},
								"south": {"uv": [42, 1], "uv_size": [2, 1]},
								"west": {"uv": [44, 19], "uv_size": [1, 1]},
								"up": {"uv": [42, 2], "uv_size": [2, 1]},
								"down": {"uv": [42, 4], "uv_size": [2, -1]}
							}
						},
						{
							"origin": [1.79667, 21.41503, -3.12765],
							"size": [0.399, 1.48232, 0.39898],
							"inflate": 0.002,
							"uv": {
								"north": {"uv": [36, 41], "uv_size": [1, 2]},
								"east": {"uv": [42, 4], "uv_size": [1, 2]},
								"south": {"uv": [6, 42], "uv_size": [1, 2]},
								"west": {"uv": [42, 6], "uv_size": [1, 2]},
								"up": {"uv": [44, 20], "uv_size": [1, 1]},
								"down": {"uv": [44, 22], "uv_size": [1, -1]}
							}
						},
						{
							"origin": [4.30271, 22.43277, -3.12765],
							"size": [0.399, 0.76757, 0.39898],
							"inflate": 0.002,
							"pivot": [2.01097, 23.53691, -2.92816],
							"rotation": [0, 0, 90],
							"uv": {
								"north": {"uv": [24, 44], "uv_size": [1, 1]},
								"east": {"uv": [25, 44], "uv_size": [1, 1]},
								"south": {"uv": [44, 25], "uv_size": [1, 1]},
								"west": {"uv": [26, 44], "uv_size": [1, 1]},
								"up": {"uv": [27, 44], "uv_size": [1, 1]},
								"down": {"uv": [28, 45], "uv_size": [1, -1]}
							}
						},
						{
							"origin": [3.18249, 21.32758, -3.12765],
							"size": [0.399, 0.76757, 0.39898],
							"inflate": 0.002,
							"pivot": [2.01097, 23.53691, -2.92816],
							"rotation": [0, 0, 42.5],
							"uv": {
								"north": {"uv": [29, 44], "uv_size": [1, 1]},
								"east": {"uv": [30, 44], "uv_size": [1, 1]},
								"south": {"uv": [44, 30], "uv_size": [1, 1]},
								"west": {"uv": [31, 44], "uv_size": [1, 1]},
								"up": {"uv": [44, 31], "uv_size": [1, 1]},
								"down": {"uv": [32, 45], "uv_size": [1, -1]}
							}
						},
						{
							"origin": [2.93242, 21.30542, -3.12765],
							"size": [1.1307, 0.33194, 0.39898],
							"inflate": 0.002,
							"pivot": [2.01097, 22.52667, -2.92816],
							"rotation": [0, 0, -90],
							"uv": {
								"north": {"uv": [42, 8], "uv_size": [2, 1]},
								"east": {"uv": [44, 32], "uv_size": [1, 1]},
								"south": {"uv": [42, 17], "uv_size": [2, 1]},
								"west": {"uv": [33, 44], "uv_size": [1, 1]},
								"up": {"uv": [42, 18], "uv_size": [2, 1]},
								"down": {"uv": [42, 20], "uv_size": [2, -1]}
							}
						},
						{
							"origin": [2.63323, 22.38014, -3.12765],
							"size": [0.89878, 0.38297, 0.39898],
							"inflate": 0.002,
							"pivot": [2.01097, 22.52667, -2.92816],
							"rotation": [0, 0, -42.5],
							"uv": {
								"north": {"uv": [44, 33], "uv_size": [1, 1]},
								"east": {"uv": [34, 44], "uv_size": [1, 1]},
								"south": {"uv": [44, 34], "uv_size": [1, 1]},
								"west": {"uv": [35, 44], "uv_size": [1, 1]},
								"up": {"uv": [44, 35], "uv_size": [1, 1]},
								"down": {"uv": [36, 45], "uv_size": [1, -1]}
							}
						},
						{
							"origin": [2.49886, 24.48259, -3.12765],
							"size": [0.89878, 0.38297, 0.39898],
							"inflate": 0.002,
							"pivot": [2.01097, 22.52667, -2.92816],
							"rotation": [0, 0, -42.5],
							"uv": {
								"north": {"uv": [44, 36], "uv_size": [1, 1]},
								"east": {"uv": [37, 44], "uv_size": [1, 1]},
								"south": {"uv": [44, 37], "uv_size": [1, 1]},
								"west": {"uv": [38, 44], "uv_size": [1, 1]},
								"up": {"uv": [44, 38], "uv_size": [1, 1]},
								"down": {"uv": [39, 45], "uv_size": [1, -1]}
							}
						},
						{
							"origin": [0.48993, 22.38014, -3.12765],
							"size": [0.89878, 0.38297, 0.39898],
							"inflate": 0.002,
							"pivot": [2.01097, 22.52667, -2.92816],
							"rotation": [0, 0, 42.5],
							"uv": {
								"north": {"uv": [44, 39], "uv_size": [1, 1]},
								"east": {"uv": [40, 44], "uv_size": [1, 1]},
								"south": {"uv": [44, 40], "uv_size": [1, 1]},
								"west": {"uv": [41, 44], "uv_size": [1, 1]},
								"up": {"uv": [44, 41], "uv_size": [1, 1]},
								"down": {"uv": [42, 45], "uv_size": [1, -1]}
							}
						},
						{
							"origin": [0.6243, 24.48259, -3.12765],
							"size": [0.89878, 0.38297, 0.39898],
							"inflate": 0.002,
							"pivot": [2.01097, 22.52667, -2.92816],
							"rotation": [0, 0, 42.5],
							"uv": {
								"north": {"uv": [44, 42], "uv_size": [1, 1]},
								"east": {"uv": [43, 44], "uv_size": [1, 1]},
								"south": {"uv": [44, 43], "uv_size": [1, 1]},
								"west": {"uv": [44, 44], "uv_size": [1, 1]},
								"up": {"uv": [45, 0], "uv_size": [1, 1]},
								"down": {"uv": [45, 2], "uv_size": [1, -1]}
							}
						},
						{
							"origin": [2.93242, 23.41597, -3.12765],
							"size": [1.1307, 0.33194, 0.39898],
							"inflate": 0.002,
							"pivot": [2.01097, 22.52667, -2.92816],
							"rotation": [0, 0, -90],
							"uv": {
								"north": {"uv": [42, 20], "uv_size": [2, 1]},
								"east": {"uv": [45, 2], "uv_size": [1, 1]},
								"south": {"uv": [42, 21], "uv_size": [2, 1]},
								"west": {"uv": [45, 3], "uv_size": [1, 1]},
								"up": {"uv": [24, 42], "uv_size": [2, 1]},
								"down": {"uv": [42, 26], "uv_size": [2, -1]}
							}
						},
						{
							"origin": [4.19884, 22.43277, -3.23152],
							"size": [0.60673, 0.1147, 0.60671],
							"inflate": 0.002,
							"pivot": [2.01097, 23.53691, -2.92816],
							"rotation": [0, 0, 90],
							"uv": {
								"north": {"uv": [45, 4], "uv_size": [1, 1]},
								"east": {"uv": [45, 5], "uv_size": [1, 1]},
								"south": {"uv": [6, 45], "uv_size": [1, 1]},
								"west": {"uv": [45, 6], "uv_size": [1, 1]},
								"up": {"uv": [7, 45], "uv_size": [1, 1]},
								"down": {"uv": [45, 8], "uv_size": [1, -1]}
							}
						}
					]
				},
				{
					"name": "Ringscope",
					"parent": "CarcanoScope",
					"pivot": [2.01097, 25.11861, -25.45993],
					"cubes": [
						{
							"origin": [1.41973, 24.99506, 6.14107],
							"size": [1.18249, 0.36371, 0.4247],
							"inflate": 0.002,
							"uv": {
								"north": {"uv": [26, 42], "uv_size": [2, 1]},
								"east": {"uv": [8, 45], "uv_size": [1, 1]},
								"south": {"uv": [28, 42], "uv_size": [2, 1]},
								"west": {"uv": [45, 8], "uv_size": [1, 1]},
								"up": {"uv": [30, 42], "uv_size": [2, 1]},
								"down": {"uv": [32, 43], "uv_size": [2, -1]}
							}
						},
						{
							"origin": [1.41973, 22.85796, 6.14107],
							"size": [1.18249, 0.36371, 0.4247],
							"inflate": 0.002,
							"uv": {
								"north": {"uv": [42, 32], "uv_size": [2, 1]},
								"east": {"uv": [9, 45], "uv_size": [1, 1]},
								"south": {"uv": [42, 33], "uv_size": [2, 1]},
								"west": {"uv": [10, 45], "uv_size": [1, 1]},
								"up": {"uv": [42, 34], "uv_size": [2, 1]},
								"down": {"uv": [37, 43], "uv_size": [2, -1]}
							}
						},
						{
							"origin": [1.78287, 21.27946, 6.14107],
							"size": [0.42472, 1.63764, 0.4247],
							"inflate": 0.002,
							"uv": {
								"north": {"uv": [38, 39], "uv_size": [1, 3]},
								"east": {"uv": [9, 40], "uv_size": [1, 3]},
								"south": {"uv": [10, 40], "uv_size": [1, 3]},
								"west": {"uv": [11, 40], "uv_size": [1, 3]},
								"up": {"uv": [11, 45], "uv_size": [1, 1]},
								"down": {"uv": [12, 46], "uv_size": [1, -1]}
							}
						},
						{
							"origin": [1.91624, 19.59428, 6.14107],
							"size": [0.42472, 0.81682, 0.4247],
							"inflate": 0.002,
							"pivot": [2.1286, 20.88665, 6.35342],
							"rotation": [0, 0, 90],
							"uv": {
								"north": {"uv": [13, 45], "uv_size": [1, 1]},
								"east": {"uv": [45, 15], "uv_size": [1, 1]},
								"south": {"uv": [16, 45], "uv_size": [1, 1]},
								"west": {"uv": [45, 16], "uv_size": [1, 1]},
								"up": {"uv": [17, 45], "uv_size": [1, 1]},
								"down": {"uv": [45, 18], "uv_size": [1, -1]}
							}
						},
						{
							"origin": [1.80574, 19.59428, 6.03057],
							"size": [0.64571, 0.12228, 0.64569],
							"inflate": 0.002,
							"pivot": [2.1286, 20.88665, 6.35342],
							"rotation": [0, 0, 90],
							"uv": {
								"north": {"uv": [18, 45], "uv_size": [1, 1]},
								"east": {"uv": [45, 18], "uv_size": [1, 1]},
								"south": {"uv": [19, 45], "uv_size": [1, 1]},
								"west": {"uv": [45, 19], "uv_size": [1, 1]},
								"up": {"uv": [45, 20], "uv_size": [1, 1]},
								"down": {"uv": [45, 22], "uv_size": [1, -1]}
							}
						},
						{
							"origin": [1.56192, 20.71129, 6.14107],
							"size": [0.42472, 0.81682, 0.4247],
							"inflate": 0.002,
							"pivot": [1.77428, 21.1197, 6.35342],
							"rotation": [0, 0, 42.5],
							"uv": {
								"north": {"uv": [24, 45], "uv_size": [1, 1]},
								"east": {"uv": [25, 45], "uv_size": [1, 1]},
								"south": {"uv": [45, 25], "uv_size": [1, 1]},
								"west": {"uv": [26, 45], "uv_size": [1, 1]},
								"up": {"uv": [45, 26], "uv_size": [1, 1]},
								"down": {"uv": [27, 46], "uv_size": [1, -1]}
							}
						},
						{
							"origin": [1.40941, 22.80904, 6.14107],
							"size": [1.20313, 0.35339, 0.4247],
							"inflate": 0.002,
							"pivot": [2.01097, 24.10837, -25.45993],
							"rotation": [0, 0, -90],
							"uv": {
								"north": {"uv": [42, 37], "uv_size": [2, 1]},
								"east": {"uv": [45, 27], "uv_size": [1, 1]},
								"south": {"uv": [42, 38], "uv_size": [2, 1]},
								"west": {"uv": [28, 45], "uv_size": [1, 1]},
								"up": {"uv": [39, 42], "uv_size": [2, 1]},
								"down": {"uv": [42, 40], "uv_size": [2, -1]}
							}
						},
						{
							"origin": [1.60424, 22.78621, 6.14107],
							"size": [0.9564, 0.40767, 0.4247],
							"inflate": 0.002,
							"pivot": [2.01097, 24.10837, -25.45993],
							"rotation": [0, 0, -42.5],
							"uv": {
								"north": {"uv": [41, 42], "uv_size": [2, 1]},
								"east": {"uv": [45, 28], "uv_size": [1, 1]},
								"south": {"uv": [43, 4], "uv_size": [2, 1]},
								"west": {"uv": [29, 45], "uv_size": [1, 1]},
								"up": {"uv": [43, 5], "uv_size": [2, 1]},
								"down": {"uv": [43, 7], "uv_size": [2, -1]}
							}
						},
						{
							"origin": [1.46129, 25.02286, 6.14107],
							"size": [0.9564, 0.40767, 0.4247],
							"inflate": 0.002,
							"pivot": [2.01097, 24.10837, -25.45993],
							"rotation": [0, 0, -42.5],
							"uv": {
								"north": {"uv": [7, 43], "uv_size": [2, 1]},
								"east": {"uv": [45, 29], "uv_size": [1, 1]},
								"south": {"uv": [43, 7], "uv_size": [2, 1]},
								"west": {"uv": [30, 45], "uv_size": [1, 1]},
								"up": {"uv": [9, 43], "uv_size": [2, 1]},
								"down": {"uv": [11, 44], "uv_size": [2, -1]}
							}
						},
						{
							"origin": [1.46129, 22.78621, 6.14107],
							"size": [0.9564, 0.40767, 0.4247],
							"inflate": 0.002,
							"pivot": [2.01097, 24.10837, -25.45993],
							"rotation": [0, 0, 42.5],
							"uv": {
								"north": {"uv": [43, 15], "uv_size": [2, 1]},
								"east": {"uv": [45, 30], "uv_size": [1, 1]},
								"south": {"uv": [16, 43], "uv_size": [2, 1]},
								"west": {"uv": [31, 45], "uv_size": [1, 1]},
								"up": {"uv": [43, 16], "uv_size": [2, 1]},
								"down": {"uv": [18, 44], "uv_size": [2, -1]}
							}
						},
						{
							"origin": [1.60424, 25.02286, 6.14107],
							"size": [0.9564, 0.40767, 0.4247],
							"inflate": 0.002,
							"pivot": [2.01097, 24.10837, -25.45993],
							"rotation": [0, 0, 42.5],
							"uv": {
								"north": {"uv": [24, 43], "uv_size": [2, 1]},
								"east": {"uv": [45, 31], "uv_size": [1, 1]},
								"south": {"uv": [26, 43], "uv_size": [2, 1]},
								"west": {"uv": [32, 45], "uv_size": [1, 1]},
								"up": {"uv": [43, 26], "uv_size": [2, 1]},
								"down": {"uv": [43, 28], "uv_size": [2, -1]}
							}
						},
						{
							"origin": [1.40941, 25.05431, 6.14107],
							"size": [1.20313, 0.35339, 0.4247],
							"inflate": 0.002,
							"pivot": [2.01097, 24.10837, -25.45993],
							"rotation": [0, 0, -90],
							"uv": {
								"north": {"uv": [28, 43], "uv_size": [2, 1]},
								"east": {"uv": [45, 32], "uv_size": [1, 1]},
								"south": {"uv": [43, 28], "uv_size": [2, 1]},
								"west": {"uv": [33, 45], "uv_size": [1, 1]},
								"up": {"uv": [43, 29], "uv_size": [2, 1]},
								"down": {"uv": [30, 44], "uv_size": [2, -1]}
							}
						}
					]
				},
				{
					"name": "_ca_scope",
					"parent": "main",
					"pivot": [1.43324, 15.47695, 25.01988],
					"cubes": [
						{
							"origin": [0.31251, 20.56603, 6.03683],
							"size": [0.6314, 0.6314, 0.6314],
							"uv": {
								"north": {"uv": [45, 33], "uv_size": [1, 1]},
								"east": {"uv": [34, 45], "uv_size": [1, 1]},
								"south": {"uv": [45, 34], "uv_size": [1, 1]},
								"west": {"uv": [35, 45], "uv_size": [1, 1]},
								"up": {"uv": [45, 35], "uv_size": [1, 1]},
								"down": {"uv": [36, 46], "uv_size": [1, -1]}
							}
						}
					]
				},
				{
					"name": "scopepip",
					"parent": "main",
					"pivot": [0.29677, 25.53543, 11.24247],
					"cubes": [
						{
							"origin": [1.10819, 23.24573, 17.94636],
							"size": [1.79949, 1.70478, 0.6314],
							"uv": {
								"north": {"uv": [32, 39], "uv_size": [3, 3]},
								"east": {"uv": [12, 40], "uv_size": [1, 3]},
								"south": {"uv": [39, 32], "uv_size": [3, 3]},
								"west": {"uv": [13, 40], "uv_size": [1, 3]},
								"up": {"uv": [40, 15], "uv_size": [3, 1]},
								"down": {"uv": [40, 17], "uv_size": [3, -1]}
							}
						}
					]
				}
			]
		}
	]
}