{
	"format_version": "1.12.0",
	"minecraft:geometry": [
		{
			"description": {
				"identifier": "geometry.unknown",
				"texture_width": 64,
				"texture_height": 64,
				"visible_bounds_width": 13,
				"visible_bounds_height": 4,
				"visible_bounds_offset": [0, 1, 0]
			},
			"bones": [
				{
					"name": "main",
					"pivot": [0, 20, 40]
				},
				{
					"name": "scope",
					"parent": "main",
					"pivot": [2.475, 26.35, 28.65],
					"cubes": [
						{
							"origin": [1.975, 24.25, 28.15],
							"size": [1, 1, 1],
							"inflate": -0.4,
							"uv": {
								"north": {"uv": [26, 49], "uv_size": [1, 1]},
								"east": {"uv": [27, 49], "uv_size": [1, 1]},
								"south": {"uv": [28, 49], "uv_size": [1, 1]},
								"west": {"uv": [29, 49], "uv_size": [1, 1]},
								"up": {"uv": [32, 49], "uv_size": [1, 1]},
								"down": {"uv": [33, 50], "uv_size": [1, -1]}
							}
						}
					]
				},
				{
					"name": "CarcanoScope",
					"parent": "main",
					"pivot": [-1.37309, 6.30161, 39.42767],
					"cubes": [
						{
							"origin": [1.20251, 26.06215, 7.41154],
							"size": [1.76877, 0.54541, 19.93654],
							"inflate": 0.002,
							"uv": {
								"north": {"uv": [45, 45], "uv_size": [2, 1]},
								"east": {"uv": [22, 9], "uv_size": [20, 1]},
								"south": {"uv": [46, 22], "uv_size": [2, 1]},
								"west": {"uv": [22, 10], "uv_size": [20, 1]},
								"up": {"uv": [0, 0], "uv_size": [2, 20]},
								"down": {"uv": [2, 20], "uv_size": [2, -20]}
							}
						},
						{
							"origin": [1.20251, 22.86904, 7.41154],
							"size": [1.76877, 0.54541, 19.93654],
							"inflate": 0.002,
							"uv": {
								"north": {"uv": [46, 23], "uv_size": [2, 1]},
								"east": {"uv": [22, 11], "uv_size": [20, 1]},
								"south": {"uv": [26, 46], "uv_size": [2, 1]},
								"west": {"uv": [22, 12], "uv_size": [20, 1]},
								"up": {"uv": [4, 0], "uv_size": [2, 20]},
								"down": {"uv": [6, 20], "uv_size": [2, -20]}
							}
						},
						{
							"origin": [1.18709, 22.79594, 7.41154],
							"size": [1.79961, 0.52998, 19.93654],
							"inflate": 0.002,
							"pivot": [2.0869, 24.7383, -39.65361],
							"rotation": [0, 0, -90],
							"uv": {
								"north": {"uv": [28, 46], "uv_size": [2, 1]},
								"east": {"uv": [22, 13], "uv_size": [20, 1]},
								"south": {"uv": [46, 32], "uv_size": [2, 1]},
								"west": {"uv": [22, 14], "uv_size": [20, 1]},
								"up": {"uv": [8, 0], "uv_size": [2, 20]},
								"down": {"uv": [10, 20], "uv_size": [2, -20]}
							}
						},
						{
							"origin": [1.4782, 22.76183, 7.41154],
							"size": [1.43097, 0.61109, 19.93654],
							"inflate": 0.002,
							"pivot": [2.0869, 24.7383, -39.65361],
							"rotation": [0, 0, -42.5],
							"uv": {
								"north": {"uv": [34, 49], "uv_size": [1, 1]},
								"east": {"uv": [26, 22], "uv_size": [20, 1]},
								"south": {"uv": [35, 49], "uv_size": [1, 1]},
								"west": {"uv": [26, 23], "uv_size": [20, 1]},
								"up": {"uv": [26, 24], "uv_size": [1, 20]},
								"down": {"uv": [27, 44], "uv_size": [1, -20]}
							}
						},
						{
							"origin": [1.26462, 26.10368, 7.41154],
							"size": [1.43097, 0.61109, 19.93654],
							"inflate": 0.002,
							"pivot": [2.0869, 24.7383, -39.65361],
							"rotation": [0, 0, -42.5],
							"uv": {
								"north": {"uv": [36, 49], "uv_size": [1, 1]},
								"east": {"uv": [28, 24], "uv_size": [20, 1]},
								"south": {"uv": [37, 49], "uv_size": [1, 1]},
								"west": {"uv": [28, 25], "uv_size": [20, 1]},
								"up": {"uv": [28, 26], "uv_size": [1, 20]},
								"down": {"uv": [29, 46], "uv_size": [1, -20]}
							}
						},
						{
							"origin": [1.26462, 22.76183, 7.41154],
							"size": [1.43097, 0.61109, 19.93654],
							"inflate": 0.002,
							"pivot": [2.0869, 24.7383, -39.65361],
							"rotation": [0, 0, 42.5],
							"uv": {
								"north": {"uv": [38, 49], "uv_size": [1, 1]},
								"east": {"uv": [30, 26], "uv_size": [20, 1]},
								"south": {"uv": [39, 49], "uv_size": [1, 1]},
								"west": {"uv": [30, 27], "uv_size": [20, 1]},
								"up": {"uv": [16, 30], "uv_size": [1, 20]},
								"down": {"uv": [17, 50], "uv_size": [1, -20]}
							}
						},
						{
							"origin": [1.4782, 26.10368, 7.41154],
							"size": [1.43097, 0.61109, 19.93654],
							"inflate": 0.002,
							"pivot": [2.0869, 24.7383, -39.65361],
							"rotation": [0, 0, 42.5],
							"uv": {
								"north": {"uv": [40, 49], "uv_size": [1, 1]},
								"east": {"uv": [30, 28], "uv_size": [20, 1]},
								"south": {"uv": [41, 49], "uv_size": [1, 1]},
								"west": {"uv": [30, 29], "uv_size": [20, 1]},
								"up": {"uv": [18, 30], "uv_size": [1, 20]},
								"down": {"uv": [19, 50], "uv_size": [1, -20]}
							}
						},
						{
							"origin": [1.18709, 26.15067, 7.41154],
							"size": [1.79961, 0.52998, 19.93654],
							"inflate": 0.002,
							"pivot": [2.0869, 24.7383, -39.65361],
							"rotation": [0, 0, -90],
							"uv": {
								"north": {"uv": [46, 33], "uv_size": [2, 1]},
								"east": {"uv": [30, 30], "uv_size": [20, 1]},
								"south": {"uv": [46, 34], "uv_size": [2, 1]},
								"west": {"uv": [30, 31], "uv_size": [20, 1]},
								"up": {"uv": [12, 0], "uv_size": [2, 20]},
								"down": {"uv": [14, 20], "uv_size": [2, -20]}
							}
						},
						{
							"origin": [0.65709, 23.37206, 25.4405],
							"size": [2.85, 2.7, 1],
							"uv": {
								"north": {"uv": [32, 42], "uv_size": [3, 3]},
								"east": {"uv": [37, 45], "uv_size": [1, 3]},
								"south": {"uv": [35, 42], "uv_size": [3, 3]},
								"west": {"uv": [38, 45], "uv_size": [1, 3]},
								"up": {"uv": [39, 45], "uv_size": [3, 1]},
								"down": {"uv": [45, 41], "uv_size": [3, -1]}
							}
						}
					]
				},
				{
					"name": "CarcanoScope2",
					"parent": "CarcanoScope",
					"pivot": [2.0869, 28.4383, -46.16018],
					"cubes": [
						{
							"origin": [1.26645, 26.02656, -7.37086],
							"size": [1.64089, 0.48299, 14.87027],
							"inflate": 0.002,
							"pivot": [2.0869, 24.7383, -53.60595],
							"rotation": [0, 0, -90],
							"uv": {
								"north": {"uv": [46, 35], "uv_size": [2, 1]},
								"east": {"uv": [30, 32], "uv_size": [15, 1]},
								"south": {"uv": [46, 36], "uv_size": [2, 1]},
								"west": {"uv": [30, 33], "uv_size": [15, 1]},
								"up": {"uv": [16, 0], "uv_size": [2, 15]},
								"down": {"uv": [16, 30], "uv_size": [2, -15]}
							}
						},
						{
							"origin": [1.53195, 25.9837, -7.37086],
							"size": [1.3047, 0.55696, 14.87027],
							"inflate": 0.002,
							"pivot": [2.0869, 24.7383, -53.60595],
							"rotation": [0, 0, 42.5],
							"uv": {
								"north": {"uv": [42, 49], "uv_size": [1, 1]},
								"east": {"uv": [30, 34], "uv_size": [15, 1]},
								"south": {"uv": [43, 49], "uv_size": [1, 1]},
								"west": {"uv": [30, 35], "uv_size": [15, 1]},
								"up": {"uv": [0, 35], "uv_size": [1, 15]},
								"down": {"uv": [1, 50], "uv_size": [1, -15]}
							}
						},
						{
							"origin": [1.33716, 22.93593, -7.37086],
							"size": [1.3047, 0.55696, 14.87027],
							"inflate": 0.002,
							"pivot": [2.0869, 24.7383, -53.60595],
							"rotation": [0, 0, 42.5],
							"uv": {
								"north": {"uv": [44, 49], "uv_size": [1, 1]},
								"east": {"uv": [30, 36], "uv_size": [15, 1]},
								"south": {"uv": [45, 49], "uv_size": [1, 1]},
								"west": {"uv": [30, 37], "uv_size": [15, 1]},
								"up": {"uv": [2, 35], "uv_size": [1, 15]},
								"down": {"uv": [3, 50], "uv_size": [1, -15]}
							}
						},
						{
							"origin": [1.33716, 25.9837, -7.37086],
							"size": [1.3047, 0.55696, 14.87027],
							"inflate": 0.002,
							"pivot": [2.0869, 24.7383, -53.60595],
							"rotation": [0, 0, -42.5],
							"uv": {
								"north": {"uv": [49, 45], "uv_size": [1, 1]},
								"east": {"uv": [30, 38], "uv_size": [15, 1]},
								"south": {"uv": [46, 49], "uv_size": [1, 1]},
								"west": {"uv": [30, 39], "uv_size": [15, 1]},
								"up": {"uv": [4, 35], "uv_size": [1, 15]},
								"down": {"uv": [5, 50], "uv_size": [1, -15]}
							}
						},
						{
							"origin": [1.53195, 22.93593, -7.37086],
							"size": [1.3047, 0.55696, 14.87027],
							"inflate": 0.002,
							"pivot": [2.0869, 24.7383, -53.60595],
							"rotation": [0, 0, -42.5],
							"uv": {
								"north": {"uv": [47, 49], "uv_size": [1, 1]},
								"east": {"uv": [30, 40], "uv_size": [15, 1]},
								"south": {"uv": [48, 49], "uv_size": [1, 1]},
								"west": {"uv": [30, 41], "uv_size": [15, 1]},
								"up": {"uv": [30, 42], "uv_size": [1, 15]},
								"down": {"uv": [31, 57], "uv_size": [1, -15]}
							}
						},
						{
							"origin": [1.26645, 22.96704, -7.37086],
							"size": [1.64089, 0.48299, 14.87027],
							"inflate": 0.002,
							"pivot": [2.0869, 24.7383, -53.60595],
							"rotation": [0, 0, -90],
							"uv": {
								"north": {"uv": [46, 37], "uv_size": [2, 1]},
								"east": {"uv": [42, 9], "uv_size": [15, 1]},
								"south": {"uv": [46, 38], "uv_size": [2, 1]},
								"west": {"uv": [42, 10], "uv_size": [15, 1]},
								"up": {"uv": [18, 0], "uv_size": [2, 15]},
								"down": {"uv": [18, 30], "uv_size": [2, -15]}
							}
						},
						{
							"origin": [1.28052, 23.03371, -7.37086],
							"size": [1.61276, 0.49706, 14.87027],
							"inflate": 0.002,
							"uv": {
								"north": {"uv": [39, 46], "uv_size": [2, 1]},
								"east": {"uv": [42, 11], "uv_size": [15, 1]},
								"south": {"uv": [46, 39], "uv_size": [2, 1]},
								"west": {"uv": [42, 12], "uv_size": [15, 1]},
								"up": {"uv": [0, 20], "uv_size": [2, 15]},
								"down": {"uv": [20, 15], "uv_size": [2, -15]}
							}
						},
						{
							"origin": [1.28052, 25.94583, -7.37086],
							"size": [1.61276, 0.49706, 14.87027],
							"inflate": 0.002,
							"uv": {
								"north": {"uv": [46, 42], "uv_size": [2, 1]},
								"east": {"uv": [42, 13], "uv_size": [15, 1]},
								"south": {"uv": [46, 43], "uv_size": [2, 1]},
								"west": {"uv": [42, 14], "uv_size": [15, 1]},
								"up": {"uv": [2, 20], "uv_size": [2, 15]},
								"down": {"uv": [4, 35], "uv_size": [2, -15]}
							}
						}
					]
				},
				{
					"name": "CarcanoScope3",
					"parent": "CarcanoScope",
					"pivot": [2.0869, 28.4383, -67.16018],
					"cubes": [
						{
							"origin": [1.33899, 25.91311, -35.8792],
							"size": [1.49581, 0.44004, 28.38841],
							"inflate": 0.002,
							"pivot": [2.0869, 24.7383, -69.14648],
							"rotation": [0, 0, -90],
							"uv": {
								"north": {"uv": [49, 48], "uv_size": [1, 1]},
								"east": {"uv": [20, 15], "uv_size": [28, 1]},
								"south": {"uv": [49, 49], "uv_size": [1, 1]},
								"west": {"uv": [20, 16], "uv_size": [28, 1]},
								"up": {"uv": [6, 20], "uv_size": [1, 28]},
								"down": {"uv": [7, 48], "uv_size": [1, -28]}
							}
						},
						{
							"origin": [1.58107, 25.87403, -35.8792],
							"size": [1.18927, 0.50748, 28.38841],
							"inflate": 0.002,
							"pivot": [2.0869, 24.7383, -69.14648],
							"rotation": [0, 0, 42.5],
							"uv": {
								"north": {"uv": [0, 50], "uv_size": [1, 1]},
								"east": {"uv": [20, 17], "uv_size": [28, 1]},
								"south": {"uv": [50, 0], "uv_size": [1, 1]},
								"west": {"uv": [20, 18], "uv_size": [28, 1]},
								"up": {"uv": [8, 20], "uv_size": [1, 28]},
								"down": {"uv": [9, 48], "uv_size": [1, -28]}
							}
						},
						{
							"origin": [1.40346, 23.09508, -35.8792],
							"size": [1.18927, 0.50748, 28.38841],
							"inflate": 0.002,
							"pivot": [2.0869, 24.7383, -69.14648],
							"rotation": [0, 0, 42.5],
							"uv": {
								"north": {"uv": [1, 50], "uv_size": [1, 1]},
								"east": {"uv": [20, 19], "uv_size": [28, 1]},
								"south": {"uv": [50, 1], "uv_size": [1, 1]},
								"west": {"uv": [20, 20], "uv_size": [28, 1]},
								"up": {"uv": [10, 20], "uv_size": [1, 28]},
								"down": {"uv": [11, 48], "uv_size": [1, -28]}
							}
						},
						{
							"origin": [1.40346, 25.87403, -35.8792],
							"size": [1.18927, 0.50748, 28.38841],
							"inflate": 0.002,
							"pivot": [2.0869, 24.7383, -69.14648],
							"rotation": [0, 0, -42.5],
							"uv": {
								"north": {"uv": [2, 50], "uv_size": [1, 1]},
								"east": {"uv": [20, 21], "uv_size": [28, 1]},
								"south": {"uv": [50, 2], "uv_size": [1, 1]},
								"west": {"uv": [22, 0], "uv_size": [28, 1]},
								"up": {"uv": [12, 20], "uv_size": [1, 28]},
								"down": {"uv": [13, 48], "uv_size": [1, -28]}
							}
						},
						{
							"origin": [1.58107, 23.09508, -35.8792],
							"size": [1.18927, 0.50748, 28.38841],
							"inflate": 0.002,
							"pivot": [2.0869, 24.7383, -69.14648],
							"rotation": [0, 0, -42.5],
							"uv": {
								"north": {"uv": [3, 50], "uv_size": [1, 1]},
								"east": {"uv": [22, 1], "uv_size": [28, 1]},
								"south": {"uv": [50, 3], "uv_size": [1, 1]},
								"west": {"uv": [22, 2], "uv_size": [28, 1]},
								"up": {"uv": [14, 20], "uv_size": [1, 28]},
								"down": {"uv": [15, 48], "uv_size": [1, -28]}
							}
						},
						{
							"origin": [1.33899, 23.12344, -35.8792],
							"size": [1.49581, 0.44004, 28.38841],
							"inflate": 0.002,
							"pivot": [2.0869, 24.7383, -69.14648],
							"rotation": [0, 0, -90],
							"uv": {
								"north": {"uv": [4, 50], "uv_size": [1, 1]},
								"east": {"uv": [22, 3], "uv_size": [28, 1]},
								"south": {"uv": [50, 4], "uv_size": [1, 1]},
								"west": {"uv": [22, 4], "uv_size": [28, 1]},
								"up": {"uv": [20, 22], "uv_size": [1, 28]},
								"down": {"uv": [21, 50], "uv_size": [1, -28]}
							}
						},
						{
							"origin": [1.35182, 23.18423, -35.8792],
							"size": [1.47017, 0.45287, 28.38841],
							"inflate": 0.002,
							"uv": {
								"north": {"uv": [5, 50], "uv_size": [1, 1]},
								"east": {"uv": [22, 5], "uv_size": [28, 1]},
								"south": {"uv": [50, 5], "uv_size": [1, 1]},
								"west": {"uv": [22, 6], "uv_size": [28, 1]},
								"up": {"uv": [22, 22], "uv_size": [1, 28]},
								"down": {"uv": [23, 50], "uv_size": [1, -28]}
							}
						},
						{
							"origin": [1.35182, 25.8395, -35.8792],
							"size": [1.47017, 0.45287, 28.38841],
							"inflate": 0.002,
							"uv": {
								"north": {"uv": [6, 50], "uv_size": [1, 1]},
								"east": {"uv": [22, 7], "uv_size": [28, 1]},
								"south": {"uv": [50, 6], "uv_size": [1, 1]},
								"west": {"uv": [22, 8], "uv_size": [28, 1]},
								"up": {"uv": [24, 22], "uv_size": [1, 28]},
								"down": {"uv": [25, 50], "uv_size": [1, -28]}
							}
						},
						{
							"origin": [0.89934, 23.60156, -35.5745],
							"size": [2.3655, 2.241, 0.83],
							"uv": {
								"north": {"uv": [26, 44], "uv_size": [2, 2]},
								"east": {"uv": [41, 46], "uv_size": [1, 2]},
								"south": {"uv": [44, 42], "uv_size": [2, 2]},
								"west": {"uv": [45, 46], "uv_size": [1, 2]},
								"up": {"uv": [46, 46], "uv_size": [2, 1]},
								"down": {"uv": [26, 48], "uv_size": [2, -1]}
							}
						}
					]
				},
				{
					"name": "Ringscope3",
					"parent": "CarcanoScope3",
					"pivot": [2.0869, 26.3383, -58.00561],
					"cubes": [
						{
							"origin": [1.20571, 25.90709, -7.63731],
							"size": [1.76239, 0.54343, 0.63423],
							"inflate": 0.002,
							"uv": {
								"north": {"uv": [28, 47], "uv_size": [2, 1]},
								"east": {"uv": [7, 50], "uv_size": [1, 1]},
								"south": {"uv": [39, 47], "uv_size": [2, 1]},
								"west": {"uv": [50, 7], "uv_size": [1, 1]},
								"up": {"uv": [47, 45], "uv_size": [2, 1]},
								"down": {"uv": [46, 48], "uv_size": [2, -1]}
							}
						},
						{
							"origin": [1.20571, 22.72547, -7.63731],
							"size": [1.76239, 0.54343, 0.63423],
							"inflate": 0.002,
							"uv": {
								"north": {"uv": [6, 48], "uv_size": [2, 1]},
								"east": {"uv": [8, 50], "uv_size": [1, 1]},
								"south": {"uv": [8, 48], "uv_size": [2, 1]},
								"west": {"uv": [50, 8], "uv_size": [1, 1]},
								"up": {"uv": [10, 48], "uv_size": [2, 1]},
								"down": {"uv": [12, 49], "uv_size": [2, -1]}
							}
						},
						{
							"origin": [1.74633, 20.47147, -7.63731],
							"size": [0.63426, 2.35, 0.63423],
							"inflate": 0.002,
							"uv": {
								"north": {"uv": [44, 44], "uv_size": [1, 4]},
								"east": {"uv": [32, 45], "uv_size": [1, 4]},
								"south": {"uv": [45, 32], "uv_size": [1, 4]},
								"west": {"uv": [33, 45], "uv_size": [1, 4]},
								"up": {"uv": [9, 50], "uv_size": [1, 1]},
								"down": {"uv": [10, 51], "uv_size": [1, -1]}
							}
						},
						{
							"origin": [5.71535, 22.08335, -7.63731],
							"size": [0.63426, 1.218, 0.63423],
							"inflate": 0.002,
							"pivot": [2.0869, 23.83322, -7.32019],
							"rotation": [0, 0, 90],
							"uv": {
								"north": {"uv": [11, 50], "uv_size": [1, 1]},
								"east": {"uv": [12, 50], "uv_size": [1, 1]},
								"south": {"uv": [13, 50], "uv_size": [1, 1]},
								"west": {"uv": [14, 50], "uv_size": [1, 1]},
								"up": {"uv": [15, 50], "uv_size": [1, 1]},
								"down": {"uv": [50, 16], "uv_size": [1, -1]}
							}
						},
						{
							"origin": [3.94117, 20.33297, -7.63731],
							"size": [0.63426, 1.218, 0.63423],
							"inflate": 0.002,
							"pivot": [2.0869, 23.83322, -7.32019],
							"rotation": [0, 0, 42.5],
							"uv": {
								"north": {"uv": [16, 50], "uv_size": [1, 1]},
								"east": {"uv": [50, 16], "uv_size": [1, 1]},
								"south": {"uv": [17, 50], "uv_size": [1, 1]},
								"west": {"uv": [50, 17], "uv_size": [1, 1]},
								"up": {"uv": [18, 50], "uv_size": [1, 1]},
								"down": {"uv": [50, 19], "uv_size": [1, -1]}
							}
						},
						{
							"origin": [3.54511, 20.29787, -7.63731],
							"size": [1.79312, 0.52806, 0.63423],
							"inflate": 0.002,
							"pivot": [2.0869, 22.23322, -7.32019],
							"rotation": [0, 0, -90],
							"uv": {
								"north": {"uv": [14, 48], "uv_size": [2, 1]},
								"east": {"uv": [19, 50], "uv_size": [1, 1]},
								"south": {"uv": [48, 15], "uv_size": [2, 1]},
								"west": {"uv": [50, 19], "uv_size": [1, 1]},
								"up": {"uv": [48, 16], "uv_size": [2, 1]},
								"down": {"uv": [48, 18], "uv_size": [2, -1]}
							}
						},
						{
							"origin": [3.07126, 21.99999, -7.63731],
							"size": [1.42581, 0.60887, 0.63423],
							"inflate": 0.002,
							"pivot": [2.0869, 22.23322, -7.32019],
							"rotation": [0, 0, -42.5],
							"uv": {
								"north": {"uv": [20, 50], "uv_size": [1, 1]},
								"east": {"uv": [50, 20], "uv_size": [1, 1]},
								"south": {"uv": [21, 50], "uv_size": [1, 1]},
								"west": {"uv": [50, 21], "uv_size": [1, 1]},
								"up": {"uv": [22, 50], "uv_size": [1, 1]},
								"down": {"uv": [50, 23], "uv_size": [1, -1]}
							}
						},
						{
							"origin": [2.85844, 25.32982, -7.63731],
							"size": [1.42581, 0.60887, 0.63423],
							"inflate": 0.002,
							"pivot": [2.0869, 22.23322, -7.32019],
							"rotation": [0, 0, -42.5],
							"uv": {
								"north": {"uv": [23, 50], "uv_size": [1, 1]},
								"east": {"uv": [50, 23], "uv_size": [1, 1]},
								"south": {"uv": [24, 50], "uv_size": [1, 1]},
								"west": {"uv": [50, 24], "uv_size": [1, 1]},
								"up": {"uv": [25, 50], "uv_size": [1, 1]},
								"down": {"uv": [50, 26], "uv_size": [1, -1]}
							}
						},
						{
							"origin": [-0.32327, 21.99999, -7.63731],
							"size": [1.42581, 0.60887, 0.63423],
							"inflate": 0.002,
							"pivot": [2.0869, 22.23322, -7.32019],
							"rotation": [0, 0, 42.5],
							"uv": {
								"north": {"uv": [26, 50], "uv_size": [1, 1]},
								"east": {"uv": [50, 26], "uv_size": [1, 1]},
								"south": {"uv": [27, 50], "uv_size": [1, 1]},
								"west": {"uv": [50, 27], "uv_size": [1, 1]},
								"up": {"uv": [28, 50], "uv_size": [1, 1]},
								"down": {"uv": [50, 29], "uv_size": [1, -1]}
							}
						},
						{
							"origin": [-0.11046, 25.32982, -7.63731],
							"size": [1.42581, 0.60887, 0.63423],
							"inflate": 0.002,
							"pivot": [2.0869, 22.23322, -7.32019],
							"rotation": [0, 0, 42.5],
							"uv": {
								"north": {"uv": [29, 50], "uv_size": [1, 1]},
								"east": {"uv": [50, 29], "uv_size": [1, 1]},
								"south": {"uv": [50, 30], "uv_size": [1, 1]},
								"west": {"uv": [50, 31], "uv_size": [1, 1]},
								"up": {"uv": [32, 50], "uv_size": [1, 1]},
								"down": {"uv": [50, 33], "uv_size": [1, -1]}
							}
						},
						{
							"origin": [3.54511, 23.64052, -7.63731],
							"size": [1.79312, 0.52806, 0.63423],
							"inflate": 0.002,
							"pivot": [2.0869, 22.23322, -7.32019],
							"rotation": [0, 0, -90],
							"uv": {
								"north": {"uv": [48, 18], "uv_size": [2, 1]},
								"east": {"uv": [33, 50], "uv_size": [1, 1]},
								"south": {"uv": [48, 19], "uv_size": [2, 1]},
								"west": {"uv": [50, 33], "uv_size": [1, 1]},
								"up": {"uv": [48, 20], "uv_size": [2, 1]},
								"down": {"uv": [48, 22], "uv_size": [2, -1]}
							}
						},
						{
							"origin": [5.55085, 22.08335, -7.80181],
							"size": [0.96326, 0.184, 0.96323],
							"inflate": 0.002,
							"pivot": [2.0869, 23.83322, -7.32019],
							"rotation": [0, 0, 90],
							"uv": {
								"north": {"uv": [34, 50], "uv_size": [1, 1]},
								"east": {"uv": [50, 34], "uv_size": [1, 1]},
								"south": {"uv": [35, 50], "uv_size": [1, 1]},
								"west": {"uv": [50, 35], "uv_size": [1, 1]},
								"up": {"uv": [36, 50], "uv_size": [1, 1]},
								"down": {"uv": [50, 37], "uv_size": [1, -1]}
							}
						}
					]
				},
				{
					"name": "Ringscope",
					"parent": "CarcanoScope",
					"pivot": [2.0869, 26.3383, -43.00561],
					"cubes": [
						{
							"origin": [1.14933, 26.14146, 7.04232],
							"size": [1.87513, 0.57837, 0.67497],
							"inflate": 0.002,
							"uv": {
								"north": {"uv": [48, 22], "uv_size": [2, 1]},
								"east": {"uv": [37, 50], "uv_size": [1, 1]},
								"south": {"uv": [48, 23], "uv_size": [2, 1]},
								"west": {"uv": [50, 37], "uv_size": [1, 1]},
								"up": {"uv": [48, 24], "uv_size": [2, 1]},
								"down": {"uv": [48, 26], "uv_size": [2, -1]}
							}
						},
						{
							"origin": [1.14933, 22.75676, 7.04232],
							"size": [1.87513, 0.57837, 0.67497],
							"inflate": 0.002,
							"uv": {
								"north": {"uv": [26, 48], "uv_size": [2, 1]},
								"east": {"uv": [38, 50], "uv_size": [1, 1]},
								"south": {"uv": [28, 48], "uv_size": [2, 1]},
								"west": {"uv": [50, 38], "uv_size": [1, 1]},
								"up": {"uv": [48, 32], "uv_size": [2, 1]},
								"down": {"uv": [48, 34], "uv_size": [2, -1]}
							}
						},
						{
							"origin": [1.72447, 20.25676, 7.04232],
							"size": [0.675, 2.596, 0.67497],
							"inflate": 0.002,
							"uv": {
								"north": {"uv": [34, 45], "uv_size": [1, 4]},
								"east": {"uv": [35, 45], "uv_size": [1, 4]},
								"south": {"uv": [36, 45], "uv_size": [1, 4]},
								"west": {"uv": [45, 36], "uv_size": [1, 4]},
								"up": {"uv": [39, 50], "uv_size": [1, 1]},
								"down": {"uv": [50, 40], "uv_size": [1, -1]}
							}
						},
						{
							"origin": [1.9357, 17.5878, 7.04232],
							"size": [0.675, 1.296, 0.67497],
							"inflate": 0.002,
							"pivot": [2.2732, 19.6358, 7.37981],
							"rotation": [0, 0, 90],
							"uv": {
								"north": {"uv": [40, 50], "uv_size": [1, 1]},
								"east": {"uv": [50, 40], "uv_size": [1, 1]},
								"south": {"uv": [41, 50], "uv_size": [1, 1]},
								"west": {"uv": [50, 41], "uv_size": [1, 1]},
								"up": {"uv": [42, 50], "uv_size": [1, 1]},
								"down": {"uv": [50, 43], "uv_size": [1, -1]}
							}
						},
						{
							"origin": [1.7607, 17.5878, 6.86732],
							"size": [1.025, 0.196, 1.02497],
							"inflate": 0.002,
							"pivot": [2.2732, 19.6358, 7.37981],
							"rotation": [0, 0, 90],
							"uv": {
								"north": {"uv": [43, 50], "uv_size": [1, 1]},
								"east": {"uv": [50, 43], "uv_size": [1, 1]},
								"south": {"uv": [44, 50], "uv_size": [1, 1]},
								"west": {"uv": [50, 44], "uv_size": [1, 1]},
								"up": {"uv": [45, 50], "uv_size": [1, 1]},
								"down": {"uv": [50, 46], "uv_size": [1, -1]}
							}
						},
						{
							"origin": [1.37453, 19.35689, 7.04232],
							"size": [0.675, 1.296, 0.67497],
							"inflate": 0.002,
							"pivot": [1.71203, 20.00489, 7.37981],
							"rotation": [0, 0, 42.5],
							"uv": {
								"north": {"uv": [46, 50], "uv_size": [1, 1]},
								"east": {"uv": [50, 46], "uv_size": [1, 1]},
								"south": {"uv": [47, 50], "uv_size": [1, 1]},
								"west": {"uv": [50, 47], "uv_size": [1, 1]},
								"up": {"uv": [48, 50], "uv_size": [1, 1]},
								"down": {"uv": [50, 49], "uv_size": [1, -1]}
							}
						},
						{
							"origin": [1.13298, 22.67928, 7.04232],
							"size": [1.90783, 0.56202, 0.67497],
							"inflate": 0.002,
							"pivot": [2.0869, 24.7383, -43.00561],
							"rotation": [0, 0, -90],
							"uv": {
								"north": {"uv": [48, 34], "uv_size": [2, 1]},
								"east": {"uv": [49, 50], "uv_size": [1, 1]},
								"south": {"uv": [48, 35], "uv_size": [2, 1]},
								"west": {"uv": [50, 49], "uv_size": [1, 1]},
								"up": {"uv": [48, 36], "uv_size": [2, 1]},
								"down": {"uv": [37, 49], "uv_size": [2, -1]}
							}
						},
						{
							"origin": [1.44156, 22.64312, 7.04232],
							"size": [1.51707, 0.64799, 0.67497],
							"inflate": 0.002,
							"pivot": [2.0869, 24.7383, -43.00561],
							"rotation": [0, 0, -42.5],
							"uv": {
								"north": {"uv": [48, 37], "uv_size": [2, 1]},
								"east": {"uv": [50, 50], "uv_size": [1, 1]},
								"south": {"uv": [48, 38], "uv_size": [2, 1]},
								"west": {"uv": [0, 51], "uv_size": [1, 1]},
								"up": {"uv": [39, 48], "uv_size": [2, 1]},
								"down": {"uv": [48, 40], "uv_size": [2, -1]}
							}
						},
						{
							"origin": [1.21516, 26.18548, 7.04232],
							"size": [1.51707, 0.64799, 0.67497],
							"inflate": 0.002,
							"pivot": [2.0869, 24.7383, -43.00561],
							"rotation": [0, 0, -42.5],
							"uv": {
								"north": {"uv": [48, 40], "uv_size": [2, 1]},
								"east": {"uv": [51, 0], "uv_size": [1, 1]},
								"south": {"uv": [41, 48], "uv_size": [2, 1]},
								"west": {"uv": [1, 51], "uv_size": [1, 1]},
								"up": {"uv": [48, 41], "uv_size": [2, 1]},
								"down": {"uv": [48, 43], "uv_size": [2, -1]}
							}
						},
						{
							"origin": [1.21516, 22.64312, 7.04232],
							"size": [1.51707, 0.64799, 0.67497],
							"inflate": 0.002,
							"pivot": [2.0869, 24.7383, -43.00561],
							"rotation": [0, 0, 42.5],
							"uv": {
								"north": {"uv": [43, 48], "uv_size": [2, 1]},
								"east": {"uv": [51, 1], "uv_size": [1, 1]},
								"south": {"uv": [48, 43], "uv_size": [2, 1]},
								"west": {"uv": [2, 51], "uv_size": [1, 1]},
								"up": {"uv": [48, 44], "uv_size": [2, 1]},
								"down": {"uv": [45, 49], "uv_size": [2, -1]}
							}
						},
						{
							"origin": [1.44156, 26.18548, 7.04232],
							"size": [1.51707, 0.64799, 0.67497],
							"inflate": 0.002,
							"pivot": [2.0869, 24.7383, -43.00561],
							"rotation": [0, 0, 42.5],
							"uv": {
								"north": {"uv": [48, 46], "uv_size": [2, 1]},
								"east": {"uv": [51, 2], "uv_size": [1, 1]},
								"south": {"uv": [47, 48], "uv_size": [2, 1]},
								"west": {"uv": [3, 51], "uv_size": [1, 1]},
								"up": {"uv": [48, 47], "uv_size": [2, 1]},
								"down": {"uv": [6, 50], "uv_size": [2, -1]}
							}
						},
						{
							"origin": [1.13298, 26.23529, 7.04232],
							"size": [1.90783, 0.56202, 0.67497],
							"inflate": 0.002,
							"pivot": [2.0869, 24.7383, -43.00561],
							"rotation": [0, 0, -90],
							"uv": {
								"north": {"uv": [8, 49], "uv_size": [2, 1]},
								"east": {"uv": [51, 3], "uv_size": [1, 1]},
								"south": {"uv": [10, 49], "uv_size": [2, 1]},
								"west": {"uv": [4, 51], "uv_size": [1, 1]},
								"up": {"uv": [12, 49], "uv_size": [2, 1]},
								"down": {"uv": [14, 50], "uv_size": [2, -1]}
							}
						}
					]
				},
				{
					"name": "_ca_scope",
					"parent": "main",
					"pivot": [1.17191, 11.06801, 36.94341],
					"cubes": [
						{
							"origin": [-0.60309, 19.128, 6.8784],
							"size": [1, 1, 1],
							"uv": {
								"north": {"uv": [51, 4], "uv_size": [1, 1]},
								"east": {"uv": [5, 51], "uv_size": [1, 1]},
								"south": {"uv": [51, 5], "uv_size": [1, 1]},
								"west": {"uv": [6, 51], "uv_size": [1, 1]},
								"up": {"uv": [51, 6], "uv_size": [1, 1]},
								"down": {"uv": [7, 52], "uv_size": [1, -1]}
							}
						}
					]
				},
				{
					"name": "scopepip",
					"parent": "main",
					"pivot": [-0.62802, 26.99846, 15.123],
					"cubes": [
						{
							"origin": [0.65709, 23.37206, 25.7405],
							"size": [2.85, 2.7, 1],
							"uv": {
								"north": {"uv": [38, 42], "uv_size": [3, 3]},
								"east": {"uv": [42, 45], "uv_size": [1, 3]},
								"south": {"uv": [41, 42], "uv_size": [3, 3]},
								"west": {"uv": [43, 45], "uv_size": [1, 3]},
								"up": {"uv": [45, 41], "uv_size": [3, 1]},
								"down": {"uv": [45, 45], "uv_size": [3, -1]}
							}
						}
					]
				}
			]
		}
	]
}