{
	"format_version": "1.12.0",
	"minecraft:geometry": [
		{
			"description": {
				"identifier": "geometry.unknown",
				"texture_width": 256,
				"texture_height": 256,
				"visible_bounds_width": 13,
				"visible_bounds_height": 4,
				"visible_bounds_offset": [0, 1, 0]
			},
			"bones": [
				{
					"name": "main",
					"pivot": [0, 20, 0]
				},
				{
					"name": "gun",
					"parent": "main",
					"pivot": [1, 11, -1]
				},
				{
					"name": "Chamber",
					"parent": "gun",
					"pivot": [-3.54063, 22.22154, -24.16061],
					"cubes": [
						{
							"origin": [-5.71762, 21.63943, -18.31116],
							"size": [2.17127, 1.33463, 0.7195],
							"pivot": [-4.63199, 22.30675, -17.65141],
							"rotation": [0, 0, -180],
							"uv": {
								"north": {"uv": [154, 157], "uv_size": [2, 1]},
								"east": {"uv": [158, 140], "uv_size": [1, 1]},
								"south": {"uv": [156, 157], "uv_size": [2, 1]},
								"west": {"uv": [141, 158], "uv_size": [1, 1]},
								"up": {"uv": [10, 158], "uv_size": [2, 1]},
								"down": {"uv": [12, 159], "uv_size": [2, -1]}
							}
						},
						{
							"origin": [-21.17442, 22.28583, -32.42981],
							"size": [9.32, 1.13977, 1.73],
							"pivot": [-1.33871, 21.03552, -28.8257],
							"rotation": [0, 90, 22.5],
							"uv": {
								"north": {"uv": [151, 103], "uv_size": [9, 1]},
								"east": {"uv": [150, 157], "uv_size": [2, 1]},
								"south": {"uv": [151, 104], "uv_size": [9, 1]},
								"west": {"uv": [152, 157], "uv_size": [2, 1]},
								"up": {"uv": [145, 117], "uv_size": [9, 2]},
								"down": {"uv": [145, 121], "uv_size": [9, -2]}
							}
						},
						{
							"origin": [-21.17442, 22.43012, -31.67699],
							"size": [9.32, 1.13977, 1.73],
							"pivot": [-1.33871, 21.03552, -28.8257],
							"rotation": [0, 90, 0],
							"uv": {
								"north": {"uv": [151, 101], "uv_size": [9, 1]},
								"east": {"uv": [146, 157], "uv_size": [2, 1]},
								"south": {"uv": [151, 102], "uv_size": [9, 1]},
								"west": {"uv": [148, 157], "uv_size": [2, 1]},
								"up": {"uv": [145, 113], "uv_size": [9, 2]},
								"down": {"uv": [145, 117], "uv_size": [9, -2]}
							}
						},
						{
							"origin": [-21.17442, 22.27533, -30.92626],
							"size": [9.32, 1.13977, 1.73],
							"pivot": [-1.33871, 21.03552, -28.8257],
							"rotation": [0, 90, -22.5],
							"uv": {
								"north": {"uv": [151, 60], "uv_size": [9, 1]},
								"east": {"uv": [142, 157], "uv_size": [2, 1]},
								"south": {"uv": [151, 61], "uv_size": [9, 1]},
								"west": {"uv": [144, 157], "uv_size": [2, 1]},
								"up": {"uv": [83, 145], "uv_size": [9, 2]},
								"down": {"uv": [145, 113], "uv_size": [9, -2]}
							}
						},
						{
							"origin": [-21.17442, 21.84504, -30.29191],
							"size": [9.32, 1.13977, 1.73],
							"pivot": [-1.33871, 21.03552, -28.8257],
							"rotation": [0, 90, -45],
							"uv": {
								"north": {"uv": [150, 148], "uv_size": [9, 1]},
								"east": {"uv": [126, 157], "uv_size": [2, 1]},
								"south": {"uv": [150, 149], "uv_size": [9, 1]},
								"west": {"uv": [140, 157], "uv_size": [2, 1]},
								"up": {"uv": [144, 108], "uv_size": [9, 2]},
								"down": {"uv": [74, 147], "uv_size": [9, -2]}
							}
						}
					]
				},
				{
					"name": "Stock",
					"parent": "gun",
					"pivot": [1, 11, -1],
					"cubes": [
						{
							"origin": [-3.84237, 6.43323, -3.39918],
							"size": [2.37682, 3.63449, 16.73447],
							"pivot": [-1.50595, 9.78575, 14.71573],
							"rotation": [17.5, 0, -180],
							"uv": {
								"north": {"uv": [152, 96], "uv_size": [2, 4]},
								"east": {"uv": [126, 20], "uv_size": [17, 4]},
								"south": {"uv": [124, 152], "uv_size": [2, 4]},
								"west": {"uv": [126, 89], "uv_size": [17, 4]},
								"up": {"uv": [144, 89], "uv_size": [2, 17]},
								"down": {"uv": [128, 161], "uv_size": [2, -17]}
							}
						},
						{
							"origin": [-3.83662, 9.44393, 13.36868],
							"size": [2.34032, 3.27748, 15.35442],
							"pivot": [-1.50595, 8.8096, 19.74352],
							"rotation": [42.5, 0, -180],
							"uv": {
								"north": {"uv": [78, 153], "uv_size": [2, 3]},
								"east": {"uv": [133, 9], "uv_size": [15, 3]},
								"south": {"uv": [80, 153], "uv_size": [2, 3]},
								"west": {"uv": [130, 135], "uv_size": [15, 3]},
								"up": {"uv": [136, 144], "uv_size": [2, 15]},
								"down": {"uv": [138, 159], "uv_size": [2, -15]}
							}
						},
						{
							"origin": [-3.83662, 0.33461, 9.71472],
							"size": [2.30957, 4.38633, 17.07471],
							"pivot": [-1.50595, 5.8096, 19.74352],
							"rotation": [38.5, 0, -180],
							"uv": {
								"north": {"uv": [152, 46], "uv_size": [2, 4]},
								"east": {"uv": [121, 58], "uv_size": [17, 4]},
								"south": {"uv": [152, 50], "uv_size": [2, 4]},
								"west": {"uv": [121, 62], "uv_size": [17, 4]},
								"up": {"uv": [142, 30], "uv_size": [2, 17]},
								"down": {"uv": [142, 110], "uv_size": [2, -17]}
							}
						},
						{
							"origin": [-3.76162, -5.67389, 16.72429],
							"size": [2.25957, 6.38633, 39.07471],
							"pivot": [-1.50595, 1.8011, 27.7531],
							"rotation": [16, 0, -180],
							"uv": {
								"north": {"uv": [90, 147], "uv_size": [2, 6]},
								"east": {"uv": [40, 18], "uv_size": [39, 6]},
								"south": {"uv": [148, 6], "uv_size": [2, 6]},
								"west": {"uv": [44, 24], "uv_size": [39, 6]},
								"up": {"uv": [38, 86], "uv_size": [2, 39]},
								"down": {"uv": [40, 125], "uv_size": [2, -39]}
							}
						},
						{
							"origin": [-3.78868, 14.1354, 14.43765],
							"size": [2.25957, 5.58633, 44.07471],
							"pivot": [-1.51948, 16.52856, 31.975],
							"rotation": [1, 0, -180],
							"uv": {
								"north": {"uv": [40, 148], "uv_size": [2, 6]},
								"east": {"uv": [0, 40], "uv_size": [44, 6]},
								"south": {"uv": [42, 148], "uv_size": [2, 6]},
								"west": {"uv": [40, 0], "uv_size": [44, 6]},
								"up": {"uv": [22, 82], "uv_size": [2, 44]},
								"down": {"uv": [24, 126], "uv_size": [2, -44]}
							}
						},
						{
							"origin": [-3.78868, 6.55007, 18.3227],
							"size": [2.25957, 6.58633, 40.07471],
							"pivot": [-1.51948, 9.94324, 31.86006],
							"rotation": [1, 0, -180],
							"uv": {
								"north": {"uv": [56, 146], "uv_size": [2, 7]},
								"east": {"uv": [0, 14], "uv_size": [40, 7]},
								"south": {"uv": [58, 146], "uv_size": [2, 7]},
								"west": {"uv": [0, 21], "uv_size": [40, 7]},
								"up": {"uv": [30, 86], "uv_size": [2, 40]},
								"down": {"uv": [32, 126], "uv_size": [2, -40]}
							}
						},
						{
							"origin": [-3.78868, -0.03525, 37.40775],
							"size": [2.25957, 6.18633, 20.87471],
							"pivot": [-1.51948, 3.35791, 31.74511],
							"rotation": [1, 0, -180],
							"uv": {
								"north": {"uv": [148, 20], "uv_size": [2, 6]},
								"east": {"uv": [70, 72], "uv_size": [21, 6]},
								"south": {"uv": [34, 148], "uv_size": [2, 6]},
								"west": {"uv": [10, 76], "uv_size": [21, 6]},
								"up": {"uv": [120, 135], "uv_size": [2, 21]},
								"down": {"uv": [122, 156], "uv_size": [2, -21]}
							}
						},
						{
							"origin": [-3.78868, -7.62057, 55.03796],
							"size": [2.25957, 5.64034, 3.12956],
							"pivot": [-1.51948, -3.22741, 31.63016],
							"rotation": [1, 0, -180],
							"uv": {
								"north": {"uv": [36, 148], "uv_size": [2, 6]},
								"east": {"uv": [142, 111], "uv_size": [3, 6]},
								"south": {"uv": [38, 148], "uv_size": [2, 6]},
								"west": {"uv": [145, 20], "uv_size": [3, 6]},
								"up": {"uv": [82, 153], "uv_size": [2, 3]},
								"down": {"uv": [84, 156], "uv_size": [2, -3]}
							}
						},
						{
							"origin": [-3.78868, 14.08174, 58.51189],
							"size": [2.25957, 23.39932, 3.07471],
							"pivot": [-1.51948, 16.4749, 35.04925],
							"rotation": [1, 0, -180],
							"uv": {
								"north": {"uv": [112, 135], "uv_size": [2, 23]},
								"east": {"uv": [40, 125], "uv_size": [3, 23]},
								"south": {"uv": [114, 135], "uv_size": [2, 23]},
								"west": {"uv": [43, 125], "uv_size": [3, 23]},
								"up": {"uv": [56, 153], "uv_size": [2, 3]},
								"down": {"uv": [58, 156], "uv_size": [2, -3]}
							}
						},
						{
							"origin": [-3.78868, 12.77549, 9.97993],
							"size": [2.25957, 5.58633, 6.47471],
							"pivot": [-1.51948, 15.06865, 12.41729],
							"rotation": [-34, 0, -180],
							"uv": {
								"north": {"uv": [148, 42], "uv_size": [2, 6]},
								"east": {"uv": [136, 72], "uv_size": [6, 6]},
								"south": {"uv": [44, 148], "uv_size": [2, 6]},
								"west": {"uv": [136, 93], "uv_size": [6, 6]},
								"up": {"uv": [148, 48], "uv_size": [2, 6]},
								"down": {"uv": [148, 60], "uv_size": [2, -6]}
							}
						},
						{
							"origin": [-3.84237, 2.2692, -3.41057],
							"size": [2.34607, 4.08992, 16.6805],
							"pivot": [-1.50595, 9.75016, 14.70099],
							"rotation": [17.5, 0, -180],
							"uv": {
								"north": {"uv": [152, 54], "uv_size": [2, 4]},
								"east": {"uv": [94, 125], "uv_size": [17, 4]},
								"south": {"uv": [152, 89], "uv_size": [2, 4]},
								"west": {"uv": [111, 125], "uv_size": [17, 4]},
								"up": {"uv": [142, 138], "uv_size": [2, 17]},
								"down": {"uv": [144, 47], "uv_size": [2, -17]}
							}
						},
						{
							"origin": [-1.5349, 6.43438, -3.39898],
							"size": [2.34627, 3.63463, 16.73111],
							"pivot": [-1.54063, 9.7869, 14.71257],
							"rotation": [17.5, 0, -180],
							"uv": {
								"north": {"uv": [40, 24], "uv_size": [2, 4]},
								"east": {"uv": [104, 50], "uv_size": [17, 4]},
								"south": {"uv": [42, 24], "uv_size": [2, 4]},
								"west": {"uv": [104, 54], "uv_size": [17, 4]},
								"up": {"uv": [124, 135], "uv_size": [2, 17]},
								"down": {"uv": [126, 152], "uv_size": [2, -17]}
							}
						},
						{
							"origin": [-1.53098, 9.44393, 13.36868],
							"size": [2.40202, 3.27748, 15.35442],
							"pivot": [-1.50595, 8.8096, 19.74352],
							"rotation": [42.5, 0, -180],
							"uv": {
								"north": {"uv": [30, 153], "uv_size": [2, 3]},
								"east": {"uv": [130, 24], "uv_size": [15, 3]},
								"south": {"uv": [32, 153], "uv_size": [2, 3]},
								"west": {"uv": [133, 6], "uv_size": [15, 3]},
								"up": {"uv": [144, 47], "uv_size": [2, 15]},
								"down": {"uv": [134, 159], "uv_size": [2, -15]}
							}
						},
						{
							"origin": [-1.89998, 2.9491, 10.49162],
							"size": [1.51868, 0.11592, 15.86039],
							"pivot": [-1.50595, 5.8096, 19.74352],
							"rotation": [38.5, 0, -180],
							"uv": {
								"north": {"uv": [134, 116], "uv_size": [2, 1]},
								"east": {"uv": [145, 26], "uv_size": [16, 1]},
								"south": {"uv": [140, 49], "uv_size": [2, 1]},
								"west": {"uv": [145, 137], "uv_size": [16, 1]},
								"up": {"uv": [130, 144], "uv_size": [2, 16]},
								"down": {"uv": [132, 160], "uv_size": [2, -16]}
							}
						},
						{
							"origin": [-1.53098, 0.33461, 9.71472],
							"size": [2.40202, 4.38633, 17.07471],
							"pivot": [-1.50595, 5.8096, 19.74352],
							"rotation": [38.5, 0, -180],
							"uv": {
								"north": {"uv": [143, 20], "uv_size": [2, 4]},
								"east": {"uv": [104, 58], "uv_size": [17, 4]},
								"south": {"uv": [152, 21], "uv_size": [2, 4]},
								"west": {"uv": [104, 62], "uv_size": [17, 4]},
								"up": {"uv": [140, 30], "uv_size": [2, 17]},
								"down": {"uv": [18, 159], "uv_size": [2, -17]}
							}
						},
						{
							"origin": [-1.50205, -5.67389, 16.72429],
							"size": [2.29809, 6.38633, 39.07471],
							"pivot": [-1.50595, 1.8011, 27.7531],
							"rotation": [16, 0, -180],
							"uv": {
								"north": {"uv": [146, 89], "uv_size": [2, 6]},
								"east": {"uv": [40, 6], "uv_size": [39, 6]},
								"south": {"uv": [146, 95], "uv_size": [2, 6]},
								"west": {"uv": [40, 12], "uv_size": [39, 6]},
								"up": {"uv": [34, 86], "uv_size": [2, 39]},
								"down": {"uv": [36, 125], "uv_size": [2, -39]}
							}
						},
						{
							"origin": [-1.52911, 14.1354, 14.43765],
							"size": [2.29809, 5.58633, 44.07471],
							"pivot": [-1.51948, 16.52856, 31.975],
							"rotation": [1, 0, -180],
							"uv": {
								"north": {"uv": [146, 138], "uv_size": [2, 6]},
								"east": {"uv": [0, 28], "uv_size": [44, 6]},
								"south": {"uv": [146, 144], "uv_size": [2, 6]},
								"west": {"uv": [0, 34], "uv_size": [44, 6]},
								"up": {"uv": [18, 82], "uv_size": [2, 44]},
								"down": {"uv": [20, 126], "uv_size": [2, -44]}
							}
						},
						{
							"origin": [-1.52911, 22.99887, 14.54236],
							"size": [1.50293, 1.72285, 47.12471],
							"pivot": [-1.51948, 21.52856, 31.975],
							"rotation": [1, 0, -180],
							"uv": {
								"north": {"uv": [40, 52], "uv_size": [2, 2]},
								"east": {"uv": [83, 24], "uv_size": [47, 2]},
								"south": {"uv": [31, 76], "uv_size": [2, 2]},
								"west": {"uv": [83, 26], "uv_size": [47, 2]},
								"up": {"uv": [14, 82], "uv_size": [2, 47]},
								"down": {"uv": [16, 129], "uv_size": [2, -47]}
							}
						},
						{
							"origin": [-2.99352, 22.99887, 14.54236],
							"size": [1.4644, 1.72285, 47.12471],
							"pivot": [-1.51948, 21.52856, 31.975],
							"rotation": [1, 0, -180],
							"uv": {
								"north": {"uv": [42, 52], "uv_size": [1, 2]},
								"east": {"uv": [79, 20], "uv_size": [47, 2]},
								"south": {"uv": [33, 76], "uv_size": [1, 2]},
								"west": {"uv": [79, 22], "uv_size": [47, 2]},
								"up": {"uv": [47, 78], "uv_size": [1, 47]},
								"down": {"uv": [24, 181], "uv_size": [1, -47]}
							}
						},
						{
							"origin": [-3.27402, 19.14968, 14.50317],
							"size": [2.29809, 1.38633, 47.12471],
							"pivot": [-2.12497, 19.24285, 36.54052],
							"rotation": [0.81918, -0.57356, -145.0041],
							"uv": {
								"north": {"uv": [155, 105], "uv_size": [2, 1]},
								"east": {"uv": [124, 82], "uv_size": [47, 1]},
								"south": {"uv": [52, 156], "uv_size": [2, 1]},
								"west": {"uv": [127, 18], "uv_size": [47, 1]},
								"up": {"uv": [10, 82], "uv_size": [2, 47]},
								"down": {"uv": [12, 129], "uv_size": [2, -47]}
							}
						},
						{
							"origin": [-2.04726, 19.16073, 14.50336],
							"size": [2.25957, 1.38633, 47.12471],
							"pivot": [-0.91748, 19.25389, 36.54072],
							"rotation": [0.81918, 0.57356, 145.0041],
							"uv": {
								"north": {"uv": [142, 49], "uv_size": [2, 1]},
								"east": {"uv": [88, 83], "uv_size": [47, 1]},
								"south": {"uv": [154, 99], "uv_size": [2, 1]},
								"west": {"uv": [124, 81], "uv_size": [47, 1]},
								"up": {"uv": [43, 78], "uv_size": [2, 47]},
								"down": {"uv": [45, 125], "uv_size": [2, -47]}
							}
						},
						{
							"origin": [-1.52911, 6.55007, 18.3227],
							"size": [2.29809, 6.58633, 40.07471],
							"pivot": [-1.51948, 9.94324, 31.86006],
							"rotation": [1, 0, -180],
							"uv": {
								"north": {"uv": [52, 146], "uv_size": [2, 7]},
								"east": {"uv": [0, 0], "uv_size": [40, 7]},
								"south": {"uv": [54, 146], "uv_size": [2, 7]},
								"west": {"uv": [0, 7], "uv_size": [40, 7]},
								"up": {"uv": [26, 82], "uv_size": [2, 40]},
								"down": {"uv": [28, 122], "uv_size": [2, -40]}
							}
						},
						{
							"origin": [-1.52911, -0.03525, 37.40775],
							"size": [2.29809, 6.18633, 20.87471],
							"pivot": [-1.51948, 3.35791, 31.74511],
							"rotation": [1, 0, -180],
							"uv": {
								"north": {"uv": [82, 147], "uv_size": [2, 6]},
								"east": {"uv": [70, 60], "uv_size": [21, 6]},
								"south": {"uv": [84, 147], "uv_size": [2, 6]},
								"west": {"uv": [70, 66], "uv_size": [21, 6]},
								"up": {"uv": [116, 135], "uv_size": [2, 21]},
								"down": {"uv": [118, 156], "uv_size": [2, -21]}
							}
						},
						{
							"origin": [-1.52911, -7.62057, 55.03796],
							"size": [2.29809, 5.64034, 3.12956],
							"pivot": [-1.51948, -3.22741, 31.63016],
							"rotation": [1, 0, -180],
							"uv": {
								"north": {"uv": [86, 147], "uv_size": [2, 6]},
								"east": {"uv": [40, 46], "uv_size": [3, 6]},
								"south": {"uv": [88, 147], "uv_size": [2, 6]},
								"west": {"uv": [91, 60], "uv_size": [3, 6]},
								"up": {"uv": [74, 153], "uv_size": [2, 3]},
								"down": {"uv": [76, 156], "uv_size": [2, -3]}
							}
						},
						{
							"origin": [-1.52911, 14.08174, 58.51189],
							"size": [2.29809, 23.39932, 3.07471],
							"pivot": [-1.51948, 16.4749, 35.04925],
							"rotation": [1, 0, -180],
							"uv": {
								"north": {"uv": [134, 93], "uv_size": [2, 23]},
								"east": {"uv": [34, 125], "uv_size": [3, 23]},
								"south": {"uv": [110, 135], "uv_size": [2, 23]},
								"west": {"uv": [37, 125], "uv_size": [3, 23]},
								"up": {"uv": [52, 153], "uv_size": [2, 3]},
								"down": {"uv": [54, 156], "uv_size": [2, -3]}
							}
						},
						{
							"origin": [-1.52911, 12.77549, 9.97993],
							"size": [2.29809, 5.58633, 6.47471],
							"pivot": [-1.51948, 15.06865, 12.41729],
							"rotation": [-34, 0, -180],
							"uv": {
								"north": {"uv": [74, 147], "uv_size": [2, 6]},
								"east": {"uv": [136, 12], "uv_size": [6, 6]},
								"south": {"uv": [76, 147], "uv_size": [2, 6]},
								"west": {"uv": [136, 66], "uv_size": [6, 6]},
								"up": {"uv": [78, 147], "uv_size": [2, 6]},
								"down": {"uv": [80, 153], "uv_size": [2, -6]}
							}
						},
						{
							"origin": [-1.56565, 2.2692, -3.41057],
							"size": [2.37702, 4.08992, 16.6805],
							"pivot": [-1.54063, 9.75016, 14.70099],
							"rotation": [17.5, 0, -180],
							"uv": {
								"north": {"uv": [152, 42], "uv_size": [2, 4]},
								"east": {"uv": [121, 50], "uv_size": [17, 4]},
								"south": {"uv": [46, 152], "uv_size": [2, 4]},
								"west": {"uv": [121, 54], "uv_size": [17, 4]},
								"up": {"uv": [20, 142], "uv_size": [2, 17]},
								"down": {"uv": [22, 159], "uv_size": [2, -17]}
							}
						}
					]
				},
				{
					"name": "Frame",
					"parent": "gun",
					"pivot": [-3.50595, 11.78575, -18.88427],
					"cubes": [
						{
							"origin": [-1.53108, 18.83161, -23.86666],
							"size": [2.37127, 8.33463, 5.5555],
							"pivot": [-1.53871, 21.03552, -20.1257],
							"rotation": [0, 0, -180],
							"uv": {
								"north": {"uv": [146, 42], "uv_size": [2, 8]},
								"east": {"uv": [76, 131], "uv_size": [6, 8]},
								"south": {"uv": [48, 146], "uv_size": [2, 8]},
								"west": {"uv": [82, 131], "uv_size": [6, 8]},
								"up": {"uv": [148, 138], "uv_size": [2, 6]},
								"down": {"uv": [148, 150], "uv_size": [2, -6]}
							}
						},
						{
							"origin": [-3.9329, 18.83276, -23.86686],
							"size": [2.40182, 8.33449, 5.55886],
							"pivot": [-1.53871, 21.03552, -20.1257],
							"rotation": [0, 0, -180],
							"uv": {
								"north": {"uv": [126, 117], "uv_size": [2, 8]},
								"east": {"uv": [34, 70], "uv_size": [6, 8]},
								"south": {"uv": [92, 145], "uv_size": [2, 8]},
								"west": {"uv": [70, 131], "uv_size": [6, 8]},
								"up": {"uv": [148, 89], "uv_size": [2, 6]},
								"down": {"uv": [148, 101], "uv_size": [2, -6]}
							}
						},
						{
							"origin": [-0.5349, 10.53439, -18.31116],
							"size": [1.37127, 6.33463, 6.3195],
							"pivot": [-1.54063, 15.88691, 10.11989],
							"rotation": [0, 0, -180],
							"uv": {
								"north": {"uv": [25, 152], "uv_size": [1, 6]},
								"east": {"uv": [88, 139], "uv_size": [6, 6]},
								"south": {"uv": [92, 153], "uv_size": [1, 6]},
								"west": {"uv": [139, 117], "uv_size": [6, 6]},
								"up": {"uv": [93, 153], "uv_size": [1, 6]},
								"down": {"uv": [154, 52], "uv_size": [1, -6]}
							}
						},
						{
							"origin": [-3.86737, 8.53324, -18.31136],
							"size": [1.40182, 8.33449, 6.3195],
							"pivot": [-1.50595, 15.88576, 10.12305],
							"rotation": [0, 0, -180],
							"uv": {
								"north": {"uv": [43, 46], "uv_size": [1, 8]},
								"east": {"uv": [88, 131], "uv_size": [6, 8]},
								"south": {"uv": [42, 86], "uv_size": [1, 8]},
								"west": {"uv": [18, 134], "uv_size": [6, 8]},
								"up": {"uv": [25, 140], "uv_size": [1, 6]},
								"down": {"uv": [25, 152], "uv_size": [1, -6]}
							}
						},
						{
							"origin": [-1.5349, 10.53439, -11.99166],
							"size": [2.37127, 6.33463, 11.6805],
							"pivot": [-1.54063, 15.88691, 1.11989],
							"rotation": [0, 0, -180],
							"uv": {
								"north": {"uv": [150, 6], "uv_size": [2, 6]},
								"east": {"uv": [70, 89], "uv_size": [12, 6]},
								"south": {"uv": [150, 20], "uv_size": [2, 6]},
								"west": {"uv": [82, 89], "uv_size": [12, 6]},
								"up": {"uv": [70, 145], "uv_size": [2, 12]},
								"down": {"uv": [72, 157], "uv_size": [2, -12]}
							}
						},
						{
							"origin": [-3.86737, 8.53324, -11.99186],
							"size": [2.40182, 8.33449, 11.68386],
							"pivot": [-1.50595, 15.88576, 1.12305],
							"rotation": [0, 0, -180],
							"uv": {
								"north": {"uv": [50, 146], "uv_size": [2, 8]},
								"east": {"uv": [31, 78], "uv_size": [12, 8]},
								"south": {"uv": [146, 50], "uv_size": [2, 8]},
								"west": {"uv": [79, 12], "uv_size": [12, 8]},
								"up": {"uv": [144, 138], "uv_size": [2, 12]},
								"down": {"uv": [140, 156], "uv_size": [2, -12]}
							}
						},
						{
							"origin": [-3.37442, 21.84504, -21.59191],
							"size": [5.62, 1.13977, 5.73],
							"pivot": [-1.53871, 21.03552, -20.1257],
							"rotation": [0, 90, -45],
							"uv": {
								"north": {"uv": [152, 25], "uv_size": [6, 1]},
								"east": {"uv": [152, 58], "uv_size": [6, 1]},
								"south": {"uv": [152, 93], "uv_size": [6, 1]},
								"west": {"uv": [152, 100], "uv_size": [6, 1]},
								"up": {"uv": [136, 99], "uv_size": [6, 6]},
								"down": {"uv": [136, 111], "uv_size": [6, -6]}
							}
						},
						{
							"origin": [-3.37442, 22.27533, -22.22626],
							"size": [5.62, 1.13977, 5.73],
							"pivot": [-1.53871, 21.03552, -20.1257],
							"rotation": [0, 90, -22.5],
							"uv": {
								"north": {"uv": [152, 142], "uv_size": [6, 1]},
								"east": {"uv": [86, 153], "uv_size": [6, 1]},
								"south": {"uv": [153, 108], "uv_size": [6, 1]},
								"west": {"uv": [153, 109], "uv_size": [6, 1]},
								"up": {"uv": [136, 111], "uv_size": [6, 6]},
								"down": {"uv": [138, 56], "uv_size": [6, -6]}
							}
						},
						{
							"origin": [-3.37442, 22.43012, -22.97699],
							"size": [5.62, 1.13977, 5.73],
							"pivot": [-1.53871, 21.03552, -20.1257],
							"rotation": [0, 90, 0],
							"uv": {
								"north": {"uv": [153, 150], "uv_size": [6, 1]},
								"east": {"uv": [153, 151], "uv_size": [6, 1]},
								"south": {"uv": [154, 21], "uv_size": [6, 1]},
								"west": {"uv": [154, 22], "uv_size": [6, 1]},
								"up": {"uv": [138, 56], "uv_size": [6, 6]},
								"down": {"uv": [130, 144], "uv_size": [6, -6]}
							}
						},
						{
							"origin": [-3.37442, 22.28583, -23.72981],
							"size": [5.62, 1.13977, 5.73],
							"pivot": [-1.53871, 21.03552, -20.1257],
							"rotation": [0, 90, 22.5],
							"uv": {
								"north": {"uv": [154, 23], "uv_size": [6, 1]},
								"east": {"uv": [154, 24], "uv_size": [6, 1]},
								"south": {"uv": [34, 154], "uv_size": [6, 1]},
								"west": {"uv": [40, 154], "uv_size": [6, 1]},
								"up": {"uv": [136, 138], "uv_size": [6, 6]},
								"down": {"uv": [70, 145], "uv_size": [6, -6]}
							}
						},
						{
							"origin": [-3.37442, 21.86443, -24.3701],
							"size": [5.62, 1.13977, 5.73],
							"pivot": [-1.53871, 21.03552, -20.1257],
							"rotation": [0, 90, 45],
							"uv": {
								"north": {"uv": [154, 42], "uv_size": [6, 1]},
								"east": {"uv": [154, 43], "uv_size": [6, 1]},
								"south": {"uv": [154, 44], "uv_size": [6, 1]},
								"west": {"uv": [154, 45], "uv_size": [6, 1]},
								"up": {"uv": [76, 139], "uv_size": [6, 6]},
								"down": {"uv": [82, 145], "uv_size": [6, -6]}
							}
						},
						{
							"origin": [-21.37442, 22.27533, -22.22626],
							"size": [8.72, 1.13977, 5.73],
							"pivot": [-1.53871, 21.03552, -20.1257],
							"rotation": [0, 90, -22.5],
							"uv": {
								"north": {"uv": [150, 146], "uv_size": [9, 1]},
								"east": {"uv": [154, 90], "uv_size": [6, 1]},
								"south": {"uv": [150, 147], "uv_size": [9, 1]},
								"west": {"uv": [154, 91], "uv_size": [6, 1]},
								"up": {"uv": [130, 123], "uv_size": [9, 6]},
								"down": {"uv": [130, 135], "uv_size": [9, -6]}
							}
						},
						{
							"origin": [-21.37442, 21.84504, -21.59191],
							"size": [8.72, 1.13977, 5.73],
							"pivot": [-1.53871, 21.03552, -20.1257],
							"rotation": [0, 90, -45],
							"uv": {
								"north": {"uv": [150, 144], "uv_size": [9, 1]},
								"east": {"uv": [86, 154], "uv_size": [6, 1]},
								"south": {"uv": [150, 145], "uv_size": [9, 1]},
								"west": {"uv": [154, 89], "uv_size": [6, 1]},
								"up": {"uv": [119, 129], "uv_size": [9, 6]},
								"down": {"uv": [130, 123], "uv_size": [9, -6]}
							}
						},
						{
							"origin": [-21.37442, 22.43012, -22.97699],
							"size": [8.72, 1.13977, 5.73],
							"pivot": [-1.53871, 21.03552, -20.1257],
							"rotation": [0, 90, 0],
							"uv": {
								"north": {"uv": [150, 143], "uv_size": [9, 1]},
								"east": {"uv": [154, 56], "uv_size": [6, 1]},
								"south": {"uv": [144, 150], "uv_size": [9, 1]},
								"west": {"uv": [154, 57], "uv_size": [6, 1]},
								"up": {"uv": [127, 72], "uv_size": [9, 6]},
								"down": {"uv": [110, 135], "uv_size": [9, -6]}
							}
						},
						{
							"origin": [-21.37442, 22.28583, -23.72981],
							"size": [8.72, 1.13977, 5.73],
							"pivot": [-1.53871, 21.03552, -20.1257],
							"rotation": [0, 90, 22.5],
							"uv": {
								"north": {"uv": [146, 105], "uv_size": [9, 1]},
								"east": {"uv": [154, 54], "uv_size": [6, 1]},
								"south": {"uv": [150, 59], "uv_size": [9, 1]},
								"west": {"uv": [154, 55], "uv_size": [6, 1]},
								"up": {"uv": [127, 12], "uv_size": [9, 6]},
								"down": {"uv": [127, 72], "uv_size": [9, -6]}
							}
						},
						{
							"origin": [-21.97442, 22.27533, -27.52626],
							"size": [9.32, 1.13977, 1.73],
							"pivot": [-1.53871, 21.03552, -29.4257],
							"rotation": [0, 90, -22.5],
							"uv": {
								"north": {"uv": [152, 11], "uv_size": [9, 1]},
								"east": {"uv": [31, 158], "uv_size": [2, 1]},
								"south": {"uv": [152, 20], "uv_size": [9, 1]},
								"west": {"uv": [33, 158], "uv_size": [2, 1]},
								"up": {"uv": [146, 38], "uv_size": [9, 2]},
								"down": {"uv": [146, 42], "uv_size": [9, -2]}
							}
						},
						{
							"origin": [-21.97442, 22.43012, -28.27699],
							"size": [9.32, 1.13977, 1.73],
							"pivot": [-1.53871, 21.03552, -29.4257],
							"rotation": [0, 90, 0],
							"uv": {
								"north": {"uv": [152, 9], "uv_size": [9, 1]},
								"east": {"uv": [27, 158], "uv_size": [2, 1]},
								"south": {"uv": [152, 10], "uv_size": [9, 1]},
								"west": {"uv": [29, 158], "uv_size": [2, 1]},
								"up": {"uv": [146, 34], "uv_size": [9, 2]},
								"down": {"uv": [146, 38], "uv_size": [9, -2]}
							}
						},
						{
							"origin": [-21.97442, 22.28583, -29.02981],
							"size": [9.32, 1.13977, 1.73],
							"pivot": [-1.53871, 21.03552, -29.4257],
							"rotation": [0, 90, 22.5],
							"uv": {
								"north": {"uv": [152, 7], "uv_size": [9, 1]},
								"east": {"uv": [25, 158], "uv_size": [2, 1]},
								"south": {"uv": [152, 8], "uv_size": [9, 1]},
								"west": {"uv": [158, 25], "uv_size": [2, 1]},
								"up": {"uv": [146, 30], "uv_size": [9, 2]},
								"down": {"uv": [146, 34], "uv_size": [9, -2]}
							}
						},
						{
							"origin": [-21.97442, 21.84504, -26.89191],
							"size": [9.32, 1.13977, 1.73],
							"pivot": [-1.53871, 21.03552, -29.4257],
							"rotation": [0, 90, -45],
							"uv": {
								"north": {"uv": [144, 151], "uv_size": [9, 1]},
								"east": {"uv": [14, 158], "uv_size": [2, 1]},
								"south": {"uv": [152, 6], "uv_size": [9, 1]},
								"west": {"uv": [16, 158], "uv_size": [2, 1]},
								"up": {"uv": [145, 121], "uv_size": [9, 2]},
								"down": {"uv": [145, 137], "uv_size": [9, -2]}
							}
						},
						{
							"origin": [-21.37442, 21.86443, -24.3701],
							"size": [18.02, 1.13977, 5.73],
							"pivot": [-1.53871, 21.03552, -20.1257],
							"rotation": [0, 90, 45],
							"uv": {
								"north": {"uv": [144, 106], "uv_size": [18, 1]},
								"east": {"uv": [154, 52], "uv_size": [6, 1]},
								"south": {"uv": [144, 107], "uv_size": [18, 1]},
								"west": {"uv": [154, 53], "uv_size": [6, 1]},
								"up": {"uv": [70, 78], "uv_size": [18, 6]},
								"down": {"uv": [79, 12], "uv_size": [18, -6]}
							}
						},
						{
							"origin": [-21.37442, 19.98021, -19.93114],
							"size": [23.62, 5.73, 1.13977],
							"pivot": [-1.53871, 21.03552, -20.1257],
							"rotation": [0, 90, -22.5],
							"uv": {
								"north": {"uv": [10, 70], "uv_size": [24, 6]},
								"east": {"uv": [42, 94], "uv_size": [1, 6]},
								"south": {"uv": [70, 30], "uv_size": [24, 6]},
								"west": {"uv": [42, 100], "uv_size": [1, 6]},
								"up": {"uv": [142, 73], "uv_size": [24, 1]},
								"down": {"uv": [142, 75], "uv_size": [24, -1]}
							}
						},
						{
							"origin": [-21.37442, 20.135, -20.68187],
							"size": [23.62, 5.73, 1.13977],
							"pivot": [-1.53871, 21.03552, -20.1257],
							"rotation": [0, 90, 0],
							"uv": {
								"north": {"uv": [70, 36], "uv_size": [24, 6]},
								"east": {"uv": [42, 106], "uv_size": [1, 6]},
								"south": {"uv": [70, 42], "uv_size": [24, 6]},
								"west": {"uv": [42, 112], "uv_size": [1, 6]},
								"up": {"uv": [142, 75], "uv_size": [24, 1]},
								"down": {"uv": [142, 77], "uv_size": [24, -1]}
							}
						},
						{
							"origin": [-21.37442, 19.99071, -21.43469],
							"size": [23.62, 5.73, 1.13977],
							"pivot": [-1.53871, 21.03552, -20.1257],
							"rotation": [0, 90, 22.5],
							"uv": {
								"north": {"uv": [70, 48], "uv_size": [24, 6]},
								"east": {"uv": [42, 118], "uv_size": [1, 6]},
								"south": {"uv": [70, 54], "uv_size": [24, 6]},
								"west": {"uv": [25, 134], "uv_size": [1, 6]},
								"up": {"uv": [142, 77], "uv_size": [24, 1]},
								"down": {"uv": [142, 111], "uv_size": [24, -1]}
							}
						}
					]
				},
				{
					"name": "Kayu",
					"parent": "Frame",
					"pivot": [-3.52327, 19.96142, -121.07771],
					"cubes": [
						{
							"origin": [-1.52911, 22.91073, -59.54337],
							"size": [2.29809, 1.98633, 36.07471],
							"pivot": [-1.51948, 20.57015, -51.73479],
							"rotation": [0, 0, -180],
							"uv": {
								"north": {"uv": [154, 115], "uv_size": [2, 2]},
								"east": {"uv": [91, 18], "uv_size": [36, 2]},
								"south": {"uv": [154, 117], "uv_size": [2, 2]},
								"west": {"uv": [91, 66], "uv_size": [36, 2]},
								"up": {"uv": [82, 95], "uv_size": [2, 36]},
								"down": {"uv": [84, 131], "uv_size": [2, -36]}
							}
						},
						{
							"origin": [-1.22052, 19.46465, -59.52591],
							"size": [2.29809, 1.38633, 36.12471],
							"pivot": [-1.51948, 20.57015, -51.73479],
							"rotation": [0, 0, -145],
							"uv": {
								"north": {"uv": [122, 156], "uv_size": [2, 1]},
								"east": {"uv": [135, 83], "uv_size": [36, 1]},
								"south": {"uv": [156, 122], "uv_size": [2, 1]},
								"west": {"uv": [138, 62], "uv_size": [36, 1]},
								"up": {"uv": [78, 95], "uv_size": [2, 36]},
								"down": {"uv": [80, 131], "uv_size": [2, -36]}
							}
						},
						{
							"origin": [-1.52911, 18.17497, -59.52591],
							"size": [1.50293, 1.72285, 36.12471],
							"pivot": [-1.51948, 20.57015, -51.73479],
							"rotation": [0, 0, -180],
							"uv": {
								"north": {"uv": [154, 111], "uv_size": [2, 2]},
								"east": {"uv": [91, 14], "uv_size": [36, 2]},
								"south": {"uv": [154, 113], "uv_size": [2, 2]},
								"west": {"uv": [91, 16], "uv_size": [36, 2]},
								"up": {"uv": [74, 95], "uv_size": [2, 36]},
								"down": {"uv": [76, 131], "uv_size": [2, -36]}
							}
						},
						{
							"origin": [-0.06471, 18.17497, -59.52592],
							"size": [1.50293, 1.72285, 36.12471],
							"pivot": [-0.05508, 20.57015, -51.73479],
							"rotation": [0, 0, -180],
							"uv": {
								"north": {"uv": [154, 119], "uv_size": [2, 2]},
								"east": {"uv": [91, 68], "uv_size": [36, 2]},
								"south": {"uv": [154, 121], "uv_size": [2, 2]},
								"west": {"uv": [91, 70], "uv_size": [36, 2]},
								"up": {"uv": [86, 95], "uv_size": [2, 36]},
								"down": {"uv": [88, 131], "uv_size": [2, -36]}
							}
						},
						{
							"origin": [-4.10076, 19.4536, -59.52592],
							"size": [2.25957, 1.38633, 36.12471],
							"pivot": [-1.51948, 20.57015, -51.73479],
							"rotation": [0, 0, 145],
							"uv": {
								"north": {"uv": [156, 120], "uv_size": [2, 1]},
								"east": {"uv": [127, 19], "uv_size": [36, 1]},
								"south": {"uv": [156, 121], "uv_size": [2, 1]},
								"west": {"uv": [130, 27], "uv_size": [36, 1]},
								"up": {"uv": [70, 95], "uv_size": [2, 36]},
								"down": {"uv": [72, 131], "uv_size": [2, -36]}
							}
						},
						{
							"origin": [-1.52911, 14.57481, -59.54337],
							"size": [1.50293, 1.72285, 36.12471],
							"pivot": [-1.51948, 16.96999, -51.75224],
							"rotation": [0, 0, -180],
							"uv": {
								"north": {"uv": [155, 40], "uv_size": [2, 2]},
								"east": {"uv": [104, 46], "uv_size": [36, 2]},
								"south": {"uv": [42, 155], "uv_size": [2, 2]},
								"west": {"uv": [104, 48], "uv_size": [36, 2]},
								"up": {"uv": [122, 89], "uv_size": [2, 36]},
								"down": {"uv": [124, 125], "uv_size": [2, -36]}
							}
						},
						{
							"origin": [-1.22052, 15.8645, -59.54337],
							"size": [2.29809, 1.38633, 36.12471],
							"pivot": [-1.51948, 16.96999, -51.75224],
							"rotation": [0, 0, -145],
							"uv": {
								"north": {"uv": [146, 156], "uv_size": [2, 1]},
								"east": {"uv": [139, 130], "uv_size": [36, 1]},
								"south": {"uv": [148, 156], "uv_size": [2, 1]},
								"west": {"uv": [139, 131], "uv_size": [36, 1]},
								"up": {"uv": [66, 122], "uv_size": [2, 36]},
								"down": {"uv": [68, 158], "uv_size": [2, -36]}
							}
						},
						{
							"origin": [-0.06471, 14.57481, -59.54337],
							"size": [1.50293, 1.72285, 36.12471],
							"pivot": [-0.05508, 16.96999, -51.75224],
							"rotation": [0, 0, -180],
							"uv": {
								"north": {"uv": [155, 38], "uv_size": [2, 2]},
								"east": {"uv": [104, 42], "uv_size": [36, 2]},
								"south": {"uv": [40, 155], "uv_size": [2, 2]},
								"west": {"uv": [104, 44], "uv_size": [36, 2]},
								"up": {"uv": [62, 122], "uv_size": [2, 36]},
								"down": {"uv": [64, 158], "uv_size": [2, -36]}
							}
						},
						{
							"origin": [-4.10076, 15.85345, -59.54337],
							"size": [2.25957, 1.38633, 36.12471],
							"pivot": [-1.51948, 16.96999, -51.75224],
							"rotation": [0, 0, 145],
							"uv": {
								"north": {"uv": [156, 141], "uv_size": [2, 1]},
								"east": {"uv": [139, 128], "uv_size": [36, 1]},
								"south": {"uv": [144, 156], "uv_size": [2, 1]},
								"west": {"uv": [139, 129], "uv_size": [36, 1]},
								"up": {"uv": [28, 122], "uv_size": [2, 36]},
								"down": {"uv": [60, 158], "uv_size": [2, -36]}
							}
						},
						{
							"origin": [-2.01439, 16.15197, -59.54337],
							"size": [2.29809, 1.38633, 36.12471],
							"pivot": [-1.537, 16.15177, -52.48101],
							"rotation": [0, 0, 35],
							"uv": {
								"north": {"uv": [156, 135], "uv_size": [2, 1]},
								"east": {"uv": [138, 65], "uv_size": [36, 1]},
								"south": {"uv": [156, 136], "uv_size": [2, 1]},
								"west": {"uv": [139, 123], "uv_size": [36, 1]},
								"up": {"uv": [100, 30], "uv_size": [2, 36]},
								"down": {"uv": [100, 125], "uv_size": [2, -36]}
							}
						},
						{
							"origin": [-1.54838, 15.10762, -59.54337],
							"size": [1.50293, 1.72285, 36.12471],
							"pivot": [-1.537, 16.15177, -52.48101],
							"rotation": [0, 0, 0],
							"uv": {
								"north": {"uv": [148, 154], "uv_size": [2, 2]},
								"east": {"uv": [91, 76], "uv_size": [36, 2]},
								"south": {"uv": [154, 152], "uv_size": [2, 2]},
								"west": {"uv": [97, 6], "uv_size": [36, 2]},
								"up": {"uv": [98, 30], "uv_size": [2, 36]},
								"down": {"uv": [98, 125], "uv_size": [2, -36]}
							}
						},
						{
							"origin": [-3.01278, 15.10762, -59.54337],
							"size": [1.50293, 1.72285, 36.12471],
							"pivot": [-1.537, 16.15177, -52.48101],
							"rotation": [0, 0, 0],
							"uv": {
								"north": {"uv": [154, 135], "uv_size": [2, 2]},
								"east": {"uv": [91, 72], "uv_size": [36, 2]},
								"south": {"uv": [146, 154], "uv_size": [2, 2]},
								"west": {"uv": [91, 74], "uv_size": [36, 2]},
								"up": {"uv": [96, 30], "uv_size": [2, 36]},
								"down": {"uv": [96, 125], "uv_size": [2, -36]}
							}
						},
						{
							"origin": [-3.34479, 16.14292, -59.54337],
							"size": [2.25957, 1.38633, 36.12471],
							"pivot": [-1.537, 16.15177, -52.48101],
							"rotation": [0, 0, -35],
							"uv": {
								"north": {"uv": [124, 156], "uv_size": [2, 1]},
								"east": {"uv": [138, 63], "uv_size": [36, 1]},
								"south": {"uv": [126, 156], "uv_size": [2, 1]},
								"west": {"uv": [138, 64], "uv_size": [36, 1]},
								"up": {"uv": [90, 95], "uv_size": [2, 36]},
								"down": {"uv": [92, 131], "uv_size": [2, -36]}
							}
						},
						{
							"origin": [-3.01278, 18.80762, -59.54337],
							"size": [1.50293, 1.72285, 36.12471],
							"pivot": [-1.537, 19.85177, -52.48101],
							"rotation": [0, 0, 0],
							"uv": {
								"north": {"uv": [155, 36], "uv_size": [2, 2]},
								"east": {"uv": [104, 38], "uv_size": [36, 2]},
								"south": {"uv": [38, 155], "uv_size": [2, 2]},
								"west": {"uv": [104, 40], "uv_size": [36, 2]},
								"up": {"uv": [120, 89], "uv_size": [2, 36]},
								"down": {"uv": [26, 158], "uv_size": [2, -36]}
							}
						},
						{
							"origin": [-3.34479, 19.84292, -59.54337],
							"size": [2.25957, 1.38633, 36.12471],
							"pivot": [-1.537, 19.85177, -52.48101],
							"rotation": [0, 0, -35],
							"uv": {
								"north": {"uv": [140, 156], "uv_size": [2, 1]},
								"east": {"uv": [139, 126], "uv_size": [36, 1]},
								"south": {"uv": [156, 140], "uv_size": [2, 1]},
								"west": {"uv": [139, 127], "uv_size": [36, 1]},
								"up": {"uv": [116, 89], "uv_size": [2, 36]},
								"down": {"uv": [118, 125], "uv_size": [2, -36]}
							}
						},
						{
							"origin": [-1.54838, 18.80762, -59.54337],
							"size": [1.50293, 1.72285, 36.12471],
							"pivot": [-1.537, 19.85177, -52.48101],
							"rotation": [0, 0, 0],
							"uv": {
								"north": {"uv": [155, 34], "uv_size": [2, 2]},
								"east": {"uv": [104, 34], "uv_size": [36, 2]},
								"south": {"uv": [36, 155], "uv_size": [2, 2]},
								"west": {"uv": [104, 36], "uv_size": [36, 2]},
								"up": {"uv": [112, 89], "uv_size": [2, 36]},
								"down": {"uv": [114, 125], "uv_size": [2, -36]}
							}
						},
						{
							"origin": [-2.01439, 19.85197, -59.54337],
							"size": [2.29809, 1.38633, 36.12471],
							"pivot": [-1.537, 19.85177, -52.48101],
							"rotation": [0, 0, 35],
							"uv": {
								"north": {"uv": [156, 138], "uv_size": [2, 1]},
								"east": {"uv": [139, 124], "uv_size": [36, 1]},
								"south": {"uv": [156, 139], "uv_size": [2, 1]},
								"west": {"uv": [139, 125], "uv_size": [36, 1]},
								"up": {"uv": [108, 89], "uv_size": [2, 36]},
								"down": {"uv": [110, 125], "uv_size": [2, -36]}
							}
						},
						{
							"origin": [-3.78868, 22.91073, -59.54337],
							"size": [2.25957, 1.98633, 36.07471],
							"pivot": [-1.51948, 20.57015, -51.73479],
							"rotation": [0, 0, -180],
							"uv": {
								"north": {"uv": [146, 58], "uv_size": [2, 2]},
								"east": {"uv": [88, 81], "uv_size": [36, 2]},
								"south": {"uv": [154, 97], "uv_size": [2, 2]},
								"west": {"uv": [91, 12], "uv_size": [36, 2]},
								"up": {"uv": [94, 30], "uv_size": [2, 36]},
								"down": {"uv": [94, 125], "uv_size": [2, -36]}
							}
						},
						{
							"origin": [-3.78868, 25.21073, -27.54337],
							"size": [2.25957, 1.68633, 4.07471],
							"pivot": [-1.51948, 22.57015, -51.73479],
							"rotation": [0, 0, -180],
							"uv": {
								"north": {"uv": [155, 48], "uv_size": [2, 2]},
								"east": {"uv": [152, 140], "uv_size": [4, 2]},
								"south": {"uv": [155, 50], "uv_size": [2, 2]},
								"west": {"uv": [146, 152], "uv_size": [4, 2]},
								"up": {"uv": [150, 152], "uv_size": [2, 4]},
								"down": {"uv": [152, 156], "uv_size": [2, -4]}
							}
						},
						{
							"origin": [-1.52911, 25.21073, -27.54337],
							"size": [2.29809, 1.68633, 4.07471],
							"pivot": [-1.51948, 22.57015, -51.73479],
							"rotation": [0, 0, -180],
							"uv": {
								"north": {"uv": [44, 155], "uv_size": [2, 2]},
								"east": {"uv": [140, 47], "uv_size": [4, 2]},
								"south": {"uv": [155, 46], "uv_size": [2, 2]},
								"west": {"uv": [152, 138], "uv_size": [4, 2]},
								"up": {"uv": [126, 152], "uv_size": [2, 4]},
								"down": {"uv": [144, 156], "uv_size": [2, -4]}
							}
						},
						{
							"origin": [-3.78868, 19.31073, -59.54337],
							"size": [2.25957, 1.88633, 36.07471],
							"pivot": [-1.51948, 20.57015, -51.73479],
							"rotation": [0, 0, -180],
							"uv": {
								"north": {"uv": [155, 32], "uv_size": [2, 2]},
								"east": {"uv": [104, 30], "uv_size": [36, 2]},
								"south": {"uv": [34, 155], "uv_size": [2, 2]},
								"west": {"uv": [104, 32], "uv_size": [36, 2]},
								"up": {"uv": [104, 89], "uv_size": [2, 36]},
								"down": {"uv": [106, 125], "uv_size": [2, -36]}
							}
						},
						{
							"origin": [-1.52911, 19.31073, -59.54337],
							"size": [2.29809, 1.88633, 36.07471],
							"pivot": [-1.51948, 20.57015, -51.73479],
							"rotation": [0, 0, -180],
							"uv": {
								"north": {"uv": [154, 154], "uv_size": [2, 2]},
								"east": {"uv": [97, 8], "uv_size": [36, 2]},
								"south": {"uv": [155, 30], "uv_size": [2, 2]},
								"west": {"uv": [97, 10], "uv_size": [36, 2]},
								"up": {"uv": [102, 30], "uv_size": [2, 36]},
								"down": {"uv": [102, 125], "uv_size": [2, -36]}
							}
						}
					]
				},
				{
					"name": "Teuing",
					"parent": "Frame",
					"pivot": [-3.53437, 19.46617, -20.67024],
					"cubes": [
						{
							"origin": [-2.41577, 16.11572, -59.89145],
							"size": [1.5339, 0.86151, 26.91443],
							"inflate": 0.002,
							"pivot": [-1.53437, 17.96617, -10.26734],
							"rotation": [0, 0, 42.5],
							"uv": {
								"north": {"uv": [118, 156], "uv_size": [2, 1]},
								"east": {"uv": [142, 69], "uv_size": [27, 1]},
								"south": {"uv": [156, 118], "uv_size": [2, 1]},
								"west": {"uv": [142, 70], "uv_size": [27, 1]},
								"up": {"uv": [102, 129], "uv_size": [2, 27]},
								"down": {"uv": [104, 156], "uv_size": [2, -27]}
							}
						},
						{
							"origin": [-2.30132, 16.16023, -59.89145],
							"size": [1.5339, 0.86151, 26.91443],
							"inflate": 0.002,
							"uv": {
								"north": {"uv": [156, 116], "uv_size": [2, 1]},
								"east": {"uv": [142, 67], "uv_size": [27, 1]},
								"south": {"uv": [156, 117], "uv_size": [2, 1]},
								"west": {"uv": [142, 68], "uv_size": [27, 1]},
								"up": {"uv": [98, 129], "uv_size": [2, 27]},
								"down": {"uv": [100, 156], "uv_size": [2, -27]}
							}
						},
						{
							"origin": [-2.18686, 16.11572, -59.89145],
							"size": [1.5339, 0.86151, 26.91443],
							"inflate": 0.002,
							"pivot": [-1.53437, 17.96617, -10.26734],
							"rotation": [0, 0, -42.5],
							"uv": {
								"north": {"uv": [156, 115], "uv_size": [2, 1]},
								"east": {"uv": [142, 17], "uv_size": [27, 1]},
								"south": {"uv": [116, 156], "uv_size": [2, 1]},
								"west": {"uv": [142, 66], "uv_size": [27, 1]},
								"up": {"uv": [94, 129], "uv_size": [2, 27]},
								"down": {"uv": [96, 156], "uv_size": [2, -27]}
							}
						},
						{
							"origin": [-2.18686, 18.95511, -59.89145],
							"size": [1.5339, 0.86151, 26.91443],
							"inflate": 0.002,
							"pivot": [-1.53437, 17.96617, -10.26734],
							"rotation": [0, 0, 42.5],
							"uv": {
								"north": {"uv": [156, 111], "uv_size": [2, 1]},
								"east": {"uv": [142, 13], "uv_size": [27, 1]},
								"south": {"uv": [156, 112], "uv_size": [2, 1]},
								"west": {"uv": [142, 14], "uv_size": [27, 1]},
								"up": {"uv": [10, 129], "uv_size": [2, 27]},
								"down": {"uv": [12, 156], "uv_size": [2, -27]}
							}
						},
						{
							"origin": [-2.30132, 16.06536, -59.89145],
							"size": [1.5339, 0.86151, 26.91443],
							"inflate": 0.002,
							"pivot": [-1.53437, 17.96617, -10.26734],
							"rotation": [0, 0, -90],
							"uv": {
								"north": {"uv": [156, 113], "uv_size": [2, 1]},
								"east": {"uv": [142, 15], "uv_size": [27, 1]},
								"south": {"uv": [156, 114], "uv_size": [2, 1]},
								"west": {"uv": [142, 16], "uv_size": [27, 1]},
								"up": {"uv": [14, 129], "uv_size": [2, 27]},
								"down": {"uv": [16, 156], "uv_size": [2, -27]}
							}
						},
						{
							"origin": [-2.30132, 18.9106, -59.89145],
							"size": [1.5339, 0.86151, 26.91443],
							"inflate": 0.002,
							"uv": {
								"north": {"uv": [106, 156], "uv_size": [2, 1]},
								"east": {"uv": [139, 134], "uv_size": [27, 1]},
								"south": {"uv": [108, 156], "uv_size": [2, 1]},
								"west": {"uv": [142, 12], "uv_size": [27, 1]},
								"up": {"uv": [32, 126], "uv_size": [2, 27]},
								"down": {"uv": [128, 144], "uv_size": [2, -27]}
							}
						},
						{
							"origin": [-2.41577, 18.95511, -59.89145],
							"size": [1.5339, 0.86151, 26.91443],
							"inflate": 0.002,
							"pivot": [-1.53437, 17.96617, -10.26734],
							"rotation": [0, 0, -42.5],
							"uv": {
								"north": {"uv": [102, 156], "uv_size": [2, 1]},
								"east": {"uv": [139, 132], "uv_size": [27, 1]},
								"south": {"uv": [104, 156], "uv_size": [2, 1]},
								"west": {"uv": [139, 133], "uv_size": [27, 1]},
								"up": {"uv": [46, 125], "uv_size": [2, 27]},
								"down": {"uv": [30, 153], "uv_size": [2, -27]}
							}
						},
						{
							"origin": [-2.30132, 19.00547, -59.89145],
							"size": [1.5339, 0.86151, 26.91443],
							"inflate": 0.002,
							"pivot": [-1.53437, 17.96617, -10.26734],
							"rotation": [0, 0, -90],
							"uv": {
								"north": {"uv": [156, 119], "uv_size": [2, 1]},
								"east": {"uv": [142, 71], "uv_size": [27, 1]},
								"south": {"uv": [120, 156], "uv_size": [2, 1]},
								"west": {"uv": [142, 72], "uv_size": [27, 1]},
								"up": {"uv": [106, 129], "uv_size": [2, 27]},
								"down": {"uv": [108, 156], "uv_size": [2, -27]}
							}
						},
						{
							"origin": [-2.30132, 18.00547, -60.70988],
							"size": [1.5339, 1.86151, 0.81443],
							"inflate": 0.002,
							"pivot": [-1.53437, 17.96617, -37.18577],
							"rotation": [0, 0, -90],
							"uv": {
								"north": {"uv": [12, 156], "uv_size": [2, 2]},
								"east": {"uv": [83, 158], "uv_size": [1, 2]},
								"south": {"uv": [14, 156], "uv_size": [2, 2]},
								"west": {"uv": [84, 158], "uv_size": [1, 2]},
								"up": {"uv": [85, 158], "uv_size": [2, 1]},
								"down": {"uv": [87, 159], "uv_size": [2, -1]}
							}
						},
						{
							"origin": [-2.41577, 18.95511, -60.70988],
							"size": [1.5339, 0.86151, 0.81443],
							"inflate": 0.002,
							"pivot": [-1.53437, 17.96617, -37.18577],
							"rotation": [0, 0, -42.5],
							"uv": {
								"north": {"uv": [75, 158], "uv_size": [2, 1]},
								"east": {"uv": [146, 158], "uv_size": [1, 1]},
								"south": {"uv": [77, 158], "uv_size": [2, 1]},
								"west": {"uv": [147, 158], "uv_size": [1, 1]},
								"up": {"uv": [79, 158], "uv_size": [2, 1]},
								"down": {"uv": [81, 159], "uv_size": [2, -1]}
							}
						},
						{
							"origin": [-2.30132, 17.9106, -60.70988],
							"size": [1.5339, 1.86151, 0.81443],
							"inflate": 0.002,
							"uv": {
								"north": {"uv": [142, 155], "uv_size": [2, 2]},
								"east": {"uv": [69, 158], "uv_size": [1, 2]},
								"south": {"uv": [10, 156], "uv_size": [2, 2]},
								"west": {"uv": [70, 158], "uv_size": [1, 2]},
								"up": {"uv": [71, 158], "uv_size": [2, 1]},
								"down": {"uv": [73, 159], "uv_size": [2, -1]}
							}
						},
						{
							"origin": [-2.18686, 18.95511, -60.70988],
							"size": [1.5339, 0.86151, 0.81443],
							"inflate": 0.002,
							"pivot": [-1.53437, 17.96617, -37.18577],
							"rotation": [0, 0, 42.5],
							"uv": {
								"north": {"uv": [61, 158], "uv_size": [2, 1]},
								"east": {"uv": [144, 158], "uv_size": [1, 1]},
								"south": {"uv": [63, 158], "uv_size": [2, 1]},
								"west": {"uv": [145, 158], "uv_size": [1, 1]},
								"up": {"uv": [65, 158], "uv_size": [2, 1]},
								"down": {"uv": [67, 159], "uv_size": [2, -1]}
							}
						},
						{
							"origin": [-2.30132, 16.06536, -60.70988],
							"size": [1.5339, 1.86151, 0.81443],
							"inflate": 0.002,
							"pivot": [-1.53437, 17.96617, -37.18577],
							"rotation": [0, 0, -90],
							"uv": {
								"north": {"uv": [90, 155], "uv_size": [2, 2]},
								"east": {"uv": [57, 158], "uv_size": [1, 2]},
								"south": {"uv": [155, 94], "uv_size": [2, 2]},
								"west": {"uv": [58, 158], "uv_size": [1, 2]},
								"up": {"uv": [158, 58], "uv_size": [2, 1]},
								"down": {"uv": [59, 159], "uv_size": [2, -1]}
							}
						},
						{
							"origin": [-2.18686, 16.11572, -60.70988],
							"size": [1.5339, 0.86151, 0.81443],
							"inflate": 0.002,
							"pivot": [-1.53437, 17.96617, -37.18577],
							"rotation": [0, 0, -42.5],
							"uv": {
								"north": {"uv": [49, 158], "uv_size": [2, 1]},
								"east": {"uv": [158, 142], "uv_size": [1, 1]},
								"south": {"uv": [51, 158], "uv_size": [2, 1]},
								"west": {"uv": [143, 158], "uv_size": [1, 1]},
								"up": {"uv": [53, 158], "uv_size": [2, 1]},
								"down": {"uv": [55, 159], "uv_size": [2, -1]}
							}
						},
						{
							"origin": [-2.30132, 16.16023, -60.70988],
							"size": [1.5339, 1.86151, 0.81443],
							"inflate": 0.002,
							"uv": {
								"north": {"uv": [86, 155], "uv_size": [2, 2]},
								"east": {"uv": [43, 158], "uv_size": [1, 2]},
								"south": {"uv": [88, 155], "uv_size": [2, 2]},
								"west": {"uv": [44, 158], "uv_size": [1, 2]},
								"up": {"uv": [45, 158], "uv_size": [2, 1]},
								"down": {"uv": [47, 159], "uv_size": [2, -1]}
							}
						},
						{
							"origin": [-2.41577, 16.11572, -60.70988],
							"size": [1.5339, 0.86151, 0.81443],
							"inflate": 0.002,
							"pivot": [-1.53437, 17.96617, -37.18577],
							"rotation": [0, 0, 42.5],
							"uv": {
								"north": {"uv": [35, 158], "uv_size": [2, 1]},
								"east": {"uv": [158, 141], "uv_size": [1, 1]},
								"south": {"uv": [37, 158], "uv_size": [2, 1]},
								"west": {"uv": [142, 158], "uv_size": [1, 1]},
								"up": {"uv": [39, 158], "uv_size": [2, 1]},
								"down": {"uv": [41, 159], "uv_size": [2, -1]}
							}
						}
					]
				},
				{
					"name": "Barrel",
					"parent": "Frame",
					"pivot": [-1.98061, 25.60298, -64.98139],
					"cubes": [
						{
							"origin": [-2.43701, 24.28852, -109.98132],
							"size": [1.8053, 1.01425, 92.19415],
							"inflate": 0.002,
							"pivot": [-1.53437, 23.06617, -4.07024],
							"rotation": [0, 0, -90],
							"uv": {
								"north": {"uv": [54, 156], "uv_size": [2, 1]},
								"east": {"uv": [83, 28], "uv_size": [92, 1]},
								"south": {"uv": [56, 156], "uv_size": [2, 1]},
								"west": {"uv": [83, 29], "uv_size": [92, 1]},
								"up": {"uv": [48, 54], "uv_size": [2, 92]},
								"down": {"uv": [50, 146], "uv_size": [2, -92]}
							}
						},
						{
							"origin": [-2.57166, 20.88882, -109.98132],
							"size": [1.8053, 1.01425, 92.19415],
							"inflate": 0.002,
							"pivot": [-1.53437, 23.06617, -4.07024],
							"rotation": [0, 0, 42.5],
							"uv": {
								"north": {"uv": [58, 156], "uv_size": [2, 1]},
								"east": {"uv": [84, 0], "uv_size": [92, 1]},
								"south": {"uv": [74, 156], "uv_size": [2, 1]},
								"west": {"uv": [84, 1], "uv_size": [92, 1]},
								"up": {"uv": [52, 54], "uv_size": [2, 92]},
								"down": {"uv": [54, 146], "uv_size": [2, -92]}
							}
						},
						{
							"origin": [-2.43701, 20.94118, -109.98132],
							"size": [1.8053, 1.01425, 92.19415],
							"inflate": 0.002,
							"uv": {
								"north": {"uv": [76, 156], "uv_size": [2, 1]},
								"east": {"uv": [84, 2], "uv_size": [92, 1]},
								"south": {"uv": [78, 156], "uv_size": [2, 1]},
								"west": {"uv": [84, 3], "uv_size": [92, 1]},
								"up": {"uv": [56, 54], "uv_size": [2, 92]},
								"down": {"uv": [58, 146], "uv_size": [2, -92]}
							}
						},
						{
							"origin": [-2.30236, 20.88882, -109.98132],
							"size": [1.8053, 1.01425, 92.19415],
							"inflate": 0.002,
							"pivot": [-1.53437, 23.06617, -4.07024],
							"rotation": [0, 0, -42.5],
							"uv": {
								"north": {"uv": [80, 156], "uv_size": [2, 1]},
								"east": {"uv": [84, 4], "uv_size": [92, 1]},
								"south": {"uv": [82, 156], "uv_size": [2, 1]},
								"west": {"uv": [84, 5], "uv_size": [92, 1]},
								"up": {"uv": [60, 30], "uv_size": [2, 92]},
								"down": {"uv": [62, 122], "uv_size": [2, -92]}
							}
						},
						{
							"origin": [-2.43701, 20.82957, -109.98132],
							"size": [1.8053, 1.01425, 92.19415],
							"inflate": 0.002,
							"pivot": [-1.53437, 23.06617, -4.07024],
							"rotation": [0, 0, -90],
							"uv": {
								"north": {"uv": [84, 156], "uv_size": [2, 1]},
								"east": {"uv": [70, 84], "uv_size": [92, 1]},
								"south": {"uv": [94, 156], "uv_size": [2, 1]},
								"west": {"uv": [70, 85], "uv_size": [92, 1]},
								"up": {"uv": [64, 30], "uv_size": [2, 92]},
								"down": {"uv": [66, 122], "uv_size": [2, -92]}
							}
						},
						{
							"origin": [-2.30236, 24.22928, -109.98132],
							"size": [1.8053, 1.01425, 92.19415],
							"inflate": 0.002,
							"pivot": [-1.53437, 23.06617, -4.07024],
							"rotation": [0, 0, 42.5],
							"uv": {
								"north": {"uv": [96, 156], "uv_size": [2, 1]},
								"east": {"uv": [70, 86], "uv_size": [92, 1]},
								"south": {"uv": [156, 97], "uv_size": [2, 1]},
								"west": {"uv": [70, 87], "uv_size": [92, 1]},
								"up": {"uv": [68, 30], "uv_size": [2, 92]},
								"down": {"uv": [0, 162], "uv_size": [2, -92]}
							}
						},
						{
							"origin": [-2.43701, 24.17691, -109.98132],
							"size": [1.8053, 1.01425, 92.19415],
							"inflate": 0.002,
							"uv": {
								"north": {"uv": [98, 156], "uv_size": [2, 1]},
								"east": {"uv": [70, 88], "uv_size": [92, 1]},
								"south": {"uv": [156, 98], "uv_size": [2, 1]},
								"west": {"uv": [88, 78], "uv_size": [92, 1]},
								"up": {"uv": [2, 70], "uv_size": [2, 92]},
								"down": {"uv": [4, 162], "uv_size": [2, -92]}
							}
						},
						{
							"origin": [-2.57166, 24.22928, -109.98132],
							"size": [1.8053, 1.01425, 92.19415],
							"inflate": 0.002,
							"pivot": [-1.53437, 23.06617, -4.07024],
							"rotation": [0, 0, -42.5],
							"uv": {
								"north": {"uv": [156, 99], "uv_size": [2, 1]},
								"east": {"uv": [88, 79], "uv_size": [92, 1]},
								"south": {"uv": [100, 156], "uv_size": [2, 1]},
								"west": {"uv": [88, 80], "uv_size": [92, 1]},
								"up": {"uv": [6, 70], "uv_size": [2, 92]},
								"down": {"uv": [8, 162], "uv_size": [2, -92]}
							}
						}
					]
				},
				{
					"name": "Teuing2",
					"parent": "Frame",
					"pivot": [-3.6, 15.48404, -22.09755],
					"rotation": [-87.5, 0, 0],
					"cubes": [
						{
							"origin": [-2.82578, 24.5645, -12.98978],
							"size": [2.45156, 0.88648, 0.27854],
							"pivot": [0.1922, 6.43406, -30.55539],
							"rotation": [22.5, 0, 0],
							"uv": {
								"north": {"uv": [154, 156], "uv_size": [2, 1]},
								"east": {"uv": [107, 158], "uv_size": [1, 1]},
								"south": {"uv": [156, 154], "uv_size": [2, 1]},
								"west": {"uv": [108, 158], "uv_size": [1, 1]},
								"up": {"uv": [156, 155], "uv_size": [2, 1]},
								"down": {"uv": [156, 157], "uv_size": [2, -1]}
							}
						},
						{
							"origin": [-2.82578, 30.72547, -21.60435],
							"size": [2.45156, 0.88648, 0.27854],
							"uv": {
								"north": {"uv": [157, 30], "uv_size": [2, 1]},
								"east": {"uv": [109, 158], "uv_size": [1, 1]},
								"south": {"uv": [157, 31], "uv_size": [2, 1]},
								"west": {"uv": [110, 158], "uv_size": [1, 1]},
								"up": {"uv": [157, 32], "uv_size": [2, 1]},
								"down": {"uv": [157, 34], "uv_size": [2, -1]}
							}
						},
						{
							"origin": [-2.82578, 33.38585, -42.36874],
							"size": [2.45156, 0.88648, 0.27854],
							"pivot": [0.1922, 8.43406, -30.55539],
							"rotation": [-45, 0, 0],
							"uv": {
								"north": {"uv": [34, 157], "uv_size": [2, 1]},
								"east": {"uv": [111, 158], "uv_size": [1, 1]},
								"south": {"uv": [157, 34], "uv_size": [2, 1]},
								"west": {"uv": [158, 111], "uv_size": [1, 1]},
								"up": {"uv": [157, 35], "uv_size": [2, 1]},
								"down": {"uv": [36, 158], "uv_size": [2, -1]}
							}
						},
						{
							"origin": [-2.82578, 17.57586, -3.21058],
							"size": [2.45156, 0.88648, 0.27854],
							"pivot": [0.1922, 8.43406, -30.55539],
							"rotation": [45, 0, 0],
							"uv": {
								"north": {"uv": [157, 36], "uv_size": [2, 1]},
								"east": {"uv": [112, 158], "uv_size": [1, 1]},
								"south": {"uv": [157, 37], "uv_size": [2, 1]},
								"west": {"uv": [158, 112], "uv_size": [1, 1]},
								"up": {"uv": [38, 157], "uv_size": [2, 1]},
								"down": {"uv": [157, 39], "uv_size": [2, -1]}
							}
						},
						{
							"origin": [-2.82578, 26.5645, -8.8117],
							"size": [2.45156, 0.88648, 0.27854],
							"pivot": [0.1922, 8.43406, -30.55539],
							"rotation": [22.5, 0, 0],
							"uv": {
								"north": {"uv": [157, 39], "uv_size": [2, 1]},
								"east": {"uv": [113, 158], "uv_size": [1, 1]},
								"south": {"uv": [40, 157], "uv_size": [2, 1]},
								"west": {"uv": [158, 113], "uv_size": [1, 1]},
								"up": {"uv": [157, 40], "uv_size": [2, 1]},
								"down": {"uv": [157, 42], "uv_size": [2, -1]}
							}
						},
						{
							"origin": [-2.82578, 30.72547, -17.40506],
							"size": [2.45156, 2.87989, 0.25734],
							"uv": {
								"north": {"uv": [48, 154], "uv_size": [2, 3]},
								"east": {"uv": [30, 82], "uv_size": [1, 3]},
								"south": {"uv": [50, 154], "uv_size": [2, 3]},
								"west": {"uv": [143, 89], "uv_size": [1, 3]},
								"up": {"uv": [42, 157], "uv_size": [2, 1]},
								"down": {"uv": [44, 158], "uv_size": [2, -1]}
							}
						},
						{
							"origin": [-2.82578, 33.12081, -27.74278],
							"size": [2.45156, 0.88648, 0.27854],
							"pivot": [0.1922, 6.43406, -30.55539],
							"rotation": [-22.5, 0, 0],
							"uv": {
								"north": {"uv": [157, 46], "uv_size": [2, 1]},
								"east": {"uv": [114, 158], "uv_size": [1, 1]},
								"south": {"uv": [157, 47], "uv_size": [2, 1]},
								"west": {"uv": [158, 114], "uv_size": [1, 1]},
								"up": {"uv": [48, 157], "uv_size": [2, 1]},
								"down": {"uv": [157, 49], "uv_size": [2, -1]}
							}
						},
						{
							"origin": [-2.82578, 31.38585, -38.19065],
							"size": [2.45156, 0.88648, 0.27854],
							"pivot": [0.1922, 6.43406, -30.55539],
							"rotation": [-45, 0, 0],
							"uv": {
								"north": {"uv": [157, 49], "uv_size": [2, 1]},
								"east": {"uv": [115, 158], "uv_size": [1, 1]},
								"south": {"uv": [50, 157], "uv_size": [2, 1]},
								"west": {"uv": [158, 115], "uv_size": [1, 1]},
								"up": {"uv": [157, 50], "uv_size": [2, 1]},
								"down": {"uv": [157, 52], "uv_size": [2, -1]}
							}
						},
						{
							"origin": [-2.82578, 22.77943, -11.20471],
							"size": [2.45156, 0.27854, 0.88648],
							"pivot": [0.1922, 6.43406, -30.55539],
							"rotation": [22.5, 0, 0],
							"uv": {
								"north": {"uv": [52, 157], "uv_size": [2, 1]},
								"east": {"uv": [158, 116], "uv_size": [1, 1]},
								"south": {"uv": [54, 157], "uv_size": [2, 1]},
								"west": {"uv": [158, 117], "uv_size": [1, 1]},
								"up": {"uv": [56, 157], "uv_size": [2, 1]},
								"down": {"uv": [58, 158], "uv_size": [2, -1]}
							}
						},
						{
							"origin": [-2.82578, 28.94039, -19.81927],
							"size": [2.45156, 0.27854, 0.88648],
							"uv": {
								"north": {"uv": [70, 157], "uv_size": [2, 1]},
								"east": {"uv": [118, 158], "uv_size": [1, 1]},
								"south": {"uv": [72, 157], "uv_size": [2, 1]},
								"west": {"uv": [158, 118], "uv_size": [1, 1]},
								"up": {"uv": [74, 157], "uv_size": [2, 1]},
								"down": {"uv": [76, 158], "uv_size": [2, -1]}
							}
						},
						{
							"origin": [-2.82578, 31.33573, -30.13579],
							"size": [2.45156, 0.27854, 0.88648],
							"pivot": [0.1922, 6.43406, -30.55539],
							"rotation": [-22.5, 0, 0],
							"uv": {
								"north": {"uv": [78, 157], "uv_size": [2, 1]},
								"east": {"uv": [119, 158], "uv_size": [1, 1]},
								"south": {"uv": [80, 157], "uv_size": [2, 1]},
								"west": {"uv": [158, 119], "uv_size": [1, 1]},
								"up": {"uv": [82, 157], "uv_size": [2, 1]},
								"down": {"uv": [84, 158], "uv_size": [2, -1]}
							}
						},
						{
							"origin": [-2.82578, 28.95751, -11.20471],
							"size": [2.45156, 0.27854, 0.88648],
							"pivot": [0.1922, 8.43406, -30.55539],
							"rotation": [22.5, 0, 0],
							"uv": {
								"north": {"uv": [86, 157], "uv_size": [2, 1]},
								"east": {"uv": [120, 158], "uv_size": [1, 1]},
								"south": {"uv": [88, 157], "uv_size": [2, 1]},
								"west": {"uv": [158, 120], "uv_size": [1, 1]},
								"up": {"uv": [90, 157], "uv_size": [2, 1]},
								"down": {"uv": [94, 158], "uv_size": [2, -1]}
							}
						},
						{
							"origin": [-2.82578, 35.11848, -19.81927],
							"size": [2.45156, 0.27854, 0.88648],
							"uv": {
								"north": {"uv": [157, 94], "uv_size": [2, 1]},
								"east": {"uv": [121, 158], "uv_size": [1, 1]},
								"south": {"uv": [157, 95], "uv_size": [2, 1]},
								"west": {"uv": [158, 121], "uv_size": [1, 1]},
								"up": {"uv": [96, 157], "uv_size": [2, 1]},
								"down": {"uv": [98, 158], "uv_size": [2, -1]}
							}
						},
						{
							"origin": [-2.82578, 37.51382, -30.13579],
							"size": [2.45156, 0.27854, 0.88648],
							"pivot": [0.1922, 8.43406, -30.55539],
							"rotation": [-22.5, 0, 0],
							"uv": {
								"north": {"uv": [100, 157], "uv_size": [2, 1]},
								"east": {"uv": [122, 158], "uv_size": [1, 1]},
								"south": {"uv": [102, 157], "uv_size": [2, 1]},
								"west": {"uv": [158, 122], "uv_size": [1, 1]},
								"up": {"uv": [104, 157], "uv_size": [2, 1]},
								"down": {"uv": [157, 106], "uv_size": [2, -1]}
							}
						},
						{
							"origin": [-2.82578, 15.57586, -7.38866],
							"size": [2.45156, 0.88648, 0.27854],
							"pivot": [0.1922, 6.43406, -30.55539],
							"rotation": [45, 0, 0],
							"uv": {
								"north": {"uv": [150, 156], "uv_size": [2, 1]},
								"east": {"uv": [105, 158], "uv_size": [1, 1]},
								"south": {"uv": [152, 156], "uv_size": [2, 1]},
								"west": {"uv": [106, 158], "uv_size": [1, 1]},
								"up": {"uv": [156, 152], "uv_size": [2, 1]},
								"down": {"uv": [156, 154], "uv_size": [2, -1]}
							}
						}
					]
				},
				{
					"name": "trigger",
					"parent": "Teuing2",
					"pivot": [-3.59763, 16.49456, -22.78392],
					"cubes": [
						{
							"origin": [-5.9753, 2.74696, -14.63314],
							"size": [0.81709, 0.4298, 1.65475],
							"inflate": 0.002,
							"pivot": [-3.59763, 16.99456, -22.38392],
							"rotation": [-24.00512, 0.07949, -179.8797],
							"uv": {
								"north": {"uv": [123, 158], "uv_size": [1, 1]},
								"east": {"uv": [106, 157], "uv_size": [2, 1]},
								"south": {"uv": [124, 158], "uv_size": [1, 1]},
								"west": {"uv": [108, 157], "uv_size": [2, 1]},
								"up": {"uv": [116, 157], "uv_size": [1, 2]},
								"down": {"uv": [117, 159], "uv_size": [1, -2]}
							}
						},
						{
							"origin": [-5.9753, 0.57758, -17.69473],
							"size": [0.81709, 0.41222, 0.98435],
							"inflate": 0.002,
							"pivot": [-3.59763, 16.99456, -22.38392],
							"rotation": [-6.50512, 0.07949, -179.8797],
							"uv": {
								"north": {"uv": [125, 158], "uv_size": [1, 1]},
								"east": {"uv": [126, 158], "uv_size": [1, 1]},
								"south": {"uv": [127, 158], "uv_size": [1, 1]},
								"west": {"uv": [158, 135], "uv_size": [1, 1]},
								"up": {"uv": [158, 136], "uv_size": [1, 1]},
								"down": {"uv": [158, 139], "uv_size": [1, -1]}
							}
						}
					]
				},
				{
					"name": "SlugLoad",
					"parent": "gun",
					"pivot": [-2.14063, 9.88691, -6.48011],
					"cubes": [
						{
							"origin": [-2.51762, 14.9048, -17.91116],
							"size": [1.97127, 0.73463, 5.9195],
							"pivot": [-1.53199, 15.27211, -11.95141],
							"rotation": [0, 0, -180],
							"uv": {
								"north": {"uv": [89, 158], "uv_size": [2, 1]},
								"east": {"uv": [154, 92], "uv_size": [6, 1]},
								"south": {"uv": [158, 93], "uv_size": [2, 1]},
								"west": {"uv": [154, 96], "uv_size": [6, 1]},
								"up": {"uv": [150, 42], "uv_size": [2, 6]},
								"down": {"uv": [150, 54], "uv_size": [2, -6]}
							}
						}
					]
				},
				{
					"name": "Slug",
					"parent": "gun",
					"pivot": [-1.60888, 17.92739, -15.05174],
					"cubes": [
						{
							"origin": [-2.46386, 17.09692, -17.42459],
							"size": [1.70996, 1.66094, 4.7457],
							"inflate": 0.002,
							"uv": {
								"north": {"uv": [16, 156], "uv_size": [2, 2]},
								"east": {"uv": [146, 60], "uv_size": [5, 2]},
								"south": {"uv": [30, 156], "uv_size": [2, 2]},
								"west": {"uv": [146, 101], "uv_size": [5, 2]},
								"up": {"uv": [150, 54], "uv_size": [2, 5]},
								"down": {"uv": [150, 94], "uv_size": [2, -5]}
							}
						}
					]
				},
				{
					"name": "Slug2",
					"parent": "gun",
					"pivot": [-1.65953, 22.92218, -20.39562],
					"cubes": [
						{
							"origin": [-2.51451, 22.09171, -22.76847],
							"size": [1.70996, 1.66094, 4.7457],
							"inflate": 0.002,
							"uv": {
								"north": {"uv": [32, 156], "uv_size": [2, 2]},
								"east": {"uv": [146, 103], "uv_size": [5, 2]},
								"south": {"uv": [46, 156], "uv_size": [2, 2]},
								"west": {"uv": [150, 94], "uv_size": [5, 2]},
								"up": {"uv": [150, 96], "uv_size": [2, 5]},
								"down": {"uv": [150, 143], "uv_size": [2, -5]}
							}
						}
					]
				},
				{
					"name": "Sight",
					"parent": "gun",
					"pivot": [-3.53437, 26.06617, -20.67024],
					"cubes": [
						{
							"origin": [-2.06201, 25.17691, -107.08132],
							"size": [1.0553, 0.31425, 2.49415],
							"inflate": 0.002,
							"uv": {
								"north": {"uv": [148, 158], "uv_size": [1, 1]},
								"east": {"uv": [94, 158], "uv_size": [2, 1]},
								"south": {"uv": [149, 158], "uv_size": [1, 1]},
								"west": {"uv": [96, 158], "uv_size": [2, 1]},
								"up": {"uv": [91, 158], "uv_size": [1, 2]},
								"down": {"uv": [158, 99], "uv_size": [1, -2]}
							}
						},
						{
							"origin": [-1.73172, 25.40191, -106.48132],
							"size": [0.4, 0.4, 0.4],
							"inflate": 0.002,
							"pivot": [-1.53172, 25.60191, -106.28132],
							"rotation": [0, 0, -45],
							"uv": {
								"north": {"uv": [157, 158], "uv_size": [1, 1]},
								"east": {"uv": [158, 157], "uv_size": [1, 1]},
								"south": {"uv": [158, 158], "uv_size": [1, 1]},
								"west": {"uv": [10, 159], "uv_size": [1, 1]},
								"up": {"uv": [11, 159], "uv_size": [1, 1]},
								"down": {"uv": [12, 160], "uv_size": [1, -1]}
							}
						},
						{
							"origin": [-2.06201, 25.06184, -108.13201],
							"size": [1.0553, 0.31425, 1.09415],
							"inflate": 0.002,
							"pivot": [-1.53437, 25.21897, -107.58494],
							"rotation": [12.5, 0, 0],
							"uv": {
								"north": {"uv": [154, 158], "uv_size": [1, 1]},
								"east": {"uv": [158, 154], "uv_size": [1, 1]},
								"south": {"uv": [155, 158], "uv_size": [1, 1]},
								"west": {"uv": [158, 155], "uv_size": [1, 1]},
								"up": {"uv": [156, 158], "uv_size": [1, 1]},
								"down": {"uv": [158, 157], "uv_size": [1, -1]}
							}
						},
						{
							"origin": [-2.06201, 24.97406, -104.66337],
							"size": [1.0553, 0.31425, 1.39415],
							"inflate": 0.002,
							"pivot": [-1.53437, 25.13119, -103.96629],
							"rotation": [-17.5, 0, 0],
							"uv": {
								"north": {"uv": [150, 158], "uv_size": [1, 1]},
								"east": {"uv": [151, 158], "uv_size": [1, 1]},
								"south": {"uv": [152, 158], "uv_size": [1, 1]},
								"west": {"uv": [158, 152], "uv_size": [1, 1]},
								"up": {"uv": [153, 158], "uv_size": [1, 1]},
								"down": {"uv": [158, 154], "uv_size": [1, -1]}
							}
						}
					]
				},
				{
					"name": "rightarm",
					"parent": "main",
					"pivot": [-4.3, 8.8, 21.8],
					"rotation": [-101.81106, -12.40003, -2.46982],
					"cubes": [
						{
							"origin": [-8.3, -15.2, 17.8],
							"size": [8, 24, 8],
							"pivot": [-1.3, -3.2, 18.8],
							"rotation": [0, 0, 5],
							"uv": {
								"north": {"uv": [44, 30], "uv_size": [8, 24]},
								"east": {"uv": [0, 46], "uv_size": [8, 24]},
								"south": {"uv": [8, 46], "uv_size": [8, 24]},
								"west": {"uv": [16, 46], "uv_size": [8, 24]},
								"up": {"uv": [18, 126], "uv_size": [8, 8]},
								"down": {"uv": [126, 101], "uv_size": [8, -8]}
							}
						}
					]
				},
				{
					"name": "leftarm",
					"parent": "main",
					"pivot": [10.7, 11.3, -8.6],
					"rotation": [-119.61483, 1.67666, -38.31282],
					"cubes": [
						{
							"origin": [2.7, -14.7, -9.6],
							"size": [8, 24, 8],
							"uv": {
								"north": {"uv": [24, 46], "uv_size": [8, 24]},
								"east": {"uv": [32, 46], "uv_size": [8, 24]},
								"south": {"uv": [52, 30], "uv_size": [8, 24]},
								"west": {"uv": [40, 54], "uv_size": [8, 24]},
								"up": {"uv": [126, 101], "uv_size": [8, 8]},
								"down": {"uv": [126, 117], "uv_size": [8, -8]}
							}
						}
					]
				},
				{
					"name": "muzzleflash",
					"parent": "main",
					"pivot": [-3.4, 25.15, -127.05],
					"cubes": [
						{
							"origin": [-1.9, 22.65, -110.95],
							"size": [1, 1, 1],
							"inflate": -0.4,
							"uv": {
								"north": {"uv": [30, 85], "uv_size": [1, 1]},
								"east": {"uv": [42, 124], "uv_size": [1, 1]},
								"south": {"uv": [143, 92], "uv_size": [1, 1]},
								"west": {"uv": [98, 158], "uv_size": [1, 1]},
								"up": {"uv": [99, 158], "uv_size": [1, 1]},
								"down": {"uv": [158, 100], "uv_size": [1, -1]}
							}
						}
					]
				},
				{
					"name": "scope",
					"parent": "main",
					"pivot": [-1.525, 26.35, 4.65],
					"cubes": [
						{
							"origin": [-2.025, 25.85, 4.15],
							"size": [1, 1, 1],
							"inflate": -0.4,
							"uv": {
								"north": {"uv": [100, 158], "uv_size": [1, 1]},
								"east": {"uv": [158, 100], "uv_size": [1, 1]},
								"south": {"uv": [101, 158], "uv_size": [1, 1]},
								"west": {"uv": [102, 158], "uv_size": [1, 1]},
								"up": {"uv": [103, 158], "uv_size": [1, 1]},
								"down": {"uv": [104, 159], "uv_size": [1, -1]}
							}
						}
					]
				}
			]
		}
	]
}