{
	"format_version": "1.12.0",
	"minecraft:geometry": [
		{
			"description": {
				"identifier": "geometry.unknown",
				"texture_width": 256,
				"texture_height": 256,
				"visible_bounds_width": 17,
				"visible_bounds_height": 4,
				"visible_bounds_offset": [0, 1, 0]
			},
			"bones": [
				{
					"name": "main",
					"pivot": [0, 26, 0]
				},
				{
					"name": "gun",
					"parent": "main",
					"pivot": [0.59842, 16.99877, 5.62362],
					"cubes": [
						{
							"origin": [-1.80367, 21.94505, -125.10827],
							"size": [0.82, 0.82, 8.02],
							"pivot": [-2.41207, 23.6282, -71.02812],
							"rotation": [0, 0, 45],
							"uv": {
								"north": {"uv": [128, 6], "uv_size": [1, 1]},
								"east": {"uv": [119, 94], "uv_size": [8, 1]},
								"south": {"uv": [128, 7], "uv_size": [1, 1]},
								"west": {"uv": [119, 95], "uv_size": [8, 1]},
								"up": {"uv": [99, 84], "uv_size": [1, 8]},
								"down": {"uv": [53, 122], "uv_size": [1, -8]}
							}
						},
						{
							"origin": [-1.86194, 21.88679, -125.57021],
							"size": [0.93652, 0.93652, 1.5],
							"pivot": [-2.41207, 23.6282, -71.02812],
							"rotation": [0, 0, 45],
							"uv": {
								"north": {"uv": [128, 8], "uv_size": [1, 1]},
								"east": {"uv": [126, 113], "uv_size": [2, 1]},
								"south": {"uv": [128, 9], "uv_size": [1, 1]},
								"west": {"uv": [126, 114], "uv_size": [2, 1]},
								"up": {"uv": [126, 115], "uv_size": [1, 2]},
								"down": {"uv": [126, 119], "uv_size": [1, -2]}
							}
						}
					]
				},
				{
					"name": "Stock",
					"parent": "gun",
					"pivot": [-0.83318, 16.17495, 16.18078],
					"cubes": [
						{
							"origin": [-4.07756, 13.11512, -8.00972],
							"size": [1.64657, 3.486, 18.65137],
							"pivot": [-2.51216, 15.36141, 7.81032],
							"rotation": [17.5, 0, -180],
							"uv": {
								"north": {"uv": [66, 63], "uv_size": [2, 3]},
								"east": {"uv": [76, 75], "uv_size": [19, 3]},
								"south": {"uv": [68, 63], "uv_size": [2, 3]},
								"west": {"uv": [77, 0], "uv_size": [19, 3]},
								"up": {"uv": [88, 96], "uv_size": [2, 19]},
								"down": {"uv": [90, 115], "uv_size": [2, -19]}
							}
						},
						{
							"origin": [-3.96936, 5.67172, 9.56166],
							"size": [1.51391, 4.27884, 25.98281],
							"pivot": [-2.45806, 10.67997, 16.75371],
							"rotation": [16, 0, -180],
							"uv": {
								"north": {"uv": [113, 97], "uv_size": [2, 4]},
								"east": {"uv": [0, 48], "uv_size": [26, 4]},
								"south": {"uv": [114, 105], "uv_size": [2, 4]},
								"west": {"uv": [36, 48], "uv_size": [26, 4]},
								"up": {"uv": [32, 83], "uv_size": [2, 26]},
								"down": {"uv": [34, 109], "uv_size": [2, -26]}
							}
						},
						{
							"origin": [-4.04159, 18.27567, 7.624],
							"size": [1.51391, 3.74284, 29.53006],
							"pivot": [-2.52123, 19.87909, 19.37403],
							"rotation": [1, 0, -180],
							"uv": {
								"north": {"uv": [114, 109], "uv_size": [2, 4]},
								"east": {"uv": [36, 16], "uv_size": [30, 4]},
								"south": {"uv": [114, 113], "uv_size": [2, 4]},
								"west": {"uv": [36, 20], "uv_size": [30, 4]},
								"up": {"uv": [58, 74], "uv_size": [2, 30]},
								"down": {"uv": [60, 104], "uv_size": [2, -30]}
							}
						},
						{
							"origin": [-4.04159, 13.1935, 10.22699],
							"size": [1.51391, 4.41284, 26.85006],
							"pivot": [-2.52123, 15.46692, 19.29702],
							"rotation": [1, 0, -180],
							"uv": {
								"north": {"uv": [70, 115], "uv_size": [2, 4]},
								"east": {"uv": [36, 32], "uv_size": [27, 4]},
								"south": {"uv": [72, 115], "uv_size": [2, 4]},
								"west": {"uv": [36, 36], "uv_size": [27, 4]},
								"up": {"uv": [68, 74], "uv_size": [2, 27]},
								"down": {"uv": [76, 105], "uv_size": [2, -27]}
							}
						},
						{
							"origin": [-4.04159, 8.78134, 23.61398],
							"size": [1.51391, 3.74484, 13.38606],
							"pivot": [-2.52123, 11.05476, 19.22],
							"rotation": [1, 0, -180],
							"uv": {
								"north": {"uv": [88, 115], "uv_size": [2, 4]},
								"east": {"uv": [82, 84], "uv_size": [13, 4]},
								"south": {"uv": [115, 89], "uv_size": [2, 4]},
								"west": {"uv": [82, 88], "uv_size": [13, 4]},
								"up": {"uv": [106, 77], "uv_size": [2, 13]},
								"down": {"uv": [106, 103], "uv_size": [2, -13]}
							}
						},
						{
							"origin": [-4.0957, 3.69917, 35.02287],
							"size": [1.56801, 3.10721, 1.90015],
							"pivot": [-2.52123, 6.64259, 19.14299],
							"rotation": [1, 0, -180],
							"uv": {
								"north": {"uv": [119, 96], "uv_size": [2, 3]},
								"east": {"uv": [104, 119], "uv_size": [2, 3]},
								"south": {"uv": [111, 119], "uv_size": [2, 3]},
								"west": {"uv": [51, 120], "uv_size": [2, 3]},
								"up": {"uv": [117, 121], "uv_size": [2, 2]},
								"down": {"uv": [122, 81], "uv_size": [2, -2]}
							}
						},
						{
							"origin": [-4.0957, 18.23972, 37.15375],
							"size": [1.56801, 15.00573, 2.06006],
							"pivot": [-2.52123, 19.84314, 21.43378],
							"rotation": [1, 0, -180],
							"uv": {
								"north": {"uv": [50, 99], "uv_size": [2, 15]},
								"east": {"uv": [52, 99], "uv_size": [2, 15]},
								"south": {"uv": [100, 77], "uv_size": [2, 15]},
								"west": {"uv": [100, 92], "uv_size": [2, 15]},
								"up": {"uv": [122, 81], "uv_size": [2, 2]},
								"down": {"uv": [82, 124], "uv_size": [2, -2]}
							}
						},
						{
							"origin": [-4.04159, 17.36453, 4.63733],
							"size": [1.51391, 3.74284, 4.33806],
							"pivot": [-2.52123, 18.90095, 6.27036],
							"rotation": [-34, 0, -180],
							"uv": {
								"north": {"uv": [90, 115], "uv_size": [2, 4]},
								"east": {"uv": [95, 84], "uv_size": [4, 4]},
								"south": {"uv": [115, 93], "uv_size": [2, 4]},
								"west": {"uv": [95, 88], "uv_size": [4, 4]},
								"up": {"uv": [115, 97], "uv_size": [2, 4]},
								"down": {"uv": [68, 120], "uv_size": [2, -4]}
							}
						},
						{
							"origin": [-4.11349, 10.2679, -8.02007],
							"size": [1.58983, 2.77998, 18.35137],
							"pivot": [-2.53013, 15.28014, 8.11467],
							"rotation": [17.5, 0, -180],
							"uv": {
								"north": {"uv": [54, 120], "uv_size": [2, 3]},
								"east": {"uv": [77, 3], "uv_size": [18, 3]},
								"south": {"uv": [56, 120], "uv_size": [2, 3]},
								"west": {"uv": [77, 6], "uv_size": [18, 3]},
								"up": {"uv": [92, 96], "uv_size": [2, 18]},
								"down": {"uv": [94, 114], "uv_size": [2, -18]}
							}
						},
						{
							"origin": [-2.47746, 13.11599, -8.00959],
							"size": [1.5179, 3.486, 18.35137],
							"pivot": [-2.5354, 15.36218, 7.8082],
							"rotation": [17.5, 0, -180],
							"uv": {
								"north": {"uv": [68, 120], "uv_size": [2, 3]},
								"east": {"uv": [77, 9], "uv_size": [18, 3]},
								"south": {"uv": [120, 77], "uv_size": [2, 3]},
								"west": {"uv": [77, 12], "uv_size": [18, 3]},
								"up": {"uv": [96, 96], "uv_size": [2, 18]},
								"down": {"uv": [98, 114], "uv_size": [2, -18]}
							}
						},
						{
							"origin": [-2.45545, 5.67172, 9.36441],
							"size": [1.59383, 4.27884, 26.18006],
							"pivot": [-2.45806, 10.67997, 16.75371],
							"rotation": [16, 0, -180],
							"uv": {
								"north": {"uv": [116, 77], "uv_size": [2, 4]},
								"east": {"uv": [0, 52], "uv_size": [26, 4]},
								"south": {"uv": [116, 81], "uv_size": [2, 4]},
								"west": {"uv": [36, 52], "uv_size": [26, 4]},
								"up": {"uv": [82, 92], "uv_size": [2, 26]},
								"down": {"uv": [84, 118], "uv_size": [2, -26]}
							}
						},
						{
							"origin": [-2.52768, 18.27567, 7.624],
							"size": [1.53972, 3.74284, 29.53006],
							"pivot": [-2.52123, 19.87909, 19.37403],
							"rotation": [1, 0, -180],
							"uv": {
								"north": {"uv": [116, 85], "uv_size": [2, 4]},
								"east": {"uv": [36, 24], "uv_size": [30, 4]},
								"south": {"uv": [86, 116], "uv_size": [2, 4]},
								"west": {"uv": [36, 28], "uv_size": [30, 4]},
								"up": {"uv": [62, 74], "uv_size": [2, 30]},
								"down": {"uv": [74, 93], "uv_size": [2, -30]}
							}
						},
						{
							"origin": [-2.52768, 24.2142, 7.69416],
							"size": [1.00696, 1.15431, 31.57356],
							"pivot": [-2.52123, 23.22909, 19.37403],
							"rotation": [1, 0, -180],
							"uv": {
								"north": {"uv": [99, 77], "uv_size": [1, 1]},
								"east": {"uv": [95, 9], "uv_size": [32, 1]},
								"south": {"uv": [53, 122], "uv_size": [1, 1]},
								"west": {"uv": [95, 10], "uv_size": [32, 1]},
								"up": {"uv": [46, 99], "uv_size": [1, 32]},
								"down": {"uv": [47, 131], "uv_size": [1, -32]}
							}
						},
						{
							"origin": [-3.50883, 24.2142, 7.69416],
							"size": [0.98115, 1.15431, 31.57356],
							"pivot": [-2.52123, 23.22909, 19.37403],
							"rotation": [1, 0, -180],
							"uv": {
								"north": {"uv": [32, 127], "uv_size": [1, 1]},
								"east": {"uv": [95, 11], "uv_size": [32, 1]},
								"south": {"uv": [33, 127], "uv_size": [1, 1]},
								"west": {"uv": [95, 12], "uv_size": [32, 1]},
								"up": {"uv": [48, 99], "uv_size": [1, 32]},
								"down": {"uv": [49, 131], "uv_size": [1, -32]}
							}
						},
						{
							"origin": [-3.69677, 21.63524, 7.6679],
							"size": [1.53972, 0.92884, 31.57356],
							"pivot": [-2.92691, 21.69766, 22.43293],
							"rotation": [0.81918, -0.57356, -145.0041],
							"uv": {
								"north": {"uv": [124, 112], "uv_size": [2, 1]},
								"east": {"uv": [95, 13], "uv_size": [32, 1]},
								"south": {"uv": [124, 113], "uv_size": [2, 1]},
								"west": {"uv": [95, 14], "uv_size": [32, 1]},
								"up": {"uv": [70, 63], "uv_size": [2, 32]},
								"down": {"uv": [72, 95], "uv_size": [2, -32]}
							}
						},
						{
							"origin": [-2.87484, 21.64264, 7.66803],
							"size": [1.51391, 0.92884, 31.57356],
							"pivot": [-2.11788, 21.70506, 22.43306],
							"rotation": [0.81918, 0.57356, 145.0041],
							"uv": {
								"north": {"uv": [124, 114], "uv_size": [2, 1]},
								"east": {"uv": [95, 75], "uv_size": [32, 1]},
								"south": {"uv": [124, 115], "uv_size": [2, 1]},
								"west": {"uv": [95, 76], "uv_size": [32, 1]},
								"up": {"uv": [54, 74], "uv_size": [2, 32]},
								"down": {"uv": [56, 106], "uv_size": [2, -32]}
							}
						},
						{
							"origin": [-2.52768, 13.1935, 10.22699],
							"size": [1.53972, 4.41284, 26.85006],
							"pivot": [-2.52123, 15.46692, 19.29702],
							"rotation": [1, 0, -180],
							"uv": {
								"north": {"uv": [116, 105], "uv_size": [2, 4]},
								"east": {"uv": [36, 40], "uv_size": [27, 4]},
								"south": {"uv": [106, 116], "uv_size": [2, 4]},
								"west": {"uv": [36, 44], "uv_size": [27, 4]},
								"up": {"uv": [78, 78], "uv_size": [2, 27]},
								"down": {"uv": [80, 105], "uv_size": [2, -27]}
							}
						},
						{
							"origin": [-2.52768, 8.78134, 23.61398],
							"size": [1.53972, 3.74484, 13.38606],
							"pivot": [-2.52123, 11.05476, 19.22],
							"rotation": [1, 0, -180],
							"uv": {
								"north": {"uv": [116, 109], "uv_size": [2, 4]},
								"east": {"uv": [86, 92], "uv_size": [13, 4]},
								"south": {"uv": [116, 113], "uv_size": [2, 4]},
								"west": {"uv": [93, 33], "uv_size": [13, 4]},
								"up": {"uv": [106, 103], "uv_size": [2, 13]},
								"down": {"uv": [104, 119], "uv_size": [2, -13]}
							}
						},
						{
							"origin": [-2.58178, 3.69917, 35.02287],
							"size": [1.59383, 3.10721, 1.90015],
							"pivot": [-2.52123, 6.64259, 19.14299],
							"rotation": [1, 0, -180],
							"uv": {
								"north": {"uv": [120, 80], "uv_size": [2, 3]},
								"east": {"uv": [120, 83], "uv_size": [2, 3]},
								"south": {"uv": [86, 120], "uv_size": [2, 3]},
								"west": {"uv": [120, 86], "uv_size": [2, 3]},
								"up": {"uv": [122, 83], "uv_size": [2, 2]},
								"down": {"uv": [84, 124], "uv_size": [2, -2]}
							}
						},
						{
							"origin": [-2.58178, 18.23972, 37.15375],
							"size": [1.59383, 15.00573, 2.06006],
							"pivot": [-2.52123, 19.84314, 21.43378],
							"rotation": [1, 0, -180],
							"uv": {
								"north": {"uv": [68, 101], "uv_size": [2, 15]},
								"east": {"uv": [102, 77], "uv_size": [2, 15]},
								"south": {"uv": [102, 92], "uv_size": [2, 15]},
								"west": {"uv": [58, 104], "uv_size": [2, 15]},
								"up": {"uv": [122, 85], "uv_size": [2, 2]},
								"down": {"uv": [122, 89], "uv_size": [2, -2]}
							}
						},
						{
							"origin": [-2.52768, 17.36453, 4.63733],
							"size": [1.53972, 3.74284, 4.33806],
							"pivot": [-2.52123, 18.90095, 6.27036],
							"rotation": [-34, 0, -180],
							"uv": {
								"north": {"uv": [38, 117], "uv_size": [2, 4]},
								"east": {"uv": [109, 77], "uv_size": [4, 4]},
								"south": {"uv": [40, 117], "uv_size": [2, 4]},
								"west": {"uv": [109, 81], "uv_size": [4, 4]},
								"up": {"uv": [117, 89], "uv_size": [2, 4]},
								"down": {"uv": [117, 97], "uv_size": [2, -4]}
							}
						},
						{
							"origin": [-2.49493, 10.2679, -8.02007],
							"size": [1.64984, 2.77998, 18.35137],
							"pivot": [-2.47816, 15.28014, 8.11467],
							"rotation": [17.5, 0, -180],
							"uv": {
								"north": {"uv": [92, 120], "uv_size": [2, 3]},
								"east": {"uv": [82, 78], "uv_size": [18, 3]},
								"south": {"uv": [94, 120], "uv_size": [2, 3]},
								"west": {"uv": [82, 81], "uv_size": [18, 3]},
								"up": {"uv": [38, 99], "uv_size": [2, 18]},
								"down": {"uv": [40, 117], "uv_size": [2, -18]}
							}
						},
						{
							"origin": [-3.84249, 23.51935, -5.94401],
							"size": [1.21952, 0.72577, 13.86613],
							"inflate": 0.002,
							"pivot": [-2.50937, 23.41779, 0.11576],
							"rotation": [-12.70265, -11.39217, -41.22782],
							"uv": {
								"north": {"uv": [85, 127], "uv_size": [1, 1]},
								"east": {"uv": [113, 39], "uv_size": [14, 1]},
								"south": {"uv": [86, 127], "uv_size": [1, 1]},
								"west": {"uv": [113, 40], "uv_size": [14, 1]},
								"up": {"uv": [113, 105], "uv_size": [1, 14]},
								"down": {"uv": [50, 128], "uv_size": [1, -14]}
							}
						},
						{
							"origin": [-3.13157, 23.2332, -6.1906],
							"size": [1.24442, 0.69859, 14.11272],
							"inflate": 0.002,
							"pivot": [-2.50937, 23.41779, 0.11576],
							"rotation": [-17, 0, 0],
							"uv": {
								"north": {"uv": [83, 127], "uv_size": [1, 1]},
								"east": {"uv": [113, 37], "uv_size": [14, 1]},
								"south": {"uv": [84, 127], "uv_size": [1, 1]},
								"west": {"uv": [113, 38], "uv_size": [14, 1]},
								"up": {"uv": [75, 113], "uv_size": [1, 14]},
								"down": {"uv": [113, 91], "uv_size": [1, -14]}
							}
						},
						{
							"origin": [-2.39576, 23.51935, -5.94401],
							"size": [1.21952, 0.72577, 13.86613],
							"inflate": 0.002,
							"pivot": [-2.50937, 23.41779, 0.11576],
							"rotation": [-12.70265, 11.39217, 41.22782],
							"uv": {
								"north": {"uv": [127, 76], "uv_size": [1, 1]},
								"east": {"uv": [112, 103], "uv_size": [14, 1]},
								"south": {"uv": [82, 127], "uv_size": [1, 1]},
								"west": {"uv": [112, 104], "uv_size": [14, 1]},
								"up": {"uv": [112, 105], "uv_size": [1, 14]},
								"down": {"uv": [74, 127], "uv_size": [1, -14]}
							}
						}
					]
				},
				{
					"name": "Barrel2",
					"parent": "gun",
					"pivot": [-2.81727, 25.91657, -58.64127],
					"cubes": [
						{
							"origin": [-3.13157, 25.13205, -35.18082],
							"size": [1.24442, 0.69859, 29.41272],
							"inflate": 0.002,
							"pivot": [-2.50937, 24.28801, -16.30279],
							"rotation": [0, 0, -90],
							"uv": {
								"north": {"uv": [40, 127], "uv_size": [1, 1]},
								"east": {"uv": [96, 0], "uv_size": [29, 1]},
								"south": {"uv": [127, 40], "uv_size": [1, 1]},
								"west": {"uv": [96, 1], "uv_size": [29, 1]},
								"up": {"uv": [62, 104], "uv_size": [1, 29]},
								"down": {"uv": [63, 133], "uv_size": [1, -29]}
							}
						},
						{
							"origin": [-3.22448, 22.78626, -35.18082],
							"size": [1.24442, 0.69859, 29.41272],
							"inflate": 0.002,
							"pivot": [-2.50937, 24.28801, -16.30279],
							"rotation": [0, 0, 42.5],
							"uv": {
								"north": {"uv": [41, 127], "uv_size": [1, 1]},
								"east": {"uv": [96, 2], "uv_size": [29, 1]},
								"south": {"uv": [127, 41], "uv_size": [1, 1]},
								"west": {"uv": [96, 63], "uv_size": [29, 1]},
								"up": {"uv": [64, 104], "uv_size": [1, 29]},
								"down": {"uv": [65, 133], "uv_size": [1, -29]}
							}
						},
						{
							"origin": [-3.13157, 22.82239, -35.18082],
							"size": [1.24442, 0.69859, 29.41272],
							"inflate": 0.002,
							"uv": {
								"north": {"uv": [53, 127], "uv_size": [1, 1]},
								"east": {"uv": [96, 64], "uv_size": [29, 1]},
								"south": {"uv": [54, 127], "uv_size": [1, 1]},
								"west": {"uv": [96, 65], "uv_size": [29, 1]},
								"up": {"uv": [66, 104], "uv_size": [1, 29]},
								"down": {"uv": [67, 133], "uv_size": [1, -29]}
							}
						},
						{
							"origin": [-3.03866, 22.78626, -35.18082],
							"size": [1.24442, 0.69859, 29.41272],
							"inflate": 0.002,
							"pivot": [-2.50937, 24.28801, -16.30279],
							"rotation": [0, 0, -42.5],
							"uv": {
								"north": {"uv": [55, 127], "uv_size": [1, 1]},
								"east": {"uv": [96, 66], "uv_size": [29, 1]},
								"south": {"uv": [56, 127], "uv_size": [1, 1]},
								"west": {"uv": [96, 67], "uv_size": [29, 1]},
								"up": {"uv": [104, 77], "uv_size": [1, 29]},
								"down": {"uv": [76, 134], "uv_size": [1, -29]}
							}
						},
						{
							"origin": [-3.13157, 22.74538, -35.18082],
							"size": [1.24442, 0.69859, 29.41272],
							"inflate": 0.002,
							"pivot": [-2.50937, 24.28801, -16.30279],
							"rotation": [0, 0, -90],
							"uv": {
								"north": {"uv": [57, 127], "uv_size": [1, 1]},
								"east": {"uv": [96, 68], "uv_size": [29, 1]},
								"south": {"uv": [58, 127], "uv_size": [1, 1]},
								"west": {"uv": [96, 69], "uv_size": [29, 1]},
								"up": {"uv": [77, 105], "uv_size": [1, 29]},
								"down": {"uv": [105, 106], "uv_size": [1, -29]}
							}
						},
						{
							"origin": [-3.03866, 25.09117, -35.18082],
							"size": [1.24442, 0.69859, 16.61272],
							"inflate": 0.002,
							"pivot": [-2.50937, 24.28801, -16.30279],
							"rotation": [0, 0, 42.5],
							"uv": {
								"north": {"uv": [59, 127], "uv_size": [1, 1]},
								"east": {"uv": [96, 74], "uv_size": [17, 1]},
								"south": {"uv": [127, 63], "uv_size": [1, 1]},
								"west": {"uv": [106, 30], "uv_size": [17, 1]},
								"up": {"uv": [108, 77], "uv_size": [1, 17]},
								"down": {"uv": [108, 111], "uv_size": [1, -17]}
							}
						},
						{
							"origin": [-3.13157, 25.05504, -35.18082],
							"size": [1.24442, 0.69859, 16.61272],
							"inflate": 0.002,
							"uv": {
								"north": {"uv": [68, 127], "uv_size": [1, 1]},
								"east": {"uv": [106, 31], "uv_size": [17, 1]},
								"south": {"uv": [127, 68], "uv_size": [1, 1]},
								"west": {"uv": [106, 33], "uv_size": [17, 1]},
								"up": {"uv": [32, 109], "uv_size": [1, 17]},
								"down": {"uv": [33, 126], "uv_size": [1, -17]}
							}
						},
						{
							"origin": [-3.22448, 25.09117, -35.18082],
							"size": [1.24442, 0.69859, 16.61272],
							"inflate": 0.002,
							"pivot": [-2.50937, 24.28801, -16.30279],
							"rotation": [0, 0, -42.5],
							"uv": {
								"north": {"uv": [69, 127], "uv_size": [1, 1]},
								"east": {"uv": [106, 34], "uv_size": [17, 1]},
								"south": {"uv": [70, 127], "uv_size": [1, 1]},
								"west": {"uv": [106, 35], "uv_size": [17, 1]},
								"up": {"uv": [34, 109], "uv_size": [1, 17]},
								"down": {"uv": [35, 126], "uv_size": [1, -17]}
							}
						},
						{
							"origin": [-3.03866, 25.09117, -7.18082],
							"size": [1.24442, 0.69859, 1.41272],
							"inflate": 0.002,
							"pivot": [-2.50937, 24.28801, 8.69721],
							"rotation": [0, 0, 42.5],
							"uv": {
								"north": {"uv": [123, 127], "uv_size": [1, 1]},
								"east": {"uv": [127, 123], "uv_size": [1, 1]},
								"south": {"uv": [124, 127], "uv_size": [1, 1]},
								"west": {"uv": [127, 124], "uv_size": [1, 1]},
								"up": {"uv": [125, 127], "uv_size": [1, 1]},
								"down": {"uv": [127, 127], "uv_size": [1, -1]}
							}
						},
						{
							"origin": [-3.13157, 25.05504, -7.18082],
							"size": [1.24442, 0.69859, 1.41272],
							"inflate": 0.002,
							"uv": {
								"north": {"uv": [117, 127], "uv_size": [1, 1]},
								"east": {"uv": [127, 117], "uv_size": [1, 1]},
								"south": {"uv": [118, 127], "uv_size": [1, 1]},
								"west": {"uv": [127, 118], "uv_size": [1, 1]},
								"up": {"uv": [127, 119], "uv_size": [1, 1]},
								"down": {"uv": [127, 121], "uv_size": [1, -1]}
							}
						},
						{
							"origin": [-3.22448, 25.09117, -7.18082],
							"size": [1.24442, 0.69859, 1.41272],
							"inflate": 0.002,
							"pivot": [-2.50937, 24.28801, 8.69721],
							"rotation": [0, 0, -42.5],
							"uv": {
								"north": {"uv": [113, 127], "uv_size": [1, 1]},
								"east": {"uv": [114, 127], "uv_size": [1, 1]},
								"south": {"uv": [115, 127], "uv_size": [1, 1]},
								"west": {"uv": [127, 115], "uv_size": [1, 1]},
								"up": {"uv": [116, 127], "uv_size": [1, 1]},
								"down": {"uv": [127, 117], "uv_size": [1, -1]}
							}
						},
						{
							"origin": [-3.04418, 25.01417, -133.80165],
							"size": [1.06964, 0.60023, 98.65438],
							"inflate": 0.002,
							"pivot": [-2.50937, 24.28801, -52.20683],
							"rotation": [0, 0, -90],
							"uv": {
								"north": {"uv": [104, 127], "uv_size": [1, 1]},
								"east": {"uv": [62, 55], "uv_size": [99, 1]},
								"south": {"uv": [105, 127], "uv_size": [1, 1]},
								"west": {"uv": [63, 32], "uv_size": [99, 1]},
								"up": {"uv": [8, 56], "uv_size": [1, 99]},
								"down": {"uv": [9, 155], "uv_size": [1, -99]}
							}
						},
						{
							"origin": [-3.12409, 22.99678, -133.80165],
							"size": [1.06964, 0.60023, 98.65438],
							"inflate": 0.002,
							"pivot": [-2.50937, 24.28801, -52.20683],
							"rotation": [0, 0, 42.5],
							"uv": {
								"north": {"uv": [127, 102], "uv_size": [1, 1]},
								"east": {"uv": [62, 53], "uv_size": [99, 1]},
								"south": {"uv": [103, 127], "uv_size": [1, 1]},
								"west": {"uv": [62, 54], "uv_size": [99, 1]},
								"up": {"uv": [6, 56], "uv_size": [1, 99]},
								"down": {"uv": [7, 155], "uv_size": [1, -99]}
							}
						},
						{
							"origin": [-3.04418, 23.02785, -133.80165],
							"size": [1.06964, 0.60023, 98.65438],
							"inflate": 0.002,
							"uv": {
								"north": {"uv": [127, 101], "uv_size": [1, 1]},
								"east": {"uv": [62, 51], "uv_size": [99, 1]},
								"south": {"uv": [102, 127], "uv_size": [1, 1]},
								"west": {"uv": [62, 52], "uv_size": [99, 1]},
								"up": {"uv": [4, 56], "uv_size": [1, 99]},
								"down": {"uv": [5, 155], "uv_size": [1, -99]}
							}
						},
						{
							"origin": [-2.96428, 22.99678, -133.80165],
							"size": [1.06964, 0.60023, 98.65438],
							"inflate": 0.002,
							"pivot": [-2.50937, 24.28801, -52.20683],
							"rotation": [0, 0, -42.5],
							"uv": {
								"north": {"uv": [100, 127], "uv_size": [1, 1]},
								"east": {"uv": [62, 49], "uv_size": [99, 1]},
								"south": {"uv": [101, 127], "uv_size": [1, 1]},
								"west": {"uv": [62, 50], "uv_size": [99, 1]},
								"up": {"uv": [2, 56], "uv_size": [1, 99]},
								"down": {"uv": [3, 155], "uv_size": [1, -99]}
							}
						},
						{
							"origin": [-3.04418, 22.96162, -133.80165],
							"size": [1.06964, 0.60023, 98.65438],
							"inflate": 0.002,
							"pivot": [-2.50937, 24.28801, -52.20683],
							"rotation": [0, 0, -90],
							"uv": {
								"north": {"uv": [127, 98], "uv_size": [1, 1]},
								"east": {"uv": [36, 62], "uv_size": [99, 1]},
								"south": {"uv": [99, 127], "uv_size": [1, 1]},
								"west": {"uv": [62, 48], "uv_size": [99, 1]},
								"up": {"uv": [0, 56], "uv_size": [1, 99]},
								"down": {"uv": [1, 155], "uv_size": [1, -99]}
							}
						},
						{
							"origin": [-2.96428, 24.97901, -133.80165],
							"size": [1.06964, 0.60023, 98.65438],
							"inflate": 0.002,
							"pivot": [-2.50937, 24.28801, -52.20683],
							"rotation": [0, 0, 42.5],
							"uv": {
								"north": {"uv": [127, 97], "uv_size": [1, 1]},
								"east": {"uv": [36, 60], "uv_size": [99, 1]},
								"south": {"uv": [98, 127], "uv_size": [1, 1]},
								"west": {"uv": [36, 61], "uv_size": [99, 1]},
								"up": {"uv": [30, 48], "uv_size": [1, 99]},
								"down": {"uv": [31, 147], "uv_size": [1, -99]}
							}
						},
						{
							"origin": [-3.04418, 24.94794, -133.80165],
							"size": [1.06964, 0.60023, 98.65438],
							"inflate": 0.002,
							"uv": {
								"north": {"uv": [127, 96], "uv_size": [1, 1]},
								"east": {"uv": [36, 58], "uv_size": [99, 1]},
								"south": {"uv": [97, 127], "uv_size": [1, 1]},
								"west": {"uv": [36, 59], "uv_size": [99, 1]},
								"up": {"uv": [28, 48], "uv_size": [1, 99]},
								"down": {"uv": [29, 147], "uv_size": [1, -99]}
							}
						},
						{
							"origin": [-3.12409, 24.97901, -133.80165],
							"size": [1.06964, 0.60023, 98.65438],
							"inflate": 0.002,
							"pivot": [-2.50937, 24.28801, -52.20683],
							"rotation": [0, 0, -42.5],
							"uv": {
								"north": {"uv": [127, 95], "uv_size": [1, 1]},
								"east": {"uv": [36, 56], "uv_size": [99, 1]},
								"south": {"uv": [96, 127], "uv_size": [1, 1]},
								"west": {"uv": [36, 57], "uv_size": [99, 1]},
								"up": {"uv": [26, 48], "uv_size": [1, 99]},
								"down": {"uv": [27, 147], "uv_size": [1, -99]}
							}
						}
					]
				},
				{
					"name": "WoodFrame",
					"parent": "gun",
					"pivot": [-2.5218, 19.33238, -66.12144],
					"cubes": [
						{
							"origin": [-1.55337, 20.80609, -34.88082],
							"size": [1.32332, 0.37536, 29.14567],
							"inflate": 0.002,
							"pivot": [-2.51207, 22.6282, -72.52812],
							"rotation": [0, 0, -90],
							"uv": {
								"north": {"uv": [89, 127], "uv_size": [1, 1]},
								"east": {"uv": [96, 72], "uv_size": [29, 1]},
								"south": {"uv": [127, 89], "uv_size": [1, 1]},
								"west": {"uv": [96, 73], "uv_size": [29, 1]},
								"up": {"uv": [80, 105], "uv_size": [1, 29]},
								"down": {"uv": [81, 134], "uv_size": [1, -29]}
							}
						},
						{
							"origin": [-1.55337, 24.06953, -34.88082],
							"size": [1.32332, 0.38619, 29.14567],
							"inflate": 0.002,
							"pivot": [-2.51207, 22.6282, -72.52812],
							"rotation": [0, 0, -90],
							"uv": {
								"north": {"uv": [87, 127], "uv_size": [1, 1]},
								"east": {"uv": [96, 70], "uv_size": [29, 1]},
								"south": {"uv": [88, 127], "uv_size": [1, 1]},
								"west": {"uv": [96, 71], "uv_size": [29, 1]},
								"up": {"uv": [78, 105], "uv_size": [1, 29]},
								"down": {"uv": [79, 134], "uv_size": [1, -29]}
							}
						},
						{
							"origin": [-3.05759, 25.73205, -118.2644],
							"size": [1.39544, 0.27796, 82.62926],
							"inflate": 0.002,
							"pivot": [-2.28437, 24.28801, -46.30279],
							"rotation": [0, 0, -90],
							"uv": {
								"north": {"uv": [127, 106], "uv_size": [1, 1]},
								"east": {"uv": [66, 26], "uv_size": [83, 1]},
								"south": {"uv": [107, 127], "uv_size": [1, 1]},
								"west": {"uv": [66, 27], "uv_size": [83, 1]},
								"up": {"uv": [24, 56], "uv_size": [1, 83]},
								"down": {"uv": [25, 139], "uv_size": [1, -83]}
							}
						},
						{
							"origin": [-3.48259, 22.6041, -118.2644],
							"size": [1.39544, 0.23987, 82.62926],
							"inflate": 0.002,
							"pivot": [-2.70937, 24.28801, -46.30279],
							"rotation": [0, 0, -90],
							"uv": {
								"north": {"uv": [127, 105], "uv_size": [1, 1]},
								"east": {"uv": [66, 24], "uv_size": [83, 1]},
								"south": {"uv": [106, 127], "uv_size": [1, 1]},
								"west": {"uv": [66, 25], "uv_size": [83, 1]},
								"up": {"uv": [22, 56], "uv_size": [1, 83]},
								"down": {"uv": [23, 139], "uv_size": [1, -83]}
							}
						},
						{
							"origin": [-2.52768, 19.24206, -35.2632],
							"size": [1.83972, 4.34284, 33.03006],
							"pivot": [-2.52123, 17.78589, -16.39525],
							"rotation": [0, 0, 0],
							"uv": {
								"north": {"uv": [114, 117], "uv_size": [2, 4]},
								"east": {"uv": [36, 8], "uv_size": [33, 4]},
								"south": {"uv": [116, 117], "uv_size": [2, 4]},
								"west": {"uv": [36, 12], "uv_size": [33, 4]},
								"up": {"uv": [50, 66], "uv_size": [2, 33]},
								"down": {"uv": [52, 99], "uv_size": [2, -33]}
							}
						},
						{
							"origin": [-4.34159, 19.24206, -35.2632],
							"size": [1.81391, 4.34284, 33.03006],
							"pivot": [-2.52123, 17.78589, -16.39525],
							"rotation": [0, 0, 0],
							"uv": {
								"north": {"uv": [117, 97], "uv_size": [2, 4]},
								"east": {"uv": [36, 0], "uv_size": [33, 4]},
								"south": {"uv": [109, 117], "uv_size": [2, 4]},
								"west": {"uv": [36, 4], "uv_size": [33, 4]},
								"up": {"uv": [46, 66], "uv_size": [2, 33]},
								"down": {"uv": [48, 99], "uv_size": [2, -33]}
							}
						},
						{
							"origin": [-2.32768, 18.48109, -35.2632],
							"size": [1.10697, 1.15442, 34.43006],
							"pivot": [-2.32123, 20.08589, -16.39525],
							"rotation": [0, 0, 0],
							"uv": {
								"north": {"uv": [127, 34], "uv_size": [1, 1]},
								"east": {"uv": [95, 3], "uv_size": [34, 1]},
								"south": {"uv": [35, 127], "uv_size": [1, 1]},
								"west": {"uv": [95, 4], "uv_size": [34, 1]},
								"up": {"uv": [44, 99], "uv_size": [1, 34]},
								"down": {"uv": [45, 133], "uv_size": [1, -34]}
							}
						},
						{
							"origin": [-2.02108, 19.34511, -35.2632],
							"size": [1.53978, 0.92892, 33.01836],
							"pivot": [-2.22134, 20.08582, -16.40694],
							"rotation": [0, 0, 34.9959],
							"uv": {
								"north": {"uv": [124, 118], "uv_size": [2, 1]},
								"east": {"uv": [95, 7], "uv_size": [33, 1]},
								"south": {"uv": [124, 119], "uv_size": [2, 1]},
								"west": {"uv": [95, 8], "uv_size": [33, 1]},
								"up": {"uv": [42, 66], "uv_size": [2, 33]},
								"down": {"uv": [44, 99], "uv_size": [2, -33]}
							}
						},
						{
							"origin": [-3.80884, 18.48109, -35.2632],
							"size": [1.48116, 1.15442, 34.43006],
							"pivot": [-2.32123, 20.08589, -16.39525],
							"rotation": [0, 0, 0],
							"uv": {
								"north": {"uv": [127, 33], "uv_size": [1, 1]},
								"east": {"uv": [77, 15], "uv_size": [34, 1]},
								"south": {"uv": [34, 127], "uv_size": [1, 1]},
								"west": {"uv": [93, 41], "uv_size": [34, 1]},
								"up": {"uv": [42, 99], "uv_size": [1, 34]},
								"down": {"uv": [43, 133], "uv_size": [1, -34]}
							}
						},
						{
							"origin": [-4.55058, 19.33768, -35.2632],
							"size": [1.51385, 0.92892, 33.01836],
							"pivot": [-2.82117, 20.08578, -16.40694],
							"rotation": [0, 0, -34.9959],
							"uv": {
								"north": {"uv": [124, 116], "uv_size": [2, 1]},
								"east": {"uv": [95, 5], "uv_size": [33, 1]},
								"south": {"uv": [124, 117], "uv_size": [2, 1]},
								"west": {"uv": [95, 6], "uv_size": [33, 1]},
								"up": {"uv": [38, 66], "uv_size": [2, 33]},
								"down": {"uv": [40, 99], "uv_size": [2, -33]}
							}
						},
						{
							"origin": [-4.57823, 20.70759, -118.30561],
							"size": [1.38065, 0.84706, 83.21115],
							"pivot": [-2.6218, 21.93149, -66.0527],
							"rotation": [-1.43373, -1.00355, -34.98334],
							"uv": {
								"north": {"uv": [39, 127], "uv_size": [1, 1]},
								"east": {"uv": [63, 46], "uv_size": [83, 1]},
								"south": {"uv": [127, 39], "uv_size": [1, 1]},
								"west": {"uv": [63, 47], "uv_size": [83, 1]},
								"up": {"uv": [14, 56], "uv_size": [1, 83]},
								"down": {"uv": [15, 139], "uv_size": [1, -83]}
							}
						},
						{
							"origin": [-3.52256, 19.80651, -118.30561],
							"size": [0.99488, 1.05264, 83.22181],
							"pivot": [-2.5218, 21.93117, -66.04204],
							"rotation": [-1.75, 0, 0],
							"uv": {
								"north": {"uv": [38, 127], "uv_size": [1, 1]},
								"east": {"uv": [63, 44], "uv_size": [83, 1]},
								"south": {"uv": [127, 38], "uv_size": [1, 1]},
								"west": {"uv": [63, 45], "uv_size": [83, 1]},
								"up": {"uv": [12, 56], "uv_size": [1, 83]},
								"down": {"uv": [13, 139], "uv_size": [1, -83]}
							}
						},
						{
							"origin": [-1.85993, 20.71431, -118.30561],
							"size": [1.40418, 0.84713, 83.21115],
							"pivot": [-2.42187, 21.93146, -66.0527],
							"rotation": [-1.43373, 1.00355, 34.98334],
							"uv": {
								"north": {"uv": [101, 129], "uv_size": [1, 1]},
								"east": {"uv": [66, 28], "uv_size": [83, 1]},
								"south": {"uv": [129, 101], "uv_size": [1, 1]},
								"west": {"uv": [66, 29], "uv_size": [83, 1]},
								"up": {"uv": [36, 66], "uv_size": [1, 83]},
								"down": {"uv": [37, 149], "uv_size": [1, -83]}
							}
						},
						{
							"origin": [-2.52763, 19.80646, -118.30561],
							"size": [1.01833, 1.05269, 83.22181],
							"pivot": [-2.5218, 21.93117, -66.04204],
							"rotation": [-1.75, 0, 0],
							"uv": {
								"north": {"uv": [127, 35], "uv_size": [1, 1]},
								"east": {"uv": [63, 42], "uv_size": [83, 1]},
								"south": {"uv": [127, 37], "uv_size": [1, 1]},
								"west": {"uv": [63, 43], "uv_size": [83, 1]},
								"up": {"uv": [10, 56], "uv_size": [1, 83]},
								"down": {"uv": [11, 139], "uv_size": [1, -83]}
							}
						},
						{
							"origin": [-2.52768, 20.50163, -118.38501],
							"size": [1.50423, 0.85827, 83.22181],
							"pivot": [-2.5218, 19.33238, -66.12144],
							"rotation": [-1.75, 0, 0],
							"uv": {
								"north": {"uv": [120, 124], "uv_size": [2, 1]},
								"east": {"uv": [66, 22], "uv_size": [83, 1]},
								"south": {"uv": [124, 120], "uv_size": [2, 1]},
								"west": {"uv": [66, 23], "uv_size": [83, 1]},
								"up": {"uv": [32, 0], "uv_size": [2, 83]},
								"down": {"uv": [34, 83], "uv_size": [2, -83]}
							}
						},
						{
							"origin": [-4.00837, 20.50163, -118.38501],
							"size": [1.48069, 0.85827, 83.22181],
							"pivot": [-2.5218, 19.33238, -66.12144],
							"rotation": [-1.75, 0, 0],
							"uv": {
								"north": {"uv": [74, 127], "uv_size": [1, 1]},
								"east": {"uv": [66, 20], "uv_size": [83, 1]},
								"south": {"uv": [127, 74], "uv_size": [1, 1]},
								"west": {"uv": [66, 21], "uv_size": [83, 1]},
								"up": {"uv": [20, 56], "uv_size": [1, 83]},
								"down": {"uv": [21, 139], "uv_size": [1, -83]}
							}
						},
						{
							"origin": [-4.00837, 21.35829, -64.9794],
							"size": [1.48069, 3.25827, 29.92181],
							"pivot": [-2.5218, 22.78904, -66.01583],
							"rotation": [-1.75, 0, 0],
							"uv": {
								"north": {"uv": [91, 124], "uv_size": [1, 3]},
								"east": {"uv": [63, 36], "uv_size": [30, 3]},
								"south": {"uv": [92, 124], "uv_size": [1, 3]},
								"west": {"uv": [63, 39], "uv_size": [30, 3]},
								"up": {"uv": [60, 104], "uv_size": [1, 30]},
								"down": {"uv": [61, 134], "uv_size": [1, -30]}
							}
						},
						{
							"origin": [-2.52768, 21.35829, -64.9794],
							"size": [1.50423, 3.25827, 29.92181],
							"pivot": [-2.5218, 22.78904, -66.01583],
							"rotation": [-1.75, 0, 0],
							"uv": {
								"north": {"uv": [96, 120], "uv_size": [2, 3]},
								"east": {"uv": [63, 33], "uv_size": [30, 3]},
								"south": {"uv": [98, 120], "uv_size": [2, 3]},
								"west": {"uv": [36, 63], "uv_size": [30, 3]},
								"up": {"uv": [64, 74], "uv_size": [2, 30]},
								"down": {"uv": [66, 104], "uv_size": [2, -30]}
							}
						},
						{
							"origin": [-4.00837, 22.27205, -84.68726],
							"size": [1.48069, 2.85827, 19.72181],
							"pivot": [-2.5218, 23.7028, -95.92368],
							"rotation": [-1.75, 0, 0],
							"uv": {
								"north": {"uv": [93, 124], "uv_size": [1, 3]},
								"east": {"uv": [76, 69], "uv_size": [20, 3]},
								"south": {"uv": [94, 124], "uv_size": [1, 3]},
								"west": {"uv": [76, 72], "uv_size": [20, 3]},
								"up": {"uv": [100, 107], "uv_size": [1, 20]},
								"down": {"uv": [101, 127], "uv_size": [1, -20]}
							}
						},
						{
							"origin": [-2.52768, 22.27205, -84.68726],
							"size": [1.50423, 2.85827, 19.72181],
							"pivot": [-2.5218, 23.7028, -95.92368],
							"rotation": [-1.75, 0, 0],
							"uv": {
								"north": {"uv": [120, 105], "uv_size": [2, 3]},
								"east": {"uv": [76, 63], "uv_size": [20, 3]},
								"south": {"uv": [106, 120], "uv_size": [2, 3]},
								"west": {"uv": [76, 66], "uv_size": [20, 3]},
								"up": {"uv": [74, 93], "uv_size": [2, 20]},
								"down": {"uv": [70, 115], "uv_size": [2, -20]}
							}
						},
						{
							"origin": [-2.52768, 22.87433, -104.39987],
							"size": [1.50423, 1.75827, 19.72181],
							"pivot": [-2.5218, 24.30508, -115.6363],
							"rotation": [-1.75, 0, 0],
							"uv": {
								"north": {"uv": [104, 122], "uv_size": [2, 2]},
								"east": {"uv": [93, 37], "uv_size": [20, 2]},
								"south": {"uv": [122, 105], "uv_size": [2, 2]},
								"west": {"uv": [93, 39], "uv_size": [20, 2]},
								"up": {"uv": [72, 95], "uv_size": [2, 20]},
								"down": {"uv": [86, 116], "uv_size": [2, -20]}
							}
						},
						{
							"origin": [-4.00837, 22.87433, -104.39987],
							"size": [1.48069, 1.65827, 19.72181],
							"pivot": [-2.5218, 24.30508, -115.6363],
							"rotation": [-1.75, 0, 0],
							"uv": {
								"north": {"uv": [114, 89], "uv_size": [1, 2]},
								"east": {"uv": [66, 30], "uv_size": [20, 2]},
								"south": {"uv": [111, 117], "uv_size": [1, 2]},
								"west": {"uv": [86, 30], "uv_size": [20, 2]},
								"up": {"uv": [102, 107], "uv_size": [1, 20]},
								"down": {"uv": [103, 127], "uv_size": [1, -20]}
							}
						},
						{
							"origin": [-4.00837, 23.4766, -118.24705],
							"size": [1.48069, 1.05827, 13.85638],
							"pivot": [-2.5218, 24.90735, -135.34891],
							"rotation": [-1.75, 0, 0],
							"uv": {
								"north": {"uv": [75, 127], "uv_size": [1, 1]},
								"east": {"uv": [111, 101], "uv_size": [14, 1]},
								"south": {"uv": [127, 75], "uv_size": [1, 1]},
								"west": {"uv": [111, 102], "uv_size": [14, 1]},
								"up": {"uv": [111, 103], "uv_size": [1, 14]},
								"down": {"uv": [108, 125], "uv_size": [1, -14]}
							}
						},
						{
							"origin": [-2.52768, 23.4766, -118.24705],
							"size": [1.50423, 1.05827, 13.85638],
							"pivot": [-2.5218, 24.90735, -135.34891],
							"rotation": [-1.75, 0, 0],
							"uv": {
								"north": {"uv": [124, 121], "uv_size": [2, 1]},
								"east": {"uv": [106, 36], "uv_size": [14, 1]},
								"south": {"uv": [122, 124], "uv_size": [2, 1]},
								"west": {"uv": [111, 15], "uv_size": [14, 1]},
								"up": {"uv": [54, 106], "uv_size": [2, 14]},
								"down": {"uv": [56, 120], "uv_size": [2, -14]}
							}
						},
						{
							"origin": [-2.52763, 19.80642, -118.29495],
							"size": [0.91829, 1.05273, 83.21115],
							"pivot": [-2.5218, 21.93117, -66.04204],
							"rotation": [-1.75, 0, 0],
							"uv": {
								"north": {"uv": [72, 127], "uv_size": [1, 1]},
								"east": {"uv": [66, 18], "uv_size": [83, 1]},
								"south": {"uv": [73, 127], "uv_size": [1, 1]},
								"west": {"uv": [66, 19], "uv_size": [83, 1]},
								"up": {"uv": [18, 56], "uv_size": [1, 83]},
								"down": {"uv": [19, 139], "uv_size": [1, -83]}
							}
						},
						{
							"origin": [-3.42244, 19.80642, -118.29495],
							"size": [0.89475, 1.05273, 83.21115],
							"pivot": [-2.5218, 21.93117, -66.04204],
							"rotation": [-1.75, 0, 0],
							"uv": {
								"north": {"uv": [71, 127], "uv_size": [1, 1]},
								"east": {"uv": [66, 16], "uv_size": [83, 1]},
								"south": {"uv": [127, 71], "uv_size": [1, 1]},
								"west": {"uv": [66, 17], "uv_size": [83, 1]},
								"up": {"uv": [16, 56], "uv_size": [1, 83]},
								"down": {"uv": [17, 139], "uv_size": [1, -83]}
							}
						}
					]
				},
				{
					"name": "Steel",
					"parent": "WoodFrame",
					"pivot": [-2.52123, 17.68439, -14.58184],
					"cubes": [
						{
							"origin": [-2.52859, 18.92242, -36.0913],
							"size": [1.86928, 6.27284, 1.74427],
							"pivot": [-2.52123, 17.68439, -14.58184],
							"rotation": [0, 0, 0],
							"uv": {
								"north": {"uv": [92, 114], "uv_size": [2, 6]},
								"east": {"uv": [94, 114], "uv_size": [2, 6]},
								"south": {"uv": [96, 114], "uv_size": [2, 6]},
								"west": {"uv": [98, 114], "uv_size": [2, 6]},
								"up": {"uv": [122, 117], "uv_size": [2, 2]},
								"down": {"uv": [122, 121], "uv_size": [2, -2]}
							}
						},
						{
							"origin": [-2.17906, 19.03991, -36.0913],
							"size": [1.75535, 1.05897, 1.74427],
							"pivot": [-2.40735, 19.88431, -14.59517],
							"rotation": [0, 0, 34.9959],
							"uv": {
								"north": {"uv": [40, 125], "uv_size": [2, 1]},
								"east": {"uv": [51, 125], "uv_size": [2, 1]},
								"south": {"uv": [53, 125], "uv_size": [2, 1]},
								"west": {"uv": [55, 125], "uv_size": [2, 1]},
								"up": {"uv": [122, 113], "uv_size": [2, 2]},
								"down": {"uv": [122, 117], "uv_size": [2, -2]}
							}
						},
						{
							"origin": [-2.52859, 18.05492, -36.0913],
							"size": [1.26194, 1.31604, 1.75759],
							"pivot": [-2.52123, 19.88439, -14.58184],
							"rotation": [0, 0, 0],
							"uv": {
								"north": {"uv": [127, 91], "uv_size": [1, 1]},
								"east": {"uv": [125, 33], "uv_size": [2, 1]},
								"south": {"uv": [92, 127], "uv_size": [1, 1]},
								"west": {"uv": [125, 34], "uv_size": [2, 1]},
								"up": {"uv": [38, 125], "uv_size": [1, 2]},
								"down": {"uv": [39, 127], "uv_size": [1, -2]}
							}
						},
						{
							"origin": [-4.60669, 19.03143, -36.0913],
							"size": [1.72579, 1.05897, 1.74426],
							"pivot": [-2.63516, 19.88427, -14.59517],
							"rotation": [0, 0, -34.9959],
							"uv": {
								"north": {"uv": [125, 2], "uv_size": [2, 1]},
								"east": {"uv": [125, 15], "uv_size": [2, 1]},
								"south": {"uv": [125, 30], "uv_size": [2, 1]},
								"west": {"uv": [125, 31], "uv_size": [2, 1]},
								"up": {"uv": [111, 122], "uv_size": [2, 2]},
								"down": {"uv": [122, 113], "uv_size": [2, -2]}
							}
						},
						{
							"origin": [-3.7611, 18.05492, -36.0913],
							"size": [1.23252, 1.31604, 1.7576],
							"pivot": [-2.52123, 19.88439, -14.58184],
							"rotation": [0, 0, 0],
							"uv": {
								"north": {"uv": [127, 90], "uv_size": [1, 1]},
								"east": {"uv": [124, 122], "uv_size": [2, 1]},
								"south": {"uv": [91, 127], "uv_size": [1, 1]},
								"west": {"uv": [124, 123], "uv_size": [2, 1]},
								"up": {"uv": [124, 124], "uv_size": [1, 2]},
								"down": {"uv": [125, 2], "uv_size": [1, -2]}
							}
						},
						{
							"origin": [-4.36844, 18.92242, -36.0913],
							"size": [1.83986, 6.27284, 1.74427],
							"pivot": [-2.52123, 17.68439, -14.58184],
							"rotation": [0, 0, 0],
							"uv": {
								"north": {"uv": [113, 91], "uv_size": [2, 6]},
								"east": {"uv": [51, 114], "uv_size": [2, 6]},
								"south": {"uv": [114, 77], "uv_size": [2, 6]},
								"west": {"uv": [114, 83], "uv_size": [2, 6]},
								"up": {"uv": [122, 107], "uv_size": [2, 2]},
								"down": {"uv": [122, 111], "uv_size": [2, -2]}
							}
						},
						{
							"origin": [-3.1502, 25.40965, -36.0893],
							"size": [1.49534, 0.84015, 1.74027],
							"inflate": 0.002,
							"pivot": [-2.51452, 24.44607, -11.02874],
							"rotation": [0, 0, 42.5],
							"uv": {
								"north": {"uv": [127, 94], "uv_size": [1, 1]},
								"east": {"uv": [71, 125], "uv_size": [2, 1]},
								"south": {"uv": [95, 127], "uv_size": [1, 1]},
								"west": {"uv": [125, 71], "uv_size": [2, 1]},
								"up": {"uv": [125, 72], "uv_size": [1, 2]},
								"down": {"uv": [73, 127], "uv_size": [1, -2]}
							}
						},
						{
							"origin": [-3.26171, 25.36628, -36.0893],
							"size": [1.49498, 0.83992, 1.74027],
							"inflate": 0.002,
							"uv": {
								"north": {"uv": [127, 93], "uv_size": [1, 1]},
								"east": {"uv": [68, 125], "uv_size": [2, 1]},
								"south": {"uv": [94, 127], "uv_size": [1, 1]},
								"west": {"uv": [125, 68], "uv_size": [2, 1]},
								"up": {"uv": [125, 69], "uv_size": [1, 2]},
								"down": {"uv": [70, 127], "uv_size": [1, -2]}
							}
						},
						{
							"origin": [-3.37323, 25.40965, -36.0893],
							"size": [1.49483, 0.83975, 1.74027],
							"inflate": 0.002,
							"pivot": [-2.51452, 24.44607, -11.02874],
							"rotation": [0, 0, -42.5],
							"uv": {
								"north": {"uv": [127, 92], "uv_size": [1, 1]},
								"east": {"uv": [57, 125], "uv_size": [2, 1]},
								"south": {"uv": [93, 127], "uv_size": [1, 1]},
								"west": {"uv": [125, 63], "uv_size": [2, 1]},
								"up": {"uv": [125, 64], "uv_size": [1, 2]},
								"down": {"uv": [125, 68], "uv_size": [1, -2]}
							}
						},
						{
							"origin": [-2.52859, 21.92242, -118.4913],
							"size": [1.86928, 2.87284, 1.74427],
							"pivot": [-2.52123, 17.28439, -96.98184],
							"rotation": [0, 0, 0],
							"uv": {
								"north": {"uv": [120, 120], "uv_size": [2, 3]},
								"east": {"uv": [38, 121], "uv_size": [2, 3]},
								"south": {"uv": [40, 121], "uv_size": [2, 3]},
								"west": {"uv": [121, 96], "uv_size": [2, 3]},
								"up": {"uv": [57, 123], "uv_size": [2, 2]},
								"down": {"uv": [68, 125], "uv_size": [2, -2]}
							}
						},
						{
							"origin": [-2.17906, 22.03991, -118.4913],
							"size": [1.75535, 1.05897, 1.74427],
							"pivot": [-2.40735, 22.88431, -96.99517],
							"rotation": [0, 0, 34.9959],
							"uv": {
								"north": {"uv": [53, 126], "uv_size": [2, 1]},
								"east": {"uv": [55, 126], "uv_size": [2, 1]},
								"south": {"uv": [57, 126], "uv_size": [2, 1]},
								"west": {"uv": [126, 64], "uv_size": [2, 1]},
								"up": {"uv": [53, 123], "uv_size": [2, 2]},
								"down": {"uv": [55, 125], "uv_size": [2, -2]}
							}
						},
						{
							"origin": [-2.52859, 21.05492, -118.4913],
							"size": [1.26194, 1.31604, 1.75759],
							"pivot": [-2.52123, 22.88439, -96.98184],
							"rotation": [0, 0, 0],
							"uv": {
								"north": {"uv": [127, 111], "uv_size": [1, 1]},
								"east": {"uv": [126, 36], "uv_size": [2, 1]},
								"south": {"uv": [112, 127], "uv_size": [1, 1]},
								"west": {"uv": [40, 126], "uv_size": [2, 1]},
								"up": {"uv": [51, 126], "uv_size": [1, 2]},
								"down": {"uv": [52, 128], "uv_size": [1, -2]}
							}
						},
						{
							"origin": [-4.60669, 22.03143, -118.4913],
							"size": [1.72579, 1.05897, 1.74426],
							"pivot": [-2.63516, 22.88427, -96.99517],
							"rotation": [0, 0, -34.9959],
							"uv": {
								"north": {"uv": [126, 0], "uv_size": [2, 1]},
								"east": {"uv": [126, 1], "uv_size": [2, 1]},
								"south": {"uv": [32, 126], "uv_size": [2, 1]},
								"west": {"uv": [34, 126], "uv_size": [2, 1]},
								"up": {"uv": [123, 33], "uv_size": [2, 2]},
								"down": {"uv": [51, 125], "uv_size": [2, -2]}
							}
						},
						{
							"origin": [-3.7611, 21.05492, -118.4913],
							"size": [1.23252, 1.31604, 1.7576],
							"pivot": [-2.52123, 22.88439, -96.98184],
							"rotation": [0, 0, 0],
							"uv": {
								"north": {"uv": [127, 110], "uv_size": [1, 1]},
								"east": {"uv": [119, 125], "uv_size": [2, 1]},
								"south": {"uv": [111, 127], "uv_size": [1, 1]},
								"west": {"uv": [121, 125], "uv_size": [2, 1]},
								"up": {"uv": [123, 125], "uv_size": [1, 2]},
								"down": {"uv": [125, 126], "uv_size": [1, -2]}
							}
						},
						{
							"origin": [-4.36844, 21.92242, -118.4913],
							"size": [1.83986, 2.87284, 1.74427],
							"pivot": [-2.52123, 17.28439, -96.98184],
							"rotation": [0, 0, 0],
							"uv": {
								"north": {"uv": [120, 108], "uv_size": [2, 3]},
								"east": {"uv": [120, 111], "uv_size": [2, 3]},
								"south": {"uv": [120, 114], "uv_size": [2, 3]},
								"west": {"uv": [120, 117], "uv_size": [2, 3]},
								"up": {"uv": [122, 121], "uv_size": [2, 2]},
								"down": {"uv": [123, 32], "uv_size": [2, -2]}
							}
						},
						{
							"origin": [-3.1502, 25.00965, -118.4893],
							"size": [1.49534, 0.84015, 1.74027],
							"inflate": 0.002,
							"pivot": [-2.51452, 24.04607, -93.42874],
							"rotation": [0, 0, 42.5],
							"uv": {
								"north": {"uv": [127, 109], "uv_size": [1, 1]},
								"east": {"uv": [125, 101], "uv_size": [2, 1]},
								"south": {"uv": [110, 127], "uv_size": [1, 1]},
								"west": {"uv": [125, 102], "uv_size": [2, 1]},
								"up": {"uv": [108, 125], "uv_size": [1, 2]},
								"down": {"uv": [113, 127], "uv_size": [1, -2]}
							}
						},
						{
							"origin": [-3.26171, 24.96628, -118.4893],
							"size": [1.49498, 0.83992, 1.74027],
							"inflate": 0.002,
							"uv": {
								"north": {"uv": [127, 108], "uv_size": [1, 1]},
								"east": {"uv": [88, 125], "uv_size": [2, 1]},
								"south": {"uv": [109, 127], "uv_size": [1, 1]},
								"west": {"uv": [95, 125], "uv_size": [2, 1]},
								"up": {"uv": [97, 125], "uv_size": [1, 2]},
								"down": {"uv": [125, 101], "uv_size": [1, -2]}
							}
						},
						{
							"origin": [-3.37323, 25.00965, -118.4893],
							"size": [1.49483, 0.83975, 1.74027],
							"inflate": 0.002,
							"pivot": [-2.51452, 24.04607, -93.42874],
							"rotation": [0, 0, -42.5],
							"uv": {
								"north": {"uv": [127, 107], "uv_size": [1, 1]},
								"east": {"uv": [82, 125], "uv_size": [2, 1]},
								"south": {"uv": [108, 127], "uv_size": [1, 1]},
								"west": {"uv": [84, 125], "uv_size": [2, 1]},
								"up": {"uv": [86, 125], "uv_size": [1, 2]},
								"down": {"uv": [87, 127], "uv_size": [1, -2]}
							}
						}
					]
				},
				{
					"name": "Trapdoor",
					"parent": "gun",
					"pivot": [-2.50937, 25.37304, -15.82022],
					"cubes": [
						{
							"origin": [-2.37232, 25.56193, -15.65634],
							"size": [1.50658, 0.84614, 8.47224],
							"inflate": 0.002,
							"pivot": [-2.50937, 25.43947, -15.73334],
							"rotation": [0, 0, 42.5],
							"uv": {
								"north": {"uv": [126, 104], "uv_size": [2, 1]},
								"east": {"uv": [119, 92], "uv_size": [8, 1]},
								"south": {"uv": [126, 112], "uv_size": [2, 1]},
								"west": {"uv": [119, 93], "uv_size": [8, 1]},
								"up": {"uv": [111, 85], "uv_size": [2, 8]},
								"down": {"uv": [111, 101], "uv_size": [2, -8]}
							}
						},
						{
							"origin": [-3.26266, 25.2157, -15.65634],
							"size": [1.50658, 0.84614, 8.47224],
							"inflate": 0.002,
							"uv": {
								"north": {"uv": [126, 100], "uv_size": [2, 1]},
								"east": {"uv": [119, 90], "uv_size": [8, 1]},
								"south": {"uv": [126, 103], "uv_size": [2, 1]},
								"west": {"uv": [119, 91], "uv_size": [8, 1]},
								"up": {"uv": [109, 101], "uv_size": [2, 8]},
								"down": {"uv": [109, 117], "uv_size": [2, -8]}
							}
						},
						{
							"origin": [-4.15299, 25.56193, -15.65634],
							"size": [1.50658, 0.84614, 8.47224],
							"inflate": 0.002,
							"pivot": [-2.50937, 25.43947, -15.73334],
							"rotation": [0, 0, -42.5],
							"uv": {
								"north": {"uv": [95, 126], "uv_size": [2, 1]},
								"east": {"uv": [113, 74], "uv_size": [8, 1]},
								"south": {"uv": [126, 99], "uv_size": [2, 1]},
								"west": {"uv": [119, 89], "uv_size": [8, 1]},
								"up": {"uv": [109, 85], "uv_size": [2, 8]},
								"down": {"uv": [109, 101], "uv_size": [2, -8]}
							}
						},
						{
							"origin": [-3.5522, 25.45863, -13.05876],
							"size": [0.82, 0.82, 4.32],
							"pivot": [-3.6672, 25.81984, -11.20507],
							"rotation": [172.5, 0, 180],
							"uv": {
								"north": {"uv": [128, 96], "uv_size": [1, 1]},
								"east": {"uv": [124, 82], "uv_size": [4, 1]},
								"south": {"uv": [97, 128], "uv_size": [1, 1]},
								"west": {"uv": [124, 83], "uv_size": [4, 1]},
								"up": {"uv": [99, 123], "uv_size": [1, 4]},
								"down": {"uv": [106, 127], "uv_size": [1, -4]}
							}
						},
						{
							"origin": [-5.8022, 24.92235, -10.06315],
							"size": [2.62, 0.82, 0.92],
							"pivot": [-4.3922, 25.73235, -8.78912],
							"rotation": [0, 0, 0],
							"uv": {
								"north": {"uv": [95, 124], "uv_size": [3, 1]},
								"east": {"uv": [128, 97], "uv_size": [1, 1]},
								"south": {"uv": [124, 105], "uv_size": [3, 1]},
								"west": {"uv": [98, 128], "uv_size": [1, 1]},
								"up": {"uv": [124, 106], "uv_size": [3, 1]},
								"down": {"uv": [124, 108], "uv_size": [3, -1]}
							}
						},
						{
							"origin": [-4.6022, 24.52235, -13.67956],
							"size": [2.92, 0.88509, 0.53641],
							"pivot": [-3.6672, 25.81984, -11.20507],
							"rotation": [-12.5, 0, 0],
							"uv": {
								"north": {"uv": [124, 108], "uv_size": [3, 1]},
								"east": {"uv": [128, 98], "uv_size": [1, 1]},
								"south": {"uv": [124, 109], "uv_size": [3, 1]},
								"west": {"uv": [99, 128], "uv_size": [1, 1]},
								"up": {"uv": [124, 110], "uv_size": [3, 1]},
								"down": {"uv": [124, 112], "uv_size": [3, -1]}
							}
						},
						{
							"origin": [-3.61143, 25.94462, -13.72071],
							"size": [0.56191, 0.56191, 0.3],
							"pivot": [-3.6672, 25.81984, -11.20507],
							"rotation": [174.68153, -5.29571, 135.24614],
							"uv": {
								"north": {"uv": [128, 93], "uv_size": [1, 1]},
								"east": {"uv": [94, 128], "uv_size": [1, 1]},
								"south": {"uv": [128, 94], "uv_size": [1, 1]},
								"west": {"uv": [95, 128], "uv_size": [1, 1]},
								"up": {"uv": [128, 95], "uv_size": [1, 1]},
								"down": {"uv": [96, 129], "uv_size": [1, -1]}
							}
						},
						{
							"origin": [-3.61046, 25.40037, -13.52071],
							"size": [0.93652, 0.93652, 1.5],
							"pivot": [-3.6672, 25.81984, -11.20507],
							"rotation": [172.5, 0, 180],
							"uv": {
								"north": {"uv": [128, 99], "uv_size": [1, 1]},
								"east": {"uv": [124, 126], "uv_size": [2, 1]},
								"south": {"uv": [100, 128], "uv_size": [1, 1]},
								"west": {"uv": [126, 125], "uv_size": [2, 1]},
								"up": {"uv": [126, 126], "uv_size": [1, 2]},
								"down": {"uv": [127, 11], "uv_size": [1, -2]}
							}
						}
					]
				},
				{
					"name": "Cover",
					"parent": "gun",
					"pivot": [-2.50937, 24.28801, -6.23975],
					"cubes": [
						{
							"origin": [-3.26266, 25.4157, -20.03257],
							"size": [1.50658, 0.84614, 4.37224],
							"inflate": 0.002,
							"uv": {
								"north": {"uv": [126, 65], "uv_size": [2, 1]},
								"east": {"uv": [95, 77], "uv_size": [4, 1]},
								"south": {"uv": [126, 66], "uv_size": [2, 1]},
								"west": {"uv": [123, 35], "uv_size": [4, 1]},
								"up": {"uv": [118, 77], "uv_size": [2, 4]},
								"down": {"uv": [118, 85], "uv_size": [2, -4]}
							}
						},
						{
							"origin": [-3.15024, 25.45942, -20.03257],
							"size": [1.50658, 0.84614, 4.37224],
							"inflate": 0.002,
							"pivot": [-2.50937, 24.48801, -3.23975],
							"rotation": [0, 0, 42.5],
							"uv": {
								"north": {"uv": [126, 69], "uv_size": [2, 1]},
								"east": {"uv": [90, 123], "uv_size": [4, 1]},
								"south": {"uv": [126, 70], "uv_size": [2, 1]},
								"west": {"uv": [94, 123], "uv_size": [4, 1]},
								"up": {"uv": [118, 85], "uv_size": [2, 4]},
								"down": {"uv": [118, 109], "uv_size": [2, -4]}
							}
						},
						{
							"origin": [-2.26266, 22.421, -20.03257],
							"size": [0.70658, 0.84614, 4.37224],
							"inflate": 0.002,
							"pivot": [-2.50937, 24.28801, -3.23975],
							"rotation": [0, 0, -90],
							"uv": {
								"north": {"uv": [127, 127], "uv_size": [1, 1]},
								"east": {"uv": [123, 96], "uv_size": [4, 1]},
								"south": {"uv": [128, 0], "uv_size": [1, 1]},
								"west": {"uv": [123, 97], "uv_size": [4, 1]},
								"up": {"uv": [99, 92], "uv_size": [1, 4]},
								"down": {"uv": [119, 125], "uv_size": [1, -4]}
							}
						},
						{
							"origin": [-3.15024, 22.77047, -20.03257],
							"size": [1.50658, 0.54614, 4.37224],
							"inflate": 0.002,
							"pivot": [-2.50937, 24.28801, -3.23975],
							"rotation": [0, 0, -42.5],
							"uv": {
								"north": {"uv": [71, 126], "uv_size": [2, 1]},
								"east": {"uv": [123, 98], "uv_size": [4, 1]},
								"south": {"uv": [126, 72], "uv_size": [2, 1]},
								"west": {"uv": [120, 123], "uv_size": [4, 1]},
								"up": {"uv": [118, 109], "uv_size": [2, 4]},
								"down": {"uv": [118, 117], "uv_size": [2, -4]}
							}
						},
						{
							"origin": [-3.26266, 22.81419, -20.03257],
							"size": [1.50658, 0.54614, 4.37224],
							"inflate": 0.002,
							"uv": {
								"north": {"uv": [126, 67], "uv_size": [2, 1]},
								"east": {"uv": [70, 123], "uv_size": [4, 1]},
								"south": {"uv": [68, 126], "uv_size": [2, 1]},
								"west": {"uv": [86, 123], "uv_size": [4, 1]},
								"up": {"uv": [82, 118], "uv_size": [2, 4]},
								"down": {"uv": [84, 122], "uv_size": [2, -4]}
							}
						},
						{
							"origin": [-2.16266, 25.30888, -20.03257],
							"size": [0.60658, 0.84614, 4.37224],
							"inflate": 0.002,
							"pivot": [-2.50937, 24.28801, -3.23975],
							"rotation": [0, 0, -90],
							"uv": {
								"north": {"uv": [128, 1], "uv_size": [1, 1]},
								"east": {"uv": [124, 79], "uv_size": [4, 1]},
								"south": {"uv": [128, 5], "uv_size": [1, 1]},
								"west": {"uv": [124, 80], "uv_size": [4, 1]},
								"up": {"uv": [59, 123], "uv_size": [1, 4]},
								"down": {"uv": [98, 127], "uv_size": [1, -4]}
							}
						},
						{
							"origin": [-3.37508, 22.77047, -20.03257],
							"size": [1.50658, 0.54614, 4.37224],
							"inflate": 0.002,
							"pivot": [-2.50937, 24.28801, -3.23975],
							"rotation": [0, 0, 42.5],
							"uv": {
								"north": {"uv": [126, 73], "uv_size": [2, 1]},
								"east": {"uv": [38, 124], "uv_size": [4, 1]},
								"south": {"uv": [82, 126], "uv_size": [2, 1]},
								"west": {"uv": [70, 124], "uv_size": [4, 1]},
								"up": {"uv": [118, 117], "uv_size": [2, 4]},
								"down": {"uv": [58, 123], "uv_size": [2, -4]}
							}
						},
						{
							"origin": [-3.37508, 25.45942, -20.03257],
							"size": [1.50658, 0.84614, 4.37224],
							"inflate": 0.002,
							"pivot": [-2.50937, 24.48801, -3.23975],
							"rotation": [0, 0, -42.5],
							"uv": {
								"north": {"uv": [84, 126], "uv_size": [2, 1]},
								"east": {"uv": [124, 81], "uv_size": [4, 1]},
								"south": {"uv": [88, 126], "uv_size": [2, 1]},
								"west": {"uv": [82, 124], "uv_size": [4, 1]},
								"up": {"uv": [70, 119], "uv_size": [2, 4]},
								"down": {"uv": [72, 123], "uv_size": [2, -4]}
							}
						}
					]
				},
				{
					"name": "Teuing2",
					"parent": "gun",
					"pivot": [-2.625, 16.30571, -6.17145],
					"rotation": [-98.5, 0, 0],
					"cubes": [
						{
							"origin": [-3.32578, 6.96984, -5.51033],
							"size": [1.40156, 0.88648, 0.27854],
							"pivot": [1.1672, 7.56828, -15.08706],
							"rotation": [45, 0, 0],
							"uv": {
								"north": {"uv": [128, 10], "uv_size": [1, 1]},
								"east": {"uv": [128, 12], "uv_size": [1, 1]},
								"south": {"uv": [128, 13], "uv_size": [1, 1]},
								"west": {"uv": [128, 14], "uv_size": [1, 1]},
								"up": {"uv": [128, 15], "uv_size": [1, 1]},
								"down": {"uv": [32, 129], "uv_size": [1, -1]}
							}
						},
						{
							"origin": [-3.32578, 19.93009, -17.16018],
							"size": [1.40156, 0.88648, 0.27854],
							"pivot": [1.1672, 8.56828, -15.08706],
							"rotation": [-45, 0, 0],
							"uv": {
								"north": {"uv": [33, 128], "uv_size": [1, 1]},
								"east": {"uv": [128, 33], "uv_size": [1, 1]},
								"south": {"uv": [34, 128], "uv_size": [1, 1]},
								"west": {"uv": [128, 34], "uv_size": [1, 1]},
								"up": {"uv": [35, 128], "uv_size": [1, 1]},
								"down": {"uv": [128, 36], "uv_size": [1, -1]}
							}
						},
						{
							"origin": [-3.32578, 7.96984, -1.33224],
							"size": [1.40156, 0.88648, 0.27854],
							"pivot": [1.1672, 8.56828, -15.08706],
							"rotation": [45, 0, 0],
							"uv": {
								"north": {"uv": [128, 36], "uv_size": [1, 1]},
								"east": {"uv": [128, 37], "uv_size": [1, 1]},
								"south": {"uv": [38, 128], "uv_size": [1, 1]},
								"west": {"uv": [128, 38], "uv_size": [1, 1]},
								"up": {"uv": [39, 128], "uv_size": [1, 1]},
								"down": {"uv": [128, 40], "uv_size": [1, -1]}
							}
						},
						{
							"origin": [-3.32578, 12.49925, -2.17145],
							"size": [1.40156, 0.88648, 0.27854],
							"pivot": [1.1672, 8.56828, -15.08706],
							"rotation": [22.5, 0, 0],
							"uv": {
								"north": {"uv": [40, 128], "uv_size": [1, 1]},
								"east": {"uv": [128, 40], "uv_size": [1, 1]},
								"south": {"uv": [41, 128], "uv_size": [1, 1]},
								"west": {"uv": [128, 41], "uv_size": [1, 1]},
								"up": {"uv": [50, 128], "uv_size": [1, 1]},
								"down": {"uv": [51, 129], "uv_size": [1, -1]}
							}
						},
						{
							"origin": [-3.32578, 15.36272, -4.65891],
							"size": [1.40156, 1.87989, 0.25734],
							"uv": {
								"north": {"uv": [119, 126], "uv_size": [1, 2]},
								"east": {"uv": [126, 119], "uv_size": [1, 2]},
								"south": {"uv": [120, 126], "uv_size": [1, 2]},
								"west": {"uv": [121, 126], "uv_size": [1, 2]},
								"up": {"uv": [52, 128], "uv_size": [1, 1]},
								"down": {"uv": [53, 129], "uv_size": [1, -1]}
							}
						},
						{
							"origin": [-3.32578, 17.97209, -8.47631],
							"size": [1.40156, 0.88648, 0.27854],
							"pivot": [1.1672, 7.56828, -15.08706],
							"rotation": [-22.5, 0, 0],
							"uv": {
								"north": {"uv": [54, 128], "uv_size": [1, 1]},
								"east": {"uv": [55, 128], "uv_size": [1, 1]},
								"south": {"uv": [56, 128], "uv_size": [1, 1]},
								"west": {"uv": [57, 128], "uv_size": [1, 1]},
								"up": {"uv": [58, 128], "uv_size": [1, 1]},
								"down": {"uv": [59, 129], "uv_size": [1, -1]}
							}
						},
						{
							"origin": [-3.32578, 18.93009, -12.98209],
							"size": [1.40156, 0.88648, 0.27854],
							"pivot": [1.1672, 7.56828, -15.08706],
							"rotation": [-45, 0, 0],
							"uv": {
								"north": {"uv": [128, 63], "uv_size": [1, 1]},
								"east": {"uv": [128, 64], "uv_size": [1, 1]},
								"south": {"uv": [128, 65], "uv_size": [1, 1]},
								"west": {"uv": [128, 66], "uv_size": [1, 1]},
								"up": {"uv": [128, 67], "uv_size": [1, 1]},
								"down": {"uv": [68, 129], "uv_size": [1, -1]}
							}
						},
						{
							"origin": [-3.32578, 9.71417, -4.56447],
							"size": [1.40156, 0.27854, 0.88648],
							"pivot": [1.1672, 7.56828, -15.08706],
							"rotation": [22.5, 0, 0],
							"uv": {
								"north": {"uv": [128, 68], "uv_size": [1, 1]},
								"east": {"uv": [69, 128], "uv_size": [1, 1]},
								"south": {"uv": [128, 69], "uv_size": [1, 1]},
								"west": {"uv": [70, 128], "uv_size": [1, 1]},
								"up": {"uv": [128, 70], "uv_size": [1, 1]},
								"down": {"uv": [71, 129], "uv_size": [1, -1]}
							}
						},
						{
							"origin": [-3.32578, 13.57765, -7.07313],
							"size": [1.40156, 0.27854, 0.88648],
							"uv": {
								"north": {"uv": [128, 71], "uv_size": [1, 1]},
								"east": {"uv": [72, 128], "uv_size": [1, 1]},
								"south": {"uv": [128, 72], "uv_size": [1, 1]},
								"west": {"uv": [73, 128], "uv_size": [1, 1]},
								"up": {"uv": [128, 73], "uv_size": [1, 1]},
								"down": {"uv": [74, 129], "uv_size": [1, -1]}
							}
						},
						{
							"origin": [-3.32578, 16.18701, -10.86932],
							"size": [1.40156, 0.27854, 0.88648],
							"pivot": [1.1672, 7.56828, -15.08706],
							"rotation": [-22.5, 0, 0],
							"uv": {
								"north": {"uv": [128, 74], "uv_size": [1, 1]},
								"east": {"uv": [75, 128], "uv_size": [1, 1]},
								"south": {"uv": [128, 75], "uv_size": [1, 1]},
								"west": {"uv": [128, 76], "uv_size": [1, 1]},
								"up": {"uv": [128, 77], "uv_size": [1, 1]},
								"down": {"uv": [128, 79], "uv_size": [1, -1]}
							}
						},
						{
							"origin": [-3.32578, 14.89226, -4.56447],
							"size": [1.40156, 0.27854, 0.88648],
							"pivot": [1.1672, 8.56828, -15.08706],
							"rotation": [22.5, 0, 0],
							"uv": {
								"north": {"uv": [128, 79], "uv_size": [1, 1]},
								"east": {"uv": [128, 80], "uv_size": [1, 1]},
								"south": {"uv": [128, 81], "uv_size": [1, 1]},
								"west": {"uv": [82, 128], "uv_size": [1, 1]},
								"up": {"uv": [128, 82], "uv_size": [1, 1]},
								"down": {"uv": [83, 129], "uv_size": [1, -1]}
							}
						},
						{
							"origin": [-3.32578, 18.75574, -7.07313],
							"size": [1.40156, 0.27854, 0.88648],
							"uv": {
								"north": {"uv": [128, 83], "uv_size": [1, 1]},
								"east": {"uv": [84, 128], "uv_size": [1, 1]},
								"south": {"uv": [128, 84], "uv_size": [1, 1]},
								"west": {"uv": [85, 128], "uv_size": [1, 1]},
								"up": {"uv": [128, 85], "uv_size": [1, 1]},
								"down": {"uv": [86, 129], "uv_size": [1, -1]}
							}
						},
						{
							"origin": [-3.32578, 21.3651, -10.86932],
							"size": [1.40156, 0.27854, 0.88648],
							"pivot": [1.1672, 8.56828, -15.08706],
							"rotation": [-22.5, 0, 0],
							"uv": {
								"north": {"uv": [128, 86], "uv_size": [1, 1]},
								"east": {"uv": [87, 128], "uv_size": [1, 1]},
								"south": {"uv": [128, 87], "uv_size": [1, 1]},
								"west": {"uv": [88, 128], "uv_size": [1, 1]},
								"up": {"uv": [128, 88], "uv_size": [1, 1]},
								"down": {"uv": [89, 129], "uv_size": [1, -1]}
							}
						}
					]
				},
				{
					"name": "trigger",
					"parent": "Teuing2",
					"pivot": [-2.62263, 16.62878, -7.71559],
					"cubes": [
						{
							"origin": [-2.82345, 16.90439, -8.19629],
							"size": [0.4, 0.4298, 1.65475],
							"inflate": 0.002,
							"pivot": [-2.62263, 17.02878, -7.81559],
							"rotation": [13.49478, -0.01017, -179.85616],
							"uv": {
								"north": {"uv": [128, 89], "uv_size": [1, 1]},
								"east": {"uv": [126, 121], "uv_size": [2, 1]},
								"south": {"uv": [90, 128], "uv_size": [1, 1]},
								"west": {"uv": [126, 122], "uv_size": [2, 1]},
								"up": {"uv": [122, 126], "uv_size": [1, 2]},
								"down": {"uv": [126, 125], "uv_size": [1, -2]}
							}
						},
						{
							"origin": [-2.82345, 16.52652, -6.6346],
							"size": [0.4, 0.41222, 0.98435],
							"inflate": 0.002,
							"pivot": [-2.62263, 17.02878, -7.81559],
							"rotation": [30.99478, -0.01017, -179.85616],
							"uv": {
								"north": {"uv": [128, 90], "uv_size": [1, 1]},
								"east": {"uv": [91, 128], "uv_size": [1, 1]},
								"south": {"uv": [128, 91], "uv_size": [1, 1]},
								"west": {"uv": [92, 128], "uv_size": [1, 1]},
								"up": {"uv": [128, 92], "uv_size": [1, 1]},
								"down": {"uv": [93, 129], "uv_size": [1, -1]}
							}
						}
					]
				},
				{
					"name": "trigger2",
					"parent": "Teuing2",
					"pivot": [-2.62263, 14.72878, -7.71559],
					"rotation": [-7, 0, 0]
				},
				{
					"name": "Hammer2",
					"parent": "gun",
					"pivot": [-4.525, 23.76864, -4.66977],
					"rotation": [-90, 0, 0],
					"cubes": [
						{
							"origin": [-4.65078, 23.35994, -7.93688],
							"size": [0.92656, 2.68648, 0.77854],
							"pivot": [-4.525, 24.85318, -7.59761],
							"rotation": [-22.5, 0, 0],
							"uv": {
								"north": {"uv": [104, 124], "uv_size": [1, 3]},
								"east": {"uv": [105, 124], "uv_size": [1, 3]},
								"south": {"uv": [111, 124], "uv_size": [1, 3]},
								"west": {"uv": [112, 124], "uv_size": [1, 3]},
								"up": {"uv": [128, 100], "uv_size": [1, 1]},
								"down": {"uv": [101, 129], "uv_size": [1, -1]}
							}
						},
						{
							"origin": [-4.62578, 24.60397, -8.40399],
							"size": [0.85156, 1.38648, 0.47854],
							"pivot": [-4.525, 25.39721, -8.06472],
							"rotation": [-171, 0, 0],
							"uv": {
								"north": {"uv": [128, 101], "uv_size": [1, 1]},
								"east": {"uv": [102, 128], "uv_size": [1, 1]},
								"south": {"uv": [128, 102], "uv_size": [1, 1]},
								"west": {"uv": [103, 128], "uv_size": [1, 1]},
								"up": {"uv": [128, 103], "uv_size": [1, 1]},
								"down": {"uv": [104, 129], "uv_size": [1, -1]}
							}
						},
						{
							"origin": [-4.62578, 25.29612, -8.15297],
							"size": [0.85156, 0.58648, 0.47854],
							"pivot": [-4.525, 25.98936, -8.0137],
							"rotation": [169, 0, 0],
							"uv": {
								"north": {"uv": [128, 104], "uv_size": [1, 1]},
								"east": {"uv": [105, 128], "uv_size": [1, 1]},
								"south": {"uv": [128, 105], "uv_size": [1, 1]},
								"west": {"uv": [106, 128], "uv_size": [1, 1]},
								"up": {"uv": [128, 106], "uv_size": [1, 1]},
								"down": {"uv": [107, 129], "uv_size": [1, -1]}
							}
						},
						{
							"origin": [-4.62578, 26.70003, -8.11013],
							"size": [0.85156, 0.48648, 0.47854],
							"pivot": [-4.525, 26.89327, -7.87086],
							"rotation": [154, 0, 0],
							"uv": {
								"north": {"uv": [128, 107], "uv_size": [1, 1]},
								"east": {"uv": [108, 128], "uv_size": [1, 1]},
								"south": {"uv": [128, 108], "uv_size": [1, 1]},
								"west": {"uv": [109, 128], "uv_size": [1, 1]},
								"up": {"uv": [128, 109], "uv_size": [1, 1]},
								"down": {"uv": [110, 129], "uv_size": [1, -1]}
							}
						},
						{
							"origin": [-4.62578, 26.00718, -7.98796],
							"size": [0.85156, 0.48648, 0.47854],
							"pivot": [-4.525, 26.70042, -7.74869],
							"rotation": [-165, 0, 0],
							"uv": {
								"north": {"uv": [128, 110], "uv_size": [1, 1]},
								"east": {"uv": [111, 128], "uv_size": [1, 1]},
								"south": {"uv": [128, 111], "uv_size": [1, 1]},
								"west": {"uv": [112, 128], "uv_size": [1, 1]},
								"up": {"uv": [128, 112], "uv_size": [1, 1]},
								"down": {"uv": [113, 129], "uv_size": [1, -1]}
							}
						},
						{
							"origin": [-4.62578, 27.06265, -7.28476],
							"size": [0.85156, 0.48648, 0.32854],
							"pivot": [-4.525, 27.75589, -7.74549],
							"rotation": [-95, 0, 0],
							"uv": {
								"north": {"uv": [128, 113], "uv_size": [1, 1]},
								"east": {"uv": [114, 128], "uv_size": [1, 1]},
								"south": {"uv": [128, 114], "uv_size": [1, 1]},
								"west": {"uv": [115, 128], "uv_size": [1, 1]},
								"up": {"uv": [128, 115], "uv_size": [1, 1]},
								"down": {"uv": [116, 129], "uv_size": [1, -1]}
							}
						},
						{
							"origin": [-4.65078, 15.70844, -5.09863],
							"size": [0.92656, 1.28648, 0.67854],
							"pivot": [0.0672, 16.30688, -14.67536],
							"rotation": [45, 0, 0],
							"uv": {
								"north": {"uv": [128, 116], "uv_size": [1, 1]},
								"east": {"uv": [117, 128], "uv_size": [1, 1]},
								"south": {"uv": [128, 117], "uv_size": [1, 1]},
								"west": {"uv": [118, 128], "uv_size": [1, 1]},
								"up": {"uv": [128, 118], "uv_size": [1, 1]},
								"down": {"uv": [119, 129], "uv_size": [1, -1]}
							}
						},
						{
							"origin": [-4.65078, 24.92562, -10.45762],
							"size": [0.92656, 0.67854, 0.88648],
							"pivot": [0.0672, 16.30688, -14.67536],
							"rotation": [-22.5, 0, 0],
							"uv": {
								"north": {"uv": [128, 119], "uv_size": [1, 1]},
								"east": {"uv": [120, 128], "uv_size": [1, 1]},
								"south": {"uv": [128, 120], "uv_size": [1, 1]},
								"west": {"uv": [121, 128], "uv_size": [1, 1]},
								"up": {"uv": [128, 121], "uv_size": [1, 1]},
								"down": {"uv": [122, 129], "uv_size": [1, -1]}
							}
						},
						{
							"origin": [-4.65078, 22.31625, -6.66143],
							"size": [0.92656, 0.67854, 0.88648],
							"uv": {
								"north": {"uv": [128, 122], "uv_size": [1, 1]},
								"east": {"uv": [123, 128], "uv_size": [1, 1]},
								"south": {"uv": [128, 123], "uv_size": [1, 1]},
								"west": {"uv": [124, 128], "uv_size": [1, 1]},
								"up": {"uv": [128, 124], "uv_size": [1, 1]},
								"down": {"uv": [125, 129], "uv_size": [1, -1]}
							}
						},
						{
							"origin": [-4.65078, 18.45278, -4.15277],
							"size": [0.92656, 0.67854, 0.88648],
							"pivot": [0.0672, 16.30688, -14.67536],
							"rotation": [22.5, 0, 0],
							"uv": {
								"north": {"uv": [128, 125], "uv_size": [1, 1]},
								"east": {"uv": [126, 128], "uv_size": [1, 1]},
								"south": {"uv": [128, 126], "uv_size": [1, 1]},
								"west": {"uv": [127, 128], "uv_size": [1, 1]},
								"up": {"uv": [128, 127], "uv_size": [1, 1]},
								"down": {"uv": [128, 129], "uv_size": [1, -1]}
							}
						},
						{
							"origin": [-4.65078, 27.66869, -12.97039],
							"size": [0.92656, 0.88648, 0.67854],
							"pivot": [0.0672, 16.30688, -14.67536],
							"rotation": [-45, 0, 0],
							"uv": {
								"north": {"uv": [129, 0], "uv_size": [1, 1]},
								"east": {"uv": [129, 1], "uv_size": [1, 1]},
								"south": {"uv": [129, 2], "uv_size": [1, 1]},
								"west": {"uv": [129, 3], "uv_size": [1, 1]},
								"up": {"uv": [129, 4], "uv_size": [1, 1]},
								"down": {"uv": [129, 6], "uv_size": [1, -1]}
							}
						},
						{
							"origin": [-4.65078, 26.71069, -8.26461],
							"size": [0.92656, 0.68648, 0.47854],
							"pivot": [0.0672, 16.30688, -14.67536],
							"rotation": [-22.5, 0, 0],
							"uv": {
								"north": {"uv": [129, 6], "uv_size": [1, 1]},
								"east": {"uv": [129, 7], "uv_size": [1, 1]},
								"south": {"uv": [129, 8], "uv_size": [1, 1]},
								"west": {"uv": [129, 9], "uv_size": [1, 1]},
								"up": {"uv": [129, 10], "uv_size": [1, 1]},
								"down": {"uv": [129, 12], "uv_size": [1, -1]}
							}
						},
						{
							"origin": [-4.47319, 23.65878, -9.42081],
							"size": [0.56191, 0.56191, 2.4],
							"pivot": [-4.19223, 23.93974, -9.27081],
							"rotation": [28.23567, 25.03798, -38.26436],
							"uv": {
								"north": {"uv": [100, 129], "uv_size": [1, 1]},
								"east": {"uv": [127, 2], "uv_size": [2, 1]},
								"south": {"uv": [129, 100], "uv_size": [1, 1]},
								"west": {"uv": [127, 11], "uv_size": [2, 1]},
								"up": {"uv": [127, 12], "uv_size": [1, 2]},
								"down": {"uv": [127, 16], "uv_size": [1, -2]}
							}
						}
					]
				},
				{
					"name": "hexadecagon3",
					"parent": "Hammer2",
					"pivot": [-4.825, 23.82322, -4.74652],
					"rotation": [47.5, 0, 0],
					"cubes": [
						{
							"origin": [-4.6764, 23.68287, -5.45212],
							"size": [0.9778, 0.28071, 1.4112],
							"pivot": [-4.825, 23.82322, -4.74652],
							"rotation": [45, 0, 0],
							"uv": {
								"north": {"uv": [129, 12], "uv_size": [1, 1]},
								"east": {"uv": [129, 13], "uv_size": [1, 1]},
								"south": {"uv": [129, 14], "uv_size": [1, 1]},
								"west": {"uv": [129, 15], "uv_size": [1, 1]},
								"up": {"uv": [129, 30], "uv_size": [1, 1]},
								"down": {"uv": [129, 32], "uv_size": [1, -1]}
							}
						},
						{
							"origin": [-4.6764, 23.68287, -5.45212],
							"size": [0.9778, 0.28071, 1.4112],
							"pivot": [-4.825, 23.82322, -4.74652],
							"rotation": [22.5, 0, 0],
							"uv": {
								"north": {"uv": [32, 129], "uv_size": [1, 1]},
								"east": {"uv": [33, 129], "uv_size": [1, 1]},
								"south": {"uv": [129, 33], "uv_size": [1, 1]},
								"west": {"uv": [34, 129], "uv_size": [1, 1]},
								"up": {"uv": [129, 34], "uv_size": [1, 1]},
								"down": {"uv": [35, 130], "uv_size": [1, -1]}
							}
						},
						{
							"origin": [-4.6764, 23.68287, -5.45212],
							"size": [0.9778, 0.28071, 1.4112],
							"uv": {
								"north": {"uv": [129, 35], "uv_size": [1, 1]},
								"east": {"uv": [129, 36], "uv_size": [1, 1]},
								"south": {"uv": [129, 37], "uv_size": [1, 1]},
								"west": {"uv": [38, 129], "uv_size": [1, 1]},
								"up": {"uv": [129, 38], "uv_size": [1, 1]},
								"down": {"uv": [39, 130], "uv_size": [1, -1]}
							}
						},
						{
							"origin": [-4.6764, 23.68287, -5.45212],
							"size": [0.9778, 0.28071, 1.4112],
							"pivot": [-4.825, 23.82322, -4.74652],
							"rotation": [-22.5, 0, 0],
							"uv": {
								"north": {"uv": [129, 39], "uv_size": [1, 1]},
								"east": {"uv": [40, 129], "uv_size": [1, 1]},
								"south": {"uv": [129, 40], "uv_size": [1, 1]},
								"west": {"uv": [41, 129], "uv_size": [1, 1]},
								"up": {"uv": [129, 41], "uv_size": [1, 1]},
								"down": {"uv": [50, 130], "uv_size": [1, -1]}
							}
						},
						{
							"origin": [-4.6764, 23.68287, -5.45212],
							"size": [0.9778, 0.28071, 1.4112],
							"pivot": [-4.825, 23.82322, -4.74652],
							"rotation": [-45, 0, 0],
							"uv": {
								"north": {"uv": [51, 129], "uv_size": [1, 1]},
								"east": {"uv": [52, 129], "uv_size": [1, 1]},
								"south": {"uv": [53, 129], "uv_size": [1, 1]},
								"west": {"uv": [54, 129], "uv_size": [1, 1]},
								"up": {"uv": [55, 129], "uv_size": [1, 1]},
								"down": {"uv": [56, 130], "uv_size": [1, -1]}
							}
						},
						{
							"origin": [-4.6764, 23.11762, -4.88687],
							"size": [0.9778, 1.4112, 0.28071],
							"pivot": [-4.825, 23.82322, -4.74652],
							"rotation": [22.5, 0, 0],
							"uv": {
								"north": {"uv": [57, 129], "uv_size": [1, 1]},
								"east": {"uv": [58, 129], "uv_size": [1, 1]},
								"south": {"uv": [59, 129], "uv_size": [1, 1]},
								"west": {"uv": [129, 63], "uv_size": [1, 1]},
								"up": {"uv": [129, 64], "uv_size": [1, 1]},
								"down": {"uv": [129, 66], "uv_size": [1, -1]}
							}
						},
						{
							"origin": [-4.6764, 23.11762, -4.88687],
							"size": [0.9778, 1.4112, 0.28071],
							"uv": {
								"north": {"uv": [129, 66], "uv_size": [1, 1]},
								"east": {"uv": [129, 67], "uv_size": [1, 1]},
								"south": {"uv": [68, 129], "uv_size": [1, 1]},
								"west": {"uv": [129, 68], "uv_size": [1, 1]},
								"up": {"uv": [69, 129], "uv_size": [1, 1]},
								"down": {"uv": [129, 70], "uv_size": [1, -1]}
							}
						},
						{
							"origin": [-4.6764, 23.11762, -4.88687],
							"size": [0.9778, 1.4112, 0.28071],
							"pivot": [-4.825, 23.82322, -4.74652],
							"rotation": [-22.5, 0, 0],
							"uv": {
								"north": {"uv": [70, 129], "uv_size": [1, 1]},
								"east": {"uv": [129, 70], "uv_size": [1, 1]},
								"south": {"uv": [71, 129], "uv_size": [1, 1]},
								"west": {"uv": [129, 71], "uv_size": [1, 1]},
								"up": {"uv": [72, 129], "uv_size": [1, 1]},
								"down": {"uv": [129, 73], "uv_size": [1, -1]}
							}
						}
					]
				},
				{
					"name": "hexadecagon4",
					"parent": "Hammer2",
					"pivot": [-4.7825, 25.67584, -6.92689],
					"rotation": [47.5, 0, 0],
					"cubes": [
						{
							"origin": [-4.67891, 25.85935, -6.81254],
							"size": [0.95782, 0.23299, 0.4713],
							"pivot": [-4.7825, 25.97584, -6.92689],
							"rotation": [45, 0, 0],
							"uv": {
								"north": {"uv": [73, 129], "uv_size": [1, 1]},
								"east": {"uv": [129, 73], "uv_size": [1, 1]},
								"south": {"uv": [74, 129], "uv_size": [1, 1]},
								"west": {"uv": [129, 74], "uv_size": [1, 1]},
								"up": {"uv": [75, 129], "uv_size": [1, 1]},
								"down": {"uv": [129, 76], "uv_size": [1, -1]}
							}
						},
						{
							"origin": [-4.67891, 25.85935, -6.81254],
							"size": [0.95782, 0.23299, 0.4713],
							"pivot": [-4.7825, 25.97584, -6.92689],
							"rotation": [22.5, 0, 0],
							"uv": {
								"north": {"uv": [129, 76], "uv_size": [1, 1]},
								"east": {"uv": [129, 77], "uv_size": [1, 1]},
								"south": {"uv": [129, 78], "uv_size": [1, 1]},
								"west": {"uv": [129, 79], "uv_size": [1, 1]},
								"up": {"uv": [129, 80], "uv_size": [1, 1]},
								"down": {"uv": [129, 82], "uv_size": [1, -1]}
							}
						},
						{
							"origin": [-4.67891, 25.85935, -6.91254],
							"size": [0.95782, 0.23299, 0.5713],
							"uv": {
								"north": {"uv": [82, 129], "uv_size": [1, 1]},
								"east": {"uv": [129, 82], "uv_size": [1, 1]},
								"south": {"uv": [83, 129], "uv_size": [1, 1]},
								"west": {"uv": [129, 83], "uv_size": [1, 1]},
								"up": {"uv": [84, 129], "uv_size": [1, 1]},
								"down": {"uv": [129, 85], "uv_size": [1, -1]}
							}
						},
						{
							"origin": [-4.67891, 25.85935, -6.81254],
							"size": [0.95782, 0.23299, 0.4713],
							"pivot": [-4.7825, 25.97584, -6.92689],
							"rotation": [-22.5, 0, 0],
							"uv": {
								"north": {"uv": [85, 129], "uv_size": [1, 1]},
								"east": {"uv": [129, 85], "uv_size": [1, 1]},
								"south": {"uv": [86, 129], "uv_size": [1, 1]},
								"west": {"uv": [129, 86], "uv_size": [1, 1]},
								"up": {"uv": [87, 129], "uv_size": [1, 1]},
								"down": {"uv": [129, 88], "uv_size": [1, -1]}
							}
						},
						{
							"origin": [-4.67891, 25.85935, -7.51254],
							"size": [0.95782, 0.23299, 1.1713],
							"pivot": [-4.7825, 25.97584, -6.92689],
							"rotation": [-45, 0, 0],
							"uv": {
								"north": {"uv": [88, 129], "uv_size": [1, 1]},
								"east": {"uv": [129, 88], "uv_size": [1, 1]},
								"south": {"uv": [89, 129], "uv_size": [1, 1]},
								"west": {"uv": [129, 89], "uv_size": [1, 1]},
								"up": {"uv": [90, 129], "uv_size": [1, 1]},
								"down": {"uv": [129, 91], "uv_size": [1, -1]}
							}
						},
						{
							"origin": [-4.67891, 25.3902, -7.04338],
							"size": [0.95782, 1.1713, 0.23299],
							"pivot": [-4.7825, 25.97584, -6.92689],
							"rotation": [22.5, 0, 0],
							"uv": {
								"north": {"uv": [91, 129], "uv_size": [1, 1]},
								"east": {"uv": [129, 91], "uv_size": [1, 1]},
								"south": {"uv": [92, 129], "uv_size": [1, 1]},
								"west": {"uv": [129, 92], "uv_size": [1, 1]},
								"up": {"uv": [93, 129], "uv_size": [1, 1]},
								"down": {"uv": [129, 94], "uv_size": [1, -1]}
							}
						},
						{
							"origin": [-4.67891, 26.1902, -7.04338],
							"size": [0.95782, 0.3713, 0.23299],
							"uv": {
								"north": {"uv": [94, 129], "uv_size": [1, 1]},
								"east": {"uv": [129, 94], "uv_size": [1, 1]},
								"south": {"uv": [95, 129], "uv_size": [1, 1]},
								"west": {"uv": [129, 95], "uv_size": [1, 1]},
								"up": {"uv": [96, 129], "uv_size": [1, 1]},
								"down": {"uv": [129, 97], "uv_size": [1, -1]}
							}
						},
						{
							"origin": [-4.67891, 26.0902, -7.04338],
							"size": [0.95782, 0.4713, 0.23299],
							"pivot": [-4.7825, 25.97584, -6.92689],
							"rotation": [-22.5, 0, 0],
							"uv": {
								"north": {"uv": [97, 129], "uv_size": [1, 1]},
								"east": {"uv": [129, 97], "uv_size": [1, 1]},
								"south": {"uv": [98, 129], "uv_size": [1, 1]},
								"west": {"uv": [129, 98], "uv_size": [1, 1]},
								"up": {"uv": [99, 129], "uv_size": [1, 1]},
								"down": {"uv": [129, 100], "uv_size": [1, -1]}
							}
						}
					]
				},
				{
					"name": "Sight",
					"parent": "gun",
					"pivot": [-2.50937, 25.63947, -30.03334],
					"cubes": [
						{
							"origin": [-3.05873, 25.96234, -34.24178],
							"size": [1.09873, 0.253, 3.69065],
							"inflate": 0.002,
							"uv": {
								"north": {"uv": [102, 129], "uv_size": [1, 1]},
								"east": {"uv": [86, 124], "uv_size": [4, 1]},
								"south": {"uv": [129, 102], "uv_size": [1, 1]},
								"west": {"uv": [124, 86], "uv_size": [4, 1]},
								"up": {"uv": [107, 123], "uv_size": [1, 4]},
								"down": {"uv": [117, 127], "uv_size": [1, -4]}
							}
						},
						{
							"origin": [-3.01967, 26.21934, -30.84178],
							"size": [0.24873, 0.796, 0.29065],
							"inflate": 0.002,
							"uv": {
								"north": {"uv": [103, 129], "uv_size": [1, 1]},
								"east": {"uv": [129, 103], "uv_size": [1, 1]},
								"south": {"uv": [104, 129], "uv_size": [1, 1]},
								"west": {"uv": [129, 104], "uv_size": [1, 1]},
								"up": {"uv": [105, 129], "uv_size": [1, 1]},
								"down": {"uv": [129, 106], "uv_size": [1, -1]}
							}
						},
						{
							"origin": [-2.63373, 25.51934, -131.44178],
							"size": [0.24873, 1.396, 0.29065],
							"inflate": 0.002,
							"uv": {
								"north": {"uv": [109, 129], "uv_size": [1, 1]},
								"east": {"uv": [129, 109], "uv_size": [1, 1]},
								"south": {"uv": [110, 129], "uv_size": [1, 1]},
								"west": {"uv": [129, 110], "uv_size": [1, 1]},
								"up": {"uv": [111, 129], "uv_size": [1, 1]},
								"down": {"uv": [129, 112], "uv_size": [1, -1]}
							}
						},
						{
							"origin": [-2.24779, 26.21934, -30.84178],
							"size": [0.24873, 0.796, 0.29065],
							"inflate": 0.002,
							"uv": {
								"north": {"uv": [106, 129], "uv_size": [1, 1]},
								"east": {"uv": [129, 106], "uv_size": [1, 1]},
								"south": {"uv": [107, 129], "uv_size": [1, 1]},
								"west": {"uv": [129, 107], "uv_size": [1, 1]},
								"up": {"uv": [108, 129], "uv_size": [1, 1]},
								"down": {"uv": [129, 109], "uv_size": [1, -1]}
							}
						},
						{
							"origin": [-3.26266, 25.4157, -34.33257],
							"size": [1.50658, 0.54614, 4.37224],
							"inflate": 0.002,
							"uv": {
								"north": {"uv": [127, 30], "uv_size": [2, 1]},
								"east": {"uv": [124, 84], "uv_size": [4, 1]},
								"south": {"uv": [127, 31], "uv_size": [2, 1]},
								"west": {"uv": [124, 85], "uv_size": [4, 1]},
								"up": {"uv": [88, 119], "uv_size": [2, 4]},
								"down": {"uv": [90, 123], "uv_size": [2, -4]}
							}
						}
					]
				},
				{
					"name": "BulletShell",
					"parent": "gun",
					"pivot": [-3.42984, 24.13253, -23.56],
					"cubes": [
						{
							"origin": [-3.19984, 23.46253, -30.5005],
							"size": [1.34, 1.34, 5.881],
							"uv": {
								"north": {"uv": [112, 129], "uv_size": [1, 1]},
								"east": {"uv": [119, 99], "uv_size": [6, 1]},
								"south": {"uv": [129, 112], "uv_size": [1, 1]},
								"west": {"uv": [119, 100], "uv_size": [6, 1]},
								"up": {"uv": [113, 119], "uv_size": [1, 6]},
								"down": {"uv": [109, 127], "uv_size": [1, -6]}
							}
						}
					]
				},
				{
					"name": "Bullet",
					"parent": "gun",
					"pivot": [-2.52984, 24.23253, -13.27258],
					"cubes": [
						{
							"origin": [-3.19984, 23.56253, -14.8005],
							"size": [1.34, 1.34, 5.881],
							"uv": {
								"north": {"uv": [113, 129], "uv_size": [1, 1]},
								"east": {"uv": [120, 36], "uv_size": [6, 1]},
								"south": {"uv": [129, 113], "uv_size": [1, 1]},
								"west": {"uv": [121, 74], "uv_size": [6, 1]},
								"up": {"uv": [110, 121], "uv_size": [1, 6]},
								"down": {"uv": [114, 127], "uv_size": [1, -6]}
							}
						},
						{
							"origin": [-3.08234, 23.65503, -15.95625],
							"size": [1.105, 1.155, 5.56275],
							"uv": {
								"north": {"uv": [114, 129], "uv_size": [1, 1]},
								"east": {"uv": [122, 77], "uv_size": [6, 1]},
								"south": {"uv": [129, 114], "uv_size": [1, 1]},
								"west": {"uv": [122, 78], "uv_size": [6, 1]},
								"up": {"uv": [115, 121], "uv_size": [1, 6]},
								"down": {"uv": [116, 127], "uv_size": [1, -6]}
							}
						},
						{
							"origin": [-2.96677, 23.7706, -16.80522],
							"size": [0.87385, 0.92385, 4.0447],
							"uv": {
								"north": {"uv": [115, 129], "uv_size": [1, 1]},
								"east": {"uv": [124, 87], "uv_size": [4, 1]},
								"south": {"uv": [129, 115], "uv_size": [1, 1]},
								"west": {"uv": [124, 88], "uv_size": [4, 1]},
								"up": {"uv": [118, 123], "uv_size": [1, 4]},
								"down": {"uv": [90, 128], "uv_size": [1, -4]}
							}
						}
					]
				},
				{
					"name": "rightarm",
					"parent": "main",
					"pivot": [-4.3, 14.8, 21.8],
					"rotation": [-101.81106, -12.40003, -2.46982],
					"cubes": [
						{
							"origin": [-11.3, -10.2, 23.8],
							"size": [8, 24, 8],
							"uv": {
								"north": {"uv": [0, 0], "uv_size": [8, 24]},
								"east": {"uv": [8, 0], "uv_size": [8, 24]},
								"south": {"uv": [16, 0], "uv_size": [8, 24]},
								"west": {"uv": [0, 24], "uv_size": [8, 24]},
								"up": {"uv": [54, 66], "uv_size": [8, 8]},
								"down": {"uv": [62, 74], "uv_size": [8, -8]}
							}
						}
					]
				},
				{
					"name": "leftarm",
					"parent": "main",
					"pivot": [10.7, 17.3, -8.6],
					"rotation": [-119.61483, 1.67666, -38.31282],
					"cubes": [
						{
							"origin": [-0.3, -2.7, -10.6],
							"size": [8, 24, 8],
							"uv": {
								"north": {"uv": [24, 0], "uv_size": [8, 24]},
								"east": {"uv": [8, 24], "uv_size": [8, 24]},
								"south": {"uv": [16, 24], "uv_size": [8, 24]},
								"west": {"uv": [24, 24], "uv_size": [8, 24]},
								"up": {"uv": [69, 0], "uv_size": [8, 8]},
								"down": {"uv": [69, 16], "uv_size": [8, -8]}
							}
						}
					]
				},
				{
					"name": "muzzleflash",
					"parent": "main",
					"pivot": [-2.5, 24.35, -135.05],
					"cubes": [
						{"origin": [-3, 23.85, -135.55], "size": [1, 1, 1], "inflate": -0.4, "uv": [27, 69]}
					]
				},
				{
					"name": "scope",
					"parent": "main",
					"pivot": [-2.50937, 26.90555, 4.29612],
					"cubes": [
						{"origin": [-3.00937, 26.40555, 3.79612], "size": [1, 1, 1], "inflate": -0.4, "uv": [27, 69]}
					]
				}
			]
		}
	]
}