{
	"format_version": "1.12.0",
	"minecraft:geometry": [
		{
			"description": {
				"identifier": "geometry.unknown",
				"texture_width": 128,
				"texture_height": 128,
				"visible_bounds_width": 11,
				"visible_bounds_height": 7,
				"visible_bounds_offset": [0, 2.5, 0]
			},
			"bones": [
				{
					"name": "main",
					"pivot": [0, 20, -10]
				},
				{
					"name": "gun",
					"parent": "main",
					"pivot": [1, 11, -4]
				},
				{
					"name": "Frame",
					"parent": "gun",
					"pivot": [-2, 23, -9],
					"cubes": [
						{
							"origin": [-4.11123, 19.69889, -29.45815],
							"size": [1.66447, 5.81222, 13.1],
							"uv": {
								"north": {"uv": [62, 51], "uv_size": [2, 6]},
								"east": {"uv": [32, 0], "uv_size": [13, 6]},
								"south": {"uv": [62, 57], "uv_size": [2, 6]},
								"west": {"uv": [32, 6], "uv_size": [13, 6]},
								"up": {"uv": [22, 48], "uv_size": [2, 13]},
								"down": {"uv": [24, 61], "uv_size": [2, -13]}
							}
						},
						{
							"origin": [-2.14676, 13.13087, -22.06906],
							"size": [1.175, 3.61222, 4.43391],
							"pivot": [-2.53788, 19.0175, -31.63453],
							"rotation": [20, 0, 0],
							"uv": {
								"north": {"uv": [3, 74], "uv_size": [1, 4]},
								"east": {"uv": [53, 11], "uv_size": [4, 4]},
								"south": {"uv": [4, 74], "uv_size": [1, 4]},
								"west": {"uv": [52, 53], "uv_size": [4, 4]},
								"up": {"uv": [5, 74], "uv_size": [1, 4]},
								"down": {"uv": [6, 78], "uv_size": [1, -4]}
							}
						},
						{
							"origin": [-4.08623, 13.13087, -22.06906],
							"size": [1.13947, 3.61222, 4.43391],
							"pivot": [-2.53788, 19.0175, -31.63453],
							"rotation": [20, 0, 0],
							"uv": {
								"north": {"uv": [7, 74], "uv_size": [1, 4]},
								"east": {"uv": [0, 54], "uv_size": [4, 4]},
								"south": {"uv": [8, 74], "uv_size": [1, 4]},
								"west": {"uv": [54, 17], "uv_size": [4, 4]},
								"up": {"uv": [9, 74], "uv_size": [1, 4]},
								"down": {"uv": [10, 78], "uv_size": [1, -4]}
							}
						},
						{
							"origin": [-2.14676, 24.35812, -26.38773],
							"size": [1.175, 3.61222, 4.63391],
							"pivot": [-2.53788, 19.0175, -31.63453],
							"rotation": [-40, 0, 0],
							"uv": {
								"north": {"uv": [11, 74], "uv_size": [1, 4]},
								"east": {"uv": [48, 23], "uv_size": [5, 4]},
								"south": {"uv": [12, 74], "uv_size": [1, 4]},
								"west": {"uv": [48, 27], "uv_size": [5, 4]},
								"up": {"uv": [39, 62], "uv_size": [1, 5]},
								"down": {"uv": [65, 51], "uv_size": [1, -5]}
							}
						},
						{
							"origin": [-4.08623, 24.35812, -26.38773],
							"size": [1.13947, 3.61222, 4.63391],
							"pivot": [-2.53788, 19.0175, -31.63453],
							"rotation": [-40, 0, 0],
							"uv": {
								"north": {"uv": [13, 74], "uv_size": [1, 4]},
								"east": {"uv": [30, 48], "uv_size": [5, 4]},
								"south": {"uv": [14, 74], "uv_size": [1, 4]},
								"west": {"uv": [35, 48], "uv_size": [5, 4]},
								"up": {"uv": [70, 71], "uv_size": [1, 5]},
								"down": {"uv": [72, 8], "uv_size": [1, -5]}
							}
						},
						{
							"origin": [-3.12213, 13.04645, -17.55004],
							"size": [1.34984, 6.26598, 3.2],
							"pivot": [-2.94176, 18.72784, -16.2187],
							"rotation": [2.5, 0, -180],
							"uv": {
								"north": {"uv": [55, 47], "uv_size": [1, 6]},
								"east": {"uv": [51, 17], "uv_size": [3, 6]},
								"south": {"uv": [70, 35], "uv_size": [1, 6]},
								"west": {"uv": [52, 47], "uv_size": [3, 6]},
								"up": {"uv": [67, 76], "uv_size": [1, 3]},
								"down": {"uv": [70, 79], "uv_size": [1, -3]}
							}
						},
						{
							"origin": [-4.08123, 18.06672, -17.4405],
							"size": [1.28983, 6.26598, 3.2],
							"pivot": [-2.514, 21.19971, -14.41031],
							"rotation": [2.5, 0, -180],
							"uv": {
								"north": {"uv": [66, 70], "uv_size": [1, 6]},
								"east": {"uv": [53, 5], "uv_size": [3, 6]},
								"south": {"uv": [67, 70], "uv_size": [1, 6]},
								"west": {"uv": [53, 23], "uv_size": [3, 6]},
								"up": {"uv": [72, 76], "uv_size": [1, 3]},
								"down": {"uv": [26, 80], "uv_size": [1, -3]}
							}
						},
						{
							"origin": [-2.5666, 18.06672, -14.2405],
							"size": [1.64984, 6.26598, 3.22079],
							"pivot": [-2.514, 21.19971, -14.41031],
							"rotation": [2.5, 0, -180],
							"uv": {
								"north": {"uv": [6, 63], "uv_size": [2, 6]},
								"east": {"uv": [40, 53], "uv_size": [3, 6]},
								"south": {"uv": [8, 63], "uv_size": [2, 6]},
								"west": {"uv": [43, 53], "uv_size": [3, 6]},
								"up": {"uv": [70, 46], "uv_size": [2, 3]},
								"down": {"uv": [71, 3], "uv_size": [2, -3]}
							}
						},
						{
							"origin": [-4.08123, 18.06672, -14.2405],
							"size": [1.58983, 6.26598, 3.22079],
							"pivot": [-2.514, 21.19971, -14.41031],
							"rotation": [2.5, 0, -180],
							"uv": {
								"north": {"uv": [10, 63], "uv_size": [2, 6]},
								"east": {"uv": [46, 53], "uv_size": [3, 6]},
								"south": {"uv": [12, 63], "uv_size": [2, 6]},
								"west": {"uv": [49, 53], "uv_size": [3, 6]},
								"up": {"uv": [71, 35], "uv_size": [2, 3]},
								"down": {"uv": [71, 41], "uv_size": [2, -3]}
							}
						},
						{
							"origin": [-3.43597, 19.54912, -29.45815],
							"size": [1.51385, 0.92892, 14.78446],
							"pivot": [-2.53788, 19.0175, -30.63453],
							"rotation": [0, 0, -34.9959],
							"uv": {
								"north": {"uv": [45, 23], "uv_size": [2, 1]},
								"east": {"uv": [57, 14], "uv_size": [15, 1]},
								"south": {"uv": [48, 31], "uv_size": [2, 1]},
								"west": {"uv": [58, 17], "uv_size": [15, 1]},
								"up": {"uv": [6, 48], "uv_size": [2, 15]},
								"down": {"uv": [8, 63], "uv_size": [2, -15]}
							}
						},
						{
							"origin": [-3.57848, 18.93793, -29.45815],
							"size": [0.99199, 1.15442, 14.78446],
							"pivot": [-2.53788, 19.0175, -30.63453],
							"rotation": [0, 0, 0],
							"uv": {
								"north": {"uv": [47, 23], "uv_size": [1, 1]},
								"east": {"uv": [58, 18], "uv_size": [15, 1]},
								"south": {"uv": [78, 70], "uv_size": [1, 1]},
								"west": {"uv": [58, 19], "uv_size": [15, 1]},
								"up": {"uv": [28, 61], "uv_size": [1, 15]},
								"down": {"uv": [29, 76], "uv_size": [1, -15]}
							}
						},
						{
							"origin": [-3.16502, 19.55931, -29.45814],
							"size": [1.53978, 0.92892, 14.78446],
							"pivot": [-2.53788, 19.0175, -30.63453],
							"rotation": [0, 0, 34.9959],
							"uv": {
								"north": {"uv": [77, 10], "uv_size": [2, 1]},
								"east": {"uv": [58, 20], "uv_size": [15, 1]},
								"south": {"uv": [77, 14], "uv_size": [2, 1]},
								"west": {"uv": [61, 15], "uv_size": [15, 1]},
								"up": {"uv": [10, 48], "uv_size": [2, 15]},
								"down": {"uv": [12, 63], "uv_size": [2, -15]}
							}
						},
						{
							"origin": [-2.58649, 18.93793, -29.45814],
							"size": [1.10697, 1.15442, 14.78446],
							"pivot": [-2.53788, 19.0175, -30.63453],
							"rotation": [0, 0, 0],
							"uv": {
								"north": {"uv": [79, 4], "uv_size": [1, 1]},
								"east": {"uv": [61, 16], "uv_size": [15, 1]},
								"south": {"uv": [79, 6], "uv_size": [1, 1]},
								"west": {"uv": [61, 41], "uv_size": [15, 1]},
								"up": {"uv": [61, 42], "uv_size": [1, 15]},
								"down": {"uv": [61, 72], "uv_size": [1, -15]}
							}
						},
						{
							"origin": [-7.56551, 13.68159, -31.69205],
							"size": [1.51385, 0.92892, 15.33391],
							"pivot": [-2.53788, 19.0175, -30.63453],
							"rotation": [0, 0, 145.0041],
							"uv": {
								"north": {"uv": [77, 31], "uv_size": [2, 1]},
								"east": {"uv": [62, 42], "uv_size": [15, 1]},
								"south": {"uv": [77, 32], "uv_size": [2, 1]},
								"west": {"uv": [62, 43], "uv_size": [15, 1]},
								"up": {"uv": [14, 48], "uv_size": [2, 15]},
								"down": {"uv": [16, 63], "uv_size": [2, -15]}
							}
						},
						{
							"origin": [-2.60425, 11.76292, -22.72596],
							"size": [1.10697, 1.15442, 6.36782],
							"pivot": [-2.53788, 19.0175, -30.63453],
							"rotation": [0, 0, -180],
							"uv": {
								"north": {"uv": [79, 7], "uv_size": [1, 1]},
								"east": {"uv": [70, 21], "uv_size": [6, 1]},
								"south": {"uv": [8, 79], "uv_size": [1, 1]},
								"west": {"uv": [70, 22], "uv_size": [6, 1]},
								"up": {"uv": [56, 71], "uv_size": [1, 6]},
								"down": {"uv": [57, 77], "uv_size": [1, -6]}
							}
						},
						{
							"origin": [-3.59624, 11.76292, -22.72596],
							"size": [0.99199, 1.15442, 6.36782],
							"pivot": [-2.53788, 19.0175, -30.63453],
							"rotation": [0, 0, -180],
							"uv": {
								"north": {"uv": [79, 8], "uv_size": [1, 1]},
								"east": {"uv": [70, 49], "uv_size": [6, 1]},
								"south": {"uv": [9, 79], "uv_size": [1, 1]},
								"west": {"uv": [70, 50], "uv_size": [6, 1]},
								"up": {"uv": [58, 71], "uv_size": [1, 6]},
								"down": {"uv": [59, 77], "uv_size": [1, -6]}
							}
						},
						{
							"origin": [-3.59624, 11.76292, -31.69205],
							"size": [0.99199, 1.15442, 5.38391],
							"pivot": [-2.53788, 19.0175, -30.63453],
							"rotation": [0, 0, -180],
							"uv": {
								"north": {"uv": [79, 9], "uv_size": [1, 1]},
								"east": {"uv": [72, 8], "uv_size": [5, 1]},
								"south": {"uv": [10, 79], "uv_size": [1, 1]},
								"west": {"uv": [72, 9], "uv_size": [5, 1]},
								"up": {"uv": [72, 23], "uv_size": [1, 5]},
								"down": {"uv": [38, 77], "uv_size": [1, -5]}
							}
						},
						{
							"origin": [-2.60425, 11.76292, -31.69205],
							"size": [1.10697, 1.15442, 5.38391],
							"pivot": [-2.53788, 19.0175, -30.63453],
							"rotation": [0, 0, -180],
							"uv": {
								"north": {"uv": [79, 10], "uv_size": [1, 1]},
								"east": {"uv": [72, 10], "uv_size": [5, 1]},
								"south": {"uv": [11, 79], "uv_size": [1, 1]},
								"west": {"uv": [72, 14], "uv_size": [5, 1]},
								"up": {"uv": [39, 72], "uv_size": [1, 5]},
								"down": {"uv": [61, 77], "uv_size": [1, -5]}
							}
						},
						{
							"origin": [0.93542, 13.6714, -31.69205],
							"size": [1.53978, 0.92892, 15.33391],
							"pivot": [-2.53788, 19.0175, -30.63453],
							"rotation": [0, 0, -145.0041],
							"uv": {
								"north": {"uv": [77, 33], "uv_size": [2, 1]},
								"east": {"uv": [62, 44], "uv_size": [15, 1]},
								"south": {"uv": [77, 34], "uv_size": [2, 1]},
								"west": {"uv": [62, 45], "uv_size": [15, 1]},
								"up": {"uv": [18, 48], "uv_size": [2, 15]},
								"down": {"uv": [20, 63], "uv_size": [2, -15]}
							}
						},
						{
							"origin": [-2.44676, 19.69889, -29.45815],
							"size": [1.5, 5.81222, 13.1],
							"uv": {
								"north": {"uv": [14, 63], "uv_size": [2, 6]},
								"east": {"uv": [32, 12], "uv_size": [13, 6]},
								"south": {"uv": [16, 63], "uv_size": [2, 6]},
								"west": {"uv": [32, 18], "uv_size": [13, 6]},
								"up": {"uv": [26, 48], "uv_size": [2, 13]},
								"down": {"uv": [28, 61], "uv_size": [2, -13]}
							}
						},
						{
							"origin": [-4.11123, 20.49889, -31.69205],
							"size": [1.66447, 5.01222, 2.23391],
							"uv": {
								"north": {"uv": [38, 67], "uv_size": [2, 5]},
								"east": {"uv": [30, 62], "uv_size": [3, 5]},
								"south": {"uv": [68, 46], "uv_size": [2, 5]},
								"west": {"uv": [33, 62], "uv_size": [3, 5]},
								"up": {"uv": [62, 71], "uv_size": [2, 3]},
								"down": {"uv": [71, 66], "uv_size": [2, -3]}
							}
						},
						{
							"origin": [-4.11123, 20.34885, -31.45988],
							"size": [1.66447, 0.81222, 2.03391],
							"pivot": [-2.53788, 19.0175, -30.63453],
							"rotation": [-26.5, 0, 0],
							"uv": {
								"north": {"uv": [38, 77], "uv_size": [2, 1]},
								"east": {"uv": [41, 77], "uv_size": [2, 1]},
								"south": {"uv": [77, 42], "uv_size": [2, 1]},
								"west": {"uv": [43, 77], "uv_size": [2, 1]},
								"up": {"uv": [73, 52], "uv_size": [2, 2]},
								"down": {"uv": [15, 76], "uv_size": [2, -2]}
							}
						},
						{
							"origin": [-2.44676, 20.49889, -31.69205],
							"size": [1.5, 5.01222, 2.23391],
							"uv": {
								"north": {"uv": [72, 66], "uv_size": [1, 5]},
								"east": {"uv": [36, 62], "uv_size": [3, 5]},
								"south": {"uv": [71, 72], "uv_size": [1, 5]},
								"west": {"uv": [62, 46], "uv_size": [3, 5]},
								"up": {"uv": [77, 26], "uv_size": [1, 3]},
								"down": {"uv": [27, 80], "uv_size": [1, -3]}
							}
						},
						{
							"origin": [-2.44676, 20.34885, -31.45988],
							"size": [1.5, 0.81222, 2.03391],
							"pivot": [-2.53788, 19.0175, -30.63453],
							"rotation": [-26.5, 0, 0],
							"uv": {
								"north": {"uv": [79, 11], "uv_size": [1, 1]},
								"east": {"uv": [77, 43], "uv_size": [2, 1]},
								"south": {"uv": [79, 12], "uv_size": [1, 1]},
								"west": {"uv": [77, 44], "uv_size": [2, 1]},
								"up": {"uv": [71, 3], "uv_size": [1, 2]},
								"down": {"uv": [77, 47], "uv_size": [1, -2]}
							}
						}
					]
				},
				{
					"name": "triger",
					"parent": "Frame",
					"pivot": [-2.54894, 18.10435, -17.15491],
					"cubes": [
						{
							"origin": [-2.78248, 17.03717, -17.3471],
							"size": [0.46709, 2.1298, 0.35475],
							"inflate": 0.002,
							"pivot": [-2.54894, 18.10435, -17.15491],
							"rotation": [93.49478, -0.14342, -179.98504],
							"uv": {
								"north": {"uv": [78, 77], "uv_size": [1, 2]},
								"east": {"uv": [0, 79], "uv_size": [1, 2]},
								"south": {"uv": [79, 0], "uv_size": [1, 2]},
								"west": {"uv": [1, 79], "uv_size": [1, 2]},
								"up": {"uv": [24, 82], "uv_size": [1, 1]},
								"down": {"uv": [82, 25], "uv_size": [1, -1]}
							}
						},
						{
							"origin": [-2.78248, 17.03717, -17.31747],
							"size": [0.46709, 2.1298, 0.35475],
							"inflate": 0.002,
							"pivot": [-2.54894, 18.10435, -17.15491],
							"rotation": [110.99478, -0.14342, -179.98504],
							"uv": {
								"north": {"uv": [2, 79], "uv_size": [1, 2]},
								"east": {"uv": [79, 2], "uv_size": [1, 2]},
								"south": {"uv": [5, 79], "uv_size": [1, 2]},
								"west": {"uv": [6, 79], "uv_size": [1, 2]},
								"up": {"uv": [25, 82], "uv_size": [1, 1]},
								"down": {"uv": [82, 26], "uv_size": [1, -1]}
							}
						}
					]
				},
				{
					"name": "Barrel",
					"parent": "gun",
					"pivot": [-2.0579, 26.35171, -74.004],
					"cubes": [
						{
							"origin": [3.05612, 19.72106, -47.24233],
							"size": [0.95839, 0.53762, 15.996],
							"inflate": 0.002,
							"pivot": [-2.48788, 19.0175, -25.63453],
							"rotation": [0, 0, -90],
							"uv": {
								"north": {"uv": [13, 79], "uv_size": [1, 1]},
								"east": {"uv": [53, 29], "uv_size": [16, 1]},
								"south": {"uv": [14, 79], "uv_size": [1, 1]},
								"west": {"uv": [53, 30], "uv_size": [16, 1]},
								"up": {"uv": [4, 54], "uv_size": [1, 16]},
								"down": {"uv": [5, 70], "uv_size": [1, -16]}
							}
						},
						{
							"origin": [-7.14657, 22.26561, -47.24233],
							"size": [0.95839, 0.53762, 15.996],
							"inflate": 0.002,
							"pivot": [-2.48788, 19.0175, -25.63453],
							"rotation": [0, 0, 42.5],
							"uv": {
								"north": {"uv": [79, 14], "uv_size": [1, 1]},
								"east": {"uv": [54, 21], "uv_size": [16, 1]},
								"south": {"uv": [79, 17], "uv_size": [1, 1]},
								"west": {"uv": [54, 22], "uv_size": [16, 1]},
								"up": {"uv": [56, 47], "uv_size": [1, 16]},
								"down": {"uv": [57, 63], "uv_size": [1, -16]}
							}
						},
						{
							"origin": [-3.01951, 23.91132, -47.24233],
							"size": [0.95839, 0.53762, 15.996],
							"inflate": 0.002,
							"uv": {
								"north": {"uv": [18, 79], "uv_size": [1, 1]},
								"east": {"uv": [54, 31], "uv_size": [16, 1]},
								"south": {"uv": [79, 18], "uv_size": [1, 1]},
								"west": {"uv": [54, 32], "uv_size": [16, 1]},
								"up": {"uv": [52, 57], "uv_size": [1, 16]},
								"down": {"uv": [53, 73], "uv_size": [1, -16]}
							}
						},
						{
							"origin": [1.1351, 22.33646, -47.24233],
							"size": [0.95839, 0.53762, 15.996],
							"inflate": 0.002,
							"pivot": [-2.48788, 19.0175, -25.63453],
							"rotation": [0, 0, -42.5],
							"uv": {
								"north": {"uv": [19, 79], "uv_size": [1, 1]},
								"east": {"uv": [54, 33], "uv_size": [16, 1]},
								"south": {"uv": [20, 79], "uv_size": [1, 1]},
								"west": {"uv": [54, 34], "uv_size": [16, 1]},
								"up": {"uv": [54, 57], "uv_size": [1, 16]},
								"down": {"uv": [55, 73], "uv_size": [1, -16]}
							}
						},
						{
							"origin": [3.05612, 17.88119, -47.24233],
							"size": [0.95839, 0.53762, 15.996],
							"inflate": 0.002,
							"pivot": [-2.48788, 19.0175, -25.63453],
							"rotation": [0, 0, -90],
							"uv": {
								"north": {"uv": [21, 79], "uv_size": [1, 1]},
								"east": {"uv": [54, 35], "uv_size": [16, 1]},
								"south": {"uv": [22, 79], "uv_size": [1, 1]},
								"west": {"uv": [54, 36], "uv_size": [16, 1]},
								"up": {"uv": [0, 58], "uv_size": [1, 16]},
								"down": {"uv": [1, 74], "uv_size": [1, -16]}
							}
						},
						{
							"origin": [-7.00333, 24.04245, -47.24233],
							"size": [0.95839, 0.53762, 15.996],
							"inflate": 0.002,
							"pivot": [-2.48788, 19.0175, -25.63453],
							"rotation": [0, 0, 42.5],
							"uv": {
								"north": {"uv": [23, 79], "uv_size": [1, 1]},
								"east": {"uv": [54, 37], "uv_size": [16, 1]},
								"south": {"uv": [24, 79], "uv_size": [1, 1]},
								"west": {"uv": [54, 38], "uv_size": [16, 1]},
								"up": {"uv": [2, 58], "uv_size": [1, 16]},
								"down": {"uv": [3, 74], "uv_size": [1, -16]}
							}
						},
						{
							"origin": [-3.01951, 25.63246, -47.24233],
							"size": [0.95839, 0.53762, 15.996],
							"inflate": 0.002,
							"uv": {
								"north": {"uv": [79, 24], "uv_size": [1, 1]},
								"east": {"uv": [54, 39], "uv_size": [16, 1]},
								"south": {"uv": [25, 79], "uv_size": [1, 1]},
								"west": {"uv": [54, 40], "uv_size": [16, 1]},
								"up": {"uv": [58, 47], "uv_size": [1, 16]},
								"down": {"uv": [40, 75], "uv_size": [1, -16]}
							}
						},
						{
							"origin": [0.99186, 24.1133, -47.24233],
							"size": [0.95839, 0.53762, 15.996],
							"inflate": 0.002,
							"pivot": [-2.48788, 19.0175, -25.63453],
							"rotation": [0, 0, -42.5],
							"uv": {
								"north": {"uv": [79, 25], "uv_size": [1, 1]},
								"east": {"uv": [55, 0], "uv_size": [16, 1]},
								"south": {"uv": [79, 26], "uv_size": [1, 1]},
								"west": {"uv": [55, 1], "uv_size": [16, 1]},
								"up": {"uv": [41, 59], "uv_size": [1, 16]},
								"down": {"uv": [42, 75], "uv_size": [1, -16]}
							}
						}
					]
				},
				{
					"name": "bulletstore",
					"parent": "Barrel",
					"pivot": [-2.59031, 22.7407, -48.64915],
					"cubes": [
						{
							"origin": [-0.53684, 22.44502, -47.24233],
							"size": [0.95839, 0.53762, 15.996],
							"inflate": 0.002,
							"pivot": [-2.48788, 19.0175, -25.63453],
							"rotation": [0, 0, -42.5],
							"uv": {
								"north": {"uv": [79, 27], "uv_size": [1, 1]},
								"east": {"uv": [55, 2], "uv_size": [16, 1]},
								"south": {"uv": [79, 29], "uv_size": [1, 1]},
								"west": {"uv": [55, 3], "uv_size": [16, 1]},
								"up": {"uv": [43, 59], "uv_size": [1, 16]},
								"down": {"uv": [44, 75], "uv_size": [1, -16]}
							}
						},
						{
							"origin": [-5.47463, 22.37417, -47.24233],
							"size": [0.95839, 0.53762, 15.996],
							"inflate": 0.002,
							"pivot": [-2.48788, 19.0175, -25.63453],
							"rotation": [0, 0, 42.5],
							"uv": {
								"north": {"uv": [79, 30], "uv_size": [1, 1]},
								"east": {"uv": [55, 4], "uv_size": [16, 1]},
								"south": {"uv": [79, 31], "uv_size": [1, 1]},
								"west": {"uv": [56, 5], "uv_size": [16, 1]},
								"up": {"uv": [45, 59], "uv_size": [1, 16]},
								"down": {"uv": [46, 75], "uv_size": [1, -16]}
							}
						},
						{
							"origin": [0.79336, 17.88119, -47.24233],
							"size": [0.95839, 0.53762, 15.996],
							"inflate": 0.002,
							"pivot": [-2.48788, 19.0175, -25.63453],
							"rotation": [0, 0, -90],
							"uv": {
								"north": {"uv": [79, 32], "uv_size": [1, 1]},
								"east": {"uv": [56, 6], "uv_size": [16, 1]},
								"south": {"uv": [33, 79], "uv_size": [1, 1]},
								"west": {"uv": [56, 7], "uv_size": [16, 1]},
								"up": {"uv": [47, 59], "uv_size": [1, 16]},
								"down": {"uv": [59, 63], "uv_size": [1, -16]}
							}
						},
						{
							"origin": [-0.3936, 20.66818, -47.24233],
							"size": [0.95839, 0.53762, 15.996],
							"inflate": 0.002,
							"pivot": [-2.48788, 19.0175, -25.63453],
							"rotation": [0, 0, -42.5],
							"uv": {
								"north": {"uv": [79, 33], "uv_size": [1, 1]},
								"east": {"uv": [56, 8], "uv_size": [16, 1]},
								"south": {"uv": [34, 79], "uv_size": [1, 1]},
								"west": {"uv": [56, 9], "uv_size": [16, 1]},
								"up": {"uv": [48, 59], "uv_size": [1, 16]},
								"down": {"uv": [49, 75], "uv_size": [1, -16]}
							}
						},
						{
							"origin": [-3.01951, 21.64856, -47.24233],
							"size": [0.35839, 0.53762, 15.996],
							"inflate": 0.002,
							"uv": {
								"north": {"uv": [79, 34], "uv_size": [1, 1]},
								"east": {"uv": [56, 10], "uv_size": [16, 1]},
								"south": {"uv": [35, 79], "uv_size": [1, 1]},
								"west": {"uv": [56, 23], "uv_size": [16, 1]},
								"up": {"uv": [50, 59], "uv_size": [1, 16]},
								"down": {"uv": [51, 75], "uv_size": [1, -16]}
							}
						},
						{
							"origin": [-2.41951, 21.64856, -47.24233],
							"size": [0.35839, 0.53762, 15.996],
							"inflate": 0.002,
							"uv": {
								"north": {"uv": [81, 41], "uv_size": [1, 1]},
								"east": {"uv": [57, 12], "uv_size": [16, 1]},
								"south": {"uv": [42, 81], "uv_size": [1, 1]},
								"west": {"uv": [57, 13], "uv_size": [16, 1]},
								"up": {"uv": [26, 61], "uv_size": [1, 16]},
								"down": {"uv": [27, 77], "uv_size": [1, -16]}
							}
						},
						{
							"origin": [-5.61787, 20.59733, -47.24233],
							"size": [0.95839, 0.53762, 15.996],
							"inflate": 0.002,
							"pivot": [-2.48788, 19.0175, -25.63453],
							"rotation": [0, 0, 42.5],
							"uv": {
								"north": {"uv": [79, 35], "uv_size": [1, 1]},
								"east": {"uv": [56, 24], "uv_size": [16, 1]},
								"south": {"uv": [36, 79], "uv_size": [1, 1]},
								"west": {"uv": [56, 25], "uv_size": [16, 1]},
								"up": {"uv": [60, 41], "uv_size": [1, 16]},
								"down": {"uv": [60, 73], "uv_size": [1, -16]}
							}
						},
						{
							"origin": [0.79336, 19.72106, -47.24233],
							"size": [0.95839, 0.53762, 15.996],
							"inflate": 0.002,
							"pivot": [-2.48788, 19.0175, -25.63453],
							"rotation": [0, 0, -90],
							"uv": {
								"north": {"uv": [79, 36], "uv_size": [1, 1]},
								"east": {"uv": [56, 26], "uv_size": [16, 1]},
								"south": {"uv": [38, 79], "uv_size": [1, 1]},
								"west": {"uv": [56, 27], "uv_size": [16, 1]},
								"up": {"uv": [22, 61], "uv_size": [1, 16]},
								"down": {"uv": [23, 77], "uv_size": [1, -16]}
							}
						},
						{
							"origin": [-3.01951, 23.3697, -47.24233],
							"size": [0.95839, 0.53762, 15.996],
							"inflate": 0.002,
							"uv": {
								"north": {"uv": [79, 38], "uv_size": [1, 1]},
								"east": {"uv": [56, 28], "uv_size": [16, 1]},
								"south": {"uv": [39, 79], "uv_size": [1, 1]},
								"west": {"uv": [57, 11], "uv_size": [16, 1]},
								"up": {"uv": [24, 61], "uv_size": [1, 16]},
								"down": {"uv": [25, 77], "uv_size": [1, -16]}
							}
						}
					]
				},
				{
					"name": "Bulletloader2",
					"parent": "bulletstore",
					"pivot": [-2.59031, 25.03177, -47.61421],
					"cubes": [
						{
							"origin": [3.05612, 19.72106, -51.85198],
							"size": [0.95839, 0.53762, 4.60565],
							"inflate": 0.002,
							"pivot": [-2.48788, 19.0175, -25.63453],
							"rotation": [0, 0, -90],
							"uv": {
								"north": {"uv": [81, 32], "uv_size": [1, 1]},
								"east": {"uv": [73, 17], "uv_size": [5, 1]},
								"south": {"uv": [33, 81], "uv_size": [1, 1]},
								"west": {"uv": [73, 18], "uv_size": [5, 1]},
								"up": {"uv": [73, 59], "uv_size": [1, 5]},
								"down": {"uv": [60, 78], "uv_size": [1, -5]}
							}
						},
						{
							"origin": [-7.14657, 22.26561, -51.85198],
							"size": [0.95839, 0.53762, 4.60565],
							"inflate": 0.002,
							"pivot": [-2.48788, 19.0175, -25.63453],
							"rotation": [0, 0, 42.5],
							"uv": {
								"north": {"uv": [81, 31], "uv_size": [1, 1]},
								"east": {"uv": [73, 12], "uv_size": [5, 1]},
								"south": {"uv": [32, 81], "uv_size": [1, 1]},
								"west": {"uv": [73, 13], "uv_size": [5, 1]},
								"up": {"uv": [54, 73], "uv_size": [1, 5]},
								"down": {"uv": [55, 78], "uv_size": [1, -5]}
							}
						},
						{
							"origin": [-3.01951, 23.91132, -51.85198],
							"size": [0.95839, 0.53762, 4.60565],
							"inflate": 0.002,
							"uv": {
								"north": {"uv": [81, 30], "uv_size": [1, 1]},
								"east": {"uv": [73, 7], "uv_size": [5, 1]},
								"south": {"uv": [31, 81], "uv_size": [1, 1]},
								"west": {"uv": [73, 11], "uv_size": [5, 1]},
								"up": {"uv": [52, 73], "uv_size": [1, 5]},
								"down": {"uv": [53, 78], "uv_size": [1, -5]}
							}
						},
						{
							"origin": [-3.31951, 23.51132, -51.85198],
							"size": [0.35839, 0.83762, 4.60565],
							"inflate": 0.002,
							"uv": {
								"north": {"uv": [81, 33], "uv_size": [1, 1]},
								"east": {"uv": [73, 19], "uv_size": [5, 1]},
								"south": {"uv": [34, 81], "uv_size": [1, 1]},
								"west": {"uv": [73, 20], "uv_size": [5, 1]},
								"up": {"uv": [73, 64], "uv_size": [1, 5]},
								"down": {"uv": [73, 74], "uv_size": [1, -5]}
							}
						},
						{
							"origin": [-2.11951, 23.51132, -51.85198],
							"size": [0.35839, 0.83762, 4.60565],
							"inflate": 0.002,
							"uv": {
								"north": {"uv": [81, 34], "uv_size": [1, 1]},
								"east": {"uv": [73, 40], "uv_size": [5, 1]},
								"south": {"uv": [35, 81], "uv_size": [1, 1]},
								"west": {"uv": [73, 51], "uv_size": [5, 1]},
								"up": {"uv": [0, 74], "uv_size": [1, 5]},
								"down": {"uv": [74, 5], "uv_size": [1, -5]}
							}
						},
						{
							"origin": [1.1351, 22.33646, -51.85198],
							"size": [0.95839, 0.53762, 4.60565],
							"inflate": 0.002,
							"pivot": [-2.48788, 19.0175, -25.63453],
							"rotation": [0, 0, -42.5],
							"uv": {
								"north": {"uv": [81, 29], "uv_size": [1, 1]},
								"east": {"uv": [73, 5], "uv_size": [5, 1]},
								"south": {"uv": [30, 81], "uv_size": [1, 1]},
								"west": {"uv": [73, 6], "uv_size": [5, 1]},
								"up": {"uv": [36, 73], "uv_size": [1, 5]},
								"down": {"uv": [37, 78], "uv_size": [1, -5]}
							}
						},
						{
							"origin": [3.05612, 17.88119, -51.85198],
							"size": [0.95839, 0.53762, 4.60565],
							"inflate": 0.002,
							"pivot": [-2.48788, 19.0175, -25.63453],
							"rotation": [0, 0, -90],
							"uv": {
								"north": {"uv": [81, 28], "uv_size": [1, 1]},
								"east": {"uv": [72, 47], "uv_size": [5, 1]},
								"south": {"uv": [29, 81], "uv_size": [1, 1]},
								"west": {"uv": [72, 48], "uv_size": [5, 1]},
								"up": {"uv": [35, 73], "uv_size": [1, 5]},
								"down": {"uv": [73, 40], "uv_size": [1, -5]}
							}
						},
						{
							"origin": [-7.00333, 24.04245, -51.85198],
							"size": [0.95839, 0.53762, 4.60565],
							"inflate": 0.002,
							"pivot": [-2.48788, 19.0175, -25.63453],
							"rotation": [0, 0, 42.5],
							"uv": {
								"north": {"uv": [81, 27], "uv_size": [1, 1]},
								"east": {"uv": [72, 34], "uv_size": [5, 1]},
								"south": {"uv": [28, 81], "uv_size": [1, 1]},
								"west": {"uv": [72, 46], "uv_size": [5, 1]},
								"up": {"uv": [33, 73], "uv_size": [1, 5]},
								"down": {"uv": [34, 78], "uv_size": [1, -5]}
							}
						},
						{
							"origin": [-3.01951, 25.63246, -51.85198],
							"size": [0.95839, 0.53762, 4.60565],
							"inflate": 0.002,
							"uv": {
								"north": {"uv": [81, 26], "uv_size": [1, 1]},
								"east": {"uv": [72, 32], "uv_size": [5, 1]},
								"south": {"uv": [27, 81], "uv_size": [1, 1]},
								"west": {"uv": [72, 33], "uv_size": [5, 1]},
								"up": {"uv": [31, 73], "uv_size": [1, 5]},
								"down": {"uv": [32, 78], "uv_size": [1, -5]}
							}
						},
						{
							"origin": [0.99186, 24.1133, -51.85198],
							"size": [0.95839, 0.53762, 4.60565],
							"inflate": 0.002,
							"pivot": [-2.48788, 19.0175, -25.63453],
							"rotation": [0, 0, -42.5],
							"uv": {
								"north": {"uv": [81, 25], "uv_size": [1, 1]},
								"east": {"uv": [72, 28], "uv_size": [5, 1]},
								"south": {"uv": [26, 81], "uv_size": [1, 1]},
								"west": {"uv": [72, 31], "uv_size": [5, 1]},
								"up": {"uv": [73, 23], "uv_size": [1, 5]},
								"down": {"uv": [30, 78], "uv_size": [1, -5]}
							}
						},
						{
							"origin": [-0.53684, 22.44502, -51.34233],
							"size": [0.95839, 0.53762, 4.096],
							"inflate": 0.002,
							"pivot": [-2.48788, 19.0175, -25.63453],
							"rotation": [0, 0, -42.5],
							"uv": {
								"north": {"uv": [81, 24], "uv_size": [1, 1]},
								"east": {"uv": [76, 50], "uv_size": [4, 1]},
								"south": {"uv": [25, 81], "uv_size": [1, 1]},
								"west": {"uv": [76, 59], "uv_size": [4, 1]},
								"up": {"uv": [76, 65], "uv_size": [1, 4]},
								"down": {"uv": [66, 80], "uv_size": [1, -4]}
							}
						},
						{
							"origin": [-5.47463, 22.37417, -51.34233],
							"size": [0.95839, 0.53762, 4.096],
							"inflate": 0.002,
							"pivot": [-2.48788, 19.0175, -25.63453],
							"rotation": [0, 0, 42.5],
							"uv": {
								"north": {"uv": [81, 23], "uv_size": [1, 1]},
								"east": {"uv": [76, 41], "uv_size": [4, 1]},
								"south": {"uv": [24, 81], "uv_size": [1, 1]},
								"west": {"uv": [76, 49], "uv_size": [4, 1]},
								"up": {"uv": [47, 76], "uv_size": [1, 4]},
								"down": {"uv": [48, 80], "uv_size": [1, -4]}
							}
						},
						{
							"origin": [0.79336, 17.88119, -51.34233],
							"size": [0.95839, 0.53762, 4.096],
							"inflate": 0.002,
							"pivot": [-2.48788, 19.0175, -25.63453],
							"rotation": [0, 0, -90],
							"uv": {
								"north": {"uv": [81, 22], "uv_size": [1, 1]},
								"east": {"uv": [76, 22], "uv_size": [4, 1]},
								"south": {"uv": [23, 81], "uv_size": [1, 1]},
								"west": {"uv": [41, 76], "uv_size": [4, 1]},
								"up": {"uv": [45, 76], "uv_size": [1, 4]},
								"down": {"uv": [46, 80], "uv_size": [1, -4]}
							}
						},
						{
							"origin": [-0.3936, 20.66818, -51.34233],
							"size": [0.95839, 0.53762, 4.096],
							"inflate": 0.002,
							"pivot": [-2.48788, 19.0175, -25.63453],
							"rotation": [0, 0, -42.5],
							"uv": {
								"north": {"uv": [81, 21], "uv_size": [1, 1]},
								"east": {"uv": [76, 16], "uv_size": [4, 1]},
								"south": {"uv": [22, 81], "uv_size": [1, 1]},
								"west": {"uv": [76, 21], "uv_size": [4, 1]},
								"up": {"uv": [28, 76], "uv_size": [1, 4]},
								"down": {"uv": [29, 80], "uv_size": [1, -4]}
							}
						},
						{
							"origin": [-3.01951, 21.64856, -51.34233],
							"size": [0.95839, 0.53762, 4.096],
							"inflate": 0.002,
							"uv": {
								"north": {"uv": [81, 20], "uv_size": [1, 1]},
								"east": {"uv": [75, 74], "uv_size": [4, 1]},
								"south": {"uv": [21, 81], "uv_size": [1, 1]},
								"west": {"uv": [76, 15], "uv_size": [4, 1]},
								"up": {"uv": [16, 76], "uv_size": [1, 4]},
								"down": {"uv": [76, 28], "uv_size": [1, -4]}
							}
						},
						{
							"origin": [-5.61787, 20.59733, -51.34233],
							"size": [0.95839, 0.53762, 4.096],
							"inflate": 0.002,
							"pivot": [-2.48788, 19.0175, -25.63453],
							"rotation": [0, 0, 42.5],
							"uv": {
								"north": {"uv": [81, 19], "uv_size": [1, 1]},
								"east": {"uv": [75, 73], "uv_size": [4, 1]},
								"south": {"uv": [20, 81], "uv_size": [1, 1]},
								"west": {"uv": [74, 75], "uv_size": [4, 1]},
								"up": {"uv": [76, 0], "uv_size": [1, 4]},
								"down": {"uv": [15, 80], "uv_size": [1, -4]}
							}
						},
						{
							"origin": [0.79336, 19.72106, -51.34233],
							"size": [0.95839, 0.53762, 4.096],
							"inflate": 0.002,
							"pivot": [-2.48788, 19.0175, -25.63453],
							"rotation": [0, 0, -90],
							"uv": {
								"north": {"uv": [81, 18], "uv_size": [1, 1]},
								"east": {"uv": [75, 63], "uv_size": [4, 1]},
								"south": {"uv": [19, 81], "uv_size": [1, 1]},
								"west": {"uv": [75, 64], "uv_size": [4, 1]},
								"up": {"uv": [75, 65], "uv_size": [1, 4]},
								"down": {"uv": [75, 73], "uv_size": [1, -4]}
							}
						},
						{
							"origin": [-3.01951, 23.3697, -51.34233],
							"size": [0.95839, 0.53762, 4.096],
							"inflate": 0.002,
							"uv": {
								"north": {"uv": [81, 17], "uv_size": [1, 1]},
								"east": {"uv": [75, 52], "uv_size": [4, 1]},
								"south": {"uv": [18, 81], "uv_size": [1, 1]},
								"west": {"uv": [75, 53], "uv_size": [4, 1]},
								"up": {"uv": [51, 75], "uv_size": [1, 4]},
								"down": {"uv": [75, 63], "uv_size": [1, -4]}
							}
						},
						{
							"origin": [-3.01951, 22.7697, -51.85198],
							"size": [0.95839, 1.13762, 0.50565],
							"inflate": 0.002,
							"uv": {
								"north": {"uv": [79, 39], "uv_size": [1, 1]},
								"east": {"uv": [40, 79], "uv_size": [1, 1]},
								"south": {"uv": [42, 79], "uv_size": [1, 1]},
								"west": {"uv": [79, 42], "uv_size": [1, 1]},
								"up": {"uv": [43, 79], "uv_size": [1, 1]},
								"down": {"uv": [79, 44], "uv_size": [1, -1]}
							}
						},
						{
							"origin": [0.79336, 17.88119, -51.85198],
							"size": [0.95839, 0.71262, 0.50565],
							"inflate": 0.002,
							"pivot": [-2.48788, 19.0175, -25.63453],
							"rotation": [0, 0, -90],
							"uv": {
								"north": {"uv": [79, 44], "uv_size": [1, 1]},
								"east": {"uv": [79, 45], "uv_size": [1, 1]},
								"south": {"uv": [79, 46], "uv_size": [1, 1]},
								"west": {"uv": [49, 79], "uv_size": [1, 1]},
								"up": {"uv": [50, 79], "uv_size": [1, 1]},
								"down": {"uv": [51, 80], "uv_size": [1, -1]}
							}
						},
						{
							"origin": [-0.3936, 20.66818, -51.85198],
							"size": [0.95839, 0.53762, 0.50565],
							"inflate": 0.002,
							"pivot": [-2.48788, 19.0175, -25.63453],
							"rotation": [0, 0, -42.5],
							"uv": {
								"north": {"uv": [79, 52], "uv_size": [1, 1]},
								"east": {"uv": [79, 53], "uv_size": [1, 1]},
								"south": {"uv": [54, 79], "uv_size": [1, 1]},
								"west": {"uv": [79, 54], "uv_size": [1, 1]},
								"up": {"uv": [55, 79], "uv_size": [1, 1]},
								"down": {"uv": [79, 56], "uv_size": [1, -1]}
							}
						},
						{
							"origin": [-3.01951, 21.64856, -51.85198],
							"size": [0.95839, 1.11713, 0.50565],
							"inflate": 0.002,
							"uv": {
								"north": {"uv": [56, 79], "uv_size": [1, 1]},
								"east": {"uv": [79, 56], "uv_size": [1, 1]},
								"south": {"uv": [79, 57], "uv_size": [1, 1]},
								"west": {"uv": [79, 58], "uv_size": [1, 1]},
								"up": {"uv": [59, 79], "uv_size": [1, 1]},
								"down": {"uv": [61, 80], "uv_size": [1, -1]}
							}
						},
						{
							"origin": [-5.61787, 20.59733, -51.85198],
							"size": [0.95839, 0.53762, 0.50565],
							"inflate": 0.002,
							"pivot": [-2.48788, 19.0175, -25.63453],
							"rotation": [0, 0, 42.5],
							"uv": {
								"north": {"uv": [79, 63], "uv_size": [1, 1]},
								"east": {"uv": [64, 79], "uv_size": [1, 1]},
								"south": {"uv": [79, 64], "uv_size": [1, 1]},
								"west": {"uv": [65, 79], "uv_size": [1, 1]},
								"up": {"uv": [79, 65], "uv_size": [1, 1]},
								"down": {"uv": [67, 80], "uv_size": [1, -1]}
							}
						},
						{
							"origin": [0.79336, 19.54606, -51.85198],
							"size": [0.95839, 0.71262, 0.50565],
							"inflate": 0.002,
							"pivot": [-2.48788, 19.0175, -25.63453],
							"rotation": [0, 0, -90],
							"uv": {
								"north": {"uv": [68, 79], "uv_size": [1, 1]},
								"east": {"uv": [79, 68], "uv_size": [1, 1]},
								"south": {"uv": [69, 79], "uv_size": [1, 1]},
								"west": {"uv": [70, 79], "uv_size": [1, 1]},
								"up": {"uv": [79, 70], "uv_size": [1, 1]},
								"down": {"uv": [71, 80], "uv_size": [1, -1]}
							}
						},
						{
							"origin": [-0.53684, 22.44502, -51.85198],
							"size": [0.95839, 0.53762, 0.50565],
							"inflate": 0.002,
							"pivot": [-2.48788, 19.0175, -25.63453],
							"rotation": [0, 0, -42.5],
							"uv": {
								"north": {"uv": [72, 79], "uv_size": [1, 1]},
								"east": {"uv": [79, 73], "uv_size": [1, 1]},
								"south": {"uv": [74, 79], "uv_size": [1, 1]},
								"west": {"uv": [79, 74], "uv_size": [1, 1]},
								"up": {"uv": [75, 79], "uv_size": [1, 1]},
								"down": {"uv": [79, 76], "uv_size": [1, -1]}
							}
						},
						{
							"origin": [-5.47463, 22.37417, -51.85198],
							"size": [0.95839, 0.53762, 0.50565],
							"inflate": 0.002,
							"pivot": [-2.48788, 19.0175, -25.63453],
							"rotation": [0, 0, 42.5],
							"uv": {
								"north": {"uv": [79, 76], "uv_size": [1, 1]},
								"east": {"uv": [79, 77], "uv_size": [1, 1]},
								"south": {"uv": [78, 79], "uv_size": [1, 1]},
								"west": {"uv": [79, 78], "uv_size": [1, 1]},
								"up": {"uv": [79, 79], "uv_size": [1, 1]},
								"down": {"uv": [80, 1], "uv_size": [1, -1]}
							}
						}
					]
				},
				{
					"name": "Lever",
					"parent": "gun",
					"pivot": [-2.54676, 19.35733, -22.73019],
					"cubes": [
						{
							"origin": [-2.94676, 23.75812, -25.98773],
							"size": [0.8, 2.31222, 4.63391],
							"pivot": [-2.53788, 19.0175, -31.63453],
							"rotation": [-40, 0, 0],
							"uv": {
								"north": {"uv": [77, 47], "uv_size": [1, 2]},
								"east": {"uv": [68, 51], "uv_size": [5, 2]},
								"south": {"uv": [56, 77], "uv_size": [1, 2]},
								"west": {"uv": [68, 53], "uv_size": [5, 2]},
								"up": {"uv": [72, 71], "uv_size": [1, 5]},
								"down": {"uv": [73, 5], "uv_size": [1, -5]}
							}
						},
						{
							"origin": [-3.27578, 33.68788, -21.50538],
							"size": [1.45156, 0.8658, 0.22862],
							"pivot": [-2.53788, 19.0175, -31.63453],
							"rotation": [-62.5, 0, 0],
							"uv": {
								"north": {"uv": [81, 53], "uv_size": [1, 1]},
								"east": {"uv": [54, 81], "uv_size": [1, 1]},
								"south": {"uv": [81, 54], "uv_size": [1, 1]},
								"west": {"uv": [55, 81], "uv_size": [1, 1]},
								"up": {"uv": [81, 55], "uv_size": [1, 1]},
								"down": {"uv": [56, 82], "uv_size": [1, -1]}
							}
						},
						{
							"origin": [-3.27578, 39.11057, -18.35208],
							"size": [1.45156, 0.88648, 0.27854],
							"pivot": [-2.53788, 20.5511, -36.49849],
							"rotation": [-62.5, 0, 0],
							"uv": {
								"north": {"uv": [81, 56], "uv_size": [1, 1]},
								"east": {"uv": [57, 81], "uv_size": [1, 1]},
								"south": {"uv": [81, 57], "uv_size": [1, 1]},
								"west": {"uv": [58, 81], "uv_size": [1, 1]},
								"up": {"uv": [81, 58], "uv_size": [1, 1]},
								"down": {"uv": [59, 82], "uv_size": [1, -1]}
							}
						},
						{
							"origin": [-3.27578, 43.86226, -26.85699],
							"size": [1.45156, 0.88648, 0.27854],
							"pivot": [-2.53788, 20.5511, -36.49849],
							"rotation": [-85, 0, 0],
							"uv": {
								"north": {"uv": [81, 59], "uv_size": [1, 1]},
								"east": {"uv": [60, 81], "uv_size": [1, 1]},
								"south": {"uv": [81, 60], "uv_size": [1, 1]},
								"west": {"uv": [61, 81], "uv_size": [1, 1]},
								"up": {"uv": [81, 61], "uv_size": [1, 1]},
								"down": {"uv": [62, 82], "uv_size": [1, -1]}
							}
						},
						{
							"origin": [-3.27578, 37.96395, -31.64775],
							"size": [1.45156, 1.28648, 0.25734],
							"pivot": [-2.53788, 19.0175, -31.63453],
							"rotation": [-107.5, 0, 0],
							"uv": {
								"north": {"uv": [81, 62], "uv_size": [1, 1]},
								"east": {"uv": [63, 81], "uv_size": [1, 1]},
								"south": {"uv": [81, 63], "uv_size": [1, 1]},
								"west": {"uv": [64, 81], "uv_size": [1, 1]},
								"up": {"uv": [81, 64], "uv_size": [1, 1]},
								"down": {"uv": [65, 82], "uv_size": [1, -1]}
							}
						},
						{
							"origin": [-3.27578, 41.97434, -30.37347],
							"size": [1.45156, 1.55269, 0.25734],
							"pivot": [-2.53788, 23.02789, -30.43012],
							"rotation": [-107.5, 0, 0],
							"uv": {
								"north": {"uv": [73, 78], "uv_size": [1, 2]},
								"east": {"uv": [78, 75], "uv_size": [1, 2]},
								"south": {"uv": [76, 78], "uv_size": [1, 2]},
								"west": {"uv": [77, 78], "uv_size": [1, 2]},
								"up": {"uv": [17, 82], "uv_size": [1, 1]},
								"down": {"uv": [82, 18], "uv_size": [1, -1]}
							}
						},
						{
							"origin": [-3.27578, 16.73348, -12.85473],
							"size": [1.45156, 0.80209, 0.24848],
							"pivot": [-2.55, 17.14572, -12.75751],
							"rotation": [-85, 0, 0],
							"uv": {
								"north": {"uv": [81, 65], "uv_size": [1, 1]},
								"east": {"uv": [66, 81], "uv_size": [1, 1]},
								"south": {"uv": [81, 66], "uv_size": [1, 1]},
								"west": {"uv": [67, 81], "uv_size": [1, 1]},
								"up": {"uv": [81, 67], "uv_size": [1, 1]},
								"down": {"uv": [68, 82], "uv_size": [1, -1]}
							}
						},
						{
							"origin": [-3.27578, 35.72868, -38.93802],
							"size": [1.45156, 0.88648, 0.27854],
							"pivot": [-2.53788, 19.0175, -31.63453],
							"rotation": [-130, 0, 0],
							"uv": {
								"north": {"uv": [81, 68], "uv_size": [1, 1]},
								"east": {"uv": [69, 81], "uv_size": [1, 1]},
								"south": {"uv": [81, 69], "uv_size": [1, 1]},
								"west": {"uv": [70, 81], "uv_size": [1, 1]},
								"up": {"uv": [81, 70], "uv_size": [1, 1]},
								"down": {"uv": [71, 82], "uv_size": [1, -1]}
							}
						},
						{
							"origin": [-3.27578, 38.66776, -35.69637],
							"size": [1.45156, 0.88648, 0.27854],
							"pivot": [-2.53788, 21.95658, -28.39288],
							"rotation": [-130, 0, 0],
							"uv": {
								"north": {"uv": [14, 82], "uv_size": [1, 1]},
								"east": {"uv": [82, 14], "uv_size": [1, 1]},
								"south": {"uv": [15, 82], "uv_size": [1, 1]},
								"west": {"uv": [82, 15], "uv_size": [1, 1]},
								"up": {"uv": [16, 82], "uv_size": [1, 1]},
								"down": {"uv": [82, 17], "uv_size": [1, -1]}
							}
						},
						{
							"origin": [-3.27578, 30.88181, -44.79837],
							"size": [1.45156, 0.88648, 0.27854],
							"pivot": [-2.53788, 19.0175, -31.63453],
							"rotation": [-152.5, 0, 0],
							"uv": {
								"north": {"uv": [8, 82], "uv_size": [1, 1]},
								"east": {"uv": [82, 8], "uv_size": [1, 1]},
								"south": {"uv": [9, 82], "uv_size": [1, 1]},
								"west": {"uv": [82, 9], "uv_size": [1, 1]},
								"up": {"uv": [10, 82], "uv_size": [1, 1]},
								"down": {"uv": [82, 11], "uv_size": [1, -1]}
							}
						},
						{
							"origin": [-3.27578, 35.46224, -26.49081],
							"size": [1.45156, 0.27854, 0.88648],
							"pivot": [-2.53788, 19.0175, -31.63453],
							"rotation": [-85, 0, 0],
							"uv": {
								"north": {"uv": [5, 82], "uv_size": [1, 1]},
								"east": {"uv": [82, 5], "uv_size": [1, 1]},
								"south": {"uv": [6, 82], "uv_size": [1, 1]},
								"west": {"uv": [82, 6], "uv_size": [1, 1]},
								"up": {"uv": [7, 82], "uv_size": [1, 1]},
								"down": {"uv": [82, 8], "uv_size": [1, -1]}
							}
						},
						{
							"origin": [-3.27578, 36.17888, -34.06196],
							"size": [1.45156, 0.27854, 0.88648],
							"pivot": [-2.53788, 19.0175, -31.63453],
							"rotation": [-107.5, 0, 0],
							"uv": {
								"north": {"uv": [2, 82], "uv_size": [1, 1]},
								"east": {"uv": [82, 2], "uv_size": [1, 1]},
								"south": {"uv": [3, 82], "uv_size": [1, 1]},
								"west": {"uv": [82, 3], "uv_size": [1, 1]},
								"up": {"uv": [4, 82], "uv_size": [1, 1]},
								"down": {"uv": [82, 5], "uv_size": [1, -1]}
							}
						},
						{
							"origin": [-3.27578, 33.31454, -41.33104],
							"size": [1.45156, 0.90761, 0.94977],
							"pivot": [-2.53788, 19.0175, -31.63453],
							"rotation": [-130, 0, 0],
							"uv": {
								"north": {"uv": [81, 71], "uv_size": [1, 1]},
								"east": {"uv": [72, 81], "uv_size": [1, 1]},
								"south": {"uv": [81, 72], "uv_size": [1, 1]},
								"west": {"uv": [73, 81], "uv_size": [1, 1]},
								"up": {"uv": [81, 73], "uv_size": [1, 1]},
								"down": {"uv": [74, 82], "uv_size": [1, -1]}
							}
						},
						{
							"origin": [-3.27578, 16.99999, -14.45515],
							"size": [1.45156, 0.22628, 1.34515],
							"pivot": [-2.55, 17.11313, -13.78257],
							"rotation": [177.5, 0, 0],
							"uv": {
								"north": {"uv": [18, 82], "uv_size": [1, 1]},
								"east": {"uv": [82, 18], "uv_size": [1, 1]},
								"south": {"uv": [19, 82], "uv_size": [1, 1]},
								"west": {"uv": [82, 19], "uv_size": [1, 1]},
								"up": {"uv": [20, 82], "uv_size": [1, 1]},
								"down": {"uv": [82, 21], "uv_size": [1, -1]}
							}
						},
						{
							"origin": [-3.25078, 15.77754, -13.88207],
							"size": [1.40156, 0.22628, 0.74515],
							"pivot": [-2.55, 16.40002, -13.70718],
							"rotation": [177.5, 0, 0],
							"uv": {
								"north": {"uv": [21, 82], "uv_size": [1, 1]},
								"east": {"uv": [82, 21], "uv_size": [1, 1]},
								"south": {"uv": [22, 82], "uv_size": [1, 1]},
								"west": {"uv": [82, 22], "uv_size": [1, 1]},
								"up": {"uv": [23, 82], "uv_size": [1, 1]},
								"down": {"uv": [82, 24], "uv_size": [1, -1]}
							}
						},
						{
							"origin": [-3.27578, 46.25527, -29.25001],
							"size": [1.45156, 0.27854, 0.88648],
							"pivot": [-2.53788, 20.5511, -36.49849],
							"rotation": [-85, 0, 0],
							"uv": {
								"north": {"uv": [81, 74], "uv_size": [1, 1]},
								"east": {"uv": [75, 81], "uv_size": [1, 1]},
								"south": {"uv": [81, 75], "uv_size": [1, 1]},
								"west": {"uv": [76, 81], "uv_size": [1, 1]},
								"up": {"uv": [81, 76], "uv_size": [1, 1]},
								"down": {"uv": [77, 82], "uv_size": [1, -1]}
							}
						},
						{
							"origin": [-3.27578, 15.82436, -10.50861],
							"size": [1.45156, 0.27854, 0.68648],
							"pivot": [-2.55, 15.96363, -10.26537],
							"rotation": [-70, 0, 0],
							"uv": {
								"north": {"uv": [11, 82], "uv_size": [1, 1]},
								"east": {"uv": [82, 11], "uv_size": [1, 1]},
								"south": {"uv": [12, 82], "uv_size": [1, 1]},
								"west": {"uv": [82, 12], "uv_size": [1, 1]},
								"up": {"uv": [13, 82], "uv_size": [1, 1]},
								"down": {"uv": [82, 14], "uv_size": [1, -1]}
							}
						},
						{
							"origin": [-3.27578, 47.39057, -38.92592],
							"size": [1.45156, 0.27854, 0.88648],
							"pivot": [-2.53788, 20.5511, -36.49849],
							"rotation": [-107.5, 0, 0],
							"uv": {
								"north": {"uv": [81, 77], "uv_size": [1, 1]},
								"east": {"uv": [78, 81], "uv_size": [1, 1]},
								"south": {"uv": [81, 78], "uv_size": [1, 1]},
								"west": {"uv": [79, 81], "uv_size": [1, 1]},
								"up": {"uv": [81, 79], "uv_size": [1, 1]},
								"down": {"uv": [80, 82], "uv_size": [1, -1]}
							}
						},
						{
							"origin": [-3.27578, 44.73663, -48.29975],
							"size": [1.45156, 0.27854, 0.88648],
							"pivot": [-2.53788, 20.5511, -36.49849],
							"rotation": [-130, 0, 0],
							"uv": {
								"north": {"uv": [81, 80], "uv_size": [1, 1]},
								"east": {"uv": [81, 81], "uv_size": [1, 1]},
								"south": {"uv": [0, 82], "uv_size": [1, 1]},
								"west": {"uv": [82, 0], "uv_size": [1, 1]},
								"up": {"uv": [1, 82], "uv_size": [1, 1]},
								"down": {"uv": [82, 2], "uv_size": [1, -1]}
							}
						}
					]
				},
				{
					"name": "Teuing2",
					"parent": "Lever",
					"pivot": [-2.55, 16.4847, -9.00984],
					"rotation": [-90, 0, 0],
					"cubes": [
						{
							"origin": [-3.25078, 4.31017, -7.29564],
							"size": [1.40156, 0.88648, 0.27854],
							"pivot": [-2.53788, 1.86001, -11.54265],
							"rotation": [45, 0, 0],
							"uv": {
								"north": {"uv": [80, 1], "uv_size": [1, 1]},
								"east": {"uv": [80, 2], "uv_size": [1, 1]},
								"south": {"uv": [3, 80], "uv_size": [1, 1]},
								"west": {"uv": [80, 3], "uv_size": [1, 1]},
								"up": {"uv": [4, 80], "uv_size": [1, 1]},
								"down": {"uv": [80, 5], "uv_size": [1, -1]}
							}
						},
						{
							"origin": [-3.25078, 6.56792, -8.8958],
							"size": [1.40156, 0.88648, 0.27854],
							"pivot": [-2.53788, 1.86001, -11.54265],
							"rotation": [22.5, 0, 0],
							"uv": {
								"north": {"uv": [80, 5], "uv_size": [1, 1]},
								"east": {"uv": [80, 6], "uv_size": [1, 1]},
								"south": {"uv": [7, 80], "uv_size": [1, 1]},
								"west": {"uv": [80, 7], "uv_size": [1, 1]},
								"up": {"uv": [8, 80], "uv_size": [1, 1]},
								"down": {"uv": [80, 9], "uv_size": [1, -1]}
							}
						},
						{
							"origin": [-3.25078, 8.04146, -11.23816],
							"size": [1.40156, 0.88648, 0.27854],
							"uv": {
								"north": {"uv": [9, 80], "uv_size": [1, 1]},
								"east": {"uv": [80, 9], "uv_size": [1, 1]},
								"south": {"uv": [10, 80], "uv_size": [1, 1]},
								"west": {"uv": [80, 10], "uv_size": [1, 1]},
								"up": {"uv": [11, 80], "uv_size": [1, 1]},
								"down": {"uv": [80, 12], "uv_size": [1, -1]}
							}
						},
						{
							"origin": [-3.25078, 8.50645, -13.96611],
							"size": [1.40156, 0.78648, 0.27854],
							"pivot": [-2.53788, 1.86001, -11.54265],
							"rotation": [-22.5, 0, 0],
							"uv": {
								"north": {"uv": [12, 80], "uv_size": [1, 1]},
								"east": {"uv": [80, 12], "uv_size": [1, 1]},
								"south": {"uv": [13, 80], "uv_size": [1, 1]},
								"west": {"uv": [80, 13], "uv_size": [1, 1]},
								"up": {"uv": [14, 80], "uv_size": [1, 1]},
								"down": {"uv": [80, 15], "uv_size": [1, -1]}
							}
						},
						{
							"origin": [-3.25078, 4.11402, -3.11755],
							"size": [1.40156, 1.08263, 0.7521],
							"pivot": [-2.53788, 1.86001, -11.54265],
							"rotation": [45, 0, 0],
							"uv": {
								"north": {"uv": [15, 80], "uv_size": [1, 1]},
								"east": {"uv": [80, 15], "uv_size": [1, 1]},
								"south": {"uv": [16, 80], "uv_size": [1, 1]},
								"west": {"uv": [80, 16], "uv_size": [1, 1]},
								"up": {"uv": [17, 80], "uv_size": [1, 1]},
								"down": {"uv": [80, 18], "uv_size": [1, -1]}
							}
						},
						{
							"origin": [-3.25078, 6.35561, -4.71771],
							"size": [1.40156, 1.09879, 0.79112],
							"pivot": [-2.53788, 1.86001, -11.54265],
							"rotation": [22.5, 0, 0],
							"uv": {
								"north": {"uv": [18, 80], "uv_size": [1, 1]},
								"east": {"uv": [80, 18], "uv_size": [1, 1]},
								"south": {"uv": [19, 80], "uv_size": [1, 1]},
								"west": {"uv": [80, 19], "uv_size": [1, 1]},
								"up": {"uv": [20, 80], "uv_size": [1, 1]},
								"down": {"uv": [80, 21], "uv_size": [1, -1]}
							}
						},
						{
							"origin": [-3.25078, 7.81165, -7.06007],
							"size": [1.40156, 1.11629, 0.83335],
							"uv": {
								"north": {"uv": [21, 80], "uv_size": [1, 1]},
								"east": {"uv": [80, 21], "uv_size": [1, 1]},
								"south": {"uv": [22, 80], "uv_size": [1, 1]},
								"west": {"uv": [80, 22], "uv_size": [1, 1]},
								"up": {"uv": [23, 80], "uv_size": [1, 1]},
								"down": {"uv": [80, 24], "uv_size": [1, -1]}
							}
						},
						{
							"origin": [-3.25078, 8.2577, -9.78802],
							"size": [1.40156, 1.13522, 0.87906],
							"pivot": [-2.53788, 1.86001, -11.54265],
							"rotation": [-22.5, 0, 0],
							"uv": {
								"north": {"uv": [24, 80], "uv_size": [1, 1]},
								"east": {"uv": [80, 24], "uv_size": [1, 1]},
								"south": {"uv": [25, 80], "uv_size": [1, 1]},
								"west": {"uv": [80, 25], "uv_size": [1, 1]},
								"up": {"uv": [26, 80], "uv_size": [1, 1]},
								"down": {"uv": [80, 27], "uv_size": [1, -1]}
							}
						},
						{
							"origin": [-3.25078, 7.8921, -12.48627],
							"size": [1.40156, 0.88648, 0.92854],
							"pivot": [-2.53788, 1.86001, -11.54265],
							"rotation": [-45, 0, 0],
							"uv": {
								"north": {"uv": [27, 80], "uv_size": [1, 1]},
								"east": {"uv": [80, 27], "uv_size": [1, 1]},
								"south": {"uv": [28, 80], "uv_size": [1, 1]},
								"west": {"uv": [80, 28], "uv_size": [1, 1]},
								"up": {"uv": [29, 80], "uv_size": [1, 1]},
								"down": {"uv": [80, 30], "uv_size": [1, -1]}
							}
						},
						{
							"origin": [-3.25078, 4.18233, -7.21072],
							"size": [1.40156, 0.87906, 1.23522],
							"pivot": [-2.53788, 1.86001, -11.54265],
							"rotation": [22.5, 0, 0],
							"uv": {
								"north": {"uv": [30, 80], "uv_size": [1, 1]},
								"east": {"uv": [80, 30], "uv_size": [1, 1]},
								"south": {"uv": [31, 80], "uv_size": [1, 1]},
								"west": {"uv": [80, 31], "uv_size": [1, 1]},
								"up": {"uv": [32, 80], "uv_size": [1, 1]},
								"down": {"uv": [80, 33], "uv_size": [1, -1]}
							}
						},
						{
							"origin": [-3.25078, 6.05639, -9.45308],
							"size": [1.40156, 0.47854, 0.88648],
							"uv": {
								"north": {"uv": [33, 80], "uv_size": [1, 1]},
								"east": {"uv": [80, 33], "uv_size": [1, 1]},
								"south": {"uv": [34, 80], "uv_size": [1, 1]},
								"west": {"uv": [80, 34], "uv_size": [1, 1]},
								"up": {"uv": [35, 80], "uv_size": [1, 1]},
								"down": {"uv": [80, 36], "uv_size": [1, -1]}
							}
						},
						{
							"origin": [-3.25078, 5.72137, -12.18104],
							"size": [1.40156, 1.27854, 2.28648],
							"pivot": [-2.53788, 1.86001, -11.54265],
							"rotation": [-22.5, 0, 0],
							"uv": {
								"north": {"uv": [36, 80], "uv_size": [1, 1]},
								"east": {"uv": [77, 54], "uv_size": [2, 1]},
								"south": {"uv": [80, 36], "uv_size": [1, 1]},
								"west": {"uv": [57, 77], "uv_size": [2, 1]},
								"up": {"uv": [59, 77], "uv_size": [1, 2]},
								"down": {"uv": [61, 79], "uv_size": [1, -2]}
							}
						},
						{
							"origin": [-3.25078, 10.43447, -9.05308],
							"size": [1.40156, 0.68275, 0.65391],
							"uv": {
								"north": {"uv": [37, 80], "uv_size": [1, 1]},
								"east": {"uv": [80, 37], "uv_size": [1, 1]},
								"south": {"uv": [38, 80], "uv_size": [1, 1]},
								"west": {"uv": [80, 38], "uv_size": [1, 1]},
								"up": {"uv": [39, 80], "uv_size": [1, 1]},
								"down": {"uv": [80, 40], "uv_size": [1, -1]}
							}
						},
						{
							"origin": [-3.25078, 10.89946, -12.18104],
							"size": [1.40156, 0.71605, 1.0677],
							"pivot": [-2.53788, 1.86001, -11.54265],
							"rotation": [-22.5, 0, 0],
							"uv": {
								"north": {"uv": [40, 80], "uv_size": [1, 1]},
								"east": {"uv": [80, 40], "uv_size": [1, 1]},
								"south": {"uv": [41, 80], "uv_size": [1, 1]},
								"west": {"uv": [80, 41], "uv_size": [1, 1]},
								"up": {"uv": [42, 80], "uv_size": [1, 1]},
								"down": {"uv": [80, 43], "uv_size": [1, -1]}
							}
						}
					]
				},
				{
					"name": "Chamber",
					"parent": "gun",
					"pivot": [-2.52369, 27.57246, -13.88287],
					"cubes": [
						{
							"origin": [-3.09624, 11.86292, -26.32596],
							"size": [0.49199, 0.95442, 3.96782],
							"pivot": [-2.53788, 19.0175, -27.63453],
							"rotation": [0, 0, -180],
							"uv": {
								"north": {"uv": [47, 80], "uv_size": [1, 1]},
								"east": {"uv": [73, 54], "uv_size": [4, 1]},
								"south": {"uv": [80, 47], "uv_size": [1, 1]},
								"west": {"uv": [74, 23], "uv_size": [4, 1]},
								"up": {"uv": [17, 74], "uv_size": [1, 4]},
								"down": {"uv": [74, 28], "uv_size": [1, -4]}
							}
						},
						{
							"origin": [-2.60425, 11.86292, -26.32596],
							"size": [0.60697, 0.95442, 3.96782],
							"pivot": [-2.53788, 19.0175, -27.63453],
							"rotation": [0, 0, -180],
							"uv": {
								"north": {"uv": [48, 80], "uv_size": [1, 1]},
								"east": {"uv": [74, 35], "uv_size": [4, 1]},
								"south": {"uv": [80, 48], "uv_size": [1, 1]},
								"west": {"uv": [74, 36], "uv_size": [4, 1]},
								"up": {"uv": [74, 59], "uv_size": [1, 4]},
								"down": {"uv": [62, 78], "uv_size": [1, -4]}
							}
						}
					]
				},
				{
					"name": "Platuk",
					"parent": "Chamber",
					"pivot": [-2.47848, 25.67208, -10.54205],
					"rotation": [0, 0, -45],
					"cubes": [
						{
							"origin": [-12.2922, 16.02637, -26.33013],
							"size": [0.63744, 0.63744, 10.17616],
							"pivot": [-7.22598, 21.00859, -20.63453],
							"rotation": [0, 0, -180],
							"uv": {
								"north": {"uv": [49, 80], "uv_size": [1, 1]},
								"east": {"uv": [68, 55], "uv_size": [10, 1]},
								"south": {"uv": [80, 49], "uv_size": [1, 1]},
								"west": {"uv": [68, 56], "uv_size": [10, 1]},
								"up": {"uv": [68, 57], "uv_size": [1, 10]},
								"down": {"uv": [68, 77], "uv_size": [1, -10]}
							}
						}
					]
				},
				{
					"name": "bulletLoader",
					"parent": "gun",
					"pivot": [-2.52386, 24.60319, -17.60901],
					"cubes": [
						{
							"origin": [-3.57848, 24.04708, -26.49205],
							"size": [0.46447, 2.01222, 3.76609],
							"uv": {
								"north": {"uv": [69, 77], "uv_size": [1, 2]},
								"east": {"uv": [56, 69], "uv_size": [4, 2]},
								"south": {"uv": [71, 77], "uv_size": [1, 2]},
								"west": {"uv": [69, 59], "uv_size": [4, 2]},
								"up": {"uv": [63, 74], "uv_size": [1, 4]},
								"down": {"uv": [74, 67], "uv_size": [1, -4]}
							}
						},
						{
							"origin": [-1.94399, 24.04708, -26.49205],
							"size": [0.46447, 2.01222, 3.76609],
							"uv": {
								"north": {"uv": [74, 77], "uv_size": [1, 2]},
								"east": {"uv": [69, 61], "uv_size": [4, 2]},
								"south": {"uv": [75, 77], "uv_size": [1, 2]},
								"west": {"uv": [62, 69], "uv_size": [4, 2]},
								"up": {"uv": [74, 67], "uv_size": [1, 4]},
								"down": {"uv": [74, 75], "uv_size": [1, -4]}
							}
						},
						{
							"origin": [-3.11401, 24.04708, -26.49205],
							"size": [0.60555, 0.21222, 3.76609],
							"uv": {
								"north": {"uv": [50, 80], "uv_size": [1, 1]},
								"east": {"uv": [74, 37], "uv_size": [4, 1]},
								"south": {"uv": [80, 50], "uv_size": [1, 1]},
								"west": {"uv": [74, 38], "uv_size": [4, 1]},
								"up": {"uv": [73, 74], "uv_size": [1, 4]},
								"down": {"uv": [75, 4], "uv_size": [1, -4]}
							}
						},
						{
							"origin": [-2.50846, 24.04708, -26.49205],
							"size": [0.56447, 0.21222, 3.76609],
							"uv": {
								"north": {"uv": [51, 80], "uv_size": [1, 1]},
								"east": {"uv": [74, 39], "uv_size": [4, 1]},
								"south": {"uv": [80, 51], "uv_size": [1, 1]},
								"west": {"uv": [75, 4], "uv_size": [4, 1]},
								"up": {"uv": [75, 24], "uv_size": [1, 4]},
								"down": {"uv": [40, 79], "uv_size": [1, -4]}
							}
						}
					]
				},
				{
					"name": "BulletShell",
					"parent": "gun",
					"pivot": [-2.52984, 24.73253, -24.06],
					"cubes": [
						{
							"origin": [-2.98276, 24.27961, -25.24778],
							"size": [0.90584, 0.90584, 2.37556],
							"uv": {
								"north": {"uv": [52, 80], "uv_size": [1, 1]},
								"east": {"uv": [77, 68], "uv_size": [2, 1]},
								"south": {"uv": [80, 52], "uv_size": [1, 1]},
								"west": {"uv": [76, 77], "uv_size": [2, 1]},
								"up": {"uv": [3, 78], "uv_size": [1, 2]},
								"down": {"uv": [4, 80], "uv_size": [1, -2]}
							}
						}
					]
				},
				{
					"name": "Bullet",
					"parent": "gun",
					"pivot": [-2.55018, 22.7838, -34.0007],
					"cubes": [
						{
							"origin": [-3.0031, 22.33088, -33.89596],
							"size": [0.90584, 0.90584, 2.37556],
							"uv": {
								"north": {"uv": [53, 80], "uv_size": [1, 1]},
								"east": {"uv": [5, 78], "uv_size": [2, 1]},
								"south": {"uv": [80, 53], "uv_size": [1, 1]},
								"west": {"uv": [78, 5], "uv_size": [2, 1]},
								"up": {"uv": [78, 6], "uv_size": [1, 2]},
								"down": {"uv": [7, 80], "uv_size": [1, -2]}
							}
						},
						{
							"origin": [-2.8944, 22.43958, -34.67196],
							"size": [0.68844, 0.68844, 0.952],
							"uv": {
								"north": {"uv": [54, 80], "uv_size": [1, 1]},
								"east": {"uv": [80, 54], "uv_size": [1, 1]},
								"south": {"uv": [55, 80], "uv_size": [1, 1]},
								"west": {"uv": [80, 55], "uv_size": [1, 1]},
								"up": {"uv": [56, 80], "uv_size": [1, 1]},
								"down": {"uv": [80, 57], "uv_size": [1, -1]}
							}
						},
						{
							"origin": [-2.82212, 22.51187, -35.524],
							"size": [0.54387, 0.54387, 0.85208],
							"uv": {
								"north": {"uv": [57, 80], "uv_size": [1, 1]},
								"east": {"uv": [80, 57], "uv_size": [1, 1]},
								"south": {"uv": [58, 80], "uv_size": [1, 1]},
								"west": {"uv": [80, 58], "uv_size": [1, 1]},
								"up": {"uv": [59, 80], "uv_size": [1, 1]},
								"down": {"uv": [80, 60], "uv_size": [1, -1]}
							}
						}
					]
				},
				{
					"name": "Hammer",
					"parent": "gun",
					"pivot": [-3.05845, 23.17822, -15.20076],
					"rotation": [-62.5, 0, 0],
					"cubes": [
						{
							"origin": [-2.7606, 16.03941, -24.93401],
							"size": [0.55, 0.57119, 1.20851],
							"pivot": [-2.53788, 13.99924, -13.7338],
							"rotation": [-65, 0, 0],
							"uv": {
								"north": {"uv": [60, 80], "uv_size": [1, 1]},
								"east": {"uv": [80, 60], "uv_size": [1, 1]},
								"south": {"uv": [61, 80], "uv_size": [1, 1]},
								"west": {"uv": [80, 61], "uv_size": [1, 1]},
								"up": {"uv": [62, 80], "uv_size": [1, 1]},
								"down": {"uv": [80, 63], "uv_size": [1, -1]}
							}
						},
						{
							"origin": [-2.7606, 22.50706, -19.35638],
							"size": [0.55, 0.57119, 1.85851],
							"pivot": [-2.53788, 13.99924, -13.7338],
							"rotation": [-20, 0, 0],
							"uv": {
								"north": {"uv": [63, 80], "uv_size": [1, 1]},
								"east": {"uv": [8, 78], "uv_size": [2, 1]},
								"south": {"uv": [80, 63], "uv_size": [1, 1]},
								"west": {"uv": [10, 78], "uv_size": [2, 1]},
								"up": {"uv": [78, 11], "uv_size": [1, 2]},
								"down": {"uv": [12, 80], "uv_size": [1, -2]}
							}
						},
						{
							"origin": [-2.7106, 16.62272, -3.16259],
							"size": [0.45, 0.34619, 1.90851],
							"pivot": [-2.53788, 13.99924, -13.7338],
							"rotation": [85, 0, 0],
							"uv": {
								"north": {"uv": [64, 80], "uv_size": [1, 1]},
								"east": {"uv": [13, 78], "uv_size": [2, 1]},
								"south": {"uv": [80, 64], "uv_size": [1, 1]},
								"west": {"uv": [78, 13], "uv_size": [2, 1]},
								"up": {"uv": [17, 78], "uv_size": [1, 2]},
								"down": {"uv": [78, 19], "uv_size": [1, -2]}
							}
						},
						{
							"origin": [-2.7106, 27.54264, -16.20131],
							"size": [0.45, 0.34619, 0.30851],
							"pivot": [-2.4856, 27.71573, -15.04706],
							"rotation": [70, 0, 0],
							"uv": {
								"north": {"uv": [81, 44], "uv_size": [1, 1]},
								"east": {"uv": [45, 81], "uv_size": [1, 1]},
								"south": {"uv": [81, 45], "uv_size": [1, 1]},
								"west": {"uv": [46, 81], "uv_size": [1, 1]},
								"up": {"uv": [81, 46], "uv_size": [1, 1]},
								"down": {"uv": [47, 82], "uv_size": [1, -1]}
							}
						},
						{
							"origin": [-2.7106, 26.814, -15.42148],
							"size": [0.45, 0.34619, 0.30851],
							"pivot": [-2.4856, 26.9871, -15.26723],
							"rotation": [50, 0, 0],
							"uv": {
								"north": {"uv": [81, 47], "uv_size": [1, 1]},
								"east": {"uv": [48, 81], "uv_size": [1, 1]},
								"south": {"uv": [81, 48], "uv_size": [1, 1]},
								"west": {"uv": [49, 81], "uv_size": [1, 1]},
								"up": {"uv": [81, 49], "uv_size": [1, 1]},
								"down": {"uv": [50, 82], "uv_size": [1, -1]}
							}
						},
						{
							"origin": [-2.7106, 26.91616, -15.26113],
							"size": [0.45, 0.34619, 0.30851],
							"pivot": [-2.4856, 27.08925, -15.10688],
							"rotation": [15, 0, 0],
							"uv": {
								"north": {"uv": [81, 50], "uv_size": [1, 1]},
								"east": {"uv": [51, 81], "uv_size": [1, 1]},
								"south": {"uv": [81, 51], "uv_size": [1, 1]},
								"west": {"uv": [52, 81], "uv_size": [1, 1]},
								"up": {"uv": [81, 52], "uv_size": [1, 1]},
								"down": {"uv": [53, 82], "uv_size": [1, -1]}
							}
						},
						{
							"origin": [-2.6856, 16.24886, -3.13645],
							"size": [0.4, 0.42119, 1.23351],
							"pivot": [-2.53788, 13.99924, -13.7338],
							"rotation": [85, 0, 0],
							"uv": {
								"north": {"uv": [65, 80], "uv_size": [1, 1]},
								"east": {"uv": [80, 65], "uv_size": [1, 1]},
								"south": {"uv": [66, 80], "uv_size": [1, 1]},
								"west": {"uv": [80, 66], "uv_size": [1, 1]},
								"up": {"uv": [67, 80], "uv_size": [1, 1]},
								"down": {"uv": [80, 68], "uv_size": [1, -1]}
							}
						},
						{
							"origin": [-2.7106, 9.04756, -3.93386],
							"size": [0.45, 0.31393, 1.84569],
							"pivot": [-2.53788, 13.99924, -13.7338],
							"rotation": [120, 0, 0],
							"uv": {
								"north": {"uv": [68, 80], "uv_size": [1, 1]},
								"east": {"uv": [78, 19], "uv_size": [2, 1]},
								"south": {"uv": [80, 68], "uv_size": [1, 1]},
								"west": {"uv": [78, 20], "uv_size": [2, 1]},
								"up": {"uv": [78, 26], "uv_size": [1, 2]},
								"down": {"uv": [30, 80], "uv_size": [1, -2]}
							}
						},
						{
							"origin": [5.43934, 21.89246, -16.15398],
							"size": [0.63744, 0.63744, 0.60851],
							"pivot": [-2.53788, 13.99924, -13.7338],
							"rotation": [0, 0, -45],
							"uv": {
								"north": {"uv": [69, 80], "uv_size": [1, 1]},
								"east": {"uv": [80, 69], "uv_size": [1, 1]},
								"south": {"uv": [70, 80], "uv_size": [1, 1]},
								"west": {"uv": [80, 70], "uv_size": [1, 1]},
								"up": {"uv": [71, 80], "uv_size": [1, 1]},
								"down": {"uv": [80, 72], "uv_size": [1, -1]}
							}
						},
						{
							"origin": [-2.7856, 22.65666, -18.22337],
							"size": [0.6, 0.64258, 3.89467],
							"pivot": [-2.53788, 13.99924, -13.7338],
							"rotation": [-20, 0, 0],
							"uv": {
								"north": {"uv": [72, 80], "uv_size": [1, 1]},
								"east": {"uv": [41, 75], "uv_size": [4, 1]},
								"south": {"uv": [80, 72], "uv_size": [1, 1]},
								"west": {"uv": [45, 75], "uv_size": [4, 1]},
								"up": {"uv": [49, 75], "uv_size": [1, 4]},
								"down": {"uv": [50, 79], "uv_size": [1, -4]}
							}
						},
						{
							"origin": [-2.7826, 21.85176, -8.50192],
							"size": [0.594, 0.73995, 1.72],
							"pivot": [-2.53788, 13.99924, -13.7338],
							"rotation": [39.5, 0, 0],
							"uv": {
								"north": {"uv": [73, 80], "uv_size": [1, 1]},
								"east": {"uv": [78, 23], "uv_size": [2, 1]},
								"south": {"uv": [80, 73], "uv_size": [1, 1]},
								"west": {"uv": [78, 28], "uv_size": [2, 1]},
								"up": {"uv": [31, 78], "uv_size": [1, 2]},
								"down": {"uv": [32, 80], "uv_size": [1, -2]}
							}
						},
						{
							"origin": [-2.7826, 23.17444, -12.03612],
							"size": [0.594, 0.73995, 1.72],
							"pivot": [-2.53788, 13.99924, -13.7338],
							"rotation": [17, 0, 0],
							"uv": {
								"north": {"uv": [74, 80], "uv_size": [1, 1]},
								"east": {"uv": [33, 78], "uv_size": [2, 1]},
								"south": {"uv": [80, 74], "uv_size": [1, 1]},
								"west": {"uv": [35, 78], "uv_size": [2, 1]},
								"up": {"uv": [78, 35], "uv_size": [1, 2]},
								"down": {"uv": [37, 80], "uv_size": [1, -2]}
							}
						},
						{
							"origin": [-2.7826, 23.04395, -15.80747],
							"size": [0.594, 0.73995, 1.72],
							"pivot": [-2.53788, 13.99924, -13.7338],
							"rotation": [-5.5, 0, 0],
							"uv": {
								"north": {"uv": [75, 80], "uv_size": [1, 1]},
								"east": {"uv": [78, 37], "uv_size": [2, 1]},
								"south": {"uv": [80, 75], "uv_size": [1, 1]},
								"west": {"uv": [38, 78], "uv_size": [2, 1]},
								"up": {"uv": [78, 38], "uv_size": [1, 2]},
								"down": {"uv": [41, 80], "uv_size": [1, -2]}
							}
						},
						{
							"origin": [-2.88716, 7.98125, -5.7429],
							"size": [0.594, 0.73995, 1.72],
							"pivot": [-2.53788, 13.99924, -13.7338],
							"rotation": [-62, 0, 180],
							"uv": {
								"north": {"uv": [76, 80], "uv_size": [1, 1]},
								"east": {"uv": [78, 40], "uv_size": [2, 1]},
								"south": {"uv": [80, 76], "uv_size": [1, 1]},
								"west": {"uv": [42, 78], "uv_size": [2, 1]},
								"up": {"uv": [44, 78], "uv_size": [1, 2]},
								"down": {"uv": [78, 47], "uv_size": [1, -2]}
							}
						},
						{
							"origin": [-2.88716, 15.18694, -4.04863],
							"size": [0.594, 0.73995, 1.72],
							"pivot": [-2.53788, 13.99924, -13.7338],
							"rotation": [-107, 0, 180],
							"uv": {
								"north": {"uv": [77, 80], "uv_size": [1, 1]},
								"east": {"uv": [78, 47], "uv_size": [2, 1]},
								"south": {"uv": [80, 77], "uv_size": [1, 1]},
								"west": {"uv": [78, 48], "uv_size": [2, 1]},
								"up": {"uv": [52, 78], "uv_size": [1, 2]},
								"down": {"uv": [53, 80], "uv_size": [1, -2]}
							}
						},
						{
							"origin": [-2.88716, 18.72115, -5.37131],
							"size": [0.594, 0.73995, 1.72],
							"pivot": [-2.53788, 13.99924, -13.7338],
							"rotation": [-129.5, 0, -180],
							"uv": {
								"north": {"uv": [78, 80], "uv_size": [1, 1]},
								"east": {"uv": [78, 51], "uv_size": [2, 1]},
								"south": {"uv": [80, 78], "uv_size": [1, 1]},
								"west": {"uv": [54, 78], "uv_size": [2, 1]},
								"up": {"uv": [78, 55], "uv_size": [1, 2]},
								"down": {"uv": [57, 80], "uv_size": [1, -2]}
							}
						},
						{
							"origin": [-2.88716, 11.41559, -4.17912],
							"size": [0.594, 0.73995, 1.72],
							"pivot": [-2.53788, 13.99924, -13.7338],
							"rotation": [-84.5, 0, 180],
							"uv": {
								"north": {"uv": [79, 80], "uv_size": [1, 1]},
								"east": {"uv": [78, 60], "uv_size": [2, 1]},
								"south": {"uv": [80, 79], "uv_size": [1, 1]},
								"west": {"uv": [78, 61], "uv_size": [2, 1]},
								"up": {"uv": [58, 78], "uv_size": [1, 2]},
								"down": {"uv": [60, 80], "uv_size": [1, -2]}
							}
						}
					]
				},
				{
					"name": "sight",
					"parent": "gun",
					"pivot": [-2.59031, 25.5407, -39.54915],
					"cubes": [
						{
							"origin": [-2.6662, 26.09908, -45.55198],
							"size": [0.25178, 0.66463, 0.28065],
							"inflate": 0.002,
							"uv": {
								"north": {"uv": [80, 80], "uv_size": [1, 1]},
								"east": {"uv": [0, 81], "uv_size": [1, 1]},
								"south": {"uv": [81, 0], "uv_size": [1, 1]},
								"west": {"uv": [1, 81], "uv_size": [1, 1]},
								"up": {"uv": [81, 1], "uv_size": [1, 1]},
								"down": {"uv": [2, 82], "uv_size": [1, -1]}
							}
						},
						{
							"origin": [-2.6662, 35.14932, -38.35888],
							"size": [0.25178, 0.95072, 0.32564],
							"inflate": 0.002,
							"pivot": [-2.48788, 19.0175, -25.63453],
							"rotation": [32.5, 0, 0],
							"uv": {
								"north": {"uv": [81, 2], "uv_size": [1, 1]},
								"east": {"uv": [3, 81], "uv_size": [1, 1]},
								"south": {"uv": [81, 3], "uv_size": [1, 1]},
								"west": {"uv": [4, 81], "uv_size": [1, 1]},
								"up": {"uv": [81, 4], "uv_size": [1, 1]},
								"down": {"uv": [5, 82], "uv_size": [1, -1]}
							}
						},
						{
							"origin": [-3.01951, 26.17408, -17.95198],
							"size": [0.95839, 0.146, 0.48065],
							"inflate": 0.002,
							"uv": {
								"north": {"uv": [81, 5], "uv_size": [1, 1]},
								"east": {"uv": [6, 81], "uv_size": [1, 1]},
								"south": {"uv": [81, 6], "uv_size": [1, 1]},
								"west": {"uv": [7, 81], "uv_size": [1, 1]},
								"up": {"uv": [81, 7], "uv_size": [1, 1]},
								"down": {"uv": [8, 82], "uv_size": [1, -1]}
							}
						},
						{
							"origin": [0.51428, 25.55632, -17.95198],
							"size": [0.25839, 0.496, 0.48065],
							"inflate": 0.002,
							"pivot": [-2.48788, 19.0175, -14.63453],
							"rotation": [0, 0, -27.5],
							"uv": {
								"north": {"uv": [81, 8], "uv_size": [1, 1]},
								"east": {"uv": [9, 81], "uv_size": [1, 1]},
								"south": {"uv": [81, 9], "uv_size": [1, 1]},
								"west": {"uv": [10, 81], "uv_size": [1, 1]},
								"up": {"uv": [81, 10], "uv_size": [1, 1]},
								"down": {"uv": [11, 82], "uv_size": [1, -1]}
							}
						},
						{
							"origin": [-2.81951, 26.22408, -17.95198],
							"size": [0.55839, 0.271, 0.48065],
							"inflate": 0.002,
							"uv": {
								"north": {"uv": [81, 11], "uv_size": [1, 1]},
								"east": {"uv": [12, 81], "uv_size": [1, 1]},
								"south": {"uv": [81, 12], "uv_size": [1, 1]},
								"west": {"uv": [13, 81], "uv_size": [1, 1]},
								"up": {"uv": [81, 13], "uv_size": [1, 1]},
								"down": {"uv": [14, 82], "uv_size": [1, -1]}
							}
						},
						{
							"origin": [-5.84145, 25.5079, -17.95198],
							"size": [0.25839, 0.496, 0.48065],
							"inflate": 0.002,
							"pivot": [-2.48788, 19.0175, -14.63453],
							"rotation": [0, 0, 27.5],
							"uv": {
								"north": {"uv": [81, 14], "uv_size": [1, 1]},
								"east": {"uv": [15, 81], "uv_size": [1, 1]},
								"south": {"uv": [81, 15], "uv_size": [1, 1]},
								"west": {"uv": [16, 81], "uv_size": [1, 1]},
								"up": {"uv": [81, 16], "uv_size": [1, 1]},
								"down": {"uv": [17, 82], "uv_size": [1, -1]}
							}
						}
					]
				},
				{
					"name": "Grip",
					"parent": "gun",
					"pivot": [-5.44404, 21.64741, -18.26499],
					"cubes": [
						{
							"origin": [-3.98746, 19.45084, -11.94122],
							"size": [1.50259, 6.21238, 1.87713],
							"pivot": [-2.47961, 22.02582, -12.28948],
							"rotation": [25, 0, -180],
							"uv": {
								"north": {"uv": [18, 63], "uv_size": [2, 6]},
								"east": {"uv": [20, 63], "uv_size": [2, 6]},
								"south": {"uv": [56, 63], "uv_size": [2, 6]},
								"west": {"uv": [58, 63], "uv_size": [2, 6]},
								"up": {"uv": [76, 60], "uv_size": [2, 2]},
								"down": {"uv": [76, 71], "uv_size": [2, -2]}
							}
						},
						{
							"origin": [-2.85573, 19.34052, -11.96787],
							"size": [0.93586, 5.33562, 1.87932],
							"pivot": [-2.47961, 22.02582, -12.28948],
							"rotation": [25, 0, -180],
							"uv": {
								"north": {"uv": [1, 74], "uv_size": [1, 5]},
								"east": {"uv": [6, 69], "uv_size": [2, 5]},
								"south": {"uv": [2, 74], "uv_size": [1, 5]},
								"west": {"uv": [8, 69], "uv_size": [2, 5]},
								"up": {"uv": [62, 78], "uv_size": [1, 2]},
								"down": {"uv": [63, 80], "uv_size": [1, -2]}
							}
						},
						{
							"origin": [-4.34804, 22.79465, -9.39631],
							"size": [1.69547, 6.08403, 5.63199],
							"pivot": [-3.3694, 22.88461, -8.63565],
							"rotation": [37.5, 0, -180],
							"uv": {
								"north": {"uv": [62, 63], "uv_size": [2, 6]},
								"east": {"uv": [45, 5], "uv_size": [6, 6]},
								"south": {"uv": [64, 51], "uv_size": [2, 6]},
								"west": {"uv": [45, 11], "uv_size": [6, 6]},
								"up": {"uv": [64, 57], "uv_size": [2, 6]},
								"down": {"uv": [64, 69], "uv_size": [2, -6]}
							}
						},
						{
							"origin": [-5.86704, 22.79465, -9.39631],
							"size": [1.52759, 6.08403, 5.63199],
							"pivot": [-3.4194, 22.88461, -8.63565],
							"rotation": [37.5, 0, -180],
							"uv": {
								"north": {"uv": [66, 46], "uv_size": [2, 6]},
								"east": {"uv": [45, 17], "uv_size": [6, 6]},
								"south": {"uv": [66, 52], "uv_size": [2, 6]},
								"west": {"uv": [40, 47], "uv_size": [6, 6]},
								"up": {"uv": [66, 58], "uv_size": [2, 6]},
								"down": {"uv": [66, 70], "uv_size": [2, -6]}
							}
						},
						{
							"origin": [-4.71204, 22.69224, -9.44407],
							"size": [0.96259, 6.24048, 5.67975],
							"pivot": [-3.3944, 22.88461, -8.63565],
							"rotation": [37.5, 0, -180],
							"uv": {
								"north": {"uv": [64, 71], "uv_size": [1, 6]},
								"east": {"uv": [46, 47], "uv_size": [6, 6]},
								"south": {"uv": [65, 71], "uv_size": [1, 6]},
								"west": {"uv": [0, 48], "uv_size": [6, 6]},
								"up": {"uv": [71, 66], "uv_size": [1, 6]},
								"down": {"uv": [69, 77], "uv_size": [1, -6]}
							}
						},
						{
							"origin": [-5.84031, 17.12913, -7.20405],
							"size": [1.52586, 5.28068, 10.09692],
							"pivot": [-3.3944, 18.76011, -6.37565],
							"rotation": [82.5, 0, -180],
							"uv": {
								"north": {"uv": [10, 69], "uv_size": [2, 5]},
								"east": {"uv": [40, 32], "uv_size": [10, 5]},
								"south": {"uv": [12, 69], "uv_size": [2, 5]},
								"west": {"uv": [40, 37], "uv_size": [10, 5]},
								"up": {"uv": [50, 31], "uv_size": [2, 10]},
								"down": {"uv": [51, 15], "uv_size": [2, -10]}
							}
						},
						{
							"origin": [-4.34631, 17.12913, -7.20405],
							"size": [1.66061, 5.28068, 10.09692],
							"pivot": [-3.3944, 18.76011, -6.37565],
							"rotation": [82.5, 0, -180],
							"uv": {
								"north": {"uv": [14, 69], "uv_size": [2, 5]},
								"east": {"uv": [40, 42], "uv_size": [10, 5]},
								"south": {"uv": [16, 69], "uv_size": [2, 5]},
								"west": {"uv": [45, 0], "uv_size": [10, 5]},
								"up": {"uv": [30, 52], "uv_size": [2, 10]},
								"down": {"uv": [52, 41], "uv_size": [2, -10]}
							}
						},
						{
							"origin": [-5.84031, 15.99913, -1.55405],
							"size": [1.52586, 1.13, 4.44692],
							"pivot": [-3.3944, 18.76011, -6.37565],
							"rotation": [82.5, 0, -180],
							"uv": {
								"north": {"uv": [64, 78], "uv_size": [2, 1]},
								"east": {"uv": [76, 62], "uv_size": [4, 1]},
								"south": {"uv": [78, 66], "uv_size": [2, 1]},
								"west": {"uv": [76, 71], "uv_size": [4, 1]},
								"up": {"uv": [69, 63], "uv_size": [2, 4]},
								"down": {"uv": [69, 71], "uv_size": [2, -4]}
							}
						},
						{
							"origin": [-4.34631, 15.99913, -1.55405],
							"size": [1.66061, 1.13, 4.44692],
							"pivot": [-3.3944, 18.76011, -6.37565],
							"rotation": [82.5, 0, -180],
							"uv": {
								"north": {"uv": [78, 67], "uv_size": [2, 1]},
								"east": {"uv": [76, 72], "uv_size": [4, 1]},
								"south": {"uv": [78, 69], "uv_size": [2, 1]},
								"west": {"uv": [74, 76], "uv_size": [4, 1]},
								"up": {"uv": [4, 70], "uv_size": [2, 4]},
								"down": {"uv": [70, 35], "uv_size": [2, -4]}
							}
						},
						{
							"origin": [-5.84204, 16.74368, -6.82471],
							"size": [1.61072, 2.00154, 10.12006],
							"pivot": [-3.3944, 18.76011, -6.37565],
							"rotation": [66, 0, -180],
							"uv": {
								"north": {"uv": [77, 0], "uv_size": [2, 2]},
								"east": {"uv": [50, 41], "uv_size": [10, 2]},
								"south": {"uv": [77, 2], "uv_size": [2, 2]},
								"west": {"uv": [50, 43], "uv_size": [10, 2]},
								"up": {"uv": [32, 52], "uv_size": [2, 10]},
								"down": {"uv": [34, 62], "uv_size": [2, -10]}
							}
						},
						{
							"origin": [-4.68531, 16.65368, -6.87358],
							"size": [0.93586, 0.32382, 10.16893],
							"pivot": [-3.3944, 18.76011, -6.37565],
							"rotation": [66, 0, -180],
							"uv": {
								"north": {"uv": [81, 42], "uv_size": [1, 1]},
								"east": {"uv": [69, 29], "uv_size": [10, 1]},
								"south": {"uv": [43, 81], "uv_size": [1, 1]},
								"west": {"uv": [69, 30], "uv_size": [10, 1]},
								"up": {"uv": [18, 69], "uv_size": [1, 10]},
								"down": {"uv": [19, 79], "uv_size": [1, -10]}
							}
						},
						{
							"origin": [-4.68531, 22.43626, -6.75558],
							"size": [0.93586, 0.1065, 9.59893],
							"pivot": [-3.3944, 18.76011, -6.37565],
							"rotation": [82, 0, -180],
							"uv": {
								"north": {"uv": [81, 43], "uv_size": [1, 1]},
								"east": {"uv": [69, 57], "uv_size": [10, 1]},
								"south": {"uv": [44, 81], "uv_size": [1, 1]},
								"west": {"uv": [69, 58], "uv_size": [10, 1]},
								"up": {"uv": [20, 69], "uv_size": [1, 10]},
								"down": {"uv": [21, 79], "uv_size": [1, -10]}
							}
						},
						{
							"origin": [-4.34631, 16.74368, -6.82471],
							"size": [1.66874, 2.00154, 10.12006],
							"pivot": [-3.3944, 18.76011, -6.37565],
							"rotation": [66, 0, -180],
							"uv": {
								"north": {"uv": [77, 8], "uv_size": [2, 2]},
								"east": {"uv": [50, 45], "uv_size": [10, 2]},
								"south": {"uv": [22, 77], "uv_size": [2, 2]},
								"west": {"uv": [51, 15], "uv_size": [10, 2]},
								"up": {"uv": [36, 52], "uv_size": [2, 10]},
								"down": {"uv": [38, 62], "uv_size": [2, -10]}
							}
						},
						{
							"origin": [-2.51673, 19.45084, -11.94122],
							"size": [1.64374, 6.21238, 1.87713],
							"pivot": [-2.47961, 22.02582, -12.28948],
							"rotation": [25, 0, -180],
							"uv": {
								"north": {"uv": [30, 67], "uv_size": [2, 6]},
								"east": {"uv": [32, 67], "uv_size": [2, 6]},
								"south": {"uv": [34, 67], "uv_size": [2, 6]},
								"west": {"uv": [36, 67], "uv_size": [2, 6]},
								"up": {"uv": [24, 77], "uv_size": [2, 2]},
								"down": {"uv": [77, 26], "uv_size": [2, -2]}
							}
						}
					]
				},
				{
					"name": "trigger",
					"parent": "gun",
					"pivot": [-3.64763, 16.90751, -10.29555],
					"cubes": [
						{
							"origin": [-2.75617, 16.82752, -17.54197],
							"size": [0.41709, 0.4298, 1.65475],
							"inflate": 0.002,
							"pivot": [-2.54763, 17.10751, -16.09555],
							"rotation": [70.99472, -0.12677, -179.9313],
							"uv": {
								"north": {"uv": [43, 80], "uv_size": [1, 1]},
								"east": {"uv": [64, 77], "uv_size": [2, 1]},
								"south": {"uv": [80, 43], "uv_size": [1, 1]},
								"west": {"uv": [77, 65], "uv_size": [2, 1]},
								"up": {"uv": [77, 66], "uv_size": [1, 2]},
								"down": {"uv": [68, 79], "uv_size": [1, -2]}
							}
						},
						{
							"origin": [-2.75617, 16.77733, -15.97775],
							"size": [0.41709, 0.41222, 0.98435],
							"inflate": 0.002,
							"pivot": [-2.54763, 17.10751, -16.09555],
							"rotation": [88.49472, -0.12677, -179.9313],
							"uv": {
								"north": {"uv": [44, 80], "uv_size": [1, 1]},
								"east": {"uv": [80, 44], "uv_size": [1, 1]},
								"south": {"uv": [45, 80], "uv_size": [1, 1]},
								"west": {"uv": [80, 45], "uv_size": [1, 1]},
								"up": {"uv": [46, 80], "uv_size": [1, 1]},
								"down": {"uv": [80, 47], "uv_size": [1, -1]}
							}
						}
					]
				},
				{
					"name": "rightarm",
					"parent": "main",
					"pivot": [-7.3, 8.8, 11.8],
					"rotation": [-101.81106, -12.40003, -2.46982],
					"cubes": [
						{
							"origin": [-10.7, -15.2, 3.8],
							"size": [8, 24, 8],
							"uv": {
								"north": {"uv": [0, 0], "uv_size": [8, 24]},
								"east": {"uv": [8, 0], "uv_size": [8, 24]},
								"south": {"uv": [16, 0], "uv_size": [8, 24]},
								"west": {"uv": [0, 24], "uv_size": [8, 24]},
								"up": {"uv": [32, 24], "uv_size": [8, 8]},
								"down": {"uv": [32, 40], "uv_size": [8, -8]}
							}
						}
					]
				},
				{
					"name": "leftarm",
					"parent": "main",
					"pivot": [2.33626, 9.80007, -4.14153],
					"rotation": [-119.61483, 1.67666, -38.31282],
					"cubes": [
						{
							"origin": [-1.75151, 0.40706, -9.6234],
							"size": [8, 24, 8],
							"uv": {
								"north": {"uv": [24, 0], "uv_size": [8, 24]},
								"east": {"uv": [8, 24], "uv_size": [8, 24]},
								"south": {"uv": [16, 24], "uv_size": [8, 24]},
								"west": {"uv": [24, 24], "uv_size": [8, 24]},
								"up": {"uv": [40, 24], "uv_size": [8, 8]},
								"down": {"uv": [32, 48], "uv_size": [8, -8]}
							}
						}
					]
				},
				{
					"name": "muzzleflash",
					"parent": "main",
					"pivot": [-2.6, 25.05, -104.05],
					"cubes": [
						{
							"origin": [-3.05, 24.55, -52.55],
							"size": [1, 1, 1],
							"inflate": -0.4,
							"uv": {
								"north": {"uv": [81, 35], "uv_size": [1, 1]},
								"east": {"uv": [36, 81], "uv_size": [1, 1]},
								"south": {"uv": [81, 36], "uv_size": [1, 1]},
								"west": {"uv": [37, 81], "uv_size": [1, 1]},
								"up": {"uv": [81, 37], "uv_size": [1, 1]},
								"down": {"uv": [38, 82], "uv_size": [1, -1]}
							}
						}
					]
				},
				{
					"name": "scope",
					"parent": "main",
					"pivot": [-2.58743, 26.69071, -0.96933],
					"cubes": [
						{
							"origin": [-3.03743, 26.19071, -8.46933],
							"size": [1, 1, 1],
							"inflate": -0.4,
							"uv": {
								"north": {"uv": [81, 38], "uv_size": [1, 1]},
								"east": {"uv": [39, 81], "uv_size": [1, 1]},
								"south": {"uv": [81, 39], "uv_size": [1, 1]},
								"west": {"uv": [40, 81], "uv_size": [1, 1]},
								"up": {"uv": [81, 40], "uv_size": [1, 1]},
								"down": {"uv": [41, 82], "uv_size": [1, -1]}
							}
						}
					]
				}
			],
			"item_display_transforms": {
				"thirdperson_righthand": {
					"translation": [-0.5, -4.75, 3],
					"scale": [0.25, 0.25, 0.25]
				},
				"thirdperson_lefthand": {
					"translation": [0.25, -4.75, 1],
					"scale": [0.25, 0.25, 0.25]
				},
				"firstperson_righthand": {
					"rotation": [0, 0, 3.5],
					"translation": [0, -26, -7]
				},
				"firstperson_lefthand": {
					"rotation": [0, 0, 3.5],
					"translation": [0, -26, -6]
				},
				"ground": {
					"translation": [0, -6, 3.5],
					"scale": [0.3, 0.3, 0.3]
				},
				"gui": {
					"rotation": [44, 50, -40],
					"translation": [-0.25, -7.75, 0],
					"scale": [0.37, 0.37, 0.37]
				},
				"fixed": {
					"rotation": [180, -90, 180],
					"translation": [-5.5, -10.25, -1],
					"scale": [0.62, 0.62, 0.62]
				}
			}
		}
	]
}