{
	"format_version": "1.12.0",
	"minecraft:geometry": [
		{
			"description": {
				"identifier": "geometry.unknown",
				"texture_width": 512,
				"texture_height": 512,
				"visible_bounds_width": 8,
				"visible_bounds_height": 5,
				"visible_bounds_offset": [0, 1.5, 0]
			},
			"bones": [
				{
					"name": "main",
					"pivot": [0, 20, 0]
				},
				{
					"name": "armR_gun",
					"parent": "main",
					"pivot": [-8.3, 12.8, 24.8]
				},
				{
					"name": "gun",
					"parent": "armR_gun",
					"pivot": [0, 19, 7],
					"cubes": [
						{"origin": [-0.5, 18.25858, 0.88823], "size": [1, 3, 7], "pivot": [0, 18.25858, 8.58823], "rotation": [-27.5, 0, 0], "uv": [260, 292]},
						{"origin": [-0.5, 15.41217, 7.88771], "size": [1, 8, 3], "pivot": [0, 19.41217, 14.38771], "rotation": [7.5, 0, 0], "uv": [28, 312]},
						{"origin": [-0.5, 14.56375, 7.94332], "size": [1, 7, 3.175], "inflate": -0.0002, "pivot": [0.5, 18.56375, 7.94332], "rotation": [7.89236, 18.08844, 2.46455], "uv": [312, 52]},
						{"origin": [-0.5, 14.56375, 7.94332], "size": [1, 7, 3.175], "inflate": -0.0002, "pivot": [-0.5, 18.56375, 7.94332], "rotation": [7.89236, -18.08844, -2.46455], "uv": [312, 62]},
						{"origin": [-1.5, 15.41217, 10.88771], "size": [3, 7, 3], "pivot": [0, 19.41217, 14.38771], "rotation": [7.5, 0, 0], "uv": [262, 302]},
						{"origin": [-1.45, 10.65539, -6.02992], "size": [2.9, 13, 3], "pivot": [0, 18.65539, -4.52992], "rotation": [37.5, 0, 0], "uv": [117, 362]},
						{"origin": [-1.45, 11.47273, -2.37274], "size": [2.9, 1.5, 13.6], "inflate": 0.0002, "pivot": [0, 11.87273, 0.12726], "rotation": [10, 0, 0], "uv": [107, 336]},
						{"origin": [-1.45, 12.70539, 4.97008], "size": [2.9, 11, 3], "pivot": [0, 18.65539, 6.47008], "rotation": [37.5, 0, 0], "uv": [129, 358]},
						{"origin": [-1.45, 11.65539, 6.97008], "size": [2.9, 1.05, 1], "pivot": [0, 18.65539, 6.47008], "rotation": [37.5, 0, 0], "uv": [131, 360]},
						{"origin": [-0.5, 22.1169, 10.38271], "size": [1, 1, 3], "pivot": [0.5, 23.1169, 11.88271], "rotation": [7.5, 0, 0], "uv": [312, 103]},
						{"origin": [-0.50352, 21.69542, 10.38225], "size": [1, 1.42, 3], "pivot": [0.49648, 23.12042, 11.88225], "rotation": [5.34149, 5.27248, -44.50388], "uv": [312, 107]},
						{"origin": [-0.49648, 21.69542, 10.38225], "size": [1, 1.42, 3], "pivot": [-0.49648, 23.12042, 11.88225], "rotation": [5.34149, -5.27248, 44.50388], "uv": [312, 111]},
						{"origin": [-1.5, 15.41217, 13.88771], "size": [3, 2, 2], "pivot": [0, 19.41217, 14.38771], "rotation": [7.5, 0, 0], "uv": [312, 99]},
						{"origin": [-1.5, 17.16819, 12.26289], "size": [3, 5, 24], "inflate": 0.0002, "pivot": [0, 19.16819, 14.26289], "rotation": [-9, 0, 0], "uv": [0, 261]},
						{"origin": [-1.5, 13.16819, 26.26289], "size": [3, 4, 9], "pivot": [0, 19.16819, 14.26289], "rotation": [-9, 0, 0], "uv": [236, 292]},
						{"origin": [-1.5, 15.16819, 17.26289], "size": [3, 2, 9], "pivot": [0, 19.16819, 14.26289], "rotation": [-9, 0, 0], "uv": [48, 310]},
						{"origin": [-1.5, 7.98162, 12.40248], "size": [3, 2, 21], "inflate": -0.0002, "pivot": [0, 7.98162, 33.75248], "rotation": [-21.5, 0, 0], "uv": [54, 287]},
						{"origin": [-1.5, 7.98162, 32.75248], "size": [3, 2, 1], "inflate": -0.0004, "pivot": [0, 7.98162, 33.75248], "rotation": [-21.5, 0, 0], "uv": [81, 305]},
						{"origin": [-1.5, 11.16819, 35.26289], "size": [3, 6, 1], "inflate": 0.0002, "pivot": [0, 19.16819, 14.26289], "rotation": [-9, 0, 0], "uv": [312, 77]},
						{"origin": [-0.5, 20.54229, 12.92195], "size": [1, 2, 24], "inflate": 0.0002, "pivot": [0.5, 22.54229, 24.92195], "rotation": [-9, 0, 0], "uv": [54, 261]},
						{"origin": [-0.5, 20.29229, 12.92195], "size": [1, 2.25, 24], "pivot": [0.5, 22.54229, 24.92195], "rotation": [-8.06757, -4.00254, -26.21763], "uv": [276, 260]},
						{"origin": [-0.5, 20.29229, 12.92195], "size": [1, 2.25, 24], "pivot": [-0.5, 22.54229, 24.92195], "rotation": [-8.06757, 4.00254, 26.21763], "uv": [276, 286]},
						{"origin": [-1.5, 19.53697, 1.49001], "size": [3, 3.3, 11], "inflate": 0.0004, "pivot": [0, 22.33697, 10.49001], "rotation": [-25, 0, 0], "uv": [208, 292]},
						{"origin": [-0.5, 24.86214, 4.26032], "size": [1, 1.2, 1.1], "inflate": -0.2, "pivot": [0, 25.53714, 4.81032], "rotation": [25, 0, 0], "uv": [312, 144]},
						{"origin": [-1.5, 21.59369, -5.45545], "size": [3, 5, 8], "uv": [208, 306]},
						{"origin": [-1.5, 21.59369, 2.54455], "size": [3, 2, 3], "uv": [89, 311]},
						{"origin": [-1.5, 21.59369, -9.45545], "size": [1, 1, 4], "uv": [312, 72]},
						{"origin": [0.5, 21.59369, -9.45545], "size": [1, 1, 4], "uv": [312, 84]},
						{"origin": [-1.5, 22.59369, -8.45545], "size": [1, 1, 3], "uv": [312, 121]},
						{"origin": [0.5, 22.59369, -8.45545], "size": [1, 1, 3], "uv": [312, 117]},
						{"origin": [0.5, 22.09369, -9.24834], "size": [1, 1.425, 1], "inflate": -0.0002, "pivot": [0, 22.59369, -8.74834], "rotation": [-45, 0, 0], "uv": [312, 154]},
						{"origin": [-1.5, 22.09369, -9.24834], "size": [1, 1.425, 1], "inflate": -0.0002, "pivot": [0, 22.59369, -8.74834], "rotation": [-45, 0, 0], "uv": [154, 312]},
						{"origin": [-0.5, 21.59369, -6.45545], "size": [1, 2, 1], "uv": [312, 134]},
						{"origin": [-0.5, 17.51869, -5.15545], "size": [1, 5, 1], "pivot": [0, 21.51869, -4.65545], "rotation": [37.5, 0, 0], "uv": [48, 294]},
						{"origin": [-0.5, 20.51869, -4.15545], "size": [1, 1, 2], "pivot": [0, 21.51869, -4.65545], "rotation": [37.5, 0, 0], "uv": [48, 303]},
						{"origin": [-0.7, 17.84089, -2.81708], "size": [1.4, 1.025, 4.25], "inflate": -0.1998, "uv": [312, 94]},
						{"origin": [-0.7, 17.84089, 1.03292], "size": [1.4, 1.025, 2.175], "inflate": -0.2, "pivot": [0, 18.041, 1.23292], "rotation": [45, 0, 0], "uv": [48, 300]},
						{"origin": [-0.7, 19.09089, 1.68292], "size": [1.4, 3, 1], "inflate": -0.1998, "uv": [230, 310]},
						{"origin": [-0.7, 19.09089, -0.21708], "size": [1.4, 3, 1], "inflate": -0.1998, "pivot": [0, 21.59089, 0.28292], "rotation": [17.5, 0, 0], "uv": [312, 130]},
						{"origin": [-1.7, 21.75582, -8.59479], "size": [3.4, 1, 1], "inflate": -0.1, "pivot": [0, 22.25582, -8.09479], "rotation": [45, 0, 0], "uv": [312, 128]},
						{"origin": [-1.7, 21.75582, 2.20521], "size": [3.4, 1, 1], "inflate": -0.1, "pivot": [0, 22.25582, 2.70521], "rotation": [45, 0, 0], "uv": [312, 128]},
						{"origin": [-2.95, 24.52868, -5.65], "size": [2, 1.64264, 1.65], "inflate": -0.2, "uv": [48, 306]},
						{"origin": [-2.95, 24.52868, -5.65], "size": [2, 1.64264, 1.65], "inflate": -0.2002, "pivot": [-1.25, 25.35, -10.65], "rotation": [0, 0, 45], "uv": [230, 306]},
						{"origin": [-2.07132, 23.65, -5.65], "size": [4.14264, 1, 1.65], "inflate": -0.2, "uv": [112, 312]},
						{"origin": [-2.07132, 23.65, -5.65], "size": [1.64264, 2, 1.65], "inflate": -0.2002, "pivot": [-1.25, 25.35, -10.65], "rotation": [0, 0, 45], "uv": [312, 137]},
						{"origin": [0.95, 24.52868, -5.65], "size": [2, 1.64264, 1.65], "inflate": -0.2, "uv": [48, 308]},
						{"origin": [1.14496, 24.76, -4.3164], "size": [1, 1, 1], "pivot": [1.64496, 25.58075, -3.4914], "rotation": [0, 0, 45], "uv": [312, 148]},
						{"origin": [0.95, 24.52868, -5.65], "size": [2, 1.64264, 1.65], "inflate": -0.2002, "pivot": [1.25, 25.35, -10.65], "rotation": [0, 0, 45], "uv": [230, 308]},
						{"origin": [-2.07132, 26.05, -5.65], "size": [4.14264, 1, 1.65], "inflate": -0.2, "uv": [312, 115]},
						{"origin": [-1.135, 26.05, -4.4], "size": [2.27, 1, 3.15], "inflate": -0.2, "uv": [102, 312]},
						{"origin": [0.42868, 25.05, -5.65], "size": [1.64264, 2, 1.65], "inflate": -0.2002, "pivot": [1.25, 25.35, -10.65], "rotation": [0, 0, 45], "uv": [138, 312]},
						{"origin": [1.48934, 25.61066, -4.4], "size": [1.64264, 1, 1.65], "inflate": -0.2002, "pivot": [2.31066, 26.41066, -4.2], "rotation": [-45, 0, 45], "uv": [312, 146]},
						{"origin": [1.51066, 23.46802, -4.4], "size": [1, 1.64264, 1.65], "inflate": -0.2002, "pivot": [2.31066, 24.28934, -4.2], "rotation": [0, -45, 45], "uv": [146, 312]},
						{"origin": [-2.14496, 24.76, -4.3164], "size": [1, 1, 1], "pivot": [-1.64496, 25.58075, -3.4914], "rotation": [0, 0, -45], "uv": [312, 152]},
						{"origin": [-3.13198, 25.61066, -4.4], "size": [1.64264, 1, 1.65], "inflate": -0.2002, "pivot": [-2.31066, 26.41066, -4.2], "rotation": [-45, 0, -45], "uv": [312, 150]},
						{"origin": [-2.51066, 23.46802, -4.4], "size": [1, 1.64264, 1.65], "inflate": -0.2002, "pivot": [-2.31066, 24.28934, -4.2], "rotation": [0, 45, -45], "uv": [150, 312]}
					]
				},
				{
					"name": "muzzleflash",
					"parent": "gun",
					"pivot": [0, 25.35, -36.15],
					"cubes": [
						{"origin": [-0.5, 24.85, -36.65], "size": [1, 1, 1], "inflate": -0.4, "uv": [312, 140]}
					]
				},
				{
					"name": "scope",
					"parent": "gun",
					"pivot": [0, 28.2, 9.95],
					"cubes": [
						{"origin": [-0.5, 27.7, 9.45], "size": [1, 1, 1], "inflate": -0.4, "uv": [142, 312]}
					]
				},
				{
					"name": "lever",
					"parent": "gun",
					"pivot": [0, 26.71869, -1.45545],
					"cubes": [
						{"origin": [-1, 26.11869, -2.45545], "size": [2, 1.2, 2], "inflate": -0.45, "pivot": [0, 26.71869, -1.45545], "rotation": [0, -45, 0], "uv": [122, 312]},
						{"origin": [-0.725, 26.09369, 1.29455], "size": [1.45, 2.2, 2], "inflate": -0.4502, "pivot": [0, 26.54369, 1.74455], "rotation": [-35, 0, 0], "uv": [48, 290]},
						{"origin": [-0.725, 26.09369, -1.90545], "size": [1.45, 1.2, 4.5], "inflate": -0.45, "uv": [312, 89]}
					]
				},
				{
					"name": "breakaction",
					"parent": "gun",
					"pivot": [0, 22.25, -8.1],
					"cubes": [
						{
							"origin": [-1.5, 27.375, -32.65],
							"size": [3, 0, 14],
							"uv": {
								"north": {"uv": [202, 333], "uv_size": [3, 0]},
								"east": {"uv": [188, 333], "uv_size": [14, 0]},
								"south": {"uv": [219, 333], "uv_size": [3, 0]},
								"west": {"uv": [205, 333], "uv_size": [14, 0]},
								"up": {"uv": [91, 330], "uv_size": [3, 16]},
								"down": {"uv": [205, 333], "uv_size": [3, -14]}
							}
						},
						{
							"origin": [3.26997, 24.86345, -35.45],
							"size": [0, 1, 23],
							"uv": {
								"north": {"uv": [115, 330], "uv_size": [0, 2]},
								"east": {"uv": [94, 330], "uv_size": [21, 2]},
								"south": {"uv": [136, 330], "uv_size": [0, 2]},
								"west": {"uv": [94, 333], "uv_size": [24, 1]},
								"up": {"uv": [115, 309], "uv_size": [0, 21]},
								"down": {"uv": [115, 330], "uv_size": [0, -21]}
							}
						},
						{
							"origin": [-3.26997, 24.86345, -35.45],
							"size": [0, 1, 23],
							"uv": {
								"north": {"uv": [115, 330], "uv_size": [0, 2]},
								"east": {"uv": [118, 333], "uv_size": [-24, 1]},
								"south": {"uv": [136, 330], "uv_size": [0, 2]},
								"west": {"uv": [115, 330], "uv_size": [-21, 2]},
								"up": {"uv": [115, 309], "uv_size": [0, 21]},
								"down": {"uv": [115, 330], "uv_size": [0, -21]}
							}
						},
						{"origin": [3.28388, 24.25888, -33.95], "size": [1, 2, 1], "inflate": -0.2, "pivot": [3.78388, 25.25888, -33.45], "rotation": [0, -45, 0], "uv": [173, 365]},
						{"origin": [3.28388, 24.25888, -13.95], "size": [1, 2, 1], "inflate": -0.2, "pivot": [3.78388, 25.25888, -13.45], "rotation": [0, -45, 0], "uv": [173, 365]},
						{"origin": [-4.38388, 26.45888, -29.95], "size": [1, 2, 1], "inflate": -0.2, "pivot": [-3.88388, 26.85888, -29.45], "rotation": [0, 45, 45], "uv": [173, 365], "mirror": true},
						{"origin": [-1.3, 27.648, -33.965], "size": [2.6, 0, 1], "uv": [173, 368]},
						{"origin": [-2.3, 27.648, -13.94], "size": [3.6, 0, 1], "pivot": [1.3, 27.648, -13.94], "rotation": [0, 21, 0], "uv": [177, 368]},
						{"origin": [-2.00126, 27.648, -29.52815], "size": [3.6, 0, 1], "pivot": [-0.20126, 27.648, -29.02815], "rotation": [0, -21, 0], "uv": [177, 368]},
						{"origin": [3.58388, 23.75888, -33.95], "size": [0, 3, 1], "uv": [173, 368]},
						{"origin": [3.58388, 23.75888, -13.95], "size": [0, 3, 1], "uv": [177, 368]},
						{"origin": [3.58388, 23.75888, -28.95], "size": [0, 3, 1], "uv": [177, 368]},
						{"origin": [-3.58388, 23.75888, -29.95], "size": [0, 3, 1], "uv": [177, 368], "mirror": true},
						{"origin": [-3.585, 23.75888, -12.95], "size": [0, 3, 1], "uv": [177, 368], "mirror": true},
						{"origin": [-3.58388, 23.75888, -33.95], "size": [0, 3, 1], "uv": [173, 368], "mirror": true},
						{"origin": [3.58488, 21.08388, -33.95], "size": [0, 2.675, 1], "pivot": [3.58488, 23.75888, -33.45], "rotation": [0, 0, 36.25], "uv": [175, 369]},
						{"origin": [3.58488, 19.30888, -28.95], "size": [0, 4.45, 1], "pivot": [3.58488, 23.75888, -28.45], "rotation": [0, 0, 20.75], "uv": [184, 367]},
						{"origin": [-3.58488, 19.30888, -29.95], "size": [0, 4.45, 1], "pivot": [-3.58488, 23.75888, -29.45], "rotation": [0, 0, -20.75], "uv": [184, 367], "mirror": true},
						{"origin": [3.58488, 21.08388, -13.95], "size": [0, 2.675, 1], "pivot": [3.58488, 23.75888, -13.45], "rotation": [0, 0, 36.25], "uv": [179, 369]},
						{"origin": [-3.58488, 21.08388, -12.95], "size": [0, 2.675, 1], "pivot": [-3.58488, 23.75888, -12.45], "rotation": [0, 0, -36.25], "uv": [179, 369], "mirror": true},
						{"origin": [-3.58488, 21.08388, -33.95], "size": [0, 2.675, 1], "pivot": [-3.58488, 23.75888, -33.45], "rotation": [0, 0, -36.25], "uv": [175, 369], "mirror": true},
						{"origin": [-0.45, 24.52868, -36.25], "size": [1, 1.64264, 31], "inflate": -0.2002, "pivot": [1.25, 25.35, -13.25], "rotation": [0, 0, 45], "uv": [20, 177]},
						{"origin": [1.95, 24.52868, -36.25], "size": [1, 1.64264, 31], "inflate": -0.2, "uv": [124, 176]},
						{"origin": [1.95, 24.52868, -36.25], "size": [1, 1.64264, 31], "inflate": -0.2002, "pivot": [1.25, 25.35, -13.25], "rotation": [0, 0, 45], "uv": [130, 20]},
						{"origin": [0.42868, 26.05, -36.25], "size": [1.64264, 1, 31], "inflate": -0.2002, "pivot": [1.25, 25.35, -13.25], "rotation": [0, 0, 45], "uv": [124, 124]},
						{"origin": [0.42868, 23.65, -36.25], "size": [1.64264, 1, 31], "inflate": -0.2002, "pivot": [1.25, 25.35, -13.25], "rotation": [0, 0, 45], "uv": [124, 72]},
						{"origin": [-2.95, 24.52868, -36.25], "size": [1, 1.64264, 31], "inflate": -0.2, "uv": [20, 229]},
						{"origin": [-2.95, 24.52868, -36.25], "size": [1, 1.64264, 31], "inflate": -0.2002, "pivot": [-1.25, 25.35, -13.25], "rotation": [0, 0, 45], "uv": [228, 228]},
						{"origin": [-0.55, 24.22868, -36.25], "size": [1.1, 2.21764, 31], "inflate": -0.2, "uv": [20, 72]},
						{"origin": [-0.55, 24.52868, -36.25], "size": [1, 1.64264, 31], "inflate": -0.2002, "pivot": [-1.25, 25.35, -13.25], "rotation": [0, 0, 45], "uv": [228, 176]},
						{"origin": [-2.07132, 26.05, -36.25], "size": [4.14264, 1, 31], "inflate": -0.2, "uv": [228, 124]},
						{"origin": [-2.7, 26.65, -34.95], "size": [1.4, 1, 25], "uv": [62, 323]},
						{"origin": [1.3, 26.65, -34.95], "size": [1.4, 1, 25], "uv": [63, 349]},
						{"origin": [-1.5, 26.55, -34.95], "size": [3, 1, 2], "uv": [25, 337]},
						{"origin": [-1.5, 26.55, -18.95], "size": [3, 1, 7], "uv": [20, 340]},
						{"origin": [-2.7, 23.05, -34.95], "size": [5.4, 1, 26], "uv": [1, 348]},
						{"origin": [2.7, 23.05, -34.95], "size": [1.25, 1, 26], "inflate": -0.0002, "pivot": [2.7, 23.05, -22.45], "rotation": [0, 0, -45], "uv": [52, 375]},
						{"origin": [2.7, 26.65, -34.95], "size": [1.25, 1, 25], "inflate": -0.0002, "pivot": [2.7, 27.65, -22.45], "rotation": [0, 0, 45], "uv": [52, 402]},
						{"origin": [2.58388, 23.93388, -9.95], "size": [1, 2, 1], "uv": [181, 426]},
						{"origin": [-3.58388, 23.93388, -9.95], "size": [1, 2, 1], "uv": [181, 399], "mirror": true},
						{"origin": [-3.58388, 23.93388, -12.95], "size": [1, 2.825, 3], "uv": [165, 395], "mirror": true},
						{"origin": [2.58388, 23.93388, -12.95], "size": [1, 2.825, 3], "uv": [165, 422]},
						{"origin": [-3.58388, 23.93388, -34.95], "size": [1, 2.825, 1], "uv": [173, 397], "mirror": true},
						{"origin": [2.58388, 23.93388, -34.95], "size": [1, 2.825, 1], "uv": [173, 424]},
						{"origin": [-3.95, 26.65, -34.95], "size": [1.25, 1, 25], "inflate": -0.0002, "pivot": [-2.7, 27.65, -22.45], "rotation": [0, 0, -45], "uv": [1, 402], "mirror": true},
						{"origin": [-3.95, 23.05, -34.95], "size": [1.25, 1, 26], "inflate": -0.0002, "pivot": [-2.7, 23.05, -22.45], "rotation": [0, 0, 45], "uv": [0, 375], "mirror": true},
						{"origin": [-2.07132, 26.05, -36.25], "size": [1.64264, 1, 31], "inflate": -0.2002, "pivot": [-1.25, 25.35, -13.25], "rotation": [0, 0, 45], "uv": [124, 228]},
						{"origin": [-2.07132, 23.65, -36.25], "size": [4.14264, 1, 31], "inflate": -0.2, "uv": [20, 20]},
						{"origin": [-2.07132, 23.65, -36.25], "size": [1.64264, 1, 31], "inflate": -0.2002, "pivot": [-1.25, 25.35, -13.25], "rotation": [0, 0, 45], "uv": [228, 72]},
						{"origin": [-2.32132, 26.35, -35.25], "size": [4.64264, 1, 27], "uv": [209, 484]},
						{"origin": [-3.25, 24.77868, -35.25], "size": [1, 1.3, 27], "inflate": -0.0002, "pivot": [-1.25, 25.6, -13.25], "rotation": [0, 0, 45], "uv": [143, 484]},
						{"origin": [-3.24497, 24.26345, -35.25], "size": [1, 2.17, 27], "uv": [77, 483]},
						{"origin": [-2.07348, 23.0917, -35.25], "size": [1.3, 1, 27], "inflate": -0.0002, "pivot": [-1.2448, 25.0917, -13.25], "rotation": [0, 0, 45], "uv": [143, 451]},
						{"origin": [-2.32132, 23.35, -35.25], "size": [4.64264, 1, 27], "uv": [5, 484]},
						{"origin": [2.2448, 24.62038, -35.25], "size": [1, 1.3, 27], "inflate": -0.0002, "pivot": [1.2448, 25.0917, -13.25], "rotation": [0, 0, 45], "uv": [347, 275]},
						{"origin": [2.24497, 24.26345, -35.25], "size": [1, 2.17, 27], "uv": [77, 451]},
						{"origin": [0.77132, 26.6, -35.25], "size": [1.3, 1, 27], "inflate": -0.0002, "pivot": [1.25, 25.6, -13.25], "rotation": [0, 0, 45], "uv": [282, 484]},
						{"origin": [0.40368, 23.925, -6.25], "size": [1.69264, 1, 1], "inflate": -0.201, "pivot": [1.25, 25.35, -13.25], "rotation": [0, 0, 45], "uv": [166, 312]},
						{"origin": [-0.825, 24.50368, -6.25], "size": [1, 1.69264, 1], "inflate": -0.201, "pivot": [-1.25, 25.35, -13.25], "rotation": [0, 0, 45], "uv": [312, 164]},
						{"origin": [-2.09632, 23.925, -6.25], "size": [1.69264, 1, 1], "inflate": -0.201, "pivot": [-1.25, 25.35, -13.25], "rotation": [0, 0, 45], "uv": [312, 162]},
						{"origin": [-2.675, 24.50368, -6.25], "size": [1, 1.69264, 1], "inflate": -0.201, "pivot": [-1.25, 25.35, -13.25], "rotation": [0, 0, 45], "uv": [162, 312]},
						{"origin": [-2.09632, 25.775, -6.25], "size": [1.69264, 1, 1], "inflate": -0.201, "pivot": [-1.25, 25.35, -13.25], "rotation": [0, 0, 45], "uv": [312, 160]},
						{"origin": [-0.175, 24.50368, -6.25], "size": [1, 1.69264, 1], "inflate": -0.201, "pivot": [1.25, 25.35, -13.25], "rotation": [0, 0, 45], "uv": [312, 158]},
						{"origin": [0.40368, 25.775, -6.25], "size": [1.69264, 1, 1], "inflate": -0.201, "pivot": [1.25, 25.35, -13.25], "rotation": [0, 0, 45], "uv": [158, 312]},
						{"origin": [1.675, 24.50368, -6.25], "size": [1, 1.69264, 1], "inflate": -0.201, "pivot": [1.25, 25.35, -13.25], "rotation": [0, 0, 45], "uv": [312, 156]},
						{"origin": [-1.7, 23.39369, -10.65545], "size": [3.4, 1, 5.4], "inflate": -0.2, "uv": [72, 310]},
						{"origin": [-0.7, 21.39368, -9.65545], "size": [1.4, 2.6, 3.4], "inflate": -0.2, "uv": [38, 314]},
						{"origin": [-2, 21.59369, -34.95545], "size": [4, 2, 25.5], "uv": [140, 347]},
						{"origin": [0.6, 21.99369, -35.20545], "size": [1, 1, 1], "pivot": [1.1, 22.49369, -34.70545], "rotation": [0, 0, 45], "uv": [149, 343]},
						{"origin": [-1.6, 21.99369, -35.20545], "size": [1, 1, 1], "pivot": [-1.1, 22.49369, -34.70545], "rotation": [0, 0, -45], "uv": [149, 343], "mirror": true},
						{"origin": [-2, 19.59369, -30.95545], "size": [4, 2, 8], "uv": [141, 362]},
						{"origin": [-2, 19.11807, -23.243], "size": [4, 3, 5], "inflate": -0.0002, "pivot": [0, 20.11807, -20.243], "rotation": [-10, 0, 0], "uv": [144, 350]},
						{"origin": [-2, 19.83759, -19.33633], "size": [4, 3.8, 2], "inflate": -0.0004, "pivot": [0, 20.83759, -19.33633], "rotation": [-40, 0, 0], "uv": [147, 345]},
						{"origin": [-2, 19.59369, -33.95545], "size": [4, 1.425, 3], "inflate": -0.0002, "pivot": [0, 19.59369, -30.95545], "rotation": [-45, 0, 0], "uv": [146, 358]},
						{"origin": [-1.5002, 23.10103, -10.07993], "size": [3, 1, 1.425], "pivot": [-0.0002, 23.60103, -9.15493], "rotation": [45, 0, 0], "uv": [129, 315]}
					]
				},
				{
					"name": "shellL",
					"parent": "breakaction",
					"pivot": [1.2526, 25.3526, -5.425],
					"cubes": [
						{"origin": [0.2526, 24.3526, -10.225], "size": [2, 2, 5], "inflate": -0.2, "pivot": [1.2526, 25.3526, -7.725], "rotation": [0, 0, 45], "uv": [0, 312]}
					]
				},
				{
					"name": "shellR",
					"parent": "breakaction",
					"pivot": [-1.2526, 25.3526, -5.425],
					"cubes": [
						{"origin": [-2.2526, 24.3526, -10.225], "size": [2, 2, 5], "inflate": -0.2, "pivot": [-1.2526, 25.3526, -7.725], "rotation": [0, 0, -45], "uv": [14, 312]}
					]
				},
				{
					"name": "_cb_scope",
					"parent": "breakaction",
					"pivot": [0, 27.55, -15.5],
					"cubes": [
						{"origin": [-0.5, 27.05, -16], "size": [1, 1, 1], "uv": [312, 142]}
					]
				},
				{
					"name": "rightarm",
					"parent": "armR_gun",
					"pivot": [-8.3, 12.8, 24.8],
					"rotation": [-101.81106, -12.40003, -2.46982],
					"cubes": [
						{
							"origin": [-12.3, -11.2, 20.8],
							"size": [8, 24, 8],
							"uv": {
								"north": {"uv": [312, 166], "uv_size": [8, 24]},
								"east": {"uv": [170, 312], "uv_size": [8, 24]},
								"south": {"uv": [178, 312], "uv_size": [8, 24]},
								"west": {"uv": [186, 312], "uv_size": [8, 24]},
								"up": {"uv": [312, 238], "uv_size": [8, 8]},
								"down": {"uv": [312, 254], "uv_size": [8, -8]}
							}
						}
					]
				},
				{
					"name": "leftarm",
					"parent": "main",
					"pivot": [9.7, 10.3, -3.6],
					"rotation": [-89.4933, 29.654, 49.7646],
					"cubes": [
						{
							"origin": [5.7, -13.7, -7.6],
							"size": [8, 24, 8],
							"uv": {
								"north": {"uv": [312, 190], "uv_size": [8, 24]},
								"east": {"uv": [194, 312], "uv_size": [8, 24]},
								"south": {"uv": [312, 214], "uv_size": [8, 24]},
								"west": {"uv": [262, 312], "uv_size": [8, 24]},
								"up": {"uv": [270, 312], "uv_size": [8, 8]},
								"down": {"uv": [278, 320], "uv_size": [8, -8]}
							}
						}
					]
				},
				{
					"name": "_camera_",
					"pivot": [9.5, 33, 22]
				}
			]
		}
	]
}