{
	"format_version": "1.12.0",
	"minecraft:geometry": [
		{
			"description": {
				"identifier": "geometry.unknown",
				"texture_width": 512,
				"texture_height": 512,
				"visible_bounds_width": 8,
				"visible_bounds_height": 5,
				"visible_bounds_offset": [0, 1.5, 0]
			},
			"bones": [
				{
					"name": "main",
					"pivot": [0, 20, 0]
				},
				{
					"name": "armR_gun",
					"parent": "main",
					"pivot": [-8.3, 12.8, 24.8]
				},
				{
					"name": "gun",
					"parent": "armR_gun",
					"pivot": [0, 19, 7],
					"cubes": [
						{"origin": [-0.5, 18.25858, 0.88823], "size": [1, 3, 7], "pivot": [0, 18.25858, 8.58823], "rotation": [-27.5, 0, 0], "uv": [260, 292]},
						{"origin": [-0.5, 15.41217, 7.88771], "size": [1, 8, 3], "pivot": [0, 19.41217, 14.38771], "rotation": [7.5, 0, 0], "uv": [28, 312]},
						{"origin": [-0.5, 14.56375, 7.94332], "size": [1, 7, 3.175], "inflate": -0.0002, "pivot": [0.5, 18.56375, 7.94332], "rotation": [7.89236, 18.08844, 2.46455], "uv": [312, 52]},
						{"origin": [-0.5, 14.56375, 7.94332], "size": [1, 7, 3.175], "inflate": -0.0002, "pivot": [-0.5, 18.56375, 7.94332], "rotation": [7.89236, -18.08844, -2.46455], "uv": [312, 62]},
						{"origin": [-1.5, 15.41217, 10.88771], "size": [3, 7, 3], "pivot": [0, 19.41217, 14.38771], "rotation": [7.5, 0, 0], "uv": [262, 302]},
						{"origin": [-0.5, 22.1169, 10.38271], "size": [1, 1, 3], "pivot": [0.5, 23.1169, 11.88271], "rotation": [7.5, 0, 0], "uv": [312, 103]},
						{"origin": [-0.50352, 21.69542, 10.38225], "size": [1, 1.42, 3], "pivot": [0.49648, 23.12042, 11.88225], "rotation": [5.34149, 5.27248, -44.50388], "uv": [312, 107]},
						{"origin": [-0.49648, 21.69542, 10.38225], "size": [1, 1.42, 3], "pivot": [-0.49648, 23.12042, 11.88225], "rotation": [5.34149, -5.27248, 44.50388], "uv": [312, 111]},
						{"origin": [-1.5, 15.41217, 13.88771], "size": [3, 2, 2], "pivot": [0, 19.41217, 14.38771], "rotation": [7.5, 0, 0], "uv": [312, 99]},
						{"origin": [-1.5, 17.16819, 12.26289], "size": [3, 5, 24], "inflate": 0.002, "pivot": [0, 19.16819, 14.26289], "rotation": [-9, 0, 0], "uv": [0, 261]},
						{"origin": [-1.5, 13.16819, 26.26289], "size": [3, 4, 9], "pivot": [0, 19.16819, 14.26289], "rotation": [-9, 0, 0], "uv": [236, 292]},
						{"origin": [-1.5, 15.16819, 17.26289], "size": [3, 2, 9], "pivot": [0, 19.16819, 14.26289], "rotation": [-9, 0, 0], "uv": [48, 310]},
						{"origin": [-1.5, 7.98162, 12.40248], "size": [3, 2, 21], "inflate": -0.0002, "pivot": [0, 7.98162, 33.75248], "rotation": [-21.5, 0, 0], "uv": [54, 287]},
						{"origin": [-1.5, 7.98162, 32.75248], "size": [3, 2, 1], "inflate": -0.0004, "pivot": [0, 7.98162, 33.75248], "rotation": [-21.5, 0, 0], "uv": [81, 305]},
						{"origin": [-1.5, 11.16819, 35.26289], "size": [3, 6, 1], "inflate": 0.0002, "pivot": [0, 19.16819, 14.26289], "rotation": [-9, 0, 0], "uv": [312, 77]},
						{"origin": [-0.5, 20.54229, 12.92195], "size": [1, 2, 24], "inflate": 0.0002, "pivot": [0.5, 22.54229, 24.92195], "rotation": [-9, 0, 0], "uv": [54, 261]},
						{"origin": [-0.5, 20.29229, 12.92195], "size": [1, 2.25, 24], "pivot": [0.5, 22.54229, 24.92195], "rotation": [-8.06757, -4.00254, -26.21763], "uv": [276, 260]},
						{"origin": [-0.5, 20.29229, 12.92195], "size": [1, 2.25, 24], "pivot": [-0.5, 22.54229, 24.92195], "rotation": [-8.06757, 4.00254, 26.21763], "uv": [276, 286]},
						{"origin": [-1.5, 19.53697, 1.49001], "size": [3, 3.3, 11], "inflate": 0.002, "pivot": [0, 22.33697, 10.49001], "rotation": [-25, 0, 0], "uv": [208, 292]},
						{"origin": [-0.5, 24.86214, 4.26032], "size": [1, 1.2, 1.1], "inflate": -0.2, "pivot": [0, 25.53714, 4.81032], "rotation": [25, 0, 0], "uv": [312, 144]},
						{"origin": [-1.5, 21.59369, -5.45545], "size": [3, 5, 8], "uv": [208, 306]},
						{"origin": [-1.5, 21.59369, 2.54455], "size": [3, 2, 3], "uv": [89, 311]},
						{"origin": [-1.5, 21.59369, -9.45545], "size": [1, 1, 4], "uv": [312, 72]},
						{"origin": [0.5, 21.59369, -9.45545], "size": [1, 1, 4], "uv": [312, 84]},
						{"origin": [-1.5, 22.59369, -8.45545], "size": [1, 1, 3], "uv": [312, 121]},
						{"origin": [0.5, 22.59369, -8.45545], "size": [1, 1, 3], "uv": [312, 117]},
						{"origin": [0.5, 22.09369, -9.24834], "size": [1, 1.425, 1], "inflate": -0.0002, "pivot": [0, 22.59369, -8.74834], "rotation": [-45, 0, 0], "uv": [312, 154]},
						{"origin": [-1.5, 22.09369, -9.24834], "size": [1, 1.425, 1], "inflate": -0.0002, "pivot": [0, 22.59369, -8.74834], "rotation": [-45, 0, 0], "uv": [154, 312]},
						{"origin": [-0.5, 21.59369, -6.45545], "size": [1, 2, 1], "uv": [312, 134]},
						{"origin": [-0.5, 17.51869, -5.15545], "size": [1, 5, 1], "pivot": [0, 21.51869, -4.65545], "rotation": [37.5, 0, 0], "uv": [48, 294]},
						{"origin": [-0.5, 20.51869, -4.15545], "size": [1, 1, 2], "pivot": [0, 21.51869, -4.65545], "rotation": [37.5, 0, 0], "uv": [48, 303]},
						{"origin": [-0.7, 17.84089, -2.81708], "size": [1.4, 1.025, 4.25], "inflate": -0.1998, "uv": [312, 94]},
						{"origin": [-0.7, 17.84089, 1.03292], "size": [1.4, 1.025, 2.175], "inflate": -0.2, "pivot": [0, 18.041, 1.23292], "rotation": [45, 0, 0], "uv": [48, 300]},
						{"origin": [-0.7, 19.09089, 1.68292], "size": [1.4, 3, 1], "inflate": -0.1998, "uv": [230, 310]},
						{"origin": [-0.7, 19.09089, -0.21708], "size": [1.4, 3, 1], "inflate": -0.1998, "pivot": [0, 21.59089, 0.28292], "rotation": [17.5, 0, 0], "uv": [312, 130]},
						{"origin": [-1.7, 21.75582, -8.59479], "size": [3.4, 1, 1], "inflate": -0.1, "pivot": [0, 22.25582, -8.09479], "rotation": [45, 0, 0], "uv": [312, 128]},
						{"origin": [-2.95, 24.52868, -5.65], "size": [2, 1.64264, 1.65], "inflate": -0.2, "uv": [48, 306]},
						{"origin": [-2.95, 24.52868, -5.65], "size": [2, 1.64264, 1.65], "inflate": -0.2002, "pivot": [-1.25, 25.35, -10.65], "rotation": [0, 0, 45], "uv": [230, 306]},
						{"origin": [-2.07132, 23.65, -5.65], "size": [4.14264, 1, 1.65], "inflate": -0.2, "uv": [112, 312]},
						{"origin": [-2.07132, 23.65, -5.65], "size": [1.64264, 2, 1.65], "inflate": -0.2002, "pivot": [-1.25, 25.35, -10.65], "rotation": [0, 0, 45], "uv": [312, 137]},
						{"origin": [0.95, 24.52868, -5.65], "size": [2, 1.64264, 1.65], "inflate": -0.2, "uv": [48, 308]},
						{"origin": [1.14496, 24.76, -4.3164], "size": [1, 1, 1], "pivot": [1.64496, 25.58075, -3.4914], "rotation": [0, 0, 45], "uv": [312, 148]},
						{"origin": [0.95, 24.52868, -5.65], "size": [2, 1.64264, 1.65], "inflate": -0.2002, "pivot": [1.25, 25.35, -10.65], "rotation": [0, 0, 45], "uv": [230, 308]},
						{"origin": [-2.07132, 26.05, -5.65], "size": [4.14264, 1, 1.65], "inflate": -0.2, "uv": [312, 115]},
						{"origin": [-1.135, 26.05, -4.4], "size": [2.27, 1, 3.15], "inflate": -0.2, "uv": [102, 312]},
						{"origin": [0.42868, 25.05, -5.65], "size": [1.64264, 2, 1.65], "inflate": -0.2002, "pivot": [1.25, 25.35, -10.65], "rotation": [0, 0, 45], "uv": [138, 312]},
						{"origin": [1.48934, 25.61066, -4.4], "size": [1.64264, 1, 1.65], "inflate": -0.2002, "pivot": [2.31066, 26.41066, -4.2], "rotation": [-45, 0, 45], "uv": [312, 146]},
						{"origin": [1.51066, 23.46802, -4.4], "size": [1, 1.64264, 1.65], "inflate": -0.2002, "pivot": [2.31066, 24.28934, -4.2], "rotation": [0, -45, 45], "uv": [146, 312]},
						{"origin": [-2.14496, 24.76, -4.3164], "size": [1, 1, 1], "pivot": [-1.64496, 25.58075, -3.4914], "rotation": [0, 0, -45], "uv": [312, 152]},
						{"origin": [-3.13198, 25.61066, -4.4], "size": [1.64264, 1, 1.65], "inflate": -0.2002, "pivot": [-2.31066, 26.41066, -4.2], "rotation": [-45, 0, -45], "uv": [312, 150]},
						{"origin": [-2.51066, 23.46802, -4.4], "size": [1, 1.64264, 1.65], "inflate": -0.2002, "pivot": [-2.31066, 24.28934, -4.2], "rotation": [0, 45, -45], "uv": [150, 312]}
					]
				},
				{
					"name": "muzzleflash",
					"parent": "gun",
					"pivot": [0, 25.35, -56.15],
					"cubes": [
						{"origin": [-0.5, 24.85, -56.65], "size": [1, 1, 1], "inflate": -0.4, "uv": [312, 140]}
					]
				},
				{
					"name": "scope",
					"parent": "gun",
					"pivot": [0, 28.2, 9.95],
					"cubes": [
						{"origin": [-0.5, 27.7, 9.45], "size": [1, 1, 1], "inflate": -0.4, "uv": [142, 312]}
					]
				},
				{
					"name": "lever",
					"parent": "gun",
					"pivot": [0, 26.71869, -1.45545],
					"cubes": [
						{"origin": [-1, 26.11869, -2.45545], "size": [2, 1.2, 2], "inflate": -0.45, "pivot": [0, 26.71869, -1.45545], "rotation": [0, -45, 0], "uv": [122, 312]},
						{"origin": [-0.725, 26.09369, 1.29455], "size": [1.45, 2.2, 2], "inflate": -0.4502, "pivot": [0, 26.54369, 1.74455], "rotation": [-35, 0, 0], "uv": [48, 290]},
						{"origin": [-0.725, 26.09369, -1.90545], "size": [1.45, 1.2, 4.5], "inflate": -0.45, "uv": [312, 89]}
					]
				},
				{
					"name": "breakaction",
					"parent": "gun",
					"pivot": [0, 22.25, -8.1],
					"cubes": [
						{"origin": [-0.45, 24.52868, -56.25], "size": [1, 1.64264, 51], "inflate": -0.2002, "pivot": [1.25, 25.35, -13.25], "rotation": [0, 0, 45], "uv": [0, 157]},
						{"origin": [1.95, 24.52868, -56.25], "size": [1, 1.64264, 51], "inflate": -0.2, "uv": [104, 156]},
						{"origin": [1.95, 24.52868, -56.25], "size": [1, 1.64264, 51], "inflate": -0.2002, "pivot": [1.25, 25.35, -13.25], "rotation": [0, 0, 45], "uv": [110, 0]},
						{"origin": [-0.5, 26.25, -56.25], "size": [1, 1, 51], "inflate": -0.2002, "uv": [104, 260]},
						{"origin": [-0.82132, 25.95, -56.25], "size": [1.64264, 1, 51], "inflate": -0.2, "uv": [214, 0]},
						{"origin": [0.42868, 26.05, -56.25], "size": [1.64264, 1, 51], "inflate": -0.2, "uv": [0, 105]},
						{"origin": [0.42868, 26.05, -56.25], "size": [1.64264, 1, 51], "inflate": -0.2002, "pivot": [1.25, 25.35, -13.25], "rotation": [0, 0, 45], "uv": [104, 104]},
						{"origin": [0.42868, 23.65, -56.25], "size": [1.64264, 1, 51], "inflate": -0.2002, "pivot": [1.25, 25.35, -13.25], "rotation": [0, 0, 45], "uv": [104, 52]},
						{"origin": [-2.95, 24.52868, -56.25], "size": [1, 1.64264, 51], "inflate": -0.2, "uv": [0, 209]},
						{"origin": [-2.95, 24.52868, -56.25], "size": [1, 1.64264, 51], "inflate": -0.2002, "pivot": [-1.25, 25.35, -13.25], "rotation": [0, 0, 45], "uv": [208, 208]},
						{"origin": [-0.55, 24.22868, -56.25], "size": [1.1, 2.11764, 51], "inflate": -0.2, "uv": [0, 52]},
						{"origin": [-0.55, 24.52868, -56.25], "size": [1, 1.64264, 51], "inflate": -0.2002, "pivot": [-1.25, 25.35, -13.25], "rotation": [0, 0, 45], "uv": [208, 156]},
						{"origin": [-2.07132, 26.05, -56.25], "size": [1.64264, 1, 51], "inflate": -0.2, "uv": [208, 104]},
						{"origin": [-2.07132, 26.05, -56.25], "size": [1.64264, 1, 51], "inflate": -0.2002, "pivot": [-1.25, 25.35, -13.25], "rotation": [0, 0, 45], "uv": [104, 208]},
						{"origin": [-2.07132, 23.65, -56.25], "size": [4.14264, 1, 51], "inflate": -0.2, "uv": [0, 0]},
						{"origin": [-2.07132, 23.65, -56.25], "size": [1.64264, 1, 51], "inflate": -0.2002, "pivot": [-1.25, 25.35, -13.25], "rotation": [0, 0, 45], "uv": [208, 52]},
						{"origin": [0.40368, 23.925, -6.25], "size": [1.69264, 1, 1], "inflate": -0.201, "pivot": [1.25, 25.35, -13.25], "rotation": [0, 0, 45], "uv": [166, 312]},
						{"origin": [-0.825, 24.50368, -6.25], "size": [1, 1.69264, 1], "inflate": -0.201, "pivot": [-1.25, 25.35, -13.25], "rotation": [0, 0, 45], "uv": [312, 164]},
						{"origin": [-2.09632, 23.925, -6.25], "size": [1.69264, 1, 1], "inflate": -0.201, "pivot": [-1.25, 25.35, -13.25], "rotation": [0, 0, 45], "uv": [312, 162]},
						{"origin": [-2.675, 24.50368, -6.25], "size": [1, 1.69264, 1], "inflate": -0.201, "pivot": [-1.25, 25.35, -13.25], "rotation": [0, 0, 45], "uv": [162, 312]},
						{"origin": [-2.09632, 25.775, -6.25], "size": [1.69264, 1, 1], "inflate": -0.201, "pivot": [-1.25, 25.35, -13.25], "rotation": [0, 0, 45], "uv": [312, 160]},
						{"origin": [-0.175, 24.50368, -6.25], "size": [1, 1.69264, 1], "inflate": -0.201, "pivot": [1.25, 25.35, -13.25], "rotation": [0, 0, 45], "uv": [312, 158]},
						{"origin": [0.40368, 25.775, -6.25], "size": [1.69264, 1, 1], "inflate": -0.201, "pivot": [1.25, 25.35, -13.25], "rotation": [0, 0, 45], "uv": [158, 312]},
						{"origin": [1.675, 24.50368, -6.25], "size": [1, 1.69264, 1], "inflate": -0.201, "pivot": [1.25, 25.35, -13.25], "rotation": [0, 0, 45], "uv": [312, 156]},
						{"origin": [-1.7, 23.39369, -10.65545], "size": [3.4, 1, 5.4], "inflate": -0.2, "uv": [72, 310]},
						{"origin": [-0.7, 21.19369, -11.35545], "size": [1.4, 2.6, 5.1], "inflate": -0.2, "uv": [36, 312]},
						{"origin": [-1.5, 21.59369, -10.45545], "size": [3, 2, 1], "uv": [312, 125]},
						{"origin": [-1.5002, 23.10103, -10.07993], "size": [3, 1, 1.425], "pivot": [-0.0002, 23.60103, -9.15493], "rotation": [45, 0, 0], "uv": [130, 312]},
						{"origin": [-1.5, 22.59369, -31.45545], "size": [3, 1.3, 21], "uv": [0, 290]},
						{"origin": [-1.5, 22.89369, -41.45545], "size": [3, 1, 10], "uv": [236, 305]},
						{"origin": [-1.5, 21.59369, -41.48045], "size": [3, 1, 31.025], "inflate": -0.0002, "pivot": [0, 21.59369, -10.45545], "rotation": [-2.4, 0, 0], "uv": [208, 260]}
					]
				},
				{
					"name": "shellL",
					"parent": "breakaction",
					"pivot": [1.2526, 25.3526, -5.425],
					"cubes": [
						{"origin": [0.2526, 24.3526, -10.225], "size": [2, 2, 5], "inflate": -0.2, "pivot": [1.2526, 25.3526, -7.725], "rotation": [0, 0, 45], "uv": [0, 312]}
					]
				},
				{
					"name": "shellR",
					"parent": "breakaction",
					"pivot": [-1.2526, 25.3526, -5.425],
					"cubes": [
						{"origin": [-2.2526, 24.3526, -10.225], "size": [2, 2, 5], "inflate": -0.2, "pivot": [-1.2526, 25.3526, -7.725], "rotation": [0, 0, -45], "uv": [14, 312]}
					]
				},
				{
					"name": "_cb_scope",
					"parent": "breakaction",
					"pivot": [0, 27.05, -11.125],
					"cubes": [
						{"origin": [-0.5, 26.55, -11.625], "size": [1, 1, 1], "uv": [312, 142]}
					]
				},
				{
					"name": "rightarm",
					"parent": "armR_gun",
					"pivot": [-8.3, 12.8, 24.8],
					"rotation": [-101.81106, -12.40003, -2.46982],
					"cubes": [
						{
							"origin": [-12.3, -11.2, 20.8],
							"size": [8, 24, 8],
							"uv": {
								"north": {"uv": [312, 166], "uv_size": [8, 24]},
								"east": {"uv": [170, 312], "uv_size": [8, 24]},
								"south": {"uv": [178, 312], "uv_size": [8, 24]},
								"west": {"uv": [186, 312], "uv_size": [8, 24]},
								"up": {"uv": [312, 238], "uv_size": [8, 8]},
								"down": {"uv": [312, 254], "uv_size": [8, -8]}
							}
						}
					]
				},
				{
					"name": "leftarm",
					"parent": "main",
					"pivot": [9.7, 10.3, -3.6],
					"rotation": [-89.4933, 29.654, 49.7646],
					"cubes": [
						{
							"origin": [5.7, -13.7, -7.6],
							"size": [8, 24, 8],
							"uv": {
								"north": {"uv": [312, 190], "uv_size": [8, 24]},
								"east": {"uv": [194, 312], "uv_size": [8, 24]},
								"south": {"uv": [312, 214], "uv_size": [8, 24]},
								"west": {"uv": [262, 312], "uv_size": [8, 24]},
								"up": {"uv": [270, 312], "uv_size": [8, 8]},
								"down": {"uv": [278, 320], "uv_size": [8, -8]}
							}
						}
					]
				},
				{
					"name": "_camera_",
					"pivot": [9.5, 33, 22]
				}
			]
		}
	]
}