{
	"format_version": "1.8.0",
	"animations": {
		"animation.model.fire": {
			"loop": "hold_on_last_frame",
			"animation_length": 1.1667,
			"bones": {
				"main": {
					"rotation": {
						"0.0": {
							"vector": [-3.5, 0, 0]
						},
						"0.0833": {
							"vector": [3.5, 0, 0]
						},
						"0.1667": {
							"vector": [0, 0, 0]
						},
						"0.25": {
							"vector": [-0.5, 0, 0]
						},
						"0.3333": {
							"vector": [0, 0, 0]
						},
						"0.4167": {
							"vector": [0, 0, 11.5]
						},
						"0.5": {
							"vector": [0, 0, 13]
						},
						"0.625": {
							"vector": [0, 0, 8.75]
						},
						"0.7083": {
							"vector": [-0.75, 0, 13]
						},
						"0.8333": {
							"vector": [0, 0, 10.25]
						},
						"0.9583": {
							"vector": [0, 0, 0]
						}
					},
					"position": {
						"0.0": {
							"vector": [0, 0, 7]
						},
						"0.0833": {
							"vector": [0, 0, 4]
						},
						"0.1667": {
							"vector": [0, 0, 0]
						},
						"0.4167": {
							"vector": [0, 0, 0]
						},
						"0.5833": {
							"vector": [0, 0, 0.85]
						},
						"0.7083": {
							"vector": [0, 0, 0.85]
						},
						"0.8333": {
							"vector": [0, 0, 0]
						}
					}
				},
				"Chamber": {
					"position": {
						"0.0": {
							"vector": [0, 0, 8]
						},
						"0.0833": {
							"vector": [0, 0, 0]
						}
					}
				},
				"ChamberTop": {
					"position": {
						"0.5": {
							"vector": [0, 0, 0]
						},
						"0.625": {
							"vector": [0, 0, -12]
						},
						"0.7083": {
							"vector": [0, 0, -12]
						},
						"0.875": {
							"vector": [0, 0, 0]
						}
					}
				},
				"Chamber2": {
					"rotation": {
						"0.3333": {
							"vector": [0, 0, 0]
						},
						"0.5": {
							"vector": [0, 0, -90]
						},
						"0.875": {
							"vector": [0, 0, -90]
						},
						"1.0": {
							"vector": [0, 0, 0]
						}
					},
					"position": {
						"0.5": {
							"vector": [0, 0, 0]
						},
						"0.625": {
							"vector": [0, 0, -12]
						},
						"0.7083": {
							"vector": [0, 0, -12]
						},
						"0.875": {
							"vector": [0, 0, 0]
						}
					}
				},
				"BullestShell": {
					"rotation": {
						"0.5833": {
							"vector": [0, 0, 0]
						},
						"0.6667": {
							"vector": [-52.5, 0, 0]
						},
						"0.7917": {
							"vector": [0, 0, 0]
						}
					},
					"position": {
						"0.5": {
							"vector": [0, 0, 0]
						},
						"0.5833": {
							"vector": [0, 0, 11]
						},
						"0.6667": {
							"vector": [-10, 26, 11]
						},
						"0.7917": {
							"vector": [-41, 132, 11]
						},
						"0.8333": {
							"vector": [-347, 160, 11]
						},
						"0.875": {
							"vector": [-347, -103, 11]
						},
						"0.9167": {
							"vector": [0.1, -103, 11]
						}
					}
				},
				"Bullets": {
					"rotation": {
						"0.7083": {
							"vector": [0, 0, 0]
						},
						"0.75": {
							"vector": [-10, 0, 0]
						},
						"0.8333": {
							"vector": [0, 0, 0]
						}
					},
					"position": {
						"0.7083": {
							"vector": [0, 0, 0]
						},
						"0.75": {
							"vector": [0, 2, 0]
						},
						"0.8333": {
							"vector": [0, 3.5, -6]
						}
					}
				},
				"rightarm": {
					"rotation": {
						"0.0833": {
							"vector": [0, 0, 0]
						},
						"0.3333": {
							"vector": [-4.7331, 8.1738, 34.32711]
						},
						"0.5": {
							"vector": [-4.95933, 13.05749, 58.98408]
						},
						"0.7083": {
							"vector": [-4.95933, 13.05749, 58.98408]
						},
						"0.875": {
							"vector": [-4.72008, 9.46267, 47.0078]
						},
						"1.0": {
							"vector": [-4.7331, 8.1738, 34.32711]
						},
						"1.125": {
							"vector": [0, 0, 0]
						}
					},
					"position": {
						"0.2083": {
							"vector": [0, 0, 0]
						},
						"0.3333": {
							"vector": [-6, 3, -13]
						},
						"0.5": {
							"vector": [-6, 11, -12.7]
						},
						"0.625": {
							"vector": [-6, 11.125, -1.7]
						},
						"0.7083": {
							"vector": [-6, 11.125, -0.7]
						},
						"0.875": {
							"vector": [-6, 11, -12.7]
						},
						"1.0": {
							"vector": [-6, 3, -13]
						},
						"1.125": {
							"vector": [0, 0, 0]
						}
					}
				}
			},
			"sound_effects": {
				"0.5": {
					"effect": "open_bolt_alt1"
				},
				"0.75": {
					"effect": "close_bolt"
				}
			}
		},
		"animation.model.fireAnimation1": {
			"loop": "hold_on_last_frame",
			"animation_length": 1.1667,
			"bones": {
				"main": {
					"rotation": {
						"0.0": {
							"vector": [-3.5, 0, 0]
						},
						"0.0833": {
							"vector": [3.5, 0, 0]
						},
						"0.1667": {
							"vector": [0, 0, 0]
						},
						"0.25": {
							"vector": [-0.5, 0, 0]
						},
						"0.3333": {
							"vector": [0, 0, 0]
						},
						"0.4167": {
							"vector": [0, 0, 11.5]
						},
						"0.5": {
							"vector": [0, 0, 13]
						},
						"0.625": {
							"vector": [0, 0, 8.75]
						},
						"0.7083": {
							"vector": [-0.75, 0, 13]
						},
						"0.8333": {
							"vector": [0, 0, 10.25]
						},
						"0.9583": {
							"vector": [0, 0, 0]
						}
					},
					"position": {
						"0.0": {
							"vector": [0, 0, 7]
						},
						"0.0833": {
							"vector": [0, 0, 4]
						},
						"0.1667": {
							"vector": [0, 0, 0]
						},
						"0.4167": {
							"vector": [0, 0, 0]
						},
						"0.5833": {
							"vector": [0, 0, 0.85]
						},
						"0.7083": {
							"vector": [0, 0, 0.85]
						},
						"0.8333": {
							"vector": [0, 0, 0]
						}
					}
				},
				"Chamber": {
					"position": {
						"0.0": {
							"vector": [0, 0, 8]
						},
						"0.0833": {
							"vector": [0, 0, 0]
						}
					}
				},
				"ChamberTop": {
					"position": {
						"0.5": {
							"vector": [0, 0, 0]
						},
						"0.625": {
							"vector": [0, 0, -12]
						},
						"0.7083": {
							"vector": [0, 0, -12]
						},
						"0.875": {
							"vector": [0, 0, 0]
						}
					}
				},
				"Chamber2": {
					"rotation": {
						"0.3333": {
							"vector": [0, 0, 0]
						},
						"0.5": {
							"vector": [0, 0, -90]
						},
						"0.875": {
							"vector": [0, 0, -90]
						},
						"1.0": {
							"vector": [0, 0, 0]
						}
					},
					"position": {
						"0.5": {
							"vector": [0, 0, 0]
						},
						"0.625": {
							"vector": [0, 0, -12]
						},
						"0.7083": {
							"vector": [0, 0, -12]
						},
						"0.875": {
							"vector": [0, 0, 0]
						}
					}
				},
				"BullestShell": {
					"rotation": {
						"0.5833": {
							"vector": [0, 0, 0]
						},
						"0.6667": {
							"vector": [-52.5, 0, 0]
						},
						"0.7917": {
							"vector": [0, 0, 0]
						}
					},
					"position": {
						"0.5": {
							"vector": [0, 0, 0]
						},
						"0.5833": {
							"vector": [0, 0, 11]
						},
						"0.6667": {
							"vector": [-10, 26, 11]
						},
						"0.7917": {
							"vector": [-41, 132, 11]
						},
						"0.8333": {
							"vector": [-347, 160, 11]
						},
						"0.875": {
							"vector": [-347, -103, 11]
						},
						"0.9167": {
							"vector": [0.1, -103, 11]
						}
					}
				},
				"Bullets": {
					"rotation": {
						"0.7083": {
							"vector": [0, 0, 0]
						},
						"0.75": {
							"vector": [-10, 0, 0]
						},
						"0.8333": {
							"vector": [0, 0, 0]
						}
					},
					"position": {
						"0.7083": {
							"vector": [0, 0, 0]
						},
						"0.75": {
							"vector": [0, 2, 0]
						},
						"0.8333": {
							"vector": [0, 3.5, -6]
						}
					},
					"scale": {
						"0.8333": {
							"vector": [1, 1, 1]
						},
						"0.875": {
							"vector": [0, 0, 0]
						}
					}
				},
				"rightarm": {
					"rotation": {
						"0.0833": {
							"vector": [0, 0, 0]
						},
						"0.3333": {
							"vector": [-4.7331, 8.1738, 34.32711]
						},
						"0.5": {
							"vector": [-4.95933, 13.05749, 58.98408]
						},
						"0.7083": {
							"vector": [-4.95933, 13.05749, 58.98408]
						},
						"0.875": {
							"vector": [-4.72008, 9.46267, 47.0078]
						},
						"1.0": {
							"vector": [-4.7331, 8.1738, 34.32711]
						},
						"1.125": {
							"vector": [0, 0, 0]
						}
					},
					"position": {
						"0.2083": {
							"vector": [0, 0, 0]
						},
						"0.3333": {
							"vector": [-6, 3, -13]
						},
						"0.5": {
							"vector": [-6, 11, -12.7]
						},
						"0.625": {
							"vector": [-6, 11.125, -1.7]
						},
						"0.7083": {
							"vector": [-6, 11.125, -0.7]
						},
						"0.875": {
							"vector": [-6, 11, -12.7]
						},
						"1.0": {
							"vector": [-6, 3, -13]
						},
						"1.125": {
							"vector": [0, 0, 0]
						}
					}
				},
				"bone": {
					"rotation": {
						"0.875": {
							"vector": [0, 0, 0]
						},
						"1.125": {
							"vector": [0, 0, 90]
						}
					},
					"position": {
						"0.875": {
							"vector": [0, 0, 0]
						},
						"1.125": {
							"vector": [0, -35, 0]
						}
					}
				},
				"Bullets2": {
					"scale": {
						"vector": [0, 0, 0]
					}
				},
				"Bullets3": {
					"scale": {
						"vector": [0, 0, 0]
					}
				},
				"Bullets4": {
					"scale": {
						"vector": [0, 0, 0]
					}
				},
				"Bullets5": {
					"scale": {
						"vector": [0, 0, 0]
					}
				},
				"Bullets6": {
					"scale": {
						"vector": [0, 0, 0]
					}
				}
			},
			"sound_effects": {
				"0.5": {
					"effect": "open_bolt_alt1"
				},
				"0.75": {
					"effect": "close_bolt"
				}
			}
		},
		"animation.model.draw": {
			"loop": "hold_on_last_frame",
			"animation_length": 0.6833,
			"bones": {
				"main": {
					"rotation": {
						"0.0": {
							"vector": [-50.60123, -38.99394, 92.01937]
						},
						"0.1667": {
							"vector": [-3.27585, -3.91843, 52.5061]
						},
						"0.4333": {
							"vector": [1.57141, -1.85374, -1.9128]
						},
						"0.5167": {
							"vector": [0.27288, -0.37236, 1.59554]
						},
						"0.6": {
							"vector": [0.15603, -0.17708, -4.20001]
						},
						"0.6833": {
							"vector": [0, 0, 0]
						}
					},
					"position": {
						"0.0": {
							"vector": [0, -17.3, 0]
						},
						"0.1167": {
							"vector": [-0.03, -9.09, 0.045]
						},
						"0.3167": {
							"vector": [0.02894, -1.60775, -6.90297]
						},
						"0.4": {
							"vector": [0.05077, -1.45863, -3.79557]
						},
						"0.5167": {
							"vector": [-0.01391, -0.26895, -0.26276]
						},
						"0.6": {
							"vector": [-0.01, -0.13, -0.13]
						},
						"0.6833": {
							"vector": [0, 0, 0]
						}
					}
				},
				"ChamberTop": {
					"position": {
						"0.3167": {
							"vector": [0, 0, -12]
						},
						"0.4167": {
							"vector": [0, 0, 0]
						}
					}
				},
				"Chamber2": {
					"rotation": {
						"0.1667": {
							"vector": [0, 0, -62.5]
						},
						"0.3167": {
							"vector": [0, 0, -62.5]
						},
						"0.4167": {
							"vector": [0, 0, 0]
						}
					},
					"position": {
						"0.1667": {
							"vector": [0, 0, -10]
						},
						"0.3167": {
							"vector": [0, 0, -12]
						},
						"0.4167": {
							"vector": [0, 0, 0]
						}
					}
				},
				"BullestShell": {
					"position": {
						"vector": [0, 0, -13]
					}
				},
				"Bullets": {
					"rotation": {
						"0.0": {
							"vector": [0, 0, 0]
						},
						"0.3333": {
							"vector": [-10, 0, 0]
						},
						"0.3833": {
							"vector": [0, 0, 0]
						}
					},
					"position": {
						"0.0": {
							"vector": [0, 0, 0]
						},
						"0.3333": {
							"vector": [0, 2, 0]
						},
						"0.3833": {
							"vector": [0, 3.5, -6]
						}
					}
				},
				"rightarm": {
					"rotation": {
						"0.0": {
							"vector": [0, 0, 0]
						},
						"0.2167": {
							"vector": [1.74694, 12.2392, 73.03821]
						},
						"0.4167": {
							"vector": [1.62292, 15.65366, 87.13466]
						},
						"0.5": {
							"vector": [1.57116, 5.81135, 88.90649]
						},
						"0.6": {
							"vector": [0, 0, 0]
						}
					},
					"position": {
						"0.0": {
							"vector": [0, 0, 0]
						},
						"0.1667": {
							"vector": [-4, 10, -6]
						},
						"0.3167": {
							"vector": [-4, 9.43, -0.14]
						},
						"0.4167": {
							"vector": [-4, 6, -13]
						},
						"0.5167": {
							"vector": [-4, 6, -13]
						},
						"0.6": {
							"vector": [0, 0, 0]
						}
					}
				},
				"leftarm": {
					"rotation": {
						"0.0": {
							"vector": [-22, 0, 0]
						},
						"0.1167": {
							"vector": [-7, 0, -22]
						},
						"0.3667": {
							"vector": [0, 0, 0]
						}
					},
					"position": {
						"0.0": {
							"vector": [3.325, -2.275, 0]
						},
						"0.1167": {
							"vector": [6.01401, 5.6254, 6.79783]
						},
						"0.3667": {
							"vector": [0, 0, 0]
						}
					}
				}
			},
			"sound_effects": {
				"0.3": {
					"effect": "close_bolt"
				}
			}
		},
		"animation.model.reloadempty": {
			"loop": "hold_on_last_frame",
			"animation_length": 1.7083,
			"bones": {
				"main": {
					"rotation": {
						"0.0": {
							"vector": [0, 0, 0]
						},
						"0.125": {
							"vector": [0, 0, 0]
						},
						"0.2083": {
							"vector": [0, 0, 11.5]
						},
						"0.2917": {
							"vector": [0, 0, 13]
						},
						"0.4167": {
							"vector": [0, 0, 8.75]
						},
						"0.5": {
							"vector": [-0.75, 0, 13]
						},
						"0.625": {
							"vector": [-0.74954, -0.02617, 11.00017]
						},
						"0.7083": {
							"vector": [-1.99171, -0.11085, 4.50072]
						},
						"0.8333": {
							"vector": [-1.97803, -0.25812, 0.25325]
						},
						"0.9167": {
							"vector": [-1.76031, -0.16762, 3.54722]
						},
						"1.0": {
							"vector": [-1.04193, -0.08562, 8.89753]
						},
						"1.0833": {
							"vector": [0.22988, -0.05554, 10.29531]
						},
						"1.1667": {
							"vector": [-1.99171, -0.11085, 4.50072]
						},
						"1.2917": {
							"vector": [-0.75, 0, 13]
						},
						"1.4167": {
							"vector": [0, 0, 10.25]
						},
						"1.5417": {
							"vector": [0, 0, -5.75]
						},
						"1.625": {
							"vector": [0, 0, 0]
						}
					},
					"position": {
						"0.2083": {
							"vector": [0, 0, 0]
						},
						"0.375": {
							"vector": [0, 0, 0.85]
						},
						"0.5": {
							"vector": [0, 0, 1.8]
						},
						"0.9167": {
							"vector": [0, 0, 1.8]
						},
						"1.0": {
							"vector": [0, 0, 0.465]
						},
						"1.1667": {
							"vector": [0, 0, 0.85]
						},
						"1.2917": {
							"vector": [0, 0, 0.85]
						},
						"1.4167": {
							"vector": [0, 0, 0]
						}
					}
				},
				"gun": {
					"rotation": {
						"0.2917": {
							"vector": [0, 0, 0]
						},
						"0.4167": {
							"vector": [-0.25, 0, 0]
						},
						"0.9167": {
							"vector": [-0.25, 0, 0]
						},
						"1.0": {
							"vector": [4.75, 0, 0]
						},
						"1.1667": {
							"vector": [0, 0, 0]
						}
					}
				},
				"ChamberTop": {
					"position": {
						"0.2917": {
							"vector": [0, 0, 0]
						},
						"0.4167": {
							"vector": [0, 0, -12]
						},
						"0.5": {
							"vector": [0, 0, -12]
						},
						"1.2083": {
							"vector": [0, 0, -12]
						},
						"1.2917": {
							"vector": [0, 0, -12]
						},
						"1.4583": {
							"vector": [0, 0, 0]
						}
					}
				},
				"Chamber2": {
					"rotation": {
						"0.125": {
							"vector": [0, 0, 0]
						},
						"0.2917": {
							"vector": [0, 0, -90]
						},
						"1.4583": {
							"vector": [0, 0, -90]
						},
						"1.5833": {
							"vector": [0, 0, 0]
						}
					},
					"position": {
						"0.2917": {
							"vector": [0, 0, 0]
						},
						"0.4167": {
							"vector": [0, 0, -12]
						},
						"0.5": {
							"vector": [0, 0, -12]
						},
						"1.2917": {
							"vector": [0, 0, -12]
						},
						"1.4583": {
							"vector": [0, 0, 0]
						}
					}
				},
				"BullestShell": {
					"position": {
						"vector": [0, 0, -11]
					}
				},
				"bone": {
					"rotation": {
						"0.0": {
							"vector": [-0.95723, -2.30959, 22.5193]
						},
						"0.2917": {
							"vector": [-1.68956, -1.84293, 42.52718]
						},
						"0.4167": {
							"vector": [-16.68956, -1.84293, 42.52718]
						},
						"0.5": {
							"vector": [-12.48, -6.66, 19.3]
						},
						"0.6667": {
							"vector": [-4.05991, -16.30355, -27.16138]
						},
						"0.7917": {
							"vector": [0.42013, -16.78302, -42.80515]
						},
						"0.9167": {
							"vector": [0, 0, -10.5]
						},
						"1.0833": {
							"vector": [0, 0, 0]
						}
					},
					"position": {
						"0.0": {
							"vector": [-2, -7, 24]
						},
						"0.0833": {
							"vector": [-4.53, 8.09, 12.91]
						},
						"0.125": {
							"vector": [-7, 7, 10]
						},
						"0.2917": {
							"vector": [-5, 14, 8]
						},
						"0.4167": {
							"vector": [-9, 11, 22]
						},
						"0.5": {
							"vector": [-9.67, 9.67, 22.33]
						},
						"0.6667": {
							"vector": [-11, 7, 8]
						},
						"0.7917": {
							"vector": [-9, 4, 0]
						},
						"0.9167": {
							"vector": [0, 9, 0]
						},
						"1.0833": {
							"vector": [0, 0, 0]
						}
					}
				},
				"Bullets": {
					"rotation": {
						"1.2917": {
							"vector": [0, 0, 0]
						},
						"1.3333": {
							"vector": [-10, 0, 0]
						},
						"1.4167": {
							"vector": [0, 0, 0]
						}
					},
					"position": {
						"1.2917": {
							"vector": [0, 0, 0]
						},
						"1.3333": {
							"vector": [0, 2, 0]
						},
						"1.4167": {
							"vector": [0, 3.5, -6]
						}
					}
				},
				"rightarm": {
					"rotation": {
						"0.125": {
							"vector": [-4.7331, 8.1738, 34.32711]
						},
						"0.2917": {
							"vector": [-4.95933, 13.05749, 58.98408]
						},
						"0.5": {
							"vector": [-4.95933, 13.05749, 58.98408]
						},
						"0.6667": {
							"vector": [-3.73469, 5.99631, 34.956]
						},
						"0.9167": {
							"vector": [-5.51999, 8.2869, 51.55462]
						},
						"1.0": {
							"vector": [-3.67216, 4.0129, 73.73255]
						},
						"1.2917": {
							"vector": [-4.95933, 13.05749, 58.98408]
						},
						"1.4583": {
							"vector": [-4.72008, 9.46267, 47.0078]
						},
						"1.5833": {
							"vector": [-4.7331, 8.1738, 34.32711]
						},
						"1.7083": {
							"vector": [0, 0, 0]
						}
					},
					"position": {
						"0.0": {
							"vector": [0, 0, 0]
						},
						"0.125": {
							"vector": [-6, 3, -13]
						},
						"0.2917": {
							"vector": [-6, 11, -12.7]
						},
						"0.4167": {
							"vector": [-6, 11.125, -1.7]
						},
						"0.5": {
							"vector": [-6, 11.125, -0.7]
						},
						"0.7917": {
							"vector": [-6, 11.12, -21.7]
						},
						"0.9167": {
							"vector": [-6, 11.12, -20.7]
						},
						"1.0": {
							"vector": [-5.66, 14.62, -20.7]
						},
						"1.0833": {
							"vector": [-5.325, 12.12, -20.7]
						},
						"1.2917": {
							"vector": [-6, 11.125, -0.7]
						},
						"1.4583": {
							"vector": [-6, 11, -12.7]
						},
						"1.5833": {
							"vector": [-6, 3, -13]
						},
						"1.7083": {
							"vector": [0, 0, 0]
						}
					}
				},
				"leftarm": {
					"rotation": {
						"0.7917": {
							"vector": [0, 0, 0]
						},
						"0.9167": {
							"vector": [0, 0, 0]
						},
						"1.0": {
							"vector": [5, 0, 0]
						},
						"1.1667": {
							"vector": [0, 0, 0]
						}
					},
					"position": {
						"0.2917": {
							"vector": [0, 0, 0]
						},
						"0.4167": {
							"vector": [0, 0, 2]
						},
						"1.0417": {
							"vector": [0, 0, 2]
						},
						"1.1667": {
							"vector": [0, 0, 0]
						}
					}
				},
				"_ca_scope": {
					"rotation": {
						"0.2917": {
							"vector": [0, 0, 0]
						},
						"0.4167": {
							"vector": [-0.25, 0, 0]
						},
						"0.9167": {
							"vector": [-0.25, 0, 0]
						},
						"1.0": {
							"vector": [4.75, 0, 0]
						},
						"1.1667": {
							"vector": [0, 0, 0]
						}
					}
				}
			},
			"sound_effects": {
				"0.2917": {
					"effect": "close_bolt_alt1"
				},
				"0.9583": {
					"effect": "bullet_strip_load"
				},
				"1.3333": {
					"effect": "close_bolt"
				}
			}
		},
		"animation.model.reload1": {
			"loop": "hold_on_last_frame",
			"animation_length": 3.4167,
			"bones": {
				"main": {
					"rotation": {
						"0.0": {
							"vector": [0, 0, 0]
						},
						"0.125": {
							"vector": [0, 0, 0]
						},
						"0.2083": {
							"vector": [3.25, 0, 11.5]
						},
						"0.2917": {
							"vector": [2.95, 0, 10.4]
						},
						"0.4167": {
							"vector": [3.25, 0, 8.75]
						},
						"0.5": {
							"vector": [1.25, 0, 13]
						},
						"0.5833": {
							"vector": [1.24476, -0.11437, 18.24876]
						},
						"0.6667": {
							"vector": [1.25, 0, 13]
						},
						"0.875": {
							"vector": [2.75, 0, 11]
						},
						"1.0": {
							"vector": [4.8431, 0.15727, 8.15945]
						},
						"1.125": {
							"vector": [2.4362, 0.31453, 5.31889]
						},
						"1.25": {
							"vector": [2.28827, -0.02995, 13.7494]
						},
						"1.4583": {
							"vector": [2.4362, 0.31453, 6.31889]
						},
						"1.5417": {
							"vector": [1.36988, 0.23066, 7.36719]
						},
						"1.7083": {
							"vector": [-2.67371, 0.14678, 9.41548]
						},
						"1.8333": {
							"vector": [1.25, 0, 13]
						},
						"2.2917": {
							"vector": [-0.74954, -0.02617, 11.00017]
						},
						"2.375": {
							"vector": [-1.99171, -0.11085, 4.50072]
						},
						"2.5": {
							"vector": [-1.97803, -0.25812, 0.25325]
						},
						"2.5833": {
							"vector": [-1.76031, -0.16762, 3.54722]
						},
						"2.6667": {
							"vector": [-1.04193, -0.08562, 8.89753]
						},
						"2.75": {
							"vector": [0.22988, -0.05554, 10.29531]
						},
						"2.8333": {
							"vector": [-1.99171, -0.11085, 4.50072]
						},
						"2.9583": {
							"vector": [-0.75, 0, 13]
						},
						"3.0833": {
							"vector": [0, 0, 10.25]
						},
						"3.2083": {
							"vector": [0, 0, 0]
						},
						"3.3333": {
							"vector": [0, 0, -5.75]
						},
						"3.4167": {
							"vector": [0, 0, 0]
						}
					},
					"position": {
						"0.2083": {
							"vector": [0, 0, 0]
						},
						"0.375": {
							"vector": [0, 0, 0.85]
						},
						"0.5": {
							"vector": [0, 0, 1.8]
						},
						"1.8333": {
							"vector": [0, 0, 1.8]
						},
						"2.5833": {
							"vector": [0, 0, 1.8]
						},
						"2.6667": {
							"vector": [0, 0, 0.465]
						},
						"2.8333": {
							"vector": [0, 0, 0.85]
						},
						"2.9583": {
							"vector": [0, 0, 0.85]
						},
						"3.0833": {
							"vector": [0, 0, 0]
						}
					}
				},
				"gun": {
					"rotation": {
						"0.2917": {
							"vector": [0, 0, 0]
						},
						"0.4167": {
							"vector": [-0.25, 0, 0]
						},
						"2.4167": {
							"vector": [-0.25, 0, 0]
						},
						"2.5833": {
							"vector": [-0.25, 0, 0]
						},
						"2.6667": {
							"vector": [4.75, 0, 0]
						},
						"2.8333": {
							"vector": [0, 0, 0]
						}
					}
				},
				"ChamberTop": {
					"position": {
						"0.2917": {
							"vector": [0, 0, 0]
						},
						"0.4167": {
							"vector": [0, 0, -12]
						},
						"0.5": {
							"vector": [0, 0, -12]
						},
						"2.875": {
							"vector": [0, 0, -12]
						},
						"2.9583": {
							"vector": [0, 0, -12]
						},
						"3.125": {
							"vector": [0, 0, 0]
						}
					}
				},
				"Chamber2": {
					"rotation": {
						"0.125": {
							"vector": [0, 0, 0]
						},
						"0.2917": {
							"vector": [0, 0, -90]
						},
						"3.125": {
							"vector": [0, 0, -90]
						},
						"3.25": {
							"vector": [0, 0, 0]
						}
					},
					"position": {
						"0.2917": {
							"vector": [0, 0, 0]
						},
						"0.4167": {
							"vector": [0, 0, -12]
						},
						"0.5": {
							"vector": [0, 0, -12]
						},
						"2.9583": {
							"vector": [0, 0, -12]
						},
						"3.125": {
							"vector": [0, 0, 0]
						}
					}
				},
				"BullestShell": {
					"position": {
						"vector": [0, 0, -13]
					}
				},
				"bone": {
					"rotation": {
						"0.0": {
							"vector": [0, 0, 0]
						},
						"1.6667": {
							"vector": [0, 0, 0]
						},
						"1.75": {
							"vector": [-20.61418, -4.09711, -10.7546]
						},
						"2.3333": {
							"vector": [-4.05991, -16.30355, -27.16138]
						},
						"2.4583": {
							"vector": [0.42013, -16.78302, -42.80515]
						},
						"2.5833": {
							"vector": [0, 0, -10.5]
						},
						"2.75": {
							"vector": [0, 0, 0]
						}
					},
					"position": {
						"0.0": {
							"vector": [0, 0, 0]
						},
						"1.4167": {
							"vector": [0, 0, 0]
						},
						"1.5": {
							"vector": [0, 8, 0]
						},
						"1.6667": {
							"vector": [0, 8, 0]
						},
						"1.75": {
							"vector": [-2.25, 2.7, 21]
						},
						"1.9167": {
							"vector": [-1.75, -10, 50]
						},
						"2.0417": {
							"vector": [-1.75, -10, 50]
						},
						"2.3333": {
							"vector": [-11, 7, 8]
						},
						"2.4583": {
							"vector": [-9, 4, 0]
						},
						"2.5833": {
							"vector": [0, 9, 0]
						},
						"2.75": {
							"vector": [0, 0, 0]
						}
					}
				},
				"Bullets": {
					"rotation": {
						"0.0": {
							"vector": [0, 0, 0]
						},
						"0.2917": {
							"vector": [0, 0, 0]
						},
						"0.4167": {
							"vector": [-27.5, 0, 0]
						},
						"0.4583": {
							"vector": [15, 0, 0]
						},
						"0.625": {
							"vector": [15.91527, -19.291, -5.38152]
						},
						"1.2917": {
							"vector": [15.91527, -19.291, -5.38152]
						},
						"1.3333": {
							"vector": [0, 0, 0]
						},
						"2.9583": {
							"vector": [0, 0, 0]
						},
						"3.0": {
							"vector": [-10, 0, 0]
						},
						"3.0833": {
							"vector": [0, 0, 0]
						}
					},
					"position": {
						"0.0": {
							"vector": [0, 3, -10]
						},
						"0.2917": {
							"vector": [0, 3, -10]
						},
						"0.4167": {
							"vector": [0, 3, 2]
						},
						"0.5": {
							"vector": [-1, 5, 2]
						},
						"0.7083": {
							"vector": [-3, 5, 0.1]
						},
						"0.875": {
							"vector": [-3, -19, -1.9]
						},
						"1.0417": {
							"vector": [11.6, -23, -1.9]
						},
						"1.2083": {
							"vector": [11.6, -23, -1.9]
						},
						"1.2917": {
							"vector": [11.6, -23, -1.9]
						},
						"1.3333": {
							"vector": [0, 0, 0]
						},
						"2.9583": {
							"vector": [0, 0, 0]
						},
						"3.0": {
							"vector": [0, 2, 0]
						},
						"3.0833": {
							"vector": [0, 3.5, -6]
						}
					},
					"scale": {
						"1.25": {
							"vector": [1, 1, 1]
						},
						"1.2917": {
							"vector": [0, 0, 0]
						},
						"1.6667": {
							"vector": [0, 0, 0]
						},
						"1.7083": {
							"vector": [1, 1, 1]
						}
					}
				},
				"Bullets5": {
					"scale": {
						"1.875": {
							"vector": [0, 0, 0]
						},
						"1.9167": {
							"vector": [1, 1, 1]
						}
					}
				},
				"Bullets6": {
					"scale": {
						"1.875": {
							"vector": [0, 0, 0]
						},
						"1.9167": {
							"vector": [1, 1, 1]
						}
					}
				},
				"rightarm": {
					"rotation": {
						"0.125": {
							"vector": [-4.7331, 8.1738, 34.32711]
						},
						"0.2917": {
							"vector": [-4.95933, 13.05749, 58.98408]
						},
						"0.5": {
							"vector": [-4.95933, 13.05749, 58.98408]
						},
						"1.5": {
							"vector": [-4.95933, 13.05749, 58.98408]
						},
						"1.6667": {
							"vector": [-1.74383, 21.27022, 87.96572]
						},
						"1.75": {
							"vector": [-4.01667, 32.66043, 75.48133]
						},
						"2.3333": {
							"vector": [-4.85463, 10.3913, 50.12524]
						},
						"2.5833": {
							"vector": [-5.51999, 8.2869, 51.55462]
						},
						"2.6667": {
							"vector": [-3.67216, 4.0129, 73.73255]
						},
						"2.9583": {
							"vector": [-4.95933, 13.05749, 58.98408]
						},
						"3.125": {
							"vector": [-4.72008, 9.46267, 47.0078]
						},
						"3.25": {
							"vector": [-4.7331, 8.1738, 34.32711]
						},
						"3.375": {
							"vector": [0, 0, 0]
						}
					},
					"position": {
						"0.0": {
							"vector": [0, 0, 0]
						},
						"0.125": {
							"vector": [-6, 3, -13]
						},
						"0.2917": {
							"vector": [-6, 11, -12.7]
						},
						"0.4167": {
							"vector": [-6, 11.125, -1.7]
						},
						"0.5": {
							"vector": [-6, 11.125, -0.7]
						},
						"1.5": {
							"vector": [-6, 11.125, -0.7]
						},
						"1.6667": {
							"vector": [-4, 11.12, -18.7]
						},
						"1.9167": {
							"vector": [-4, -6.88, 31.3]
						},
						"2.0417": {
							"vector": [-4, -6.88, 31.3]
						},
						"2.3333": {
							"vector": [-9.075, 11.87, -9.595]
						},
						"2.4583": {
							"vector": [-6, 11.12, -21.7]
						},
						"2.5833": {
							"vector": [-6, 11.12, -20.7]
						},
						"2.6667": {
							"vector": [-5.66, 14.62, -20.7]
						},
						"2.75": {
							"vector": [-5.325, 12.12, -20.7]
						},
						"2.9583": {
							"vector": [-6, 11.125, -0.7]
						},
						"3.125": {
							"vector": [-6, 11, -12.7]
						},
						"3.25": {
							"vector": [-6, 3, -13]
						},
						"3.375": {
							"vector": [0, 0, 0]
						}
					}
				},
				"leftarm": {
					"rotation": {
						"0.1667": {
							"vector": [0, 0, 0]
						},
						"0.2917": {
							"vector": [2.59953, 32.15814, 26.57415]
						},
						"0.4167": {
							"vector": [-70.20113, 64.95608, 21.36338]
						},
						"0.7083": {
							"vector": [-106.45375, 68.05717, -18.90434]
						},
						"0.875": {
							"vector": [-70.20113, 64.95608, 21.36338]
						},
						"1.0417": {
							"vector": [-22.70113, 64.95608, 21.36338]
						},
						"1.2917": {
							"vector": [-7.5, 0, -40]
						},
						"1.4167": {
							"vector": [-7.5, 0, -40]
						},
						"1.5": {
							"vector": [0, 0, 0]
						},
						"2.3333": {
							"vector": [0, 0, 0]
						},
						"2.4583": {
							"vector": [0, 0, 0]
						},
						"2.5833": {
							"vector": [0, 0, 0]
						},
						"2.6667": {
							"vector": [5, 0, 0]
						},
						"2.8333": {
							"vector": [0, 0, 0]
						}
					},
					"position": {
						"0.0": {
							"vector": [0, 0, 0]
						},
						"0.1667": {
							"vector": [0, 0, 0]
						},
						"0.2917": {
							"vector": [7, -4, -17.22]
						},
						"0.4167": {
							"vector": [-5, -15, -24.22]
						},
						"0.7083": {
							"vector": [-5.5, -11.6, -27.22]
						},
						"0.875": {
							"vector": [-7, -36, -24.22]
						},
						"1.0417": {
							"vector": [22, -28, -24.22]
						},
						"1.2083": {
							"vector": [12, 3, 13]
						},
						"1.2917": {
							"vector": [2.86, 2.14, 11.69]
						},
						"1.375": {
							"vector": [4, 3, 13]
						},
						"1.5": {
							"vector": [0, 0, 0]
						},
						"2.3333": {
							"vector": [0, 0, 0]
						},
						"2.5833": {
							"vector": [0, 0, 2]
						},
						"2.8333": {
							"vector": [0, 0, 0]
						}
					}
				},
				"_ca_scope": {
					"rotation": {
						"0.2917": {
							"vector": [0, 0, 0]
						},
						"0.4167": {
							"vector": [-0.25, 0, 0]
						},
						"2.4167": {
							"vector": [-0.25, 0, 0]
						},
						"2.5833": {
							"vector": [-0.25, 0, 0]
						},
						"2.6667": {
							"vector": [4.75, 0, 0]
						},
						"2.8333": {
							"vector": [0, 0, 0]
						}
					}
				}
			},
			"sound_effects": {
				"0.2917": {
					"effect": "open_bolt_alt1"
				},
				"0.5": {
					"effect": "repeater_bullet_load"
				},
				"1.4167": {
					"effect": "pistol_hareup"
				},
				"2.625": {
					"effect": "bullet_strip_load"
				},
				"3.0417": {
					"effect": "close_bolt"
				}
			}
		},
		"animation.model.reload2": {
			"loop": "hold_on_last_frame",
			"animation_length": 3.4167,
			"bones": {
				"main": {
					"rotation": {
						"0.0": {
							"vector": [0, 0, 0]
						},
						"0.125": {
							"vector": [0, 0, 0]
						},
						"0.2083": {
							"vector": [3.25, 0, 11.5]
						},
						"0.2917": {
							"vector": [2.95, 0, 10.4]
						},
						"0.4167": {
							"vector": [3.25, 0, 8.75]
						},
						"0.5": {
							"vector": [1.25, 0, 13]
						},
						"0.5833": {
							"vector": [1.24476, -0.11437, 18.24876]
						},
						"0.6667": {
							"vector": [1.25, 0, 13]
						},
						"0.875": {
							"vector": [2.75, 0, 11]
						},
						"1.0": {
							"vector": [4.8431, 0.15727, 8.15945]
						},
						"1.125": {
							"vector": [2.4362, 0.31453, 5.31889]
						},
						"1.25": {
							"vector": [2.28827, -0.02995, 13.7494]
						},
						"1.4583": {
							"vector": [2.4362, 0.31453, 6.31889]
						},
						"1.5417": {
							"vector": [1.36988, 0.23066, 7.36719]
						},
						"1.7083": {
							"vector": [-2.67371, 0.14678, 9.41548]
						},
						"1.8333": {
							"vector": [1.25, 0, 13]
						},
						"2.2917": {
							"vector": [-0.74954, -0.02617, 11.00017]
						},
						"2.375": {
							"vector": [-1.99171, -0.11085, 4.50072]
						},
						"2.5": {
							"vector": [-1.97803, -0.25812, 0.25325]
						},
						"2.5833": {
							"vector": [-1.76031, -0.16762, 3.54722]
						},
						"2.6667": {
							"vector": [-1.04193, -0.08562, 8.89753]
						},
						"2.75": {
							"vector": [0.22988, -0.05554, 10.29531]
						},
						"2.8333": {
							"vector": [-1.99171, -0.11085, 4.50072]
						},
						"2.9583": {
							"vector": [-0.75, 0, 13]
						},
						"3.0833": {
							"vector": [0, 0, 10.25]
						},
						"3.2083": {
							"vector": [0, 0, 0]
						},
						"3.3333": {
							"vector": [0, 0, -5.75]
						},
						"3.4167": {
							"vector": [0, 0, 0]
						}
					},
					"position": {
						"0.2083": {
							"vector": [0, 0, 0]
						},
						"0.375": {
							"vector": [0, 0, 0.85]
						},
						"0.5": {
							"vector": [0, 0, 1.8]
						},
						"1.8333": {
							"vector": [0, 0, 1.8]
						},
						"2.5833": {
							"vector": [0, 0, 1.8]
						},
						"2.6667": {
							"vector": [0, 0, 0.465]
						},
						"2.8333": {
							"vector": [0, 0, 0.85]
						},
						"2.9583": {
							"vector": [0, 0, 0.85]
						},
						"3.0833": {
							"vector": [0, 0, 0]
						}
					}
				},
				"gun": {
					"rotation": {
						"0.2917": {
							"vector": [0, 0, 0]
						},
						"0.4167": {
							"vector": [-0.25, 0, 0]
						},
						"2.4167": {
							"vector": [-0.25, 0, 0]
						},
						"2.5833": {
							"vector": [-0.25, 0, 0]
						},
						"2.6667": {
							"vector": [4.75, 0, 0]
						},
						"2.8333": {
							"vector": [0, 0, 0]
						}
					}
				},
				"ChamberTop": {
					"position": {
						"0.2917": {
							"vector": [0, 0, 0]
						},
						"0.4167": {
							"vector": [0, 0, -12]
						},
						"0.5": {
							"vector": [0, 0, -12]
						},
						"2.875": {
							"vector": [0, 0, -12]
						},
						"2.9583": {
							"vector": [0, 0, -12]
						},
						"3.125": {
							"vector": [0, 0, 0]
						}
					}
				},
				"Chamber2": {
					"rotation": {
						"0.125": {
							"vector": [0, 0, 0]
						},
						"0.2917": {
							"vector": [0, 0, -90]
						},
						"3.125": {
							"vector": [0, 0, -90]
						},
						"3.25": {
							"vector": [0, 0, 0]
						}
					},
					"position": {
						"0.2917": {
							"vector": [0, 0, 0]
						},
						"0.4167": {
							"vector": [0, 0, -12]
						},
						"0.5": {
							"vector": [0, 0, -12]
						},
						"2.9583": {
							"vector": [0, 0, -12]
						},
						"3.125": {
							"vector": [0, 0, 0]
						}
					}
				},
				"BullestShell": {
					"position": {
						"vector": [0, 0, -13]
					}
				},
				"bone": {
					"rotation": {
						"0.0": {
							"vector": [0, 0, 0]
						},
						"1.6667": {
							"vector": [0, 0, 0]
						},
						"1.75": {
							"vector": [-20.61418, -4.09711, -10.7546]
						},
						"2.3333": {
							"vector": [-4.05991, -16.30355, -27.16138]
						},
						"2.4583": {
							"vector": [0.42013, -16.78302, -42.80515]
						},
						"2.5833": {
							"vector": [0, 0, -10.5]
						},
						"2.75": {
							"vector": [0, 0, 0]
						}
					},
					"position": {
						"0.0": {
							"vector": [0, 0, 0]
						},
						"1.4167": {
							"vector": [0, 0, 0]
						},
						"1.5": {
							"vector": [0, 8, 0]
						},
						"1.6667": {
							"vector": [0, 8, 0]
						},
						"1.75": {
							"vector": [-2.25, 2.7, 21]
						},
						"1.9167": {
							"vector": [-1.75, -10, 50]
						},
						"2.0417": {
							"vector": [-1.75, -10, 50]
						},
						"2.3333": {
							"vector": [-11, 7, 8]
						},
						"2.4583": {
							"vector": [-9, 4, 0]
						},
						"2.5833": {
							"vector": [0, 9, 0]
						},
						"2.75": {
							"vector": [0, 0, 0]
						}
					}
				},
				"Bullets": {
					"rotation": {
						"0.0": {
							"vector": [0, 0, 0]
						},
						"0.2917": {
							"vector": [0, 0, 0]
						},
						"0.4167": {
							"vector": [-27.5, 0, 0]
						},
						"0.4583": {
							"vector": [15, 0, 0]
						},
						"0.625": {
							"vector": [15.91527, -19.291, -5.38152]
						},
						"1.2917": {
							"vector": [15.91527, -19.291, -5.38152]
						},
						"1.3333": {
							"vector": [0, 0, 0]
						},
						"2.9583": {
							"vector": [0, 0, 0]
						},
						"3.0": {
							"vector": [-10, 0, 0]
						},
						"3.0833": {
							"vector": [0, 0, 0]
						}
					},
					"position": {
						"0.0": {
							"vector": [0, 3, -10]
						},
						"0.2917": {
							"vector": [0, 3, -10]
						},
						"0.4167": {
							"vector": [0, 3, 2]
						},
						"0.5": {
							"vector": [-1, 5, 2]
						},
						"0.7083": {
							"vector": [-3, 5, 0.1]
						},
						"0.875": {
							"vector": [-3, -19, -1.9]
						},
						"1.0417": {
							"vector": [11.6, -23, -1.9]
						},
						"1.2083": {
							"vector": [11.6, -23, -1.9]
						},
						"1.2917": {
							"vector": [11.6, -23, -1.9]
						},
						"1.3333": {
							"vector": [0, 0, 0]
						},
						"2.9583": {
							"vector": [0, 0, 0]
						},
						"3.0": {
							"vector": [0, 2, 0]
						},
						"3.0833": {
							"vector": [0, 3.5, -6]
						}
					},
					"scale": {
						"0.0": {
							"vector": [1, 1, 1]
						},
						"1.25": {
							"vector": [1, 1, 1]
						},
						"1.2917": {
							"vector": [0, 0, 0]
						},
						"1.6667": {
							"vector": [0, 0, 0]
						},
						"1.7083": {
							"vector": [1, 1, 1]
						}
					}
				},
				"Bullets5": {
					"scale": {
						"1.875": {
							"vector": [0, 0, 0]
						},
						"1.9167": {
							"vector": [1, 1, 1]
						}
					}
				},
				"Bullets6": {
					"scale": {
						"1.875": {
							"vector": [0, 0, 0]
						},
						"1.9167": {
							"vector": [1, 1, 1]
						}
					}
				},
				"rightarm": {
					"rotation": {
						"0.125": {
							"vector": [-4.7331, 8.1738, 34.32711]
						},
						"0.2917": {
							"vector": [-4.95933, 13.05749, 58.98408]
						},
						"0.5": {
							"vector": [-4.95933, 13.05749, 58.98408]
						},
						"1.5": {
							"vector": [-4.95933, 13.05749, 58.98408]
						},
						"1.6667": {
							"vector": [-1.74383, 21.27022, 87.96572]
						},
						"1.75": {
							"vector": [-4.01667, 32.66043, 75.48133]
						},
						"2.3333": {
							"vector": [-4.85463, 10.3913, 50.12524]
						},
						"2.5833": {
							"vector": [-5.51999, 8.2869, 51.55462]
						},
						"2.6667": {
							"vector": [-3.67216, 4.0129, 73.73255]
						},
						"2.9583": {
							"vector": [-4.95933, 13.05749, 58.98408]
						},
						"3.125": {
							"vector": [-4.72008, 9.46267, 47.0078]
						},
						"3.25": {
							"vector": [-4.7331, 8.1738, 34.32711]
						},
						"3.375": {
							"vector": [0, 0, 0]
						}
					},
					"position": {
						"0.0": {
							"vector": [0, 0, 0]
						},
						"0.125": {
							"vector": [-6, 3, -13]
						},
						"0.2917": {
							"vector": [-6, 11, -12.7]
						},
						"0.4167": {
							"vector": [-6, 11.125, -1.7]
						},
						"0.5": {
							"vector": [-6, 11.125, -0.7]
						},
						"1.5": {
							"vector": [-6, 11.125, -0.7]
						},
						"1.6667": {
							"vector": [-4, 11.12, -18.7]
						},
						"1.9167": {
							"vector": [-4, -6.88, 31.3]
						},
						"2.0417": {
							"vector": [-4, -6.88, 31.3]
						},
						"2.3333": {
							"vector": [-9.075, 11.87, -9.595]
						},
						"2.4583": {
							"vector": [-6, 11.12, -21.7]
						},
						"2.5833": {
							"vector": [-6, 11.12, -20.7]
						},
						"2.6667": {
							"vector": [-5.66, 14.62, -20.7]
						},
						"2.75": {
							"vector": [-5.325, 12.12, -20.7]
						},
						"2.9583": {
							"vector": [-6, 11.125, -0.7]
						},
						"3.125": {
							"vector": [-6, 11, -12.7]
						},
						"3.25": {
							"vector": [-6, 3, -13]
						},
						"3.375": {
							"vector": [0, 0, 0]
						}
					}
				},
				"leftarm": {
					"rotation": {
						"0.1667": {
							"vector": [0, 0, 0]
						},
						"0.2917": {
							"vector": [2.59953, 32.15814, 26.57415]
						},
						"0.4167": {
							"vector": [-70.20113, 64.95608, 21.36338]
						},
						"0.7083": {
							"vector": [-106.45375, 68.05717, -18.90434]
						},
						"0.875": {
							"vector": [-70.20113, 64.95608, 21.36338]
						},
						"1.0417": {
							"vector": [-22.70113, 64.95608, 21.36338]
						},
						"1.2917": {
							"vector": [-7.5, 0, -40]
						},
						"1.4167": {
							"vector": [-7.5, 0, -40]
						},
						"1.5": {
							"vector": [0, 0, 0]
						},
						"2.3333": {
							"vector": [0, 0, 0]
						},
						"2.4583": {
							"vector": [0, 0, 0]
						},
						"2.5833": {
							"vector": [0, 0, 0]
						},
						"2.6667": {
							"vector": [5, 0, 0]
						},
						"2.8333": {
							"vector": [0, 0, 0]
						}
					},
					"position": {
						"0.0": {
							"vector": [0, 0, 0]
						},
						"0.1667": {
							"vector": [0, 0, 0]
						},
						"0.2917": {
							"vector": [7, -4, -17.22]
						},
						"0.4167": {
							"vector": [-5, -15, -24.22]
						},
						"0.7083": {
							"vector": [-5.5, -11.6, -27.22]
						},
						"0.875": {
							"vector": [-7, -36, -24.22]
						},
						"1.0417": {
							"vector": [22, -28, -24.22]
						},
						"1.2083": {
							"vector": [12, 3, 13]
						},
						"1.2917": {
							"vector": [2.86, 2.14, 11.69]
						},
						"1.375": {
							"vector": [4, 3, 13]
						},
						"1.5": {
							"vector": [0, 0, 0]
						},
						"2.3333": {
							"vector": [0, 0, 0]
						},
						"2.5833": {
							"vector": [0, 0, 2]
						},
						"2.8333": {
							"vector": [0, 0, 0]
						}
					}
				},
				"_ca_scope": {
					"rotation": {
						"0.2917": {
							"vector": [0, 0, 0]
						},
						"0.4167": {
							"vector": [-0.25, 0, 0]
						},
						"2.4167": {
							"vector": [-0.25, 0, 0]
						},
						"2.5833": {
							"vector": [-0.25, 0, 0]
						},
						"2.6667": {
							"vector": [4.75, 0, 0]
						},
						"2.8333": {
							"vector": [0, 0, 0]
						}
					}
				},
				"Bullets4": {
					"scale": {
						"1.875": {
							"vector": [0, 0, 0]
						},
						"1.9167": {
							"vector": [1, 1, 1]
						}
					}
				}
			},
			"sound_effects": {
				"0.2917": {
					"effect": "open_bolt_alt1"
				},
				"0.5": {
					"effect": "repeater_bullet_load"
				},
				"1.4167": {
					"effect": "pistol_hareup"
				},
				"2.625": {
					"effect": "bullet_strip_load"
				},
				"3.0417": {
					"effect": "close_bolt"
				}
			}
		},
		"animation.model.reload3": {
			"loop": "hold_on_last_frame",
			"animation_length": 3.4167,
			"bones": {
				"main": {
					"rotation": {
						"0.0": {
							"vector": [0, 0, 0]
						},
						"0.125": {
							"vector": [0, 0, 0]
						},
						"0.2083": {
							"vector": [3.25, 0, 11.5]
						},
						"0.2917": {
							"vector": [2.95, 0, 10.4]
						},
						"0.4167": {
							"vector": [3.25, 0, 8.75]
						},
						"0.5": {
							"vector": [1.25, 0, 13]
						},
						"0.5833": {
							"vector": [1.24476, -0.11437, 18.24876]
						},
						"0.6667": {
							"vector": [1.25, 0, 13]
						},
						"0.875": {
							"vector": [2.75, 0, 11]
						},
						"1.0": {
							"vector": [4.8431, 0.15727, 8.15945]
						},
						"1.125": {
							"vector": [2.4362, 0.31453, 5.31889]
						},
						"1.25": {
							"vector": [2.28827, -0.02995, 13.7494]
						},
						"1.4583": {
							"vector": [2.4362, 0.31453, 6.31889]
						},
						"1.5417": {
							"vector": [1.36988, 0.23066, 7.36719]
						},
						"1.7083": {
							"vector": [-2.67371, 0.14678, 9.41548]
						},
						"1.8333": {
							"vector": [1.25, 0, 13]
						},
						"2.2917": {
							"vector": [-0.74954, -0.02617, 11.00017]
						},
						"2.375": {
							"vector": [-1.99171, -0.11085, 4.50072]
						},
						"2.5": {
							"vector": [-1.97803, -0.25812, 0.25325]
						},
						"2.5833": {
							"vector": [-1.76031, -0.16762, 3.54722]
						},
						"2.6667": {
							"vector": [-1.04193, -0.08562, 8.89753]
						},
						"2.75": {
							"vector": [0.22988, -0.05554, 10.29531]
						},
						"2.8333": {
							"vector": [-1.99171, -0.11085, 4.50072]
						},
						"2.9583": {
							"vector": [-0.75, 0, 13]
						},
						"3.0833": {
							"vector": [0, 0, 10.25]
						},
						"3.2083": {
							"vector": [0, 0, 0]
						},
						"3.3333": {
							"vector": [0, 0, -5.75]
						},
						"3.4167": {
							"vector": [0, 0, 0]
						}
					},
					"position": {
						"0.2083": {
							"vector": [0, 0, 0]
						},
						"0.375": {
							"vector": [0, 0, 0.85]
						},
						"0.5": {
							"vector": [0, 0, 1.8]
						},
						"1.8333": {
							"vector": [0, 0, 1.8]
						},
						"2.5833": {
							"vector": [0, 0, 1.8]
						},
						"2.6667": {
							"vector": [0, 0, 0.465]
						},
						"2.8333": {
							"vector": [0, 0, 0.85]
						},
						"2.9583": {
							"vector": [0, 0, 0.85]
						},
						"3.0833": {
							"vector": [0, 0, 0]
						}
					}
				},
				"gun": {
					"rotation": {
						"0.2917": {
							"vector": [0, 0, 0]
						},
						"0.4167": {
							"vector": [-0.25, 0, 0]
						},
						"2.4167": {
							"vector": [-0.25, 0, 0]
						},
						"2.5833": {
							"vector": [-0.25, 0, 0]
						},
						"2.6667": {
							"vector": [4.75, 0, 0]
						},
						"2.8333": {
							"vector": [0, 0, 0]
						}
					}
				},
				"ChamberTop": {
					"position": {
						"0.2917": {
							"vector": [0, 0, 0]
						},
						"0.4167": {
							"vector": [0, 0, -12]
						},
						"0.5": {
							"vector": [0, 0, -12]
						},
						"2.875": {
							"vector": [0, 0, -12]
						},
						"2.9583": {
							"vector": [0, 0, -12]
						},
						"3.125": {
							"vector": [0, 0, 0]
						}
					}
				},
				"Chamber2": {
					"rotation": {
						"0.125": {
							"vector": [0, 0, 0]
						},
						"0.2917": {
							"vector": [0, 0, -90]
						},
						"3.125": {
							"vector": [0, 0, -90]
						},
						"3.25": {
							"vector": [0, 0, 0]
						}
					},
					"position": {
						"0.2917": {
							"vector": [0, 0, 0]
						},
						"0.4167": {
							"vector": [0, 0, -12]
						},
						"0.5": {
							"vector": [0, 0, -12]
						},
						"2.9583": {
							"vector": [0, 0, -12]
						},
						"3.125": {
							"vector": [0, 0, 0]
						}
					}
				},
				"BullestShell": {
					"position": {
						"vector": [0, 0, -13]
					}
				},
				"bone": {
					"rotation": {
						"0.0": {
							"vector": [0, 0, 0]
						},
						"1.6667": {
							"vector": [0, 0, 0]
						},
						"1.75": {
							"vector": [-20.61418, -4.09711, -10.7546]
						},
						"2.3333": {
							"vector": [-4.05991, -16.30355, -27.16138]
						},
						"2.4583": {
							"vector": [0.42013, -16.78302, -42.80515]
						},
						"2.5833": {
							"vector": [0, 0, -10.5]
						},
						"2.75": {
							"vector": [0, 0, 0]
						}
					},
					"position": {
						"0.0": {
							"vector": [0, 0, 0]
						},
						"1.4167": {
							"vector": [0, 0, 0]
						},
						"1.5": {
							"vector": [0, 8, 0]
						},
						"1.6667": {
							"vector": [0, 8, 0]
						},
						"1.75": {
							"vector": [-2.25, 2.7, 21]
						},
						"1.9167": {
							"vector": [-1.75, -10, 50]
						},
						"2.0417": {
							"vector": [-1.75, -10, 50]
						},
						"2.3333": {
							"vector": [-11, 7, 8]
						},
						"2.4583": {
							"vector": [-9, 4, 0]
						},
						"2.5833": {
							"vector": [0, 9, 0]
						},
						"2.75": {
							"vector": [0, 0, 0]
						}
					}
				},
				"Bullets": {
					"rotation": {
						"0.0": {
							"vector": [0, 0, 0]
						},
						"0.2917": {
							"vector": [0, 0, 0]
						},
						"0.4167": {
							"vector": [-27.5, 0, 0]
						},
						"0.4583": {
							"vector": [15, 0, 0]
						},
						"0.625": {
							"vector": [15.91527, -19.291, -5.38152]
						},
						"1.2917": {
							"vector": [15.91527, -19.291, -5.38152]
						},
						"1.3333": {
							"vector": [0, 0, 0]
						},
						"2.9583": {
							"vector": [0, 0, 0]
						},
						"3.0": {
							"vector": [-10, 0, 0]
						},
						"3.0833": {
							"vector": [0, 0, 0]
						}
					},
					"position": {
						"0.0": {
							"vector": [0, 3, -10]
						},
						"0.2917": {
							"vector": [0, 3, -10]
						},
						"0.4167": {
							"vector": [0, 3, 2]
						},
						"0.5": {
							"vector": [-1, 5, 2]
						},
						"0.7083": {
							"vector": [-3, 5, 0.1]
						},
						"0.875": {
							"vector": [-3, -19, -1.9]
						},
						"1.0417": {
							"vector": [11.6, -23, -1.9]
						},
						"1.2083": {
							"vector": [11.6, -23, -1.9]
						},
						"1.2917": {
							"vector": [11.6, -23, -1.9]
						},
						"1.3333": {
							"vector": [0, 0, 0]
						},
						"2.9583": {
							"vector": [0, 0, 0]
						},
						"3.0": {
							"vector": [0, 2, 0]
						},
						"3.0833": {
							"vector": [0, 3.5, -6]
						}
					},
					"scale": {
						"1.25": {
							"vector": [1, 1, 1]
						},
						"1.2917": {
							"vector": [0, 0, 0]
						},
						"1.6667": {
							"vector": [0, 0, 0]
						},
						"1.7083": {
							"vector": [1, 1, 1]
						}
					}
				},
				"Bullets5": {
					"scale": {
						"1.875": {
							"vector": [0, 0, 0]
						},
						"1.9167": {
							"vector": [1, 1, 1]
						}
					}
				},
				"Bullets6": {
					"scale": {
						"1.875": {
							"vector": [0, 0, 0]
						},
						"1.9167": {
							"vector": [1, 1, 1]
						}
					}
				},
				"rightarm": {
					"rotation": {
						"0.125": {
							"vector": [-4.7331, 8.1738, 34.32711]
						},
						"0.2917": {
							"vector": [-4.95933, 13.05749, 58.98408]
						},
						"0.5": {
							"vector": [-4.95933, 13.05749, 58.98408]
						},
						"1.5": {
							"vector": [-4.95933, 13.05749, 58.98408]
						},
						"1.6667": {
							"vector": [-1.74383, 21.27022, 87.96572]
						},
						"1.75": {
							"vector": [-4.01667, 32.66043, 75.48133]
						},
						"2.3333": {
							"vector": [-4.85463, 10.3913, 50.12524]
						},
						"2.5833": {
							"vector": [-5.51999, 8.2869, 51.55462]
						},
						"2.6667": {
							"vector": [-3.67216, 4.0129, 73.73255]
						},
						"2.9583": {
							"vector": [-4.95933, 13.05749, 58.98408]
						},
						"3.125": {
							"vector": [-4.72008, 9.46267, 47.0078]
						},
						"3.25": {
							"vector": [-4.7331, 8.1738, 34.32711]
						},
						"3.375": {
							"vector": [0, 0, 0]
						}
					},
					"position": {
						"0.0": {
							"vector": [0, 0, 0]
						},
						"0.125": {
							"vector": [-6, 3, -13]
						},
						"0.2917": {
							"vector": [-6, 11, -12.7]
						},
						"0.4167": {
							"vector": [-6, 11.125, -1.7]
						},
						"0.5": {
							"vector": [-6, 11.125, -0.7]
						},
						"1.5": {
							"vector": [-6, 11.125, -0.7]
						},
						"1.6667": {
							"vector": [-4, 11.12, -18.7]
						},
						"1.9167": {
							"vector": [-4, -6.88, 31.3]
						},
						"2.0417": {
							"vector": [-4, -6.88, 31.3]
						},
						"2.3333": {
							"vector": [-9.075, 11.87, -9.595]
						},
						"2.4583": {
							"vector": [-6, 11.12, -21.7]
						},
						"2.5833": {
							"vector": [-6, 11.12, -20.7]
						},
						"2.6667": {
							"vector": [-5.66, 14.62, -20.7]
						},
						"2.75": {
							"vector": [-5.325, 12.12, -20.7]
						},
						"2.9583": {
							"vector": [-6, 11.125, -0.7]
						},
						"3.125": {
							"vector": [-6, 11, -12.7]
						},
						"3.25": {
							"vector": [-6, 3, -13]
						},
						"3.375": {
							"vector": [0, 0, 0]
						}
					}
				},
				"leftarm": {
					"rotation": {
						"0.1667": {
							"vector": [0, 0, 0]
						},
						"0.2917": {
							"vector": [2.59953, 32.15814, 26.57415]
						},
						"0.4167": {
							"vector": [-70.20113, 64.95608, 21.36338]
						},
						"0.7083": {
							"vector": [-106.45375, 68.05717, -18.90434]
						},
						"0.875": {
							"vector": [-70.20113, 64.95608, 21.36338]
						},
						"1.0417": {
							"vector": [-22.70113, 64.95608, 21.36338]
						},
						"1.2917": {
							"vector": [-7.5, 0, -40]
						},
						"1.4167": {
							"vector": [-7.5, 0, -40]
						},
						"1.5": {
							"vector": [0, 0, 0]
						},
						"2.3333": {
							"vector": [0, 0, 0]
						},
						"2.4583": {
							"vector": [0, 0, 0]
						},
						"2.5833": {
							"vector": [0, 0, 0]
						},
						"2.6667": {
							"vector": [5, 0, 0]
						},
						"2.8333": {
							"vector": [0, 0, 0]
						}
					},
					"position": {
						"0.0": {
							"vector": [0, 0, 0]
						},
						"0.1667": {
							"vector": [0, 0, 0]
						},
						"0.2917": {
							"vector": [7, -4, -17.22]
						},
						"0.4167": {
							"vector": [-5, -15, -24.22]
						},
						"0.7083": {
							"vector": [-5.5, -11.6, -27.22]
						},
						"0.875": {
							"vector": [-7, -36, -24.22]
						},
						"1.0417": {
							"vector": [22, -28, -24.22]
						},
						"1.2083": {
							"vector": [12, 3, 13]
						},
						"1.2917": {
							"vector": [2.86, 2.14, 11.69]
						},
						"1.375": {
							"vector": [4, 3, 13]
						},
						"1.5": {
							"vector": [0, 0, 0]
						},
						"2.3333": {
							"vector": [0, 0, 0]
						},
						"2.5833": {
							"vector": [0, 0, 2]
						},
						"2.8333": {
							"vector": [0, 0, 0]
						}
					}
				},
				"_ca_scope": {
					"rotation": {
						"0.2917": {
							"vector": [0, 0, 0]
						},
						"0.4167": {
							"vector": [-0.25, 0, 0]
						},
						"2.4167": {
							"vector": [-0.25, 0, 0]
						},
						"2.5833": {
							"vector": [-0.25, 0, 0]
						},
						"2.6667": {
							"vector": [4.75, 0, 0]
						},
						"2.8333": {
							"vector": [0, 0, 0]
						}
					}
				},
				"Bullets4": {
					"scale": {
						"1.875": {
							"vector": [0, 0, 0]
						},
						"1.9167": {
							"vector": [1, 1, 1]
						}
					}
				},
				"Bullets3": {
					"scale": {
						"1.875": {
							"vector": [0, 0, 0]
						},
						"1.9167": {
							"vector": [1, 1, 1]
						}
					}
				}
			},
			"sound_effects": {
				"0.2917": {
					"effect": "open_bolt_alt1"
				},
				"0.5": {
					"effect": "repeater_bullet_load"
				},
				"1.4167": {
					"effect": "pistol_hareup"
				},
				"2.625": {
					"effect": "bullet_strip_load"
				},
				"3.0417": {
					"effect": "close_bolt"
				}
			}
		},
		"animation.model.reload4": {
			"loop": "hold_on_last_frame",
			"animation_length": 3.4167,
			"bones": {
				"main": {
					"rotation": {
						"0.0": {
							"vector": [0, 0, 0]
						},
						"0.125": {
							"vector": [0, 0, 0]
						},
						"0.2083": {
							"vector": [3.25, 0, 11.5]
						},
						"0.2917": {
							"vector": [2.95, 0, 10.4]
						},
						"0.4167": {
							"vector": [3.25, 0, 8.75]
						},
						"0.5": {
							"vector": [1.25, 0, 13]
						},
						"0.5833": {
							"vector": [1.24476, -0.11437, 18.24876]
						},
						"0.6667": {
							"vector": [1.25, 0, 13]
						},
						"0.875": {
							"vector": [2.75, 0, 11]
						},
						"1.0": {
							"vector": [4.8431, 0.15727, 8.15945]
						},
						"1.125": {
							"vector": [2.4362, 0.31453, 5.31889]
						},
						"1.25": {
							"vector": [2.28827, -0.02995, 13.7494]
						},
						"1.4583": {
							"vector": [2.4362, 0.31453, 6.31889]
						},
						"1.5417": {
							"vector": [1.36988, 0.23066, 7.36719]
						},
						"1.7083": {
							"vector": [-2.67371, 0.14678, 9.41548]
						},
						"1.8333": {
							"vector": [1.25, 0, 13]
						},
						"2.2917": {
							"vector": [-0.74954, -0.02617, 11.00017]
						},
						"2.375": {
							"vector": [-1.99171, -0.11085, 4.50072]
						},
						"2.5": {
							"vector": [-1.97803, -0.25812, 0.25325]
						},
						"2.5833": {
							"vector": [-1.76031, -0.16762, 3.54722]
						},
						"2.6667": {
							"vector": [-1.04193, -0.08562, 8.89753]
						},
						"2.75": {
							"vector": [0.22988, -0.05554, 10.29531]
						},
						"2.8333": {
							"vector": [-1.99171, -0.11085, 4.50072]
						},
						"2.9583": {
							"vector": [-0.75, 0, 13]
						},
						"3.0833": {
							"vector": [0, 0, 10.25]
						},
						"3.2083": {
							"vector": [0, 0, 0]
						},
						"3.3333": {
							"vector": [0, 0, -5.75]
						},
						"3.4167": {
							"vector": [0, 0, 0]
						}
					},
					"position": {
						"0.2083": {
							"vector": [0, 0, 0]
						},
						"0.375": {
							"vector": [0, 0, 0.85]
						},
						"0.5": {
							"vector": [0, 0, 1.8]
						},
						"1.8333": {
							"vector": [0, 0, 1.8]
						},
						"2.5833": {
							"vector": [0, 0, 1.8]
						},
						"2.6667": {
							"vector": [0, 0, 0.465]
						},
						"2.8333": {
							"vector": [0, 0, 0.85]
						},
						"2.9583": {
							"vector": [0, 0, 0.85]
						},
						"3.0833": {
							"vector": [0, 0, 0]
						}
					}
				},
				"gun": {
					"rotation": {
						"0.2917": {
							"vector": [0, 0, 0]
						},
						"0.4167": {
							"vector": [-0.25, 0, 0]
						},
						"2.4167": {
							"vector": [-0.25, 0, 0]
						},
						"2.5833": {
							"vector": [-0.25, 0, 0]
						},
						"2.6667": {
							"vector": [4.75, 0, 0]
						},
						"2.8333": {
							"vector": [0, 0, 0]
						}
					}
				},
				"ChamberTop": {
					"position": {
						"0.2917": {
							"vector": [0, 0, 0]
						},
						"0.4167": {
							"vector": [0, 0, -12]
						},
						"0.5": {
							"vector": [0, 0, -12]
						},
						"2.875": {
							"vector": [0, 0, -12]
						},
						"2.9583": {
							"vector": [0, 0, -12]
						},
						"3.125": {
							"vector": [0, 0, 0]
						}
					}
				},
				"Chamber2": {
					"rotation": {
						"0.125": {
							"vector": [0, 0, 0]
						},
						"0.2917": {
							"vector": [0, 0, -90]
						},
						"3.125": {
							"vector": [0, 0, -90]
						},
						"3.25": {
							"vector": [0, 0, 0]
						}
					},
					"position": {
						"0.2917": {
							"vector": [0, 0, 0]
						},
						"0.4167": {
							"vector": [0, 0, -12]
						},
						"0.5": {
							"vector": [0, 0, -12]
						},
						"2.9583": {
							"vector": [0, 0, -12]
						},
						"3.125": {
							"vector": [0, 0, 0]
						}
					}
				},
				"BullestShell": {
					"position": {
						"vector": [0, 0, -13]
					}
				},
				"bone": {
					"rotation": {
						"0.0": {
							"vector": [0, 0, 0]
						},
						"1.6667": {
							"vector": [0, 0, 0]
						},
						"1.75": {
							"vector": [-20.61418, -4.09711, -10.7546]
						},
						"2.3333": {
							"vector": [-4.05991, -16.30355, -27.16138]
						},
						"2.4583": {
							"vector": [0.42013, -16.78302, -42.80515]
						},
						"2.5833": {
							"vector": [0, 0, -10.5]
						},
						"2.75": {
							"vector": [0, 0, 0]
						}
					},
					"position": {
						"0.0": {
							"vector": [0, 0, 0]
						},
						"1.4167": {
							"vector": [0, 0, 0]
						},
						"1.5": {
							"vector": [0, 8, 0]
						},
						"1.6667": {
							"vector": [0, 8, 0]
						},
						"1.75": {
							"vector": [-2.25, 2.7, 21]
						},
						"1.9167": {
							"vector": [-1.75, -10, 50]
						},
						"2.0417": {
							"vector": [-1.75, -10, 50]
						},
						"2.3333": {
							"vector": [-11, 7, 8]
						},
						"2.4583": {
							"vector": [-9, 4, 0]
						},
						"2.5833": {
							"vector": [0, 9, 0]
						},
						"2.75": {
							"vector": [0, 0, 0]
						}
					}
				},
				"Bullets": {
					"rotation": {
						"0.0": {
							"vector": [0, 0, 0]
						},
						"0.2917": {
							"vector": [0, 0, 0]
						},
						"0.4167": {
							"vector": [-27.5, 0, 0]
						},
						"0.4583": {
							"vector": [15, 0, 0]
						},
						"0.625": {
							"vector": [15.91527, -19.291, -5.38152]
						},
						"1.2917": {
							"vector": [15.91527, -19.291, -5.38152]
						},
						"1.3333": {
							"vector": [0, 0, 0]
						},
						"2.9583": {
							"vector": [0, 0, 0]
						},
						"3.0": {
							"vector": [-10, 0, 0]
						},
						"3.0833": {
							"vector": [0, 0, 0]
						}
					},
					"position": {
						"0.0": {
							"vector": [0, 3, -10]
						},
						"0.2917": {
							"vector": [0, 3, -10]
						},
						"0.4167": {
							"vector": [0, 3, 2]
						},
						"0.5": {
							"vector": [-1, 5, 2]
						},
						"0.7083": {
							"vector": [-3, 5, 0.1]
						},
						"0.875": {
							"vector": [-3, -19, -1.9]
						},
						"1.0417": {
							"vector": [11.6, -23, -1.9]
						},
						"1.2083": {
							"vector": [11.6, -23, -1.9]
						},
						"1.2917": {
							"vector": [11.6, -23, -1.9]
						},
						"1.3333": {
							"vector": [0, 0, 0]
						},
						"2.9583": {
							"vector": [0, 0, 0]
						},
						"3.0": {
							"vector": [0, 2, 0]
						},
						"3.0833": {
							"vector": [0, 3.5, -6]
						}
					},
					"scale": {
						"1.25": {
							"vector": [1, 1, 1]
						},
						"1.2917": {
							"vector": [0, 0, 0]
						},
						"1.6667": {
							"vector": [0, 0, 0]
						},
						"1.7083": {
							"vector": [1, 1, 1]
						}
					}
				},
				"Bullets5": {
					"scale": {
						"1.875": {
							"vector": [0, 0, 0]
						},
						"1.9167": {
							"vector": [1, 1, 1]
						}
					}
				},
				"Bullets6": {
					"scale": {
						"1.875": {
							"vector": [0, 0, 0]
						},
						"1.9167": {
							"vector": [1, 1, 1]
						}
					}
				},
				"rightarm": {
					"rotation": {
						"0.125": {
							"vector": [-4.7331, 8.1738, 34.32711]
						},
						"0.2917": {
							"vector": [-4.95933, 13.05749, 58.98408]
						},
						"0.5": {
							"vector": [-4.95933, 13.05749, 58.98408]
						},
						"1.5": {
							"vector": [-4.95933, 13.05749, 58.98408]
						},
						"1.6667": {
							"vector": [-1.74383, 21.27022, 87.96572]
						},
						"1.75": {
							"vector": [-4.01667, 32.66043, 75.48133]
						},
						"2.3333": {
							"vector": [-4.85463, 10.3913, 50.12524]
						},
						"2.5833": {
							"vector": [-5.51999, 8.2869, 51.55462]
						},
						"2.6667": {
							"vector": [-3.67216, 4.0129, 73.73255]
						},
						"2.9583": {
							"vector": [-4.95933, 13.05749, 58.98408]
						},
						"3.125": {
							"vector": [-4.72008, 9.46267, 47.0078]
						},
						"3.25": {
							"vector": [-4.7331, 8.1738, 34.32711]
						},
						"3.375": {
							"vector": [0, 0, 0]
						}
					},
					"position": {
						"0.0": {
							"vector": [0, 0, 0]
						},
						"0.125": {
							"vector": [-6, 3, -13]
						},
						"0.2917": {
							"vector": [-6, 11, -12.7]
						},
						"0.4167": {
							"vector": [-6, 11.125, -1.7]
						},
						"0.5": {
							"vector": [-6, 11.125, -0.7]
						},
						"1.5": {
							"vector": [-6, 11.125, -0.7]
						},
						"1.6667": {
							"vector": [-4, 11.12, -18.7]
						},
						"1.9167": {
							"vector": [-4, -6.88, 31.3]
						},
						"2.0417": {
							"vector": [-4, -6.88, 31.3]
						},
						"2.3333": {
							"vector": [-9.075, 11.87, -9.595]
						},
						"2.4583": {
							"vector": [-6, 11.12, -21.7]
						},
						"2.5833": {
							"vector": [-6, 11.12, -20.7]
						},
						"2.6667": {
							"vector": [-5.66, 14.62, -20.7]
						},
						"2.75": {
							"vector": [-5.325, 12.12, -20.7]
						},
						"2.9583": {
							"vector": [-6, 11.125, -0.7]
						},
						"3.125": {
							"vector": [-6, 11, -12.7]
						},
						"3.25": {
							"vector": [-6, 3, -13]
						},
						"3.375": {
							"vector": [0, 0, 0]
						}
					}
				},
				"leftarm": {
					"rotation": {
						"0.1667": {
							"vector": [0, 0, 0]
						},
						"0.2917": {
							"vector": [2.59953, 32.15814, 26.57415]
						},
						"0.4167": {
							"vector": [-70.20113, 64.95608, 21.36338]
						},
						"0.7083": {
							"vector": [-106.45375, 68.05717, -18.90434]
						},
						"0.875": {
							"vector": [-70.20113, 64.95608, 21.36338]
						},
						"1.0417": {
							"vector": [-22.70113, 64.95608, 21.36338]
						},
						"1.2917": {
							"vector": [-7.5, 0, -40]
						},
						"1.4167": {
							"vector": [-7.5, 0, -40]
						},
						"1.5": {
							"vector": [0, 0, 0]
						},
						"2.3333": {
							"vector": [0, 0, 0]
						},
						"2.4583": {
							"vector": [0, 0, 0]
						},
						"2.5833": {
							"vector": [0, 0, 0]
						},
						"2.6667": {
							"vector": [5, 0, 0]
						},
						"2.8333": {
							"vector": [0, 0, 0]
						}
					},
					"position": {
						"0.0": {
							"vector": [0, 0, 0]
						},
						"0.1667": {
							"vector": [0, 0, 0]
						},
						"0.2917": {
							"vector": [7, -4, -17.22]
						},
						"0.4167": {
							"vector": [-5, -15, -24.22]
						},
						"0.7083": {
							"vector": [-5.5, -11.6, -27.22]
						},
						"0.875": {
							"vector": [-7, -36, -24.22]
						},
						"1.0417": {
							"vector": [22, -28, -24.22]
						},
						"1.2083": {
							"vector": [12, 3, 13]
						},
						"1.2917": {
							"vector": [2.86, 2.14, 11.69]
						},
						"1.375": {
							"vector": [4, 3, 13]
						},
						"1.5": {
							"vector": [0, 0, 0]
						},
						"2.3333": {
							"vector": [0, 0, 0]
						},
						"2.5833": {
							"vector": [0, 0, 2]
						},
						"2.8333": {
							"vector": [0, 0, 0]
						}
					}
				},
				"_ca_scope": {
					"rotation": {
						"0.2917": {
							"vector": [0, 0, 0]
						},
						"0.4167": {
							"vector": [-0.25, 0, 0]
						},
						"2.4167": {
							"vector": [-0.25, 0, 0]
						},
						"2.5833": {
							"vector": [-0.25, 0, 0]
						},
						"2.6667": {
							"vector": [4.75, 0, 0]
						},
						"2.8333": {
							"vector": [0, 0, 0]
						}
					}
				},
				"Bullets4": {
					"scale": {
						"1.875": {
							"vector": [0, 0, 0]
						},
						"1.9167": {
							"vector": [1, 1, 1]
						}
					}
				},
				"Bullets3": {
					"scale": {
						"1.875": {
							"vector": [0, 0, 0]
						},
						"1.9167": {
							"vector": [1, 1, 1]
						}
					}
				},
				"Bullets2": {
					"scale": {
						"0.0": {
							"vector": [0, 0, 0]
						},
						"1.875": {
							"vector": [0, 0, 0]
						},
						"1.9167": {
							"vector": [1, 1, 1]
						}
					}
				}
			},
			"sound_effects": {
				"0.2917": {
					"effect": "open_bolt_alt1"
				},
				"0.5": {
					"effect": "repeater_bullet_load"
				},
				"1.4167": {
					"effect": "pistol_hareup"
				},
				"2.625": {
					"effect": "bullet_strip_load"
				},
				"3.0417": {
					"effect": "close_bolt"
				}
			}
		},
		"animation.model.reload5": {
			"loop": "hold_on_last_frame",
			"animation_length": 2.1667,
			"bones": {
				"main": {
					"rotation": {
						"0.0": {
							"vector": [0, 0, 0]
						},
						"0.125": {
							"vector": [0, 0, 0]
						},
						"0.2083": {
							"vector": [0, 0, 11.5]
						},
						"0.2917": {
							"vector": [0, 0, 13]
						},
						"0.4167": {
							"vector": [0, 0, 8.75]
						},
						"0.5": {
							"vector": [-0.75, 0, 13]
						},
						"0.625": {
							"vector": [-0.74954, -0.02617, 11.00017]
						},
						"0.7083": {
							"vector": [-1.99171, -0.11085, 4.50072]
						},
						"0.8333": {
							"vector": [-1.97803, -0.25812, 0.25325]
						},
						"1.0833": {
							"vector": [-0.74954, -0.02617, 11.00017]
						},
						"1.1667": {
							"vector": [-1.99171, -0.11085, 4.50072]
						},
						"1.2917": {
							"vector": [-1.97803, -0.25812, 0.25325]
						},
						"1.375": {
							"vector": [-1.76031, -0.16762, 3.54722]
						},
						"1.4583": {
							"vector": [-1.04193, -0.08562, 8.89753]
						},
						"1.5417": {
							"vector": [0.22988, -0.05554, 10.29531]
						},
						"1.625": {
							"vector": [-1.99171, -0.11085, 4.50072]
						},
						"1.75": {
							"vector": [-0.75, 0, 13]
						},
						"1.875": {
							"vector": [0, 0, 10.25]
						},
						"2.0": {
							"vector": [0, 0, -5.75]
						},
						"2.0833": {
							"vector": [0, 0, 0]
						}
					},
					"position": {
						"0.2083": {
							"vector": [0, 0, 0]
						},
						"0.375": {
							"vector": [0, 0, 0.85]
						},
						"0.5": {
							"vector": [0, 0, 1.8]
						},
						"1.375": {
							"vector": [0, 0, 1.8]
						},
						"1.4583": {
							"vector": [0, 0, 0.465]
						},
						"1.625": {
							"vector": [0, 0, 0.85]
						},
						"1.75": {
							"vector": [0, 0, 0.85]
						},
						"1.875": {
							"vector": [0, 0, 0]
						}
					}
				},
				"gun": {
					"rotation": {
						"0.2917": {
							"vector": [0, 0, 0]
						},
						"0.4167": {
							"vector": [-0.25, 0, 0]
						},
						"1.375": {
							"vector": [-0.25, 0, 0]
						},
						"1.4583": {
							"vector": [4.75, 0, 0]
						},
						"1.625": {
							"vector": [0, 0, 0]
						}
					}
				},
				"ChamberTop": {
					"position": {
						"0.2917": {
							"vector": [0, 0, 0]
						},
						"0.4167": {
							"vector": [0, 0, -12]
						},
						"0.5": {
							"vector": [0, 0, -12]
						},
						"1.6667": {
							"vector": [0, 0, -12]
						},
						"1.75": {
							"vector": [0, 0, -12]
						},
						"1.9167": {
							"vector": [0, 0, 0]
						}
					}
				},
				"Chamber2": {
					"rotation": {
						"0.125": {
							"vector": [0, 0, 0]
						},
						"0.2917": {
							"vector": [0, 0, -90]
						},
						"1.9167": {
							"vector": [0, 0, -90]
						},
						"2.0417": {
							"vector": [0, 0, 0]
						}
					},
					"position": {
						"0.2917": {
							"vector": [0, 0, 0]
						},
						"0.4167": {
							"vector": [0, 0, -12]
						},
						"0.5": {
							"vector": [0, 0, -12]
						},
						"1.75": {
							"vector": [0, 0, -12]
						},
						"1.9167": {
							"vector": [0, 0, 0]
						}
					}
				},
				"BullestShell": {
					"position": {
						"vector": [0, 0, -11]
					}
				},
				"bone": {
					"rotation": {
						"0.0": {
							"vector": [0, 0, 0]
						},
						"0.8333": {
							"vector": [0, 0, 0]
						},
						"0.9167": {
							"vector": [3.91677, -10.39684, -46.98642]
						},
						"1.0": {
							"vector": [3.19204, -17.87324, -50.97313]
						},
						"1.125": {
							"vector": [5.15309, -15.99941, -59.46784]
						},
						"1.25": {
							"vector": [0.42013, -16.78302, -42.80515]
						},
						"1.375": {
							"vector": [0, 0, -10.5]
						},
						"1.5417": {
							"vector": [0, 0, 0]
						}
					},
					"position": {
						"0.0": {
							"vector": [0, 0, 0]
						},
						"0.8333": {
							"vector": [0, 0, 0]
						},
						"0.9167": {
							"vector": [-6.56, 4.185, 38.23]
						},
						"1.0": {
							"vector": [-8.715, 2.805, 22.16]
						},
						"1.0417": {
							"vector": [-8.315, 3.045, 16.245]
						},
						"1.125": {
							"vector": [-8.75, 4.7, 8]
						},
						"1.25": {
							"vector": [-7.875, 5.4, -6]
						},
						"1.375": {
							"vector": [0, 9, 0]
						},
						"1.5417": {
							"vector": [0, 0, 0]
						}
					},
					"scale": {
						"0.6667": {
							"vector": [1, 1, 1]
						},
						"0.7083": {
							"vector": [0, 0, 0]
						},
						"0.7917": {
							"vector": [0, 0, 0]
						},
						"0.8333": {
							"vector": [1, 1, 1]
						}
					}
				},
				"Bullets": {
					"rotation": {
						"0.0417": {
							"vector": [0, 0, 0]
						},
						"0.2917": {
							"vector": [0, 0, 0]
						},
						"0.4167": {
							"vector": [-27.5, 0, 0]
						},
						"0.5": {
							"vector": [-90, 0, 0]
						},
						"0.5833": {
							"vector": [-90, 0, 30]
						},
						"0.6667": {
							"vector": [-134.28571, 0, 21.42857]
						},
						"0.9167": {
							"vector": [0, 0, 0]
						},
						"1.75": {
							"vector": [0, 0, 0]
						},
						"1.7917": {
							"vector": [-10, 0, 0]
						},
						"1.875": {
							"vector": [0, 0, 0]
						}
					},
					"position": {
						"0.0417": {
							"vector": [0, 3, -10]
						},
						"0.2917": {
							"vector": [0, 3, -10]
						},
						"0.4167": {
							"vector": [0, 33, 10]
						},
						"0.4583": {
							"vector": [-8.5, 31.09, 20.5]
						},
						"0.5": {
							"vector": [-8.4, 21.17, 31]
						},
						"0.625": {
							"vector": [-8.3, 13.33, 36.07]
						},
						"0.6667": {
							"vector": [-7.8, 13.33, 36.07]
						},
						"0.7917": {
							"vector": [0, 2.87, 42.825]
						},
						"0.9167": {
							"vector": [0, 0, 0]
						},
						"1.75": {
							"vector": [0, 0, 0]
						},
						"1.7917": {
							"vector": [0, 2, 0]
						},
						"1.875": {
							"vector": [0, 3.5, -6]
						}
					},
					"scale": {
						"0.0": {
							"vector": [1, 1, 1]
						},
						"0.75": {
							"vector": [1, 1, 1]
						},
						"0.7917": {
							"vector": [0, 0, 0]
						},
						"0.875": {
							"vector": [0, 0, 0]
						},
						"0.9167": {
							"vector": [1, 1, 1]
						}
					}
				},
				"rightarm": {
					"rotation": {
						"0.125": {
							"vector": [-4.7331, 8.1738, 34.32711]
						},
						"0.2917": {
							"vector": [-4.95933, 13.05749, 58.98408]
						},
						"0.5": {
							"vector": [-4.95933, 13.05749, 58.98408]
						},
						"0.5833": {
							"vector": [-12.45933, 13.05749, 58.98408]
						},
						"1.125": {
							"vector": [-3.73469, 5.99631, 34.956]
						},
						"1.375": {
							"vector": [-5.51999, 8.2869, 51.55462]
						},
						"1.4583": {
							"vector": [-3.67216, 4.0129, 73.73255]
						},
						"1.75": {
							"vector": [-4.95933, 13.05749, 58.98408]
						},
						"1.9167": {
							"vector": [-4.72008, 9.46267, 47.0078]
						},
						"2.0417": {
							"vector": [-4.7331, 8.1738, 34.32711]
						},
						"2.1667": {
							"vector": [0, 0, 0]
						}
					},
					"position": {
						"0.0": {
							"vector": [0, 0, 0]
						},
						"0.125": {
							"vector": [-6, 3, -13]
						},
						"0.2917": {
							"vector": [-6, 11, -12.7]
						},
						"0.4167": {
							"vector": [-6, 11.125, -1.7]
						},
						"0.5": {
							"vector": [-6, 11.125, -0.7]
						},
						"0.5833": {
							"vector": [-6.275, 16.12, 14.3]
						},
						"0.625": {
							"vector": [-13.97, 16.12, 14.3]
						},
						"0.6667": {
							"vector": [-13.575, 16.12, 14.3]
						},
						"0.7917": {
							"vector": [-6.27, 5.695, 19.825]
						},
						"0.9167": {
							"vector": [-6.2, 7.17, 19.9]
						},
						"1.0": {
							"vector": [-6.15, 8.16, 4.5]
						},
						"1.25": {
							"vector": [-6, 11.12, -21.7]
						},
						"1.375": {
							"vector": [-6, 11.12, -20.7]
						},
						"1.4583": {
							"vector": [-5.66, 14.62, -20.7]
						},
						"1.5417": {
							"vector": [-5.325, 12.12, -20.7]
						},
						"1.75": {
							"vector": [-6, 11.125, -0.7]
						},
						"1.9167": {
							"vector": [-6, 11, -12.7]
						},
						"2.0417": {
							"vector": [-6, 3, -13]
						},
						"2.1667": {
							"vector": [0, 0, 0]
						}
					}
				},
				"leftarm": {
					"rotation": {
						"1.25": {
							"vector": [0, 0, 0]
						},
						"1.375": {
							"vector": [0, 0, 0]
						},
						"1.4583": {
							"vector": [5, 0, 0]
						},
						"1.625": {
							"vector": [0, 0, 0]
						}
					},
					"position": {
						"0.2917": {
							"vector": [0, 0, 0]
						},
						"0.4167": {
							"vector": [0, 0, 2]
						},
						"1.5": {
							"vector": [0, 0, 2]
						},
						"1.625": {
							"vector": [0, 0, 0]
						}
					}
				},
				"_ca_scope": {
					"rotation": {
						"0.2917": {
							"vector": [0, 0, 0]
						},
						"0.4167": {
							"vector": [-0.25, 0, 0]
						},
						"1.375": {
							"vector": [-0.25, 0, 0]
						},
						"1.4583": {
							"vector": [4.75, 0, 0]
						},
						"1.625": {
							"vector": [0, 0, 0]
						}
					}
				},
				"Bullets2": {
					"scale": {
						"0.0": {
							"vector": [0, 0, 0]
						},
						"0.875": {
							"vector": [0, 0, 0]
						},
						"0.9167": {
							"vector": [1, 1, 1]
						}
					}
				},
				"Bullets3": {
					"scale": {
						"0.0": {
							"vector": [0, 0, 0]
						},
						"0.875": {
							"vector": [0, 0, 0]
						},
						"0.9167": {
							"vector": [1, 1, 1]
						}
					}
				},
				"Bullets4": {
					"scale": {
						"0.0": {
							"vector": [0, 0, 0]
						},
						"0.875": {
							"vector": [0, 0, 0]
						},
						"0.9167": {
							"vector": [1, 1, 1]
						}
					}
				},
				"Bullets5": {
					"scale": {
						"0.0": {
							"vector": [0, 0, 0]
						},
						"0.875": {
							"vector": [0, 0, 0]
						},
						"0.9167": {
							"vector": [1, 1, 1]
						}
					}
				},
				"Bullets6": {
					"scale": {
						"0.0": {
							"vector": [0, 0, 0]
						},
						"0.875": {
							"vector": [0, 0, 0]
						},
						"0.9167": {
							"vector": [1, 1, 1]
						}
					}
				}
			},
			"sound_effects": {
				"0.2917": {
					"effect": "close_bolt_alt1"
				},
				"1.4167": {
					"effect": "bullet_strip_load"
				},
				"1.7917": {
					"effect": "close_bolt"
				}
			}
		},
		"animation.model.inspect": {
			"loop": "hold_on_last_frame",
			"animation_length": 6.5,
			"bones": {
				"main": {
					"rotation": {
						"0.0": {
							"vector": [0, 0, 0]
						},
						"0.2667": {
							"vector": [7.12284, -29.21893, -14.35885]
						},
						"0.8667": {
							"vector": [7.38805, -32.69093, -14.87421]
						},
						"1.3667": {
							"vector": [-22.86907, -27.56702, 40.40924]
						},
						"1.9667": {
							"vector": [-24.0501, -23.10478, 46.30135]
						},
						"2.2667": {
							"vector": [-15.07159, -27.76898, 28.80998]
						},
						"2.4667": {
							"vector": [6.48982, -30.31436, -13.48489]
						},
						"2.6333": {
							"vector": [8.24975, -26.1822, -17.78806]
						},
						"3.2": {
							"vector": [8.88435, -26.72301, -19.81545]
						},
						"3.8667": {
							"vector": [-28.65518, -4.01471, 82.22026]
						},
						"4.6333": {
							"vector": [-28.8819, -1.36615, 87.04629]
						},
						"5.0667": {
							"vector": [9.8019, -28.96983, -19.81826]
						},
						"5.2333": {
							"vector": [13.72698, -27.41065, -28.13767]
						},
						"5.4": {
							"vector": [12.46603, -28.00346, -25.40037]
						},
						"5.7333": {
							"vector": [13.74568, -27.43646, -28.15097]
						},
						"6.1": {
							"vector": [19.79396, -7.93909, -23.44429]
						},
						"6.3": {
							"vector": [-8.47405, -5.95173, -4.75478]
						},
						"6.4": {
							"vector": [-3.67098, -1.91821, 5.58911]
						},
						"6.5": {
							"vector": [0, 0, 0]
						}
					},
					"position": {
						"0.0": {
							"vector": [0, 0, 0]
						},
						"0.3": {
							"vector": [-5, 0, -2]
						},
						"1.0333": {
							"vector": [-5, 0, -3]
						},
						"1.1333": {
							"vector": [-5, 0, -2.6]
						},
						"2.4333": {
							"vector": [-5, 0, -3]
						},
						"3.0667": {
							"vector": [-5, -0.505, -3]
						},
						"3.7": {
							"vector": [-5, -1.405, -3]
						},
						"5.0667": {
							"vector": [-5, -2.28, -3]
						},
						"5.9": {
							"vector": [-5, -2.28, -3]
						},
						"6.1": {
							"vector": [-5, -2.28, -14]
						},
						"6.2667": {
							"vector": [-5, -2.28, -2]
						},
						"6.5": {
							"vector": [0, 0, 0]
						}
					}
				},
				"leftarm": {
					"rotation": {
						"0.0": {
							"vector": [0, 0, 0]
						},
						"0.2667": {
							"vector": [0.70568, -8.60514, -12.76874]
						},
						"5.1": {
							"vector": [0.70568, -8.60514, -12.76874]
						},
						"5.3": {
							"vector": [0, 0, 0]
						}
					},
					"position": {
						"0.0": {
							"vector": [0, 0, 0]
						},
						"0.2667": {
							"vector": [-2, 0, -8]
						},
						"5.1": {
							"vector": [-2, 0, -8]
						},
						"5.3": {
							"vector": [0, 0, 0]
						}
					}
				},
				"rightarm": {
					"rotation": {
						"0.3667": {
							"vector": [0, 0, 0]
						},
						"1.0333": {
							"vector": [-4.95933, 13.05749, 58.98408]
						},
						"2.1667": {
							"vector": [-4.72008, 9.46267, 47.0078]
						},
						"2.6": {
							"vector": [-4.7331, 8.1738, 34.32711]
						},
						"2.7333": {
							"vector": [0, 0, 0]
						}
					},
					"position": {
						"0.3667": {
							"vector": [0, 0, 0]
						},
						"1.0333": {
							"vector": [-6, 11, -12.7]
						},
						"1.2": {
							"vector": [-6, 11.125, -6.7]
						},
						"1.9333": {
							"vector": [-6, 11.125, -6.7]
						},
						"2.1667": {
							"vector": [-6, 11, -12.7]
						},
						"2.6": {
							"vector": [-6, 3, -13]
						},
						"2.7333": {
							"vector": [0, 0, 0]
						}
					}
				},
				"ChamberTop": {
					"rotation": {
						"vector": [0, 0, 0]
					},
					"position": {
						"0.0": {
							"vector": [0, 0, 0]
						},
						"1.0333": {
							"vector": [0, 0, 0]
						},
						"1.2": {
							"vector": [0, 0, -6]
						},
						"1.9333": {
							"vector": [0, 0, -6]
						},
						"2.1667": {
							"vector": [0, 0, 0]
						}
					}
				},
				"Chamber2": {
					"rotation": {
						"0.9667": {
							"vector": [0, 0, 0]
						},
						"1.0333": {
							"vector": [0, 0, -90]
						},
						"2.1667": {
							"vector": [0, 0, -90]
						},
						"2.6": {
							"vector": [0, 0, 0]
						}
					},
					"position": {
						"0.0": {
							"vector": [0, 0, 0]
						},
						"1.0333": {
							"vector": [0, 0, 0]
						},
						"1.2": {
							"vector": [0, 0, -6]
						},
						"1.9333": {
							"vector": [0, 0, -6]
						},
						"2.1667": {
							"vector": [0, 0, 0]
						}
					}
				},
				"BullestShell": {
					"position": {
						"1.0333": {
							"vector": [0, 0, 0]
						},
						"1.2": {
							"vector": [0, 0, 6]
						},
						"1.9333": {
							"vector": [0, 0, 6]
						},
						"2.1667": {
							"vector": [0, 0, 0]
						}
					}
				}
			}
		}
	},
	"geckolib_format_version": 2
}