{
	"format_version": "1.8.0",
	"animations": {
		"animation.model.draw": {
			"loop": "hold_on_last_frame",
			"animation_length": 1.55,
			"bones": {
				"main": {
					"rotation": {
						"0.0": {
							"vector": [32.09413, -54.38778, -8.29667]
						},
						"0.25": {
							"vector": [-18.86653, -9.96368, 5.36947]
						},
						"0.4": {
							"vector": [-30.50717, -8.92786, 5.68812]
						},
						"0.5": {
							"vector": [-18.86653, -9.96368, 5.36947]
						},
						"0.75": {
							"vector": [-25.16866, -6.51093, 6.43163]
						},
						"0.9": {
							"vector": [0.50518, -5.08075, 6.8716],
							"easing": "linear"
						},
						"1.0": {
							"vector": [6.69335, -4.80216, 6.31002]
						},
						"1.1": {
							"vector": [6.33857, -0.41789, -1.49563]
						},
						"1.2": {
							"vector": [-6.75, 0, 0],
							"easing": "linear"
						},
						"1.3": {
							"vector": [-9.97902, -0.65073, -3.69319]
						},
						"1.4": {
							"vector": [4.48908, 0.31358, -3.98771],
							"easing": "linear"
						},
						"1.55": {
							"vector": [0, 0, 0],
							"easing": "linear"
						}
					},
					"position": {
						"0.0": {
							"vector": [0, -17.3, 0]
						},
						"0.25": {
							"vector": [-0.05, -2, -8.49],
							"easing": "linear"
						},
						"0.5": {
							"vector": [-0.05, -2, -13.49],
							"easing": "linear"
						},
						"0.95": {
							"vector": [0, 0, -5],
							"easing": "linear"
						},
						"1.2": {
							"vector": [0, 0, -1.7]
						},
						"1.25": {
							"vector": [0, 0, -1.68]
						},
						"1.35": {
							"vector": [0, 0, 0]
						}
					}
				},
				"gun": {
					"rotation": {
						"0.0": {
							"vector": [137.5, 0, 0]
						},
						"0.05": {
							"vector": [55.5, 0, 0]
						},
						"0.1": {
							"vector": [-49.5, 0, 0]
						},
						"0.15": {
							"vector": [-138.5, 0, 0]
						},
						"0.2": {
							"vector": [-197.25, 0, 0]
						},
						"0.25": {
							"vector": [-256, 0, 0]
						},
						"0.3": {
							"vector": [-305, 0, 0]
						},
						"0.35": {
							"vector": [-354, 0, 0]
						},
						"0.4": {
							"vector": [-392.75, 0, 0]
						},
						"0.45": {
							"vector": [-431.5, 0, 0]
						},
						"0.5": {
							"vector": [-422.91, 0, 0]
						},
						"0.55": {
							"vector": [-414.33, 0, 0]
						},
						"0.6": {
							"vector": [-373.39, 0, 0]
						},
						"0.65": {
							"vector": [-332.44, 0, 0]
						},
						"0.7": {
							"vector": [-291.5, 0, 0]
						},
						"0.75": {
							"vector": [-243.5, 0, 0]
						},
						"0.8": {
							"vector": [-195.5, 0, 0]
						},
						"0.85": {
							"vector": [-134.5, 0, 0]
						},
						"0.9": {
							"vector": [-73.5, 0, 0]
						},
						"0.95": {
							"vector": [-36.75, 0, 0]
						},
						"1.0": {
							"vector": [0, 0, 0]
						}
					},
					"position": {
						"0.0": {
							"vector": [0, -11.3, 9.4]
						},
						"0.05": {
							"vector": [0, -1.97, 1.86]
						},
						"0.25": {
							"vector": [0, 16.51, -6.77]
						},
						"0.5": {
							"vector": [0, 0, 0]
						},
						"0.65": {
							"vector": [0, -1.4, -2.8]
						},
						"0.7": {
							"vector": [0, -3.25, -3.4]
						},
						"0.75": {
							"vector": [0, -3.925, 1.0375]
						},
						"0.8": {
							"vector": [-1, 1.3875, 4.8625]
						},
						"0.85": {
							"vector": [-0.67, 0.93, 5.515]
						},
						"0.9": {
							"vector": [-0.33, 3.6475, 1.36]
						},
						"0.95": {
							"vector": [0, 0, 0]
						}
					}
				},
				"Cylinder": {
					"rotation": {
						"0.0": {
							"vector": [0, 0, 0]
						},
						"1.05": {
							"vector": [-45, 0, 0]
						},
						"1.2": {
							"vector": [0, 0, 0]
						}
					},
					"position": {
						"vector": [0, 0, 0]
					}
				},
				"Hammer": {
					"rotation": {
						"1.05": {
							"vector": [-65, 0, 0]
						},
						"1.2": {
							"vector": [0, 0, 0]
						}
					},
					"position": {
						"1.05": {
							"vector": [0, 0, 0]
						},
						"1.2": {
							"vector": [0, 0, 0]
						}
					}
				},
				"rightarm": {
					"rotation": {
						"0.0": {
							"vector": [0, 0, 0]
						},
						"0.25": {
							"vector": [4.44, 0, 0]
						},
						"0.45": {
							"vector": [-25.8, 0, 0]
						},
						"0.55": {
							"vector": [-10.8, 0, 0]
						},
						"0.65": {
							"vector": [34, 0, 0]
						},
						"0.8": {
							"vector": [7.5, 0, 0]
						},
						"1.1": {
							"vector": [0, 0, 0]
						}
					},
					"position": {
						"0.0": {
							"vector": [0, 0, -1.9]
						},
						"0.1": {
							"vector": [-3.95, 1.8, -6.9]
						},
						"0.2": {
							"vector": [-4.5, 4.9, -4.1]
						},
						"0.25": {
							"vector": [-4.67, 3.3, -3.6]
						},
						"0.35": {
							"vector": [-1.5, 0, -3]
						},
						"0.4": {
							"vector": [-0.7, -8.23, -1.78]
						},
						"0.45": {
							"vector": [0.1, -10.45, -7.75]
						},
						"0.55": {
							"vector": [-0.9, -6.2, -3.75]
						},
						"0.65": {
							"vector": [-4.43, 7.15, -10.36]
						},
						"0.7": {
							"vector": [-3.86, 5.84, -8.9]
						},
						"0.8": {
							"vector": [-5.23, 9.08, -9.52]
						},
						"0.9": {
							"vector": [-4.49, 4.45, -9.35]
						},
						"1.1": {
							"vector": [0, 0, 0]
						}
					}
				},
				"leftarm": {
					"rotation": {
						"0.0": {
							"vector": [0, 0, 0]
						},
						"1.05": {
							"vector": [-2.70964, -7.10759, -19.00123]
						},
						"1.2": {
							"vector": [-4.07792, -18.02389, -11.80015]
						},
						"1.4": {
							"vector": [0, 0, 0]
						},
						"1.55": {
							"vector": [0, 0, 0]
						}
					},
					"position": {
						"0.0": {
							"vector": [0, -38, -35]
						},
						"0.2": {
							"vector": [0, -38, 10]
						},
						"0.8": {
							"vector": [22, -38, 10]
						},
						"1.05": {
							"vector": [0, 14.7, -4]
						},
						"1.2": {
							"vector": [0, 10.7, -0.4]
						},
						"1.3": {
							"vector": [0, 7.25, 6.8]
						},
						"1.4": {
							"vector": [0, 0, 0]
						}
					}
				}
			},
			"sound_effects": {
				"1.2": {
					"effect": "hammer_cock"
				}
			}
		},
		"animation.model.fire": {
			"loop": "hold_on_last_frame",
			"animation_length": 0.7917,
			"bones": {
				"main": {
					"rotation": {
						"0.0": {
							"vector": [-7.95306, -1.10216, -4.87731]
						},
						"0.0833": {
							"vector": [4.75, 0, 0]
						},
						"0.25": {
							"vector": [-18.86653, -9.96368, 5.36947]
						},
						"0.4167": {
							"vector": [-20.16866, -6.51093, 6.43163]
						},
						"0.5833": {
							"vector": [0.50518, -5.08075, 6.8716],
							"easing": "easeOutSine"
						},
						"0.7083": {
							"vector": [0.32389, -0.60235, -2.1558],
							"easing": "linear"
						},
						"0.7917": {
							"vector": [0, 0, 0],
							"easing": "linear"
						}
					},
					"position": {
						"0.0": {
							"vector": [0, 0, 5.8]
						},
						"0.0833": {
							"vector": [0, 0, 0]
						},
						"0.25": {
							"vector": [-0.4, -2.525, -1.625],
							"easing": "linear"
						},
						"0.4583": {
							"vector": [-0.05, 0, -2.49],
							"easing": "linear"
						},
						"0.75": {
							"vector": [0, 0, 0],
							"easing": "linear"
						}
					}
				},
				"Cylinder": {
					"rotation": {
						"0.0": {
							"vector": [0, 0, -57.5]
						},
						"0.3333": {
							"vector": [0, 0, -57.5]
						},
						"0.5": {
							"vector": [0, 0, 0]
						}
					},
					"position": {
						"0.0": {
							"vector": [0, 0, 0]
						},
						"0.3333": {
							"vector": [0, 0, 0]
						}
					}
				},
				"Hammer": {
					"rotation": {
						"0.0": {
							"vector": [-65, 0, 0]
						},
						"0.25": {
							"vector": [-65, 0, 0]
						},
						"0.4167": {
							"vector": [0, 0, 0]
						}
					},
					"position": {
						"0.0": {
							"vector": [0, 0, 0]
						},
						"0.25": {
							"vector": [0, 0, 0]
						},
						"0.4167": {
							"vector": [0, 0, 0]
						}
					}
				},
				"trigger": {
					"rotation": {
						"0.0": {
							"vector": [30, 0, 0]
						},
						"0.0833": {
							"vector": [0, 0, 0]
						}
					}
				},
				"rightarm": {
					"rotation": {
						"0.0": {
							"vector": [0, 0, 0]
						},
						"0.25": {
							"vector": [-10, 0, 0]
						},
						"0.4167": {
							"vector": [0, 0, 0]
						},
						"0.5833": {
							"vector": [0, 0, 0]
						}
					},
					"position": {
						"0.0": {
							"vector": [0, 0, 0]
						},
						"0.25": {
							"vector": [0, 6.1625, -2]
						},
						"0.4167": {
							"vector": [0, 5, 1]
						},
						"0.5833": {
							"vector": [0, 0, 0]
						}
					}
				}
			},
			"sound_effects": {
				"0.3333": {
					"effect": "hammer_cock"
				}
			}
		},
		"animation.model.prepare": {
			"loop": "hold_on_last_frame",
			"animation_length": 0.9167,
			"bones": {
				"main": {
					"rotation": {
						"0.0": {
							"vector": [0, 0, 0]
						},
						"0.5833": {
							"vector": [0, 0, 2.25]
						},
						"0.7083": {
							"vector": [3.5, 0, -0.75]
						},
						"0.7917": {
							"vector": [3.49731, 0.13732, -2.99581]
						},
						"0.9167": {
							"vector": [3.5, 0, -0.75]
						}
					},
					"position": {
						"0.0": {
							"vector": [0, 0, 0]
						},
						"0.5": {
							"vector": [0, 0, -0.95]
						}
					}
				},
				"gun": {
					"rotation": {
						"0.0": {
							"vector": [0, 0, 0]
						},
						"0.0833": {
							"vector": [2.75, -1.5, 0]
						},
						"0.25": {
							"vector": [0, 18.75, 4.5]
						},
						"0.375": {
							"vector": [-2.08843, 19.76781, 9.30969]
						},
						"0.5": {
							"vector": [-4.24748, 25.78224, 13.92255]
						},
						"0.7083": {
							"vector": [-7.5, 22.5, 22.5]
						}
					},
					"position": {
						"0.0": {
							"vector": [0, 0, 0]
						},
						"0.7083": {
							"vector": [-1.5, 1.3625, 2.75]
						}
					}
				},
				"Hammer": {
					"rotation": {
						"0.3333": {
							"vector": [0, 0, 0]
						},
						"0.4583": {
							"vector": [-47.5, 0, 0]
						}
					}
				},
				"BulletLoader": {
					"rotation": {
						"0.5833": {
							"vector": [0, 0, 0]
						},
						"0.7083": {
							"vector": [0, 0, 77.5]
						}
					},
					"position": {
						"vector": [0, 0, 0]
					}
				},
				"rightarm": {
					"rotation": {
						"0.0": {
							"vector": [0, 0, 0]
						},
						"0.25": {
							"vector": [1.56719, 14.16476, 11.78892]
						},
						"0.5833": {
							"vector": [-3.88173, 15.55106, 8.68235]
						},
						"0.625": {
							"vector": [-3.88173, 15.55106, 8.68235]
						},
						"0.7083": {
							"vector": [-0.19587, 11.73392, -16.21035]
						}
					},
					"position": {
						"0.0": {
							"vector": [0, 0, 0]
						},
						"0.0833": {
							"vector": [0.52, 0.96, 0]
						},
						"0.25": {
							"vector": [4.39, 1.42, 0]
						},
						"0.375": {
							"vector": [3.68, 6.22, 3]
						},
						"0.5833": {
							"vector": [0.78, 5.95, 0.49]
						},
						"0.625": {
							"vector": [0.78, 5.95, 0.49]
						},
						"0.7083": {
							"vector": [-1.4, 5.75, 0]
						}
					}
				},
				"leftarm": {
					"rotation": {
						"0.0": {
							"vector": [0, 0, 0]
						},
						"0.7083": {
							"vector": [-4.1671, -9.88888, -14.47998]
						}
					},
					"position": {
						"0.0": {
							"vector": [0, 0, 0]
						},
						"0.125": {
							"vector": [0.21, 2.88, -9.25]
						},
						"0.25": {
							"vector": [0.42, 5.75, -12.5]
						},
						"0.5417": {
							"vector": [-1.75, 14.5, -18.75]
						}
					}
				}
			},
			"sound_effects": {
				"0.375": {
					"effect": "close_cylinder"
				},
				"0.625": {
					"effect": "open_cylinder"
				}
			}
		},
		"animation.model.iterativeload": {
			"loop": "hold_on_last_frame",
			"animation_length": 0.7917,
			"bones": {
				"main": {
					"rotation": {
						"0.0": {
							"vector": [3.5, 0, -0.75]
						},
						"0.1667": {
							"vector": [5.25, 0, -0.75]
						},
						"0.2917": {
							"vector": [8.25, 0, -0.75]
						},
						"0.4167": {
							"vector": [6.5, 0, -0.75]
						},
						"0.5417": {
							"vector": [3.5, 0, -0.75]
						},
						"0.6667": {
							"vector": [3.4904, 0.25922, -4.9921]
						},
						"0.7917": {
							"vector": [3.5, 0, -0.75]
						}
					},
					"position": {
						"0.0": {
							"vector": [0, 0, -0.95]
						},
						"0.0833": {
							"vector": [0.3, 0, 0.2375]
						},
						"0.1667": {
							"vector": [0, 0, -0.95]
						},
						"0.2917": {
							"vector": [0, 0, -0.2]
						},
						"0.4167": {
							"vector": [0, 0, -0.4125]
						},
						"0.5417": {
							"vector": [0, 0, -0.95]
						},
						"0.7917": {
							"vector": [0, 0, -0.95]
						}
					}
				},
				"gun": {
					"rotation": {
						"vector": [-7.5, 22.5, 22.5]
					},
					"position": {
						"vector": [-1.5, 1.3625, 2.75]
					}
				},
				"Cylinder": {
					"rotation": {
						"0.6667": {
							"vector": [0, 0, 0]
						},
						"0.7917": {
							"vector": [180, 0, 0]
						}
					},
					"position": {
						"0.6667": {
							"vector": [0, 0, 0]
						},
						"0.7917": {
							"vector": [0, 0, 0]
						}
					}
				},
				"Bullet7": {
					"position": {
						"0.0": {
							"vector": [0, 0, 0]
						},
						"0.125": {
							"vector": [-35.5, 0, 0]
						},
						"0.3333": {
							"vector": [-32, 0, 0]
						},
						"0.5": {
							"vector": [-2, 0, 0]
						},
						"0.625": {
							"vector": [0, 0, 0]
						}
					}
				},
				"Hammer": {
					"rotation": {
						"vector": [-47.5, 0, 0]
					}
				},
				"BulletLoader": {
					"rotation": {
						"vector": [0, 0, 77.5]
					}
				},
				"Eject": {
					"position": {
						"0.0": {
							"vector": [0, 0, 0]
						},
						"0.125": {
							"vector": [0, 0, 9]
						},
						"0.3333": {
							"vector": [0, 0, 0]
						}
					}
				},
				"rightarm": {
					"rotation": {
						"0.0": {
							"vector": [-0.19587, 11.73392, -16.21035]
						},
						"0.25": {
							"vector": [9.02651, 24.10294, 63.43417]
						},
						"0.75": {
							"vector": [-0.19587, 11.73392, -16.21035]
						}
					},
					"position": {
						"0.0": {
							"vector": [-1.4, 5.75, 0]
						},
						"0.25": {
							"vector": [2.6, 0.75, 13]
						},
						"0.3333": {
							"vector": [8.6, 0.75, 20]
						},
						"0.5": {
							"vector": [1.6, 6.75, 2]
						},
						"0.625": {
							"vector": [1.6, 6.75, 1]
						},
						"0.75": {
							"vector": [-1.4, 5.75, 0]
						}
					}
				},
				"leftarm": {
					"rotation": {
						"vector": [-4.1671, -9.88888, -14.47998]
					},
					"position": {
						"vector": [-1.75, 14.5, -18.75]
					}
				},
				".45": {
					"scale": {
						"0.0": {
							"vector": [1, 1, 1]
						},
						"0.0417": {
							"vector": [0, 0, 0]
						},
						"0.375": {
							"vector": [0, 0, 0]
						},
						"0.4167": {
							"vector": [1, 1, 1]
						}
					}
				}
			},
			"sound_effects": {
				"0.0": {
					"effect": "ejector_rod"
				},
				"0.2083": {
					"effect": "shell_eject"
				},
				"0.4583": {
					"effect": "cylinder_rotate"
				}
			}
		},
		"animation.model.finish": {
			"loop": "hold_on_last_frame",
			"animation_length": 0.8333,
			"bones": {
				"main": {
					"rotation": {
						"0.0": {
							"vector": [3.5, 0, -0.75]
						},
						"0.1667": {
							"vector": [0, 0, 2.25]
						},
						"0.3333": {
							"vector": [4, 0, 0.45]
						},
						"0.375": {
							"vector": [0, 0, 0]
						},
						"0.5": {
							"vector": [4.47864, 0.32621, -7.49294]
						},
						"0.625": {
							"vector": [0, 0, 0]
						},
						"0.75": {
							"vector": [0, 0, -4.25]
						},
						"0.8333": {
							"vector": [0, 0, 0]
						}
					},
					"position": {
						"0.0": {
							"vector": [0, 0, -0.95]
						},
						"0.2083": {
							"vector": [0, -0.85, -0.42]
						},
						"0.375": {
							"vector": [0, 0, 0]
						},
						"0.625": {
							"vector": [0, 0, 0]
						}
					}
				},
				"gun": {
					"rotation": {
						"0.0": {
							"vector": [-7.5, 22.5, 22.5]
						},
						"0.3333": {
							"vector": [0, 25.75, 4.5]
						},
						"0.5": {
							"vector": [4.5, 9.375, 2.25]
						},
						"0.625": {
							"vector": [-1.43028, -3.3753, 9.9828]
						},
						"0.7083": {
							"vector": [0, 0, 0]
						}
					},
					"position": {
						"0.0": {
							"vector": [-1.5, 1.3625, 2.75]
						},
						"0.3333": {
							"vector": [-1.2375, 0.64, 4.505]
						},
						"0.625": {
							"vector": [1.9875, 0, 1.65]
						},
						"0.7083": {
							"vector": [0, 0, 0]
						}
					}
				},
				"Bullet7": {
					"position": {
						"vector": [0, 0, 0]
					}
				},
				"Hammer": {
					"rotation": {
						"0.25": {
							"vector": [-47.5, 0, 0]
						},
						"0.3333": {
							"vector": [0, 0, 0]
						}
					}
				},
				"BulletLoader": {
					"rotation": {
						"0.0417": {
							"vector": [0, 0, 77.5]
						},
						"0.125": {
							"vector": [0, 0, 0]
						}
					}
				},
				"Eject": {
					"position": {
						"vector": [0, 0, 0]
					}
				},
				"rightarm": {
					"rotation": {
						"0.0": {
							"vector": [-0.19587, 11.73392, -16.21035]
						},
						"0.0417": {
							"vector": [-0.19587, 11.73392, -16.21035]
						},
						"0.125": {
							"vector": [-3.88173, 15.55106, 8.68235]
						},
						"0.3333": {
							"vector": [9.23194, 14.75889, 10.45753]
						},
						"0.4583": {
							"vector": [1.56719, 14.16476, 11.78892]
						},
						"0.5833": {
							"vector": [-5.80265, 1.64873, 14.78949]
						},
						"0.7083": {
							"vector": [0, 0, 0]
						}
					},
					"position": {
						"0.0": {
							"vector": [-1.4, 5.75, 0]
						},
						"0.0417": {
							"vector": [-1.4, 5.75, 0]
						},
						"0.125": {
							"vector": [0.78, 5.95, 0.49]
						},
						"0.25": {
							"vector": [3.68, 7.445, 3]
						},
						"0.3333": {
							"vector": [4.15, 7.43, 3.4125]
						},
						"0.4583": {
							"vector": [4.39, 1.42, 0]
						},
						"0.5833": {
							"vector": [0, 0, 0]
						}
					}
				},
				"leftarm": {
					"rotation": {
						"0.0": {
							"vector": [-4.1671, -9.88888, -14.47998]
						},
						"0.1667": {
							"vector": [-9.95713, -11.29259, -25.6185]
						},
						"0.3333": {
							"vector": [-3.77499, -1.76052, -19.88319]
						},
						"0.625": {
							"vector": [0, 0, 0]
						}
					},
					"position": {
						"0.0": {
							"vector": [-1.75, 14.5, -18.75]
						},
						"0.1667": {
							"vector": [-4.85, 14.5, -18.75]
						},
						"0.3333": {
							"vector": [0.69, 11.14, -8.775]
						},
						"0.5": {
							"vector": [5.69, 4.14, 1.23]
						},
						"0.625": {
							"vector": [0, 0, 0]
						}
					}
				}
			},
			"sound_effects": {
				"0.125": {
					"effect": "close_cylinder"
				},
				"0.3333": {
					"effect": "hammer_cock"
				}
			}
		},
		"animation.model.inspect": {
			"loop": "hold_on_last_frame",
			"animation_length": 5.9167,
			"bones": {
				"main": {
					"rotation": {
						"0.0": {
							"vector": [0, 0, 0]
						},
						"0.125": {
							"vector": [0, -25, -17.5]
						},
						"0.25": {
							"vector": [0, -40, -17.5]
						},
						"0.5": {
							"vector": [-2.84254, -42.97765, -13.34796]
						},
						"0.625": {
							"vector": [0, -45, -17.5]
						},
						"0.8333": {
							"vector": [-2.61252, -44.42312, -13.4522]
						},
						"1.0417": {
							"vector": [-3.93584, -44.14504, -11.40362]
						},
						"1.2917": {
							"vector": [-5.31462, -44.28863, -9.27456]
						},
						"1.5833": {
							"vector": [-7.04771, -43.13227, -6.58711]
						},
						"1.9167": {
							"vector": [-16.62989, -33.13352, 8.30288]
						},
						"2.0833": {
							"vector": [-26.78323, -14.83451, 24.36763]
						},
						"2.25": {
							"vector": [-30.2392, -1.24626, 57.552]
						},
						"2.4167": {
							"vector": [-30.10055, 3.28379, 65.33206]
						},
						"2.5833": {
							"vector": [-30.19295, 2.15369, 63.38423]
						},
						"2.75": {
							"vector": [-29.84092, 5.28263, 68.80672]
						},
						"3.125": {
							"vector": [-29.53973, 6.89273, 71.64596]
						},
						"3.5833": {
							"vector": [-7.04771, -43.13227, -6.58711]
						},
						"3.875": {
							"vector": [-4.94232, -43.36733, -9.65946]
						},
						"4.0833": {
							"vector": [-8.39918, -44.44534, -4.60941]
						},
						"4.25": {
							"vector": [-3.09885, -44.15355, -5.0489]
						},
						"4.8333": {
							"vector": [-5.63552, -1.17189, 3.75581]
						},
						"5.5": {
							"vector": [4.21304, -0.31961, 1.02431]
						},
						"5.5833": {
							"vector": [11.05869, -0.21307, 0.68288]
						},
						"5.75": {
							"vector": [0, 0, 0]
						},
						"5.8333": {
							"vector": [5.75, 0, -4.75]
						},
						"5.9167": {
							"vector": [0, 0, 0]
						}
					},
					"position": {
						"0.0": {
							"vector": [0, 0, 0]
						},
						"0.125": {
							"vector": [-4, 0, 0]
						},
						"1.8333": {
							"vector": [-4, 0, 0]
						},
						"2.0833": {
							"vector": [-4, -4, 0]
						},
						"2.25": {
							"vector": [-4, -3.6, 0]
						},
						"2.9167": {
							"vector": [-4, -3.6, 0]
						},
						"3.375": {
							"vector": [-4, -5.2875, 0]
						},
						"3.6667": {
							"vector": [-4, -4.715, 0]
						},
						"4.0": {
							"vector": [-4, -4.715, 0]
						},
						"4.25": {
							"vector": [-4, -6.015, 0]
						},
						"4.5": {
							"vector": [-4, 4.9275, -8]
						},
						"5.4167": {
							"vector": [-4, 4.9275, 3]
						},
						"5.8333": {
							"vector": [0, 0, 0]
						}
					}
				},
				"gun": {
					"rotation": {
						"4.25": {
							"vector": [0, 0, 0]
						},
						"4.5": {
							"vector": [137.5, 0, 0]
						},
						"4.5417": {
							"vector": [55.5, 0, 0]
						},
						"4.5833": {
							"vector": [-49.5, 0, 0]
						},
						"4.6667": {
							"vector": [-138.5, 0, 0]
						},
						"4.7083": {
							"vector": [-197.25, 0, 0]
						},
						"4.75": {
							"vector": [-256, 0, 0]
						},
						"4.7917": {
							"vector": [-305, 0, 0]
						},
						"4.8333": {
							"vector": [-354, 0, 0]
						},
						"4.9167": {
							"vector": [-392.75, 0, 0]
						},
						"4.9583": {
							"vector": [-431.5, 0, 0]
						},
						"5.0": {
							"vector": [-422.91, 0, 0]
						},
						"5.0417": {
							"vector": [-414.33, 0, 0]
						},
						"5.0833": {
							"vector": [-373.39, 0, 0]
						},
						"5.1667": {
							"vector": [-332.44, 0, 0]
						},
						"5.2083": {
							"vector": [-291.5, 0, 0]
						},
						"5.25": {
							"vector": [-243.5, 0, 0]
						},
						"5.2917": {
							"vector": [-195.5, 0, 0]
						},
						"5.3333": {
							"vector": [-134.5, 0, 0]
						},
						"5.4167": {
							"vector": [-73.5, 0, 0]
						},
						"5.4583": {
							"vector": [-36.75, 0, 0]
						},
						"5.5": {
							"vector": [0, 0, 0]
						},
						"5.5833": {
							"vector": [0, 0, 0]
						}
					},
					"position": {
						"4.25": {
							"vector": [0, 0, 0]
						},
						"4.375": {
							"vector": [0, -6.9, 5.2]
						},
						"4.5": {
							"vector": [0, -11.3, 9.4]
						},
						"4.5417": {
							"vector": [0, -1.97, 1.86]
						},
						"4.75": {
							"vector": [0, 16.51, -6.77]
						},
						"5.0": {
							"vector": [0, 0, 0]
						},
						"5.1667": {
							"vector": [0, -1.4, -2.8]
						},
						"5.2083": {
							"vector": [0, -3.25, -3.4]
						},
						"5.25": {
							"vector": [0, -3.925, 1.0375]
						},
						"5.2917": {
							"vector": [-1, 1.3875, 4.8625]
						},
						"5.3333": {
							"vector": [-0.67, 0.93, 5.515]
						},
						"5.4167": {
							"vector": [-0.33, 3.6475, 1.36]
						},
						"5.4583": {
							"vector": [0, 0, 0]
						}
					}
				},
				"rightarm": {
					"rotation": {
						"4.25": {
							"vector": [0, 0, 0]
						},
						"4.375": {
							"vector": [22.5, 0, 0]
						},
						"4.5": {
							"vector": [0, 0, 0]
						},
						"4.75": {
							"vector": [4.44, 0, 0]
						},
						"4.9583": {
							"vector": [-25.8, 0, 0]
						},
						"5.0417": {
							"vector": [-10.8, 0, 0]
						},
						"5.1667": {
							"vector": [34, 0, 0]
						},
						"5.2917": {
							"vector": [7.5, 0, 0]
						},
						"5.5": {
							"vector": [0, 0, 0]
						}
					},
					"position": {
						"4.25": {
							"vector": [0, 0, 0]
						},
						"4.375": {
							"vector": [0, 2, -0.95]
						},
						"4.5": {
							"vector": [0, 0, -1.9]
						},
						"4.5833": {
							"vector": [-3.95, 1.8, -6.9]
						},
						"4.7083": {
							"vector": [-4.5, 4.9, -4.1]
						},
						"4.75": {
							"vector": [-4.67, 3.3, -3.6]
						},
						"4.8333": {
							"vector": [-1.5, 0, -3]
						},
						"4.9167": {
							"vector": [-0.7, -8.23, -1.78]
						},
						"4.9583": {
							"vector": [0.1, -10.45, -7.75]
						},
						"5.0417": {
							"vector": [-0.9, -6.2, -3.75]
						},
						"5.1667": {
							"vector": [-4.43, 7.15, -10.36]
						},
						"5.2083": {
							"vector": [-3.86, 5.84, -8.9]
						},
						"5.2917": {
							"vector": [-5.23, 9.08, -9.52]
						},
						"5.4167": {
							"vector": [-4.49, 4.45, -9.35]
						},
						"5.5": {
							"vector": [0, 0, 0]
						}
					}
				},
				"leftarm": {
					"rotation": {
						"0.0": {
							"vector": [0, 0, 0]
						},
						"0.125": {
							"vector": [0.68398, -8.27333, -14.03245]
						},
						"1.9167": {
							"vector": [0.68398, -8.27333, -14.03245]
						},
						"3.375": {
							"vector": [0.68398, -8.27333, -14.03245]
						},
						"5.7083": {
							"vector": [0.68, -8.27, -14.03]
						},
						"5.8333": {
							"vector": [0, 0, 0]
						}
					},
					"position": {
						"0.0": {
							"vector": [0, 0, 0]
						},
						"0.125": {
							"vector": [6, -28, -6]
						},
						"1.9167": {
							"vector": [6, -28, -6]
						},
						"2.25": {
							"vector": [6, 11, 26]
						},
						"3.0": {
							"vector": [28, 20.1, 4.67]
						},
						"3.375": {
							"vector": [6, -28, -6]
						},
						"5.7083": {
							"vector": [6, -28, -6]
						},
						"5.8333": {
							"vector": [0, 0, 0]
						}
					}
				}
			}
		},
		"animation.model.hipfire": {
			"loop": true,
			"animation_length": 0.1667,
			"bones": {
				"main": {
					"rotation": {
						"0.0": {
							"vector": [-2.5, 0, 0]
						},
						"0.0833": {
							"vector": [5, 0, 0]
						},
						"0.1667": {
							"vector": [0, 0, 0]
						}
					},
					"position": {
						"0.0": {
							"vector": [0, 0, 3]
						},
						"0.0833": {
							"vector": [0, 0, 0]
						},
						"0.1667": {
							"vector": [0, 0, 0]
						}
					}
				},
				"Hammer": {
					"rotation": {
						"0.0833": {
							"vector": [-65, 0, 0]
						},
						"0.1667": {
							"vector": [0, 0, 0]
						}
					},
					"position": {
						"0.0833": {
							"vector": [0, 0, 0]
						},
						"0.1667": {
							"vector": [0, 0, 0]
						}
					}
				},
				"Cylinder": {
					"rotation": {
						"0.0": {
							"vector": [0, 0, 90]
						},
						"0.1667": {
							"vector": [0, 0, 0]
						}
					},
					"position": {
						"vector": [0, 0, 0]
					}
				},
				"leftarm": {
					"rotation": {
						"0.0": {
							"vector": [-13.26267, -50.60319, -65.09908]
						},
						"0.0833": {
							"vector": [-18.76267, -50.60319, -65.09908]
						},
						"0.1667": {
							"vector": [-13.26267, -50.60319, -65.09908]
						}
					},
					"position": {
						"0.0": {
							"vector": [-13, 25, 9.75]
						},
						"0.0833": {
							"vector": [-15.55, 26.6625, 7.2875]
						},
						"0.1667": {
							"vector": [-13, 23.4125, 11.65]
						}
					}
				}
			},
			"sound_effects": {
				"0.0833": {
					"effect": "hammer_cock"
				}
			}
		},
		"animation.model.preparehip": {
			"loop": "hold_on_last_frame",
			"animation_length": 0.125,
			"bones": {
				"main": {
					"rotation": {
						"0.0": {
							"vector": [0, 0, 0]
						},
						"0.0833": {
							"vector": [0, 0, 2]
						}
					}
				},
				"leftarm": {
					"rotation": {
						"0.0": {
							"vector": [0, 0, 0]
						},
						"0.125": {
							"vector": [-13.26267, -50.60319, -65.09908]
						}
					},
					"position": {
						"0.0": {
							"vector": [0, 0, 0]
						},
						"0.125": {
							"vector": [-13, 25, 9.75]
						}
					}
				}
			}
		}
	},
	"geckolib_format_version": 2
}