{
	"format_version": "1.8.0",
	"animations": {
		"animation.model.draw": {
			"loop": "hold_on_last_frame",
			"animation_length": 0.7,
			"bones": {
				"main": {
					"rotation": {
						"0.0": {
							"vector": [32.09413, -54.38778, -8.29667]
						},
						"0.25": {
							"vector": [-26.36653, -9.96368, 5.36947]
						},
						"0.45": {
							"vector": [0.50518, -5.08075, 6.8716],
							"easing": "easeOutSine"
						},
						"0.6": {
							"vector": [0.32389, -0.60235, -2.1558],
							"easing": "linear"
						},
						"0.7": {
							"vector": [0, 0, 0],
							"easing": "linear"
						}
					},
					"position": {
						"0.0": {
							"vector": [0, -17.3, 0]
						},
						"0.25": {
							"vector": [-0.4, -2.525, -1.625],
							"easing": "linear"
						},
						"0.5": {
							"vector": [-0.05, 0, -2.49],
							"easing": "linear"
						},
						"0.65": {
							"vector": [0, 0, 0],
							"easing": "linear"
						}
					}
				},
				"leftarm": {
					"rotation": {
						"0.0": {
							"vector": [0, 0, 0]
						},
						"0.25": {
							"vector": [30.02913, 19.99952, 0.14176]
						},
						"0.55": {
							"vector": [0, 0, 0]
						}
					},
					"position": {
						"0.0": {
							"vector": [0, 0, 0]
						},
						"0.25": {
							"vector": [-1, 15, -15]
						},
						"0.55": {
							"vector": [0, 0, 0]
						}
					}
				},
				"Barrel": {
					"rotation": {
						"0.0": {
							"vector": [55.5, 0, 0]
						},
						"0.15": {
							"vector": [55.5, 0, 0]
						},
						"0.25": {
							"vector": [0, 0, 0]
						}
					}
				}
			},
			"sound_effects": {
				"0.25": {
					"effect": "dobelshotgun_close"
				}
			}
		},
		"animation.model.drawempty": {
			"loop": "hold_on_last_frame",
			"animation_length": 1.2,
			"bones": {
				"main": {
					"rotation": {
						"0.0": {
							"vector": [32.09413, -54.38778, -8.29667]
						},
						"0.25": {
							"vector": [-26.36653, -9.96368, 5.36947]
						},
						"0.45": {
							"vector": [0.50518, -5.08075, 6.8716],
							"easing": "easeOutSine"
						},
						"0.6": {
							"vector": [0.32389, -0.60235, -2.1558],
							"easing": "linear"
						},
						"0.7": {
							"vector": [0, 0, 0],
							"easing": "linear"
						}
					},
					"position": {
						"0.0": {
							"vector": [0, -17.3, 0]
						},
						"0.25": {
							"vector": [-0.4, -2.525, -1.625],
							"easing": "linear"
						},
						"0.5": {
							"vector": [-0.05, 0, -2.49],
							"easing": "linear"
						},
						"0.65": {
							"vector": [0, 0, 0],
							"easing": "linear"
						}
					}
				},
				"leftarm": {
					"rotation": {
						"0.0": {
							"vector": [0, 0, 0]
						},
						"0.25": {
							"vector": [30.02913, 19.99952, 0.14176]
						},
						"0.55": {
							"vector": [0, 0, 0]
						}
					},
					"position": {
						"0.0": {
							"vector": [0, 0, 0]
						},
						"0.25": {
							"vector": [-1, 15, -15]
						},
						"0.55": {
							"vector": [0, 0, 0]
						}
					}
				},
				"Barrel": {
					"rotation": {
						"0.0": {
							"vector": [55.5, 0, 0]
						},
						"0.15": {
							"vector": [55.5, 0, 0]
						},
						"0.25": {
							"vector": [0, 0, 0]
						}
					}
				},
				"Bullet": {
					"scale": {
						"vector": [0, 0, 0]
					}
				},
				"Bullet2": {
					"scale": {
						"vector": [0, 0, 0]
					}
				}
			},
			"sound_effects": {
				"0.25": {
					"effect": "dobelshotgun_close"
				}
			}
		},
		"animation.model.drawoneempty": {
			"loop": "hold_on_last_frame",
			"animation_length": 1.2,
			"bones": {
				"main": {
					"rotation": {
						"0.0": {
							"vector": [32.09413, -54.38778, -8.29667]
						},
						"0.25": {
							"vector": [-26.36653, -9.96368, 5.36947]
						},
						"0.45": {
							"vector": [0.50518, -5.08075, 6.8716],
							"easing": "easeOutSine"
						},
						"0.6": {
							"vector": [0.32389, -0.60235, -2.1558],
							"easing": "linear"
						},
						"0.7": {
							"vector": [0, 0, 0],
							"easing": "linear"
						}
					},
					"position": {
						"0.0": {
							"vector": [0, -17.3, 0]
						},
						"0.25": {
							"vector": [-0.4, -2.525, -1.625],
							"easing": "linear"
						},
						"0.5": {
							"vector": [-0.05, 0, -2.49],
							"easing": "linear"
						},
						"0.65": {
							"vector": [0, 0, 0],
							"easing": "linear"
						}
					}
				},
				"leftarm": {
					"rotation": {
						"0.0": {
							"vector": [0, 0, 0]
						},
						"0.25": {
							"vector": [30.02913, 19.99952, 0.14176]
						},
						"0.55": {
							"vector": [0, 0, 0]
						}
					},
					"position": {
						"0.0": {
							"vector": [0, 0, 0]
						},
						"0.25": {
							"vector": [-1, 15, -15]
						},
						"0.55": {
							"vector": [0, 0, 0]
						}
					}
				},
				"Barrel": {
					"rotation": {
						"0.0": {
							"vector": [55.5, 0, 0]
						},
						"0.15": {
							"vector": [55.5, 0, 0]
						},
						"0.25": {
							"vector": [0, 0, 0]
						}
					}
				},
				"Bullet": {
					"scale": {
						"vector": [0, 0, 0]
					}
				}
			},
			"sound_effects": {
				"0.25": {
					"effect": "dobelshotgun_close"
				}
			}
		},
		"animation.model.prepareempty": {
			"loop": "hold_on_last_frame",
			"animation_length": 1.1,
			"bones": {
				"main": {
					"rotation": {
						"0.0": {
							"vector": [0, 0, 0]
						},
						"0.1": {
							"vector": [-0.03492, -1.9997, 1.00061]
						},
						"0.2": {
							"vector": [-0.2093, -2.98903, 6.00729]
						},
						"0.3": {
							"vector": [-0.2093, -2.98903, 6.00729]
						},
						"0.4": {
							"vector": [2.2907, -2.98903, 6.00729]
						},
						"0.5333": {
							"vector": [-0.2093, -2.98903, 6.00729]
						},
						"0.6": {
							"vector": [-0.46924, -2.95941, 11.01395]
						},
						"0.7333": {
							"vector": [0.25136, 4.3953, 28.7156]
						},
						"0.9": {
							"vector": [0.25099, 3.14531, 28.71011]
						}
					},
					"position": {
						"0.0": {
							"vector": [0, 0, 0]
						},
						"0.1": {
							"vector": [0, 0, 0.5]
						},
						"0.3333": {
							"vector": [-0.05, 0, -2.49],
							"easing": "linear"
						},
						"0.7333": {
							"vector": [-0.05, 0, 2.02562]
						}
					}
				},
				"leftarm": {
					"rotation": {
						"0.0": {
							"vector": [0, 0, 0]
						},
						"0.2": {
							"vector": [4.06198, -25.87601, -60.13875]
						},
						"0.2333": {
							"vector": [4.06198, -25.87601, -60.13875]
						},
						"0.3667": {
							"vector": [-5.24679, -4.85957, -36.73629]
						}
					},
					"position": {
						"0.0": {
							"vector": [0, 0, 0]
						},
						"0.1": {
							"vector": [12, 0, 0]
						},
						"0.2": {
							"vector": [1.3, 13, 12.1]
						},
						"0.2333": {
							"vector": [1.3, 13, 12.1]
						},
						"0.3667": {
							"vector": [8, 14, -3]
						},
						"0.4667": {
							"vector": [9.71, 7.43, -3.29]
						},
						"0.6": {
							"vector": [14.69, 6.96, 23.48]
						},
						"0.8": {
							"vector": [11.69, 6.96, 20.48]
						}
					}
				},
				"Barrel": {
					"rotation": {
						"0.0": {
							"vector": [0, 0, 0]
						},
						"0.2333": {
							"vector": [0, 0, 0]
						},
						"0.3667": {
							"vector": [40, 0, 0]
						}
					},
					"position": {
						"0.0": {
							"vector": [0, 0, 0]
						},
						"0.2333": {
							"vector": [0, 0, 0]
						}
					}
				},
				"Bullet": {
					"rotation": {
						"0.0": {
							"vector": [0, 0, 0]
						},
						"0.2333": {
							"vector": [0, 0, 0]
						},
						"0.3": {
							"vector": [0, 0, 0]
						},
						"0.4667": {
							"vector": [-45, 0, 0]
						},
						"0.6333": {
							"vector": [-75, 0, 0]
						},
						"0.7333": {
							"vector": [-75, 0, 0]
						},
						"0.8": {
							"vector": [-59.85385, 24.30509, -22.26914]
						}
					},
					"position": {
						"0.0": {
							"vector": [0, 0, 0]
						},
						"0.2333": {
							"vector": [0, 0, 0]
						},
						"0.3": {
							"vector": [0, 2, 20]
						},
						"0.4667": {
							"vector": [0, -18, 79]
						},
						"0.6333": {
							"vector": [0, -49, 62]
						},
						"0.7333": {
							"vector": [0, -34, 26]
						},
						"0.8": {
							"vector": [13, -23, 5]
						}
					}
				},
				"Eject": {
					"rotation": {
						"0.2333": {
							"vector": [0, 0, 0]
						},
						"0.3667": {
							"vector": [-2.55507, -22.3589, 0.87632]
						}
					},
					"position": {
						"vector": [0, 0, 0]
					}
				},
				"rightarm": {
					"rotation": {
						"vector": [0, 0, 0]
					},
					"position": {
						"vector": [0, 0, 0]
					}
				},
				"Bullet2": {
					"rotation": {
						"0.0": {
							"vector": [0, 0, 0]
						},
						"0.2333": {
							"vector": [0, 0, 0]
						},
						"0.3": {
							"vector": [0, 0, 0]
						},
						"0.4667": {
							"vector": [-50, 0, 0]
						},
						"0.6333": {
							"vector": [-72.5, 0, 0]
						},
						"0.7333": {
							"vector": [-50, 0, 0]
						},
						"0.8": {
							"vector": [-53.99479, 18.74724, -23.85865]
						}
					},
					"position": {
						"0.0": {
							"vector": [0, 0, 0]
						},
						"0.2333": {
							"vector": [0, 0, 0]
						},
						"0.3": {
							"vector": [0, 0, 20]
						},
						"0.4667": {
							"vector": [0, -15, 80]
						},
						"0.6333": {
							"vector": [0, -47, 64]
						},
						"0.7333": {
							"vector": [0, -35, 21]
						},
						"0.8": {
							"vector": [9, -22, 5]
						}
					}
				},
				"700ne": {
					"scale": {
						"vector": [0, 0, 0]
					}
				},
				"700ne2": {
					"scale": {
						"vector": [0, 0, 0]
					}
				}
			},
			"sound_effects": {
				"0.3333": {
					"effect": "dobelbshotgun_open"
				}
			}
		},
		"animation.model.prepare": {
			"loop": "hold_on_last_frame",
			"animation_length": 0.9,
			"bones": {
				"main": {
					"rotation": {
						"0.0": {
							"vector": [0, 0, 0]
						},
						"0.1": {
							"vector": [-0.03492, -1.9997, 1.00061]
						},
						"0.2": {
							"vector": [-0.2093, -2.98903, 6.00729]
						},
						"0.3": {
							"vector": [-0.2093, -2.98903, 6.00729]
						},
						"0.4": {
							"vector": [2.2907, -2.98903, 6.00729]
						},
						"0.5333": {
							"vector": [-0.2093, -2.98903, 6.00729]
						},
						"0.6": {
							"vector": [-0.46924, -2.95941, 11.01395]
						},
						"0.7333": {
							"vector": [0.25136, 4.3953, 28.7156]
						},
						"0.9": {
							"vector": [0.25099, 3.14531, 28.71011]
						}
					},
					"position": {
						"0.0": {
							"vector": [0, 0, 0]
						},
						"0.1": {
							"vector": [0, 0, 0.5]
						},
						"0.3333": {
							"vector": [-0.05, 0, -2.49],
							"easing": "linear"
						},
						"0.7333": {
							"vector": [-0.05, 0, 2.02562]
						}
					}
				},
				"leftarm": {
					"rotation": {
						"0.0": {
							"vector": [0, 0, 0]
						},
						"0.2": {
							"vector": [4.06198, -25.87601, -60.13875]
						},
						"0.2333": {
							"vector": [4.06198, -25.87601, -60.13875]
						},
						"0.3667": {
							"vector": [-5.24679, -4.85957, -36.73629]
						}
					},
					"position": {
						"0.0": {
							"vector": [0, 0, 0]
						},
						"0.1": {
							"vector": [12, 0, 0]
						},
						"0.2": {
							"vector": [1.3, 13, 12.1]
						},
						"0.2333": {
							"vector": [1.3, 13, 12.1]
						},
						"0.3667": {
							"vector": [8, 14, -3]
						},
						"0.4667": {
							"vector": [9.71, 7.43, -3.29]
						},
						"0.6": {
							"vector": [14.69, 6.96, 23.48]
						},
						"0.8": {
							"vector": [11.69, 6.96, 20.48]
						}
					}
				},
				"Barrel": {
					"rotation": {
						"0.0": {
							"vector": [0, 0, 0]
						},
						"0.2333": {
							"vector": [0, 0, 0]
						},
						"0.3667": {
							"vector": [40, 0, 0]
						}
					},
					"position": {
						"0.0": {
							"vector": [0, 0, 0]
						},
						"0.2333": {
							"vector": [0, 0, 0]
						}
					}
				},
				"Bullet": {
					"rotation": {
						"0.0": {
							"vector": [0, 0, 0]
						},
						"0.2333": {
							"vector": [0, 0, 0]
						},
						"0.3": {
							"vector": [0, 0, 0]
						},
						"0.4667": {
							"vector": [-50, 0, 0]
						},
						"0.6333": {
							"vector": [-72.5, 0, 0]
						},
						"0.7333": {
							"vector": [-50, 0, 0]
						},
						"0.8": {
							"vector": [-53.99479, 18.74724, -23.85865]
						}
					},
					"position": {
						"0.0": {
							"vector": [0, 0, 0]
						},
						"0.2333": {
							"vector": [0, 0, 0]
						},
						"0.3": {
							"vector": [0, 0, 20]
						},
						"0.4667": {
							"vector": [0, -15, 80]
						},
						"0.6333": {
							"vector": [0, -47, 64]
						},
						"0.7333": {
							"vector": [0, -35, 21]
						},
						"0.8": {
							"vector": [9, -22, 5]
						}
					}
				},
				"Eject": {
					"rotation": {
						"0.2333": {
							"vector": [0, 0, 0]
						},
						"0.3667": {
							"vector": [-2.55507, -22.3589, 0.87632]
						}
					},
					"position": {
						"vector": [0, 0, 0]
					}
				},
				"rightarm": {
					"rotation": {
						"vector": [0, 0, 0]
					},
					"position": {
						"vector": [0, 0, 0]
					}
				},
				"Bullet2": {
					"rotation": {
						"vector": [0, 0, 0]
					},
					"position": {
						"vector": [0, 0, 0]
					}
				},
				"700ne": {
					"scale": {
						"vector": [0, 0, 0]
					}
				}
			},
			"sound_effects": {
				"0.3333": {
					"effect": "dobelbshotgun_open"
				}
			}
		},
		"animation.model.fire": {
			"animation_length": 0.5833,
			"bones": {
				"main": {
					"rotation": {
						"0.0": {
							"vector": [0, 0, 0]
						},
						"0.0417": {
							"vector": [-15, 0, 0]
						},
						"0.2083": {
							"vector": [5.5, 0, 0]
						},
						"0.375": {
							"vector": [0, 0, 0]
						}
					},
					"position": {
						"0.0": {
							"vector": [0, 0, 0]
						},
						"0.0417": {
							"vector": [0, 0, 16.38672]
						},
						"0.1667": {
							"vector": [0, 0, -2.21875]
						},
						"0.375": {
							"vector": [0, 0, 0]
						}
					}
				},
				"trigger": {
					"rotation": {
						"0.0": {
							"vector": [0, 0, 0]
						},
						"0.0417": {
							"vector": [20, 0, 0]
						},
						"0.125": {
							"vector": [0, 0, 0]
						}
					}
				},
				"trigger2": {
					"rotation": {
						"0.0": {
							"vector": [0, 0, 0]
						},
						"0.0417": {
							"vector": [27.5, 0, 0]
						},
						"0.125": {
							"vector": [0, 0, 0]
						}
					}
				}
			}
		},
		"animation.model.inspect": {
			"loop": "hold_on_last_frame",
			"animation_length": 3.7,
			"bones": {
				"main": {
					"rotation": {
						"0.0": {
							"vector": [0, 0, 0]
						},
						"0.1667": {
							"vector": [-8.41746, -13.59608, -21.21259]
						},
						"0.3": {
							"vector": [-8.39812, -20.10111, -31.77688]
						},
						"0.4333": {
							"vector": [-9.55676, -20.88889, -28.55629]
						},
						"0.5333": {
							"vector": [-8.77652, -21.21647, -30.72851]
						},
						"0.7667": {
							"vector": [-9.4227, -20.94881, -28.93303]
						},
						"1.0": {
							"vector": [-3.1216, -20.98207, -46.44405]
						},
						"1.1333": {
							"vector": [-4.564, -20.73064, -42.44007]
						},
						"1.2333": {
							"vector": [-4.86325, -20.9153, -41.60203]
						},
						"1.3333": {
							"vector": [-4.58308, -20.97575, -42.38574]
						},
						"1.4667": {
							"vector": [-4.01131, -21.08802, -43.97908]
						},
						"1.6": {
							"vector": [-4.38767, -21.01662, -42.9316]
						},
						"1.7": {
							"vector": [-4.18847, -21.05622, -43.48691]
						},
						"2.0333": {
							"vector": [-16.91438, 5.38499, 54.40399]
						},
						"2.1": {
							"vector": [-14.06975, 5.59291, 57.22477]
						},
						"2.1667": {
							"vector": [-15.22513, 5.80082, 60.04554]
						},
						"2.3": {
							"vector": [-15.70981, 5.86025, 59.48558]
						},
						"2.4333": {
							"vector": [-15.93602, 7.03904, 62.69373]
						},
						"2.5667": {
							"vector": [-15.60896, 7.75082, 65.23442]
						},
						"2.7333": {
							"vector": [-15.71675, 7.52491, 64.42194]
						},
						"2.9": {
							"vector": [-15.56389, 7.84019, 65.55973]
						},
						"3.0": {
							"vector": [-22.56335, 7.06627, 65.57578]
						},
						"3.1": {
							"vector": [-15.61778, 7.73186, 65.16659]
						},
						"3.2667": {
							"vector": [-15.9801, 6.93689, 62.33342]
						},
						"3.4": {
							"vector": [-8.86998, 2.42135, 33.56191]
						},
						"3.5333": {
							"vector": [0, -1.75, -2.75]
						},
						"3.7": {
							"vector": [0, 0, 0]
						}
					},
					"position": {
						"0.0": {
							"vector": [0, 0, 0]
						},
						"0.3": {
							"vector": [-0.475, 1.475, -8.7]
						},
						"0.4": {
							"vector": [-0.195, 1, -7.7]
						},
						"0.5333": {
							"vector": [-0.03, 0.725, -7.7]
						},
						"0.7": {
							"vector": [0, 1.125, -7.7]
						},
						"0.9": {
							"vector": [0.125, 1.4, -8.275]
						},
						"1.2": {
							"vector": [-0.02, 1.475, -8]
						},
						"1.4": {
							"vector": [0.11, 1.425, -8.175]
						},
						"1.6667": {
							"vector": [0.275, 1.25, -7.975]
						},
						"1.8": {
							"vector": [-0.13, -1.19, -8.65]
						},
						"1.9667": {
							"vector": [-0.545, -1.325, -11.15]
						},
						"2.1333": {
							"vector": [-0.415, -1.395, -10.545]
						},
						"2.2667": {
							"vector": [-0.525, -1.455, -9.17]
						},
						"2.4": {
							"vector": [-0.49, -1.43, -9.85]
						},
						"2.5667": {
							"vector": [-0.455, -1.5, -9.24]
						},
						"2.7667": {
							"vector": [-0.53, -1.5, -9.27]
						},
						"3.0": {
							"vector": [-0.49, -1.41, -9.3]
						},
						"3.2333": {
							"vector": [-0.545, -1.325, -9.325]
						},
						"3.3667": {
							"vector": [-1.005, -0.61, -7.41]
						},
						"3.6333": {
							"vector": [0, 0, 0]
						}
					}
				},
				"leftarm": {
					"rotation": {
						"0.0": {
							"vector": [0, 0, 0]
						},
						"0.1667": {
							"vector": [0, 0, -2.5]
						},
						"1.7333": {
							"vector": [0, 0, -2.5]
						},
						"2.0333": {
							"vector": [-20, 0, -45]
						},
						"2.1667": {
							"vector": [-19.37379, 7.58984, -38.45415]
						},
						"2.9": {
							"vector": [-19.37379, 7.58984, -38.45415]
						},
						"3.0": {
							"vector": [-20, 0, -45]
						},
						"3.3": {
							"vector": [-20, 0, -45]
						},
						"3.5667": {
							"vector": [0, 0, 0]
						}
					},
					"position": {
						"0.0": {
							"vector": [0, 0, 0]
						},
						"0.1667": {
							"vector": [11.23986, -30.20851, 24.64864]
						},
						"1.7333": {
							"vector": [11.23986, -30.20851, 24.64864]
						},
						"2.0333": {
							"vector": [7.35, 22.15, 2.33]
						},
						"2.1667": {
							"vector": [10.75, 20.48, -7.87]
						},
						"2.9": {
							"vector": [10.75, 20.48, -7.87]
						},
						"3.0": {
							"vector": [7.35, 22.15, 2.33]
						},
						"3.3": {
							"vector": [13.35, 19.25, -6.67]
						},
						"3.5667": {
							"vector": [0, 0, 0]
						}
					}
				},
				"Barrel": {
					"rotation": {
						"0.0": {
							"vector": [0, 0, 0]
						},
						"2.0333": {
							"vector": [0, 0, 0]
						},
						"2.1667": {
							"vector": [30, 0, 0]
						},
						"2.9": {
							"vector": [30, 0, 0]
						},
						"3.0": {
							"vector": [0, 0, 0]
						}
					}
				}
			},
			"sound_effects": {
				"2.0333": {
					"effect": "dobelbshotgun_open"
				},
				"2.9333": {
					"effect": "dobelshotgun_close"
				}
			}
		},
		"animation.model.firstslug": {
			"loop": "hold_on_last_frame",
			"animation_length": 0.6667,
			"bones": {
				"main": {
					"rotation": {
						"0.0": {
							"vector": [0.25099, 3.14531, 28.71011]
						},
						"0.125": {
							"vector": [-2.74912, 3.1396, 29.58833]
						},
						"0.25": {
							"vector": [-2.50889, 3.33463, 33.84064]
						},
						"0.375": {
							"vector": [-3.00494, 1.58704, 33.93252]
						},
						"0.5": {
							"vector": [0.25099, 3.14531, 28.71011]
						},
						"0.5833": {
							"vector": [0.89096, 3.15215, 26.7071]
						},
						"0.6667": {
							"vector": [0.25099, 3.14531, 28.71011]
						}
					},
					"position": {
						"0.0": {
							"vector": [-0.05, 0, 2.02562]
						},
						"0.1667": {
							"vector": [-0.05, 0, 3.08469]
						},
						"0.3333": {
							"vector": [-0.05, 0, 3.52875]
						},
						"0.5": {
							"vector": [-0.05, 0, 2.02562]
						}
					}
				},
				"Barrel": {
					"rotation": {
						"vector": [40, 0, 0]
					},
					"position": {
						"vector": [0, 0, 0]
					}
				},
				"Bullet": {
					"rotation": {
						"vector": [-59.85385, 24.30509, -22.26914]
					},
					"position": {
						"vector": [13, -23, 5]
					},
					"scale": {
						"vector": [0, 0, 0]
					}
				},
				"Bullet2": {
					"rotation": {
						"0.0": {
							"vector": [-53.99479, 18.74724, -23.85865]
						},
						"0.1667": {
							"vector": [0, 0, 0]
						},
						"0.2917": {
							"vector": [0, 0, 0]
						}
					},
					"position": {
						"0.0": {
							"vector": [9, -22, 5]
						},
						"0.1667": {
							"vector": [0, 0, 4.9]
						},
						"0.2917": {
							"vector": [0, 0, 0]
						}
					}
				},
				"Eject": {
					"rotation": {
						"vector": [-2.55507, -22.3589, 0.87632]
					}
				},
				"rightarm": {
					"rotation": {
						"vector": [0, 0, 0]
					},
					"position": {
						"vector": [0, 0, 0]
					}
				},
				"leftarm": {
					"rotation": {
						"0.0": {
							"vector": [-5.24679, -4.85957, -36.73629]
						},
						"0.1667": {
							"vector": [-5.22516, 0.88727, -40.73476]
						},
						"0.2917": {
							"vector": [-5.49108, 5.39524, -43.89767]
						},
						"0.4583": {
							"vector": [-5.24679, -4.85957, -36.73629]
						}
					},
					"position": {
						"0.0": {
							"vector": [11.69, 6.96, 20.48]
						},
						"0.1667": {
							"vector": [8.19, 20.76, 5.38]
						},
						"0.2917": {
							"vector": [8.19, 20.76, 2.49328]
						},
						"0.4583": {
							"vector": [11.69, 6.96, 20.48]
						}
					}
				}
			},
			"sound_effects": {
				"0.2083": {
					"effect": "shotgun_load_shell"
				}
			}
		},
		"animation.model.secondslug": {
			"loop": "hold_on_last_frame",
			"animation_length": 0.6667,
			"bones": {
				"main": {
					"rotation": {
						"0.0": {
							"vector": [0.25099, 3.14531, 28.71011]
						},
						"0.125": {
							"vector": [-2.74912, 3.1396, 29.58833]
						},
						"0.25": {
							"vector": [-2.50889, 3.33463, 33.84064]
						},
						"0.375": {
							"vector": [-3.00494, 1.58704, 33.93252]
						},
						"0.5": {
							"vector": [0.25099, 3.14531, 28.71011]
						},
						"0.5833": {
							"vector": [0.89096, 3.15215, 26.7071]
						},
						"0.6667": {
							"vector": [0.25099, 3.14531, 28.71011]
						}
					},
					"position": {
						"0.0": {
							"vector": [-0.05, 0, 2.02562]
						},
						"0.1667": {
							"vector": [-0.05, 0, 3.08469]
						},
						"0.3333": {
							"vector": [-0.05, 0, 3.52875]
						},
						"0.5": {
							"vector": [-0.05, 0, 2.02562]
						}
					}
				},
				"Barrel": {
					"rotation": {
						"vector": [40, 0, 0]
					},
					"position": {
						"vector": [0, 0, 0]
					}
				},
				"Bullet": {
					"rotation": {
						"0.0": {
							"vector": [-59.85385, 24.30509, -22.26914]
						},
						"0.1667": {
							"vector": [0, 0, 0]
						},
						"0.2917": {
							"vector": [0, 0, 0]
						}
					},
					"position": {
						"0.0": {
							"vector": [13, -23, 5]
						},
						"0.1667": {
							"vector": [0, 0, 3.2]
						},
						"0.2917": {
							"vector": [0, 0, 0]
						}
					}
				},
				"Bullet2": {
					"rotation": {
						"vector": [0, 0, 0]
					},
					"position": {
						"vector": [0, 0, 0]
					}
				},
				"Eject": {
					"rotation": {
						"vector": [-2.55507, -22.3589, 0.87632]
					},
					"position": {
						"vector": [0, 0, 0]
					}
				},
				"rightarm": {
					"rotation": {
						"vector": [0, 0, 0]
					},
					"position": {
						"vector": [0, 0, 0]
					}
				},
				"leftarm": {
					"rotation": {
						"0.0": {
							"vector": [-5.24679, -4.85957, -36.73629]
						},
						"0.1667": {
							"vector": [0.71747, 2.32312, -41.73685]
						},
						"0.2917": {
							"vector": [-2.18324, 14.81231, -49.71246]
						},
						"0.4583": {
							"vector": [-5.24679, -4.85957, -36.73629]
						}
					},
					"position": {
						"0.0": {
							"vector": [11.69, 6.96, 20.48]
						},
						"0.1667": {
							"vector": [2.09, 22.86, 5.71203]
						},
						"0.2917": {
							"vector": [1.46891, 27.62563, 2.97766]
						},
						"0.4583": {
							"vector": [11.69, 6.96, 20.48]
						}
					}
				}
			},
			"sound_effects": {
				"0.1667": {
					"effect": "shotgun_load_shell2"
				}
			}
		},
		"animation.model.finishoneshot": {
			"loop": "hold_on_last_frame",
			"animation_length": 1.0417,
			"bones": {
				"main": {
					"rotation": {
						"0.0": {
							"vector": [0.25099, 3.14531, 28.71011]
						},
						"0.125": {
							"vector": [-0.49901, 3.14531, 28.71011]
						},
						"0.25": {
							"vector": [-2.74901, 3.14531, 28.71011]
						},
						"0.375": {
							"vector": [-16.24901, 3.14531, 28.71011]
						},
						"0.625": {
							"vector": [0.5, 0, -2.5]
						},
						"0.75": {
							"vector": [1.45, 0, -1]
						},
						"0.8333": {
							"vector": [0, 0, 0]
						}
					},
					"position": {
						"0.0": {
							"vector": [-0.05, 0, 2.02562]
						},
						"0.1667": {
							"vector": [-0.05, 0, 0.28781]
						},
						"0.5": {
							"vector": [-0.05, 0, -1.45437]
						},
						"0.625": {
							"vector": [-0.01, -0.41016, -0.36]
						},
						"0.6667": {
							"vector": [0, -0.4375, 0]
						},
						"0.75": {
							"vector": [0, 0, 0.64844]
						},
						"0.8333": {
							"vector": [0, 0, 0]
						}
					}
				},
				"Barrel": {
					"rotation": {
						"0.0": {
							"vector": [40, 0, 0]
						},
						"0.2917": {
							"vector": [40, 0, 0]
						},
						"0.375": {
							"vector": [0, 0, 0]
						}
					},
					"position": {
						"vector": [0, 0, 0]
					}
				},
				"Bullet": {
					"rotation": {
						"vector": [0, 0, 0]
					},
					"position": {
						"vector": [0, 0, 0]
					},
					"scale": {
						"vector": [0, 0, 0]
					}
				},
				"Bullet2": {
					"rotation": {
						"vector": [0, 0, 0]
					},
					"position": {
						"vector": [0, 0, 0]
					}
				},
				"Eject": {
					"rotation": {
						"0.0": {
							"vector": [-2.55507, -22.3589, 0.87632]
						},
						"0.2917": {
							"vector": [-2.55507, -22.3589, 0.87632]
						},
						"0.375": {
							"vector": [0, 0, 0]
						}
					},
					"position": {
						"vector": [0, 0, 0]
					}
				},
				"rightarm": {
					"rotation": {
						"vector": [0, 0, 0]
					},
					"position": {
						"vector": [0, 0, 0]
					}
				},
				"leftarm": {
					"rotation": {
						"0.0": {
							"vector": [-5.24679, -4.85957, -36.73629]
						},
						"0.2917": {
							"vector": [13.83147, 18.43037, -34.3984]
						},
						"0.375": {
							"vector": [3.56929, 29.18195, -14.34649]
						},
						"0.7083": {
							"vector": [0, 0, 0]
						}
					},
					"position": {
						"0.0": {
							"vector": [11.69, 6.96, 20.48]
						},
						"0.1667": {
							"vector": [12.2, 11.06, 13.05]
						},
						"0.2917": {
							"vector": [2.1, 11.06, -5.75]
						},
						"0.375": {
							"vector": [4.9, 11.06, -14.15]
						},
						"0.7083": {
							"vector": [0, 0, 0]
						}
					}
				}
			},
			"sound_effects": {
				"0.2917": {
					"effect": "dobelshotgun_close"
				}
			}
		},
		"animation.model.finish": {
			"loop": "hold_on_last_frame",
			"animation_length": 1.0417,
			"bones": {
				"main": {
					"rotation": {
						"0.0": {
							"vector": [0.25099, 3.14531, 28.71011]
						},
						"0.125": {
							"vector": [-0.49901, 3.14531, 28.71011]
						},
						"0.25": {
							"vector": [-2.74901, 3.14531, 28.71011]
						},
						"0.375": {
							"vector": [-16.24901, 3.14531, 28.71011]
						},
						"0.625": {
							"vector": [0.5, 0, -2.5]
						},
						"0.75": {
							"vector": [1.45, 0, -1]
						},
						"0.8333": {
							"vector": [0, 0, 0]
						}
					},
					"position": {
						"0.0": {
							"vector": [-0.05, 0, 2.02562]
						},
						"0.1667": {
							"vector": [-0.05, 0, 0.28781]
						},
						"0.5": {
							"vector": [-0.05, 0, -1.45437]
						},
						"0.625": {
							"vector": [-0.01, -0.41016, -0.36]
						},
						"0.6667": {
							"vector": [0, -0.4375, 0]
						},
						"0.75": {
							"vector": [0, 0, 0.64844]
						},
						"0.8333": {
							"vector": [0, 0, 0]
						}
					}
				},
				"Barrel": {
					"rotation": {
						"0.0": {
							"vector": [40, 0, 0]
						},
						"0.2917": {
							"vector": [40, 0, 0]
						},
						"0.375": {
							"vector": [0, 0, 0]
						}
					},
					"position": {
						"vector": [0, 0, 0]
					}
				},
				"Bullet": {
					"rotation": {
						"vector": [0, 0, 0]
					},
					"position": {
						"vector": [0, 0, 0]
					}
				},
				"Bullet2": {
					"rotation": {
						"vector": [0, 0, 0]
					},
					"position": {
						"vector": [0, 0, 0]
					}
				},
				"Eject": {
					"rotation": {
						"0.0": {
							"vector": [-2.55507, -22.3589, 0.87632]
						},
						"0.2917": {
							"vector": [-2.55507, -22.3589, 0.87632]
						},
						"0.375": {
							"vector": [0, 0, 0]
						}
					},
					"position": {
						"vector": [0, 0, 0]
					}
				},
				"rightarm": {
					"rotation": {
						"vector": [0, 0, 0]
					},
					"position": {
						"vector": [0, 0, 0]
					}
				},
				"leftarm": {
					"rotation": {
						"0.0": {
							"vector": [-5.24679, -4.85957, -36.73629]
						},
						"0.2917": {
							"vector": [13.83147, 18.43037, -34.3984]
						},
						"0.375": {
							"vector": [3.56929, 29.18195, -14.34649]
						},
						"0.7083": {
							"vector": [0, 0, 0]
						}
					},
					"position": {
						"0.0": {
							"vector": [11.69, 6.96, 20.48]
						},
						"0.1667": {
							"vector": [12.2, 11.06, 13.05]
						},
						"0.2917": {
							"vector": [2.1, 11.06, -5.75]
						},
						"0.375": {
							"vector": [4.9, 11.06, -14.15]
						},
						"0.7083": {
							"vector": [0, 0, 0]
						}
					}
				}
			},
			"sound_effects": {
				"0.2917": {
					"effect": "dobelshotgun_close"
				}
			}
		},
		"animation.model.idle": {
			"loop": true
		},
		"animation.model.idleoneempty": {
			"loop": true
		},
		"animation.model.idlebothempty": {
			"loop": true
		},
		"animation.model.reload": {
			"loop": "hold_on_last_frame",
			"animation_length": 2.3,
			"blend_weight": 1,
			"bones": {
				"main": {
					"rotation": {
						"0.0": {
							"vector": [0, 0, 0]
						},
						"0.1": {
							"vector": [-0.03492, -1.9997, 1.00061]
						},
						"0.2": {
							"vector": [-0.2093, -2.98903, 6.00729]
						},
						"0.3": {
							"vector": [-0.2093, -2.98903, 6.00729]
						},
						"0.4": {
							"vector": [2.2907, -2.98903, 6.00729]
						},
						"0.5333": {
							"vector": [-0.2093, -2.98903, 6.00729]
						},
						"0.6": {
							"vector": [-0.46924, -2.95941, 11.01395]
						},
						"0.7333": {
							"vector": [-0.7256, -2.90724, 16.02024]
						},
						"0.8": {
							"vector": [-0.7256, -2.90724, 16.02024]
						},
						"0.9667": {
							"vector": [-0.7256, -2.90724, 16.02024]
						},
						"1.1667": {
							"vector": [-10.7256, -2.90724, 16.02024]
						},
						"1.2667": {
							"vector": [-10.7256, -2.90724, 16.02024]
						},
						"1.3333": {
							"vector": [-8.7256, -2.90724, 16.02024]
						},
						"1.4333": {
							"vector": [-10.7256, -2.90724, 16.02024]
						},
						"1.6": {
							"vector": [-10.7256, -2.90724, 16.02024]
						},
						"1.7": {
							"vector": [-10.93475, -1.96717, 20.93557]
						},
						"1.8": {
							"vector": [-18.34029, -2.43945, 18.47876]
						},
						"2.0": {
							"vector": [0.50518, -5.08075, 6.8716],
							"easing": "easeOutSine"
						},
						"2.1667": {
							"vector": [0.32389, -0.60235, -2.1558],
							"easing": "linear"
						},
						"2.2667": {
							"vector": [0, 0, 0],
							"easing": "linear"
						}
					},
					"position": {
						"0.0": {
							"vector": [0, 0, 0]
						},
						"0.1": {
							"vector": [0, 0, 0.5]
						},
						"0.3333": {
							"vector": [-0.05, 0, -2.49],
							"easing": "linear"
						},
						"2.0333": {
							"vector": [-0.05, 0, -2.49],
							"easing": "linear"
						},
						"2.2": {
							"vector": [0, 0, 0],
							"easing": "linear"
						}
					}
				},
				"leftarm": {
					"rotation": {
						"0.0": {
							"vector": [0, 0, 0]
						},
						"0.2": {
							"vector": [4.06198, -25.87601, -60.13875]
						},
						"0.3667": {
							"vector": [-2.08682, -17.32309, -55.76782]
						},
						"0.6": {
							"vector": [16.65929, 17.48364, 3.05867]
						},
						"1.7333": {
							"vector": [16.65929, 17.48364, 3.05867]
						},
						"1.8": {
							"vector": [9.15929, 17.48364, 3.05867]
						},
						"2.0": {
							"vector": [0, 0, 0]
						}
					},
					"position": {
						"0.0": {
							"vector": [0, 0, 0]
						},
						"0.1": {
							"vector": [12, 0, 0]
						},
						"0.2": {
							"vector": [0, 12, -1]
						},
						"0.3667": {
							"vector": [3, 10, -4]
						},
						"0.4667": {
							"vector": [9.71, 7.43, -3.29]
						},
						"0.6": {
							"vector": [-1, 6, 4]
						},
						"1.7333": {
							"vector": [-1, 6, 4]
						},
						"1.8": {
							"vector": [2, 5, -7]
						},
						"2.0": {
							"vector": [0, 0, 0]
						}
					}
				},
				"Barrel": {
					"rotation": {
						"0.0": {
							"vector": [0, 0, 0]
						},
						"0.2": {
							"vector": [0, 0, 0]
						},
						"0.3667": {
							"vector": [40, 0, 0]
						},
						"1.7": {
							"vector": [40, 0, 0]
						},
						"1.8": {
							"vector": [0, 0, 0]
						}
					},
					"position": {
						"0.0": {
							"vector": [0, 0, 0]
						},
						"0.2": {
							"vector": [0, 0, 0]
						},
						"1.8": {
							"vector": [0, 0, 0]
						}
					}
				},
				"Bullet": {
					"rotation": {
						"0.0": {
							"vector": [0, 0, 0]
						},
						"0.2333": {
							"vector": [0, 0, 0]
						},
						"0.3": {
							"vector": [0, 0, 0]
						},
						"0.4667": {
							"vector": [-45, 0, 0]
						},
						"0.6333": {
							"vector": [-75, 0, 0]
						},
						"0.8": {
							"vector": [-37.5, 0, 0]
						},
						"0.9667": {
							"vector": [-37.5, 0, 0]
						},
						"1.3333": {
							"vector": [0, 0, 0]
						}
					},
					"position": {
						"0.0": {
							"vector": [0, 0, 0]
						},
						"0.2333": {
							"vector": [0, 0, 0]
						},
						"0.3": {
							"vector": [0, 2, 20]
						},
						"0.4667": {
							"vector": [0, -18, 79]
						},
						"0.6333": {
							"vector": [0, -49, 62]
						},
						"0.8": {
							"vector": [2.9, -36.7, 17.7]
						},
						"0.9667": {
							"vector": [-3.1, -36.7, 17.7]
						},
						"1.1": {
							"vector": [-3.6, -12.7, 16.2]
						},
						"1.2333": {
							"vector": [-0.1, -0.7, 1.7]
						},
						"1.3333": {
							"vector": [0, 0, 0]
						}
					}
				},
				"Eject": {
					"rotation": {
						"0.0": {
							"vector": [0, 0, 0]
						},
						"0.1667": {
							"vector": [17.5, 0, 0]
						},
						"1.7667": {
							"vector": [17.5, 0, 0]
						},
						"1.8667": {
							"vector": [0, 0, 0]
						}
					},
					"position": {
						"0.0": {
							"vector": [0, 0, 0]
						},
						"1.8667": {
							"vector": [0, 0, 0]
						}
					}
				},
				"rightarm": {
					"rotation": {
						"0.0": {
							"vector": [0, 0, 0]
						},
						"0.5333": {
							"vector": [0, 0, 0]
						},
						"1.2333": {
							"vector": [3.25776, 20.94444, 32.6456]
						},
						"1.7": {
							"vector": [0, 0, 0]
						}
					},
					"position": {
						"0.0": {
							"vector": [0, 0, 0]
						},
						"0.5333": {
							"vector": [0, 0, 0]
						},
						"0.6333": {
							"vector": [0, 0, 0]
						},
						"0.8": {
							"vector": [0, 0, 22]
						},
						"0.9667": {
							"vector": [0, 0, 22]
						},
						"1.1": {
							"vector": [1, 14.5, 4]
						},
						"1.2333": {
							"vector": [2, 13, -14]
						},
						"1.3333": {
							"vector": [2, 13, -16]
						},
						"1.5667": {
							"vector": [2, 10, 9]
						},
						"1.7": {
							"vector": [0, 0, 0]
						}
					}
				}
			},
			"sound_effects": {
				"0.3333": {
					"effect": "dobelbshotgun_open"
				},
				"1.2333": {
					"effect": "shotgun_load_shell"
				},
				"1.7667": {
					"effect": "dobelshotgun_close"
				}
			}
		},
		"animation.model.inspectoneempty": {
			"loop": "hold_on_last_frame",
			"animation_length": 3.7,
			"bones": {
				"main": {
					"rotation": {
						"0.0": {
							"vector": [0, 0, 0]
						},
						"0.1667": {
							"vector": [-8.41746, -13.59608, -21.21259]
						},
						"0.3": {
							"vector": [-8.39812, -20.10111, -31.77688]
						},
						"0.4333": {
							"vector": [-9.55676, -20.88889, -28.55629]
						},
						"0.5333": {
							"vector": [-8.77652, -21.21647, -30.72851]
						},
						"0.7667": {
							"vector": [-9.4227, -20.94881, -28.93303]
						},
						"1.0": {
							"vector": [-3.1216, -20.98207, -46.44405]
						},
						"1.1333": {
							"vector": [-4.564, -20.73064, -42.44007]
						},
						"1.2333": {
							"vector": [-4.86325, -20.9153, -41.60203]
						},
						"1.3333": {
							"vector": [-4.58308, -20.97575, -42.38574]
						},
						"1.4667": {
							"vector": [-4.01131, -21.08802, -43.97908]
						},
						"1.6": {
							"vector": [-4.38767, -21.01662, -42.9316]
						},
						"1.7": {
							"vector": [-4.18847, -21.05622, -43.48691]
						},
						"2.0333": {
							"vector": [-16.91438, 5.38499, 54.40399]
						},
						"2.1": {
							"vector": [-14.06975, 5.59291, 57.22477]
						},
						"2.1667": {
							"vector": [-15.22513, 5.80082, 60.04554]
						},
						"2.3": {
							"vector": [-15.70981, 5.86025, 59.48558]
						},
						"2.4333": {
							"vector": [-15.93602, 7.03904, 62.69373]
						},
						"2.5667": {
							"vector": [-15.60896, 7.75082, 65.23442]
						},
						"2.7333": {
							"vector": [-15.71675, 7.52491, 64.42194]
						},
						"2.9": {
							"vector": [-15.56389, 7.84019, 65.55973]
						},
						"3.0": {
							"vector": [-22.56335, 7.06627, 65.57578]
						},
						"3.1": {
							"vector": [-15.61778, 7.73186, 65.16659]
						},
						"3.2667": {
							"vector": [-15.9801, 6.93689, 62.33342]
						},
						"3.4": {
							"vector": [-8.86998, 2.42135, 33.56191]
						},
						"3.5333": {
							"vector": [0, -1.75, -2.75]
						},
						"3.7": {
							"vector": [0, 0, 0]
						}
					},
					"position": {
						"0.0": {
							"vector": [0, 0, 0]
						},
						"0.3": {
							"vector": [-0.475, 1.475, -8.7]
						},
						"0.4": {
							"vector": [-0.195, 1, -7.7]
						},
						"0.5333": {
							"vector": [-0.03, 0.725, -7.7]
						},
						"0.7": {
							"vector": [0, 1.125, -7.7]
						},
						"0.9": {
							"vector": [0.125, 1.4, -8.275]
						},
						"1.2": {
							"vector": [-0.02, 1.475, -8]
						},
						"1.4": {
							"vector": [0.11, 1.425, -8.175]
						},
						"1.6667": {
							"vector": [0.275, 1.25, -7.975]
						},
						"1.8": {
							"vector": [-0.13, -1.19, -8.65]
						},
						"1.9667": {
							"vector": [-0.545, -1.325, -11.15]
						},
						"2.1333": {
							"vector": [-0.415, -1.395, -10.545]
						},
						"2.2667": {
							"vector": [-0.525, -1.455, -9.17]
						},
						"2.4": {
							"vector": [-0.49, -1.43, -9.85]
						},
						"2.5667": {
							"vector": [-0.455, -1.5, -9.24]
						},
						"2.7667": {
							"vector": [-0.53, -1.5, -9.27]
						},
						"3.0": {
							"vector": [-0.49, -1.41, -9.3]
						},
						"3.2333": {
							"vector": [-0.545, -1.325, -9.325]
						},
						"3.3667": {
							"vector": [-1.005, -0.61, -7.41]
						},
						"3.6333": {
							"vector": [0, 0, 0]
						}
					}
				},
				"leftarm": {
					"rotation": {
						"0.0": {
							"vector": [0, 0, 0]
						},
						"0.1667": {
							"vector": [0, 0, -2.5]
						},
						"1.7333": {
							"vector": [0, 0, -2.5]
						},
						"2.0333": {
							"vector": [-20, 0, -45]
						},
						"2.1667": {
							"vector": [-19.37379, 7.58984, -38.45415]
						},
						"2.9": {
							"vector": [-19.37379, 7.58984, -38.45415]
						},
						"3.0": {
							"vector": [-20, 0, -45]
						},
						"3.3": {
							"vector": [-20, 0, -45]
						},
						"3.5667": {
							"vector": [0, 0, 0]
						}
					},
					"position": {
						"0.0": {
							"vector": [0, 0, 0]
						},
						"0.1667": {
							"vector": [11.23986, -30.20851, 24.64864]
						},
						"1.7333": {
							"vector": [11.23986, -30.20851, 24.64864]
						},
						"2.0333": {
							"vector": [7.35, 22.15, 2.33]
						},
						"2.1667": {
							"vector": [10.75, 20.48, -7.87]
						},
						"2.9": {
							"vector": [10.75, 20.48, -7.87]
						},
						"3.0": {
							"vector": [7.35, 22.15, 2.33]
						},
						"3.3": {
							"vector": [13.35, 19.25, -6.67]
						},
						"3.5667": {
							"vector": [0, 0, 0]
						}
					}
				},
				"Barrel": {
					"rotation": {
						"0.0": {
							"vector": [0, 0, 0]
						},
						"2.0333": {
							"vector": [0, 0, 0]
						},
						"2.1667": {
							"vector": [30, 0, 0]
						},
						"2.9": {
							"vector": [30, 0, 0]
						},
						"3.0": {
							"vector": [0, 0, 0]
						}
					}
				},
				"Bullet": {
					"scale": {
						"vector": [0, 0, 0]
					}
				}
			},
			"sound_effects": {
				"2.0333": {
					"effect": "dobelbshotgun_open"
				},
				"2.9333": {
					"effect": "dobelshotgun_close"
				}
			}
		},
		"animation.model.inspectempty": {
			"loop": "hold_on_last_frame",
			"animation_length": 3.7,
			"bones": {
				"main": {
					"rotation": {
						"0.0": {
							"vector": [0, 0, 0]
						},
						"0.1667": {
							"vector": [-8.41746, -13.59608, -21.21259]
						},
						"0.3": {
							"vector": [-8.39812, -20.10111, -31.77688]
						},
						"0.4333": {
							"vector": [-9.55676, -20.88889, -28.55629]
						},
						"0.5333": {
							"vector": [-8.77652, -21.21647, -30.72851]
						},
						"0.7667": {
							"vector": [-9.4227, -20.94881, -28.93303]
						},
						"1.0": {
							"vector": [-3.1216, -20.98207, -46.44405]
						},
						"1.1333": {
							"vector": [-4.564, -20.73064, -42.44007]
						},
						"1.2333": {
							"vector": [-4.86325, -20.9153, -41.60203]
						},
						"1.3333": {
							"vector": [-4.58308, -20.97575, -42.38574]
						},
						"1.4667": {
							"vector": [-4.01131, -21.08802, -43.97908]
						},
						"1.6": {
							"vector": [-4.38767, -21.01662, -42.9316]
						},
						"1.7": {
							"vector": [-4.18847, -21.05622, -43.48691]
						},
						"2.0333": {
							"vector": [-16.91438, 5.38499, 54.40399]
						},
						"2.1": {
							"vector": [-14.06975, 5.59291, 57.22477]
						},
						"2.1667": {
							"vector": [-15.22513, 5.80082, 60.04554]
						},
						"2.3": {
							"vector": [-15.70981, 5.86025, 59.48558]
						},
						"2.4333": {
							"vector": [-15.93602, 7.03904, 62.69373]
						},
						"2.5667": {
							"vector": [-15.60896, 7.75082, 65.23442]
						},
						"2.7333": {
							"vector": [-15.71675, 7.52491, 64.42194]
						},
						"2.9": {
							"vector": [-15.56389, 7.84019, 65.55973]
						},
						"3.0": {
							"vector": [-22.56335, 7.06627, 65.57578]
						},
						"3.1": {
							"vector": [-15.61778, 7.73186, 65.16659]
						},
						"3.2667": {
							"vector": [-15.9801, 6.93689, 62.33342]
						},
						"3.4": {
							"vector": [-8.86998, 2.42135, 33.56191]
						},
						"3.5333": {
							"vector": [0, -1.75, -2.75]
						},
						"3.7": {
							"vector": [0, 0, 0]
						}
					},
					"position": {
						"0.0": {
							"vector": [0, 0, 0]
						},
						"0.3": {
							"vector": [-0.475, 1.475, -8.7]
						},
						"0.4": {
							"vector": [-0.195, 1, -7.7]
						},
						"0.5333": {
							"vector": [-0.03, 0.725, -7.7]
						},
						"0.7": {
							"vector": [0, 1.125, -7.7]
						},
						"0.9": {
							"vector": [0.125, 1.4, -8.275]
						},
						"1.2": {
							"vector": [-0.02, 1.475, -8]
						},
						"1.4": {
							"vector": [0.11, 1.425, -8.175]
						},
						"1.6667": {
							"vector": [0.275, 1.25, -7.975]
						},
						"1.8": {
							"vector": [-0.13, -1.19, -8.65]
						},
						"1.9667": {
							"vector": [-0.545, -1.325, -11.15]
						},
						"2.1333": {
							"vector": [-0.415, -1.395, -10.545]
						},
						"2.2667": {
							"vector": [-0.525, -1.455, -9.17]
						},
						"2.4": {
							"vector": [-0.49, -1.43, -9.85]
						},
						"2.5667": {
							"vector": [-0.455, -1.5, -9.24]
						},
						"2.7667": {
							"vector": [-0.53, -1.5, -9.27]
						},
						"3.0": {
							"vector": [-0.49, -1.41, -9.3]
						},
						"3.2333": {
							"vector": [-0.545, -1.325, -9.325]
						},
						"3.3667": {
							"vector": [-1.005, -0.61, -7.41]
						},
						"3.6333": {
							"vector": [0, 0, 0]
						}
					}
				},
				"leftarm": {
					"rotation": {
						"0.0": {
							"vector": [0, 0, 0]
						},
						"0.1667": {
							"vector": [0, 0, -2.5]
						},
						"1.7333": {
							"vector": [0, 0, -2.5]
						},
						"2.0333": {
							"vector": [-20, 0, -45]
						},
						"2.1667": {
							"vector": [-19.37379, 7.58984, -38.45415]
						},
						"2.9": {
							"vector": [-19.37379, 7.58984, -38.45415]
						},
						"3.0": {
							"vector": [-20, 0, -45]
						},
						"3.3": {
							"vector": [-20, 0, -45]
						},
						"3.5667": {
							"vector": [0, 0, 0]
						}
					},
					"position": {
						"0.0": {
							"vector": [0, 0, 0]
						},
						"0.1667": {
							"vector": [11.23986, -30.20851, 24.64864]
						},
						"1.7333": {
							"vector": [11.23986, -30.20851, 24.64864]
						},
						"2.0333": {
							"vector": [7.35, 22.15, 2.33]
						},
						"2.1667": {
							"vector": [10.75, 20.48, -7.87]
						},
						"2.9": {
							"vector": [10.75, 20.48, -7.87]
						},
						"3.0": {
							"vector": [7.35, 22.15, 2.33]
						},
						"3.3": {
							"vector": [13.35, 19.25, -6.67]
						},
						"3.5667": {
							"vector": [0, 0, 0]
						}
					}
				},
				"Barrel": {
					"rotation": {
						"0.0": {
							"vector": [0, 0, 0]
						},
						"2.0333": {
							"vector": [0, 0, 0]
						},
						"2.1667": {
							"vector": [30, 0, 0]
						},
						"2.9": {
							"vector": [30, 0, 0]
						},
						"3.0": {
							"vector": [0, 0, 0]
						}
					}
				},
				"Bullet": {
					"scale": {
						"vector": [0, 0, 0]
					}
				},
				"Bullet2": {
					"scale": {
						"vector": [0, 0, 0]
					}
				}
			},
			"sound_effects": {
				"2.0333": {
					"effect": "dobelbshotgun_open"
				},
				"2.9333": {
					"effect": "dobelshotgun_close"
				}
			}
		},
		"animation.model.reloadempty": {
			"loop": true,
			"animation_length": 2.3,
			"bones": {
				"main": {
					"rotation": {
						"0.0": {
							"vector": [0, 0, 0]
						},
						"0.1": {
							"vector": [-0.03492, -1.9997, 1.00061]
						},
						"0.2": {
							"vector": [-0.2093, -2.98903, 6.00729]
						},
						"0.3": {
							"vector": [-0.2093, -2.98903, 6.00729]
						},
						"0.4": {
							"vector": [2.2907, -2.98903, 6.00729]
						},
						"0.5333": {
							"vector": [-0.2093, -2.98903, 6.00729]
						},
						"0.6": {
							"vector": [-0.46924, -2.95941, 11.01395]
						},
						"0.7333": {
							"vector": [-0.7256, -2.90724, 16.02024]
						},
						"0.8": {
							"vector": [-0.7256, -2.90724, 16.02024]
						},
						"0.9667": {
							"vector": [-0.54662, -2.94611, 12.51588]
						},
						"1.1667": {
							"vector": [-10.7256, -2.90724, 16.02024]
						},
						"1.2667": {
							"vector": [-10.7256, -2.90724, 16.02024]
						},
						"1.3333": {
							"vector": [-8.7256, -2.90724, 16.02024]
						},
						"1.4333": {
							"vector": [-10.7256, -2.90724, 16.02024]
						},
						"1.5333": {
							"vector": [-10.7256, -2.90724, 16.02024]
						},
						"1.6333": {
							"vector": [-30.93475, -1.96717, 20.93557]
						},
						"1.7333": {
							"vector": [-22.56993, -2.1246, 20.11664]
						},
						"1.8333": {
							"vector": [-13.34029, -2.43945, 18.47876]
						},
						"1.9667": {
							"vector": [0.50518, -5.08075, 6.8716],
							"easing": "easeOutSine"
						},
						"2.1333": {
							"vector": [0.32389, -0.60235, -2.1558],
							"easing": "linear"
						},
						"2.2333": {
							"vector": [0, 0, 0],
							"easing": "linear"
						}
					},
					"position": {
						"0.0": {
							"vector": [0, 0, 0]
						},
						"0.1": {
							"vector": [0, 0, 0.5]
						},
						"0.3333": {
							"vector": [-0.05, 0, -2.49],
							"easing": "linear"
						},
						"2.0": {
							"vector": [-0.05, 0, -2.49],
							"easing": "linear"
						},
						"2.1667": {
							"vector": [0, 0, 0],
							"easing": "linear"
						}
					}
				},
				"leftarm": {
					"rotation": {
						"0.0": {
							"vector": [0, 0, 0]
						},
						"0.2": {
							"vector": [4.06198, -25.87601, -60.13875]
						},
						"0.2333": {
							"vector": [4.06198, -25.87601, -60.13875]
						},
						"0.3667": {
							"vector": [-5.24679, -4.85957, -36.73629]
						},
						"1.1333": {
							"vector": [-1.52299, -10.06118, -60.13497]
						},
						"1.2667": {
							"vector": [-1.1149, 6.31734, -69.95132]
						},
						"1.4": {
							"vector": [24.45503, 24.91222, -2.17913]
						},
						"1.6333": {
							"vector": [6.95503, 24.91222, -2.17913]
						},
						"2.0667": {
							"vector": [0, 0, 0]
						}
					},
					"position": {
						"0.0": {
							"vector": [0, 0, 0]
						},
						"0.1": {
							"vector": [12, 0, 0]
						},
						"0.2": {
							"vector": [1.3, 13, 12.1]
						},
						"0.2333": {
							"vector": [1.3, 13, 12.1]
						},
						"0.3667": {
							"vector": [8, 14, -3]
						},
						"0.4667": {
							"vector": [9.71, 7.43, -3.29]
						},
						"0.6": {
							"vector": [14.69, 6.96, 23.48]
						},
						"0.8": {
							"vector": [11.69, 6.96, 20.48]
						},
						"0.9667": {
							"vector": [11.69, 6.96, 20.48]
						},
						"1.1333": {
							"vector": [3.13, 24.74, 11.3]
						},
						"1.2667": {
							"vector": [-1.31, 31.96, 4.48]
						},
						"1.3667": {
							"vector": [4.67, 11.74, 1.87]
						},
						"1.4": {
							"vector": [0, 5, -11]
						},
						"1.6333": {
							"vector": [5, 7, -11]
						},
						"2.0667": {
							"vector": [0, 0, 0]
						}
					}
				},
				"Barrel": {
					"rotation": {
						"0.0": {
							"vector": [0, 0, 0]
						},
						"0.2333": {
							"vector": [0, 0, 0]
						},
						"0.3667": {
							"vector": [40, 0, 0]
						},
						"1.5333": {
							"vector": [40, 0, 0]
						},
						"1.6333": {
							"vector": [0, 0, 0]
						}
					},
					"position": {
						"0.0": {
							"vector": [0, 0, 0]
						},
						"0.2333": {
							"vector": [0, 0, 0]
						},
						"1.6333": {
							"vector": [0, 0, 0]
						}
					}
				},
				"Bullet": {
					"rotation": {
						"0.0": {
							"vector": [0, 0, 0]
						},
						"0.2333": {
							"vector": [0, 0, 0]
						},
						"0.3": {
							"vector": [0, 0, 0]
						},
						"0.4667": {
							"vector": [-45, 0, 0]
						},
						"0.6333": {
							"vector": [-75, 0, 0]
						},
						"0.7333": {
							"vector": [-75, 0, 0]
						},
						"0.8": {
							"vector": [-59.85385, 24.30509, -22.26914]
						},
						"0.9667": {
							"vector": [-59.85385, 24.30509, -22.26914]
						},
						"1.1333": {
							"vector": [-38.91375, 19.7037, -30.09136]
						},
						"1.2667": {
							"vector": [0, 0, 0]
						}
					},
					"position": {
						"0.0": {
							"vector": [0, 0, 0]
						},
						"0.2333": {
							"vector": [0, 0, 0]
						},
						"0.3": {
							"vector": [0, 2, 20]
						},
						"0.4667": {
							"vector": [0, -18, 79]
						},
						"0.6333": {
							"vector": [0, -49, 62]
						},
						"0.7333": {
							"vector": [0, -34, 26]
						},
						"0.8": {
							"vector": [13, -23, 5]
						},
						"0.9667": {
							"vector": [13, -23, 5]
						},
						"1.1333": {
							"vector": [3.78, -4, 7]
						},
						"1.2667": {
							"vector": [0, 0, 0]
						}
					},
					"scale": {
						"1.1333": {
							"vector": [1, 1, 1]
						},
						"1.2": {
							"vector": [1, 1, 1.5]
						},
						"1.2667": {
							"vector": [1, 1, 1]
						}
					}
				},
				"Eject": {
					"rotation": {
						"0.2": {
							"vector": [0, 0, 0]
						},
						"0.3333": {
							"vector": [-2.55507, -22.3589, 0.87632]
						},
						"1.5667": {
							"vector": [-2.55507, -22.3589, 0.87632]
						},
						"1.7": {
							"vector": [0, 0, 0]
						}
					},
					"position": {
						"0.2": {
							"vector": [0, 0, 0]
						},
						"1.7": {
							"vector": [0, 0, 0]
						}
					}
				},
				"rightarm": {
					"rotation": {
						"vector": [0, 0, 0]
					},
					"position": {
						"vector": [0, 0, 0]
					}
				},
				"Bullet2": {
					"rotation": {
						"0.0": {
							"vector": [0, 0, 0]
						},
						"0.2333": {
							"vector": [0, 0, 0]
						},
						"0.3": {
							"vector": [0, 0, 0]
						},
						"0.4667": {
							"vector": [-50, 0, 0]
						},
						"0.6333": {
							"vector": [-72.5, 0, 0]
						},
						"0.7333": {
							"vector": [-50, 0, 0]
						},
						"0.8": {
							"vector": [-53.99479, 18.74724, -23.85865]
						},
						"0.9667": {
							"vector": [-53.99479, 18.74724, -23.85865]
						},
						"1.1333": {
							"vector": [-32.34669, 14.33903, -36.77923]
						},
						"1.2667": {
							"vector": [0, 0, 0]
						}
					},
					"position": {
						"0.0": {
							"vector": [0, 0, 0]
						},
						"0.2333": {
							"vector": [0, 0, 0]
						},
						"0.3": {
							"vector": [0, 0, 20]
						},
						"0.4667": {
							"vector": [0, -15, 80]
						},
						"0.6333": {
							"vector": [0, -47, 64]
						},
						"0.7333": {
							"vector": [0, -35, 21]
						},
						"0.8": {
							"vector": [9, -22, 5]
						},
						"0.9667": {
							"vector": [9, -22, 5]
						},
						"1.1333": {
							"vector": [1, -0.78, 7.22]
						},
						"1.2667": {
							"vector": [0, 0, 0]
						}
					},
					"scale": {
						"1.1333": {
							"vector": [1, 1, 1]
						},
						"1.2": {
							"vector": [1, 1, 1.5]
						},
						"1.2667": {
							"vector": [1, 1, 1]
						}
					}
				}
			},
			"sound_effects": {
				"0.3333": {
					"effect": "dobelbshotgun_open"
				},
				"1.1333": {
					"effect": "shotgun_load_shell"
				},
				"1.5667": {
					"effect": "dobelshotgun_close"
				}
			}
		}
	},
	"geckolib_format_version": 2
}