{
	"format_version": "1.8.0",
	"animations": {
		"animation.model.reload": {
			"loop": "hold_on_last_frame",
			"animation_length": 2.2333,
			"blend_weight": "1",
			"bones": {
				"main": {
					"rotation": {
						"0.0": {
							"vector": [0, 0, 0]
						},
						"0.1": {
							"vector": [15, 0, 0]
						},
						"0.2333": {
							"vector": [-20, 0, 0]
						},
						"0.4333": {
							"vector": [-27.5, 0, 0]
						},
						"0.5667": {
							"vector": [-30, 0, 0]
						},
						"0.7333": {
							"vector": [-27.5, 0, 0]
						},
						"0.9": {
							"vector": [-23.09454, -15.35793, -31.84407]
						},
						"1.0667": {
							"vector": [-20.99692, -18.17696, -39.10406]
						},
						"1.2667": {
							"vector": [-23.09454, -15.35793, -31.84407]
						},
						"1.5": {
							"vector": [-26.06663, -9.08661, -17.89244]
						},
						"1.6": {
							"vector": [-26.77409, -13.74029, -26.92534]
						},
						"1.7667": {
							"vector": [-28.56663, -9.08661, -17.89244]
						},
						"1.9667": {
							"vector": [0, 0, 0]
						},
						"2.1": {
							"vector": [4.99762, -0.10901, 2.49762]
						},
						"2.2333": {
							"vector": [0, 0, 0]
						}
					},
					"position": {
						"0.0": {
							"vector": [0, 0, 0]
						},
						"0.1": {
							"vector": [0, 0, 2]
						},
						"0.2333": {
							"vector": [0, 3, 4]
						},
						"0.3": {
							"vector": [0, 3, 4]
						},
						"0.4333": {
							"vector": [0, 0, 2]
						},
						"1.7667": {
							"vector": [0, 0, 2]
						},
						"1.9667": {
							"vector": [0, 0, 0]
						}
					}
				},
				"magazine": {
					"rotation": {
						"0.0": {
							"vector": [0, 0, 0]
						},
						"0.3": {
							"vector": [0, 0, 0]
						},
						"0.9": {
							"vector": [-32.5, 0, 0]
						},
						"1.0667": {
							"vector": [-32.5, 0, 0]
						},
						"1.2667": {
							"vector": [-10, 0, 0]
						},
						"1.5": {
							"vector": [-2.5, 0, 0]
						},
						"1.6": {
							"vector": [0, 0, 0]
						}
					},
					"position": {
						"0.0": {
							"vector": [0, 0, 0]
						},
						"0.3": {
							"vector": [0, 0, 0]
						},
						"0.3333": {
							"vector": [0, -7.5, 1.75]
						},
						"0.4333": {
							"vector": [0, -30, 5]
						},
						"0.7667": {
							"vector": [0, -30, 5]
						},
						"0.9": {
							"vector": [0, -28, 8]
						},
						"1.0667": {
							"vector": [0, -28, 8]
						},
						"1.2667": {
							"vector": [0, -18, 2]
						},
						"1.5": {
							"vector": [0, -9.1, 2.3]
						},
						"1.6": {
							"vector": [0, 0, 0]
						}
					}
				},
				"leftarm": {
					"rotation": {
						"0.0": {
							"vector": [0, 0, 0]
						},
						"0.1": {
							"vector": [2.15199, -13.33821, -26.69791]
						},
						"0.7667": {
							"vector": [2.15199, -13.33821, -26.69791]
						},
						"0.9": {
							"vector": [3.57243, 13.03983, 22.02213]
						},
						"1.0667": {
							"vector": [3.57243, 13.03983, 22.02213]
						},
						"1.2667": {
							"vector": [-3.92757, 13.03983, 22.02213]
						},
						"1.5": {
							"vector": [16.07243, 13.03983, 22.02213]
						},
						"1.9667": {
							"vector": [0, 0, 0]
						}
					},
					"position": {
						"0.0": {
							"vector": [0, 0, 0]
						},
						"0.1": {
							"vector": [15, -13, 10]
						},
						"0.7667": {
							"vector": [15, -13, 10]
						},
						"0.9": {
							"vector": [-5, -37, 3]
						},
						"1.0667": {
							"vector": [-5, -37, 3]
						},
						"1.2667": {
							"vector": [-6, -23, -3]
						},
						"1.5": {
							"vector": [-4, -14, 2]
						},
						"1.6": {
							"vector": [-3, -7, 2]
						},
						"1.7667": {
							"vector": [-2.18, -9.09, 1.45]
						},
						"1.9667": {
							"vector": [0, 0, 0]
						}
					}
				},
				"bullet": {
					"position": {
						"vector": [0, 0, 0]
					}
				}
			},
			"sound_effects": {
				"0.3333": {
					"effect": "pistol_kaluar"
				},
				"1.2333": {
					"effect": "pistol_asup"
				}
			}
		},
		"animation.model.draw": {
			"loop": "hold_on_last_frame",
			"animation_length": 1,
			"bones": {
				"main": {
					"rotation": {
						"0.0": {
							"vector": [32.09413, -54.38778, -8.29667]
						},
						"0.25": {
							"vector": [22.69, -39.71, -3.78]
						},
						"0.45": {
							"vector": [11.41, -22.1, 1.64]
						},
						"0.55": {
							"vector": [8.41, -22.1, 1.64]
						},
						"0.6": {
							"vector": [12.66, -22.1, 1.64]
						},
						"0.75": {
							"vector": [0.50518, -5.08075, 6.8716],
							"easing": "easeOutSine"
						},
						"0.9": {
							"vector": [0.32389, -0.60235, -2.1558],
							"easing": "linear"
						},
						"1.0": {
							"vector": [0, 0, 0],
							"easing": "linear"
						}
					},
					"position": {
						"0.0": {
							"vector": [0, -17.3, 0]
						},
						"0.25": {
							"vector": [-0.4, -2.525, -1.625],
							"easing": "linear"
						},
						"0.55": {
							"vector": [-0.21, -1.15, -2.1]
						},
						"0.6": {
							"vector": [-0.21, -1.15, -2.625]
						},
						"0.8": {
							"vector": [-0.05, 0, -2.49],
							"easing": "linear"
						},
						"0.95": {
							"vector": [0, 0, 0],
							"easing": "linear"
						}
					}
				},
				"leftarm": {
					"rotation": {
						"0.0": {
							"vector": [0, 0, 0]
						},
						"0.2": {
							"vector": [70.24755, -57.28402, -149.26191]
						},
						"0.3": {
							"vector": [75.6228, -60.92676, -155.63523]
						},
						"0.4": {
							"vector": [91.02223, -66.90943, -172.98519]
						},
						"0.55": {
							"vector": [91.02223, -66.90943, -172.98519]
						},
						"0.8": {
							"vector": [0, 0, 0]
						}
					},
					"position": {
						"0.0": {
							"vector": [0, 0, 0]
						},
						"0.2": {
							"vector": [2.53901, 15.6754, -6.40217]
						},
						"0.3": {
							"vector": [2.54, 14.68, -4.4]
						},
						"0.4": {
							"vector": [1.54, 15.68, -0.4]
						},
						"0.55": {
							"vector": [1.54, 15.68, -0.4]
						},
						"0.6": {
							"vector": [1.23, 11.74, 4.08]
						},
						"0.8": {
							"vector": [0, 0, 0]
						}
					}
				},
				"FrameCha": {
					"rotation": {
						"0.0": {
							"vector": [0, 0, 0]
						},
						"0.2": {
							"vector": [0, 0, 0]
						}
					},
					"position": {
						"0.0": {
							"vector": [0, 0, 0]
						},
						"0.2": {
							"vector": [0, 0, 0]
						},
						"0.3": {
							"vector": [0, 0, 1]
						},
						"0.4": {
							"vector": [0, 0, 3.5]
						},
						"0.55": {
							"vector": [0, 0, 3.5]
						},
						"0.6": {
							"vector": [0, 0, 0]
						}
					}
				},
				"Bullet2": {
					"rotation": {
						"0.25": {
							"vector": [0, 0, 0]
						},
						"0.3": {
							"vector": [-13, 0, 0]
						},
						"0.4": {
							"vector": [0, 0, 0]
						},
						"0.55": {
							"vector": [0, 0, 0]
						}
					},
					"position": {
						"0.0": {
							"vector": [0, 0, 0]
						},
						"0.25": {
							"vector": [0, 0, 0]
						},
						"0.4": {
							"vector": [0, 0.5, 0]
						},
						"0.55": {
							"vector": [0, 0.5, 0]
						},
						"0.6": {
							"vector": [0, 0.5, -3.4]
						}
					}
				}
			},
			"sound_effects": {
				"0.15": {
					"effect": "pistol_koking"
				}
			}
		},
		"animation.model.inspect": {
			"loop": "hold_on_last_frame",
			"animation_length": 5.9,
			"bones": {
				"main": {
					"rotation": {
						"0.0": {
							"vector": [0, 0, 0]
						},
						"0.1333": {
							"vector": [0, -25, -17.5]
						},
						"0.2667": {
							"vector": [0, -40, -17.5]
						},
						"0.5": {
							"vector": [-2.84254, -42.97765, -13.34796]
						},
						"0.6333": {
							"vector": [0, -45, -17.5]
						},
						"0.8333": {
							"vector": [-2.61252, -44.42312, -13.4522]
						},
						"1.0333": {
							"vector": [-3.93584, -44.14504, -11.40362]
						},
						"1.3": {
							"vector": [-5.31462, -44.28863, -9.27456]
						},
						"1.6": {
							"vector": [-7.04771, -43.13227, -6.58711]
						},
						"1.9333": {
							"vector": [-16.62989, -33.13352, 8.30288]
						},
						"2.3667": {
							"vector": [-28.88698, 9.73637, 68.30372]
						},
						"2.5": {
							"vector": [-27.96118, 12.29471, 73.12091]
						},
						"2.6333": {
							"vector": [-28.52912, 10.81726, 70.3093]
						},
						"2.7667": {
							"vector": [-28.75455, 12.792, 69.20755]
						},
						"3.1333": {
							"vector": [-26.03667, 20.18644, 77.83831]
						},
						"3.3": {
							"vector": [-25.70195, 20.62277, 78.79834]
						},
						"3.4667": {
							"vector": [-25.09513, 21.37342, 80.49164]
						},
						"3.6": {
							"vector": [-25.70195, 20.62277, 78.79834]
						},
						"3.6667": {
							"vector": [-19.70195, 20.62277, 78.79834]
						},
						"3.7333": {
							"vector": [-12.70195, 20.62277, 78.79834]
						},
						"3.8": {
							"vector": [-14.70195, 20.62277, 78.79834]
						},
						"4.2333": {
							"vector": [-20.03786, -15.50494, -10.75704]
						},
						"4.4333": {
							"vector": [-18.35865, -17.47979, -16.66641]
						},
						"4.6667": {
							"vector": [-19.01522, -16.7588, -14.43621]
						},
						"4.9667": {
							"vector": [-15.15609, -20.29824, -26.53404]
						},
						"5.2667": {
							"vector": [0.50518, -5.08075, 6.8716],
							"easing": "easeOutSine"
						},
						"5.4333": {
							"vector": [0.32389, -0.60235, -2.1558],
							"easing": "linear"
						},
						"5.5333": {
							"vector": [0, 0, 0],
							"easing": "linear"
						}
					},
					"position": {
						"0.0": {
							"vector": [0, 0, 0]
						},
						"0.1333": {
							"vector": [-4, 0, 0]
						},
						"1.7667": {
							"vector": [-4, 0, 0]
						},
						"2.1": {
							"vector": [-1, -6, 0]
						},
						"2.5667": {
							"vector": [-1, -6, 0]
						},
						"2.7667": {
							"vector": [-1, -6, 0.8]
						},
						"3.8": {
							"vector": [-1, -6, 0.8]
						},
						"4.0333": {
							"vector": [-1, -4, -3.2]
						},
						"4.8": {
							"vector": [-1, -4.84, -1.51]
						},
						"5.3333": {
							"vector": [-0.05, 0, -2.49],
							"easing": "linear"
						},
						"5.4667": {
							"vector": [0, 0, 0],
							"easing": "linear"
						}
					}
				},
				"leftarm": {
					"rotation": {
						"0.0": {
							"vector": [0, 0, 0]
						},
						"0.1333": {
							"vector": [0.68398, -8.27333, -14.03245]
						},
						"1.9333": {
							"vector": [0.68398, -8.27333, -14.03245]
						},
						"2.3667": {
							"vector": [37.14199, -30.39805, -107.66571]
						},
						"5.3333": {
							"vector": [0, 0, 0]
						}
					},
					"position": {
						"0.0": {
							"vector": [0, 0, 0]
						},
						"0.1333": {
							"vector": [6, -28, -6]
						},
						"1.9333": {
							"vector": [6, -28, -6]
						},
						"2.3667": {
							"vector": [20, 15, 23]
						},
						"2.7": {
							"vector": [2, 15, -4]
						},
						"2.8333": {
							"vector": [2, 15, -1]
						},
						"3.6": {
							"vector": [2, 15, -1]
						},
						"3.7": {
							"vector": [2, 15, 4]
						},
						"3.8": {
							"vector": [2, 15, 8]
						},
						"4.2333": {
							"vector": [27, -34, 8]
						},
						"5.3333": {
							"vector": [0, 0, 0]
						}
					}
				},
				"FrameCha": {
					"position": {
						"0.0": {
							"vector": [0, 0, 0]
						},
						"2.7": {
							"vector": [0, 0, 0]
						},
						"2.8333": {
							"vector": [0, 0, 3]
						},
						"3.6": {
							"vector": [0, 0, 3]
						},
						"3.7": {
							"vector": [0, 0, 0]
						}
					}
				},
				"gun": {
					"rotation": {
						"0.0": {
							"vector": [0, 0, 0]
						},
						"3.8": {
							"vector": [0, 0, 0]
						},
						"4.2667": {
							"vector": [20, 0, 0]
						},
						"5.0333": {
							"vector": [20, 0, 0]
						},
						"5.3333": {
							"vector": [0, 0, 0]
						}
					},
					"position": {
						"vector": [0, 0, 0]
					}
				},
				"rightarm": {
					"position": {
						"0.0": {
							"vector": [0, 0, 0]
						},
						"3.8667": {
							"vector": [0, 0, 0]
						},
						"4.2": {
							"vector": [-3.5, 0, -2.7]
						},
						"4.9667": {
							"vector": [-3.5, 0, -2.7]
						},
						"5.3333": {
							"vector": [0, 0, 0]
						}
					}
				},
				"Bullet2": {
					"rotation": {
						"vector": [0, 0, 0]
					},
					"position": {
						"2.7": {
							"vector": [0, 0.5, -6]
						},
						"2.8333": {
							"vector": [0, 0.5, 0]
						},
						"3.6": {
							"vector": [0, 0.5, 0]
						},
						"3.7": {
							"vector": [0, 0.5, -6]
						}
					}
				}
			},
			"sound_effects": {
				"2.7667": {
					"effect": "pistol_tukang"
				},
				"3.6333": {
					"effect": "pistol_hareup"
				}
			}
		},
		"animation.model.reloadempty": {
			"loop": "hold_on_last_frame",
			"animation_length": 2.8333,
			"bones": {
				"main": {
					"rotation": {
						"0.0": {
							"vector": [0, 0, 0]
						},
						"0.1": {
							"vector": [15, 0, 0]
						},
						"0.2333": {
							"vector": [-20, 0, 0]
						},
						"0.4333": {
							"vector": [-27.5, 0, 0]
						},
						"0.5667": {
							"vector": [-30, 0, 0]
						},
						"0.7333": {
							"vector": [-27.5, 0, 0]
						},
						"0.9": {
							"vector": [-23.09454, -15.35793, -31.84407]
						},
						"1.0667": {
							"vector": [-20.99692, -18.17696, -39.10406]
						},
						"1.2667": {
							"vector": [-23.09454, -15.35793, -31.84407]
						},
						"1.5": {
							"vector": [-26.06663, -9.08661, -17.89244]
						},
						"1.6": {
							"vector": [-27.76767, -11.44806, -22.37177]
						},
						"1.7": {
							"vector": [-26.06663, -9.08661, -17.89244]
						},
						"1.9": {
							"vector": [-18.50097, 20.71501, 46.58994]
						},
						"2.0": {
							"vector": [-16.62484, 22.22485, 51.71239]
						},
						"2.1333": {
							"vector": [-18.50097, 20.71501, 46.58994]
						},
						"2.2333": {
							"vector": [-15.5, 20.72, 46.59]
						},
						"2.3333": {
							"vector": [-18.50097, 20.71501, 46.58994]
						},
						"2.5667": {
							"vector": [0, 0, 0]
						},
						"2.7": {
							"vector": [4.99762, -0.10901, 2.49762]
						},
						"2.8333": {
							"vector": [0, 0, 0]
						}
					},
					"position": {
						"0.0": {
							"vector": [0, 0, 0]
						},
						"0.1": {
							"vector": [0, 0, 2]
						},
						"0.2333": {
							"vector": [0, 3, 4]
						},
						"0.3": {
							"vector": [0, 3, 4]
						},
						"0.4333": {
							"vector": [0, 0, -3]
						},
						"1.9": {
							"vector": [0, 0, -3]
						},
						"2.3333": {
							"vector": [0, 0, -3]
						},
						"2.5667": {
							"vector": [0, 0, 0]
						},
						"2.8333": {
							"vector": [0, 0, 0]
						}
					}
				},
				"bullet": {
					"position": {
						"0.0": {
							"vector": [0, -1, 0]
						},
						"0.9": {
							"vector": [0, -1, 0]
						},
						"0.9333": {
							"vector": [0, 0, 0]
						}
					}
				},
				"leftarm": {
					"rotation": {
						"0.0": {
							"vector": [0, 0, 0]
						},
						"0.1": {
							"vector": [2.15199, -13.33821, -26.69791]
						},
						"0.7667": {
							"vector": [2.15199, -13.33821, -26.69791]
						},
						"0.9": {
							"vector": [3.57243, 13.03983, 22.02213]
						},
						"1.0667": {
							"vector": [3.57243, 13.03983, 22.02213]
						},
						"1.2667": {
							"vector": [-3.92757, 13.03983, 22.02213]
						},
						"1.5": {
							"vector": [16.07243, 13.03983, 22.02213]
						},
						"1.9": {
							"vector": [30.23661, -21.56471, -116.33001]
						},
						"2.2": {
							"vector": [30.23661, -21.56471, -116.33001]
						},
						"2.5": {
							"vector": [0, 0, 0]
						}
					},
					"position": {
						"0.0": {
							"vector": [0, 0, 0]
						},
						"0.1": {
							"vector": [15, -13, 10]
						},
						"0.7667": {
							"vector": [15, -13, 10]
						},
						"0.9": {
							"vector": [-5, -37, 3]
						},
						"1.0667": {
							"vector": [-5, -37, 3]
						},
						"1.2667": {
							"vector": [-4, -23, -3]
						},
						"1.5": {
							"vector": [-4, -15, 2]
						},
						"1.6": {
							"vector": [-3, -7, 2]
						},
						"1.7": {
							"vector": [-4, -15, 2]
						},
						"1.8": {
							"vector": [12, 7.5, 2]
						},
						"1.9": {
							"vector": [0, 19, -3]
						},
						"2.0333": {
							"vector": [0, 19, 4]
						},
						"2.1333": {
							"vector": [0, 19, 4]
						},
						"2.2": {
							"vector": [0, 19, 12]
						},
						"2.5": {
							"vector": [0, 0, 0]
						}
					}
				},
				"magazine": {
					"rotation": {
						"0.0": {
							"vector": [0, 0, 0]
						},
						"0.3": {
							"vector": [0, 0, 0]
						},
						"0.9": {
							"vector": [-32.5, 0, 0]
						},
						"1.0667": {
							"vector": [-32.5, 0, 0]
						},
						"1.2667": {
							"vector": [-10, 0, 0]
						},
						"1.5": {
							"vector": [-2.5, 0, 0]
						},
						"1.6": {
							"vector": [0, 0, 0]
						}
					},
					"position": {
						"0.0": {
							"vector": [0, 0, 0]
						},
						"0.3": {
							"vector": [0, 0, 0]
						},
						"0.3333": {
							"vector": [0, -7.5, 1.75]
						},
						"0.4333": {
							"vector": [0, -30, 5]
						},
						"0.7667": {
							"vector": [0, -30, 5]
						},
						"0.9": {
							"vector": [0, -28, 8]
						},
						"1.0667": {
							"vector": [0, -28, 8]
						},
						"1.2667": {
							"vector": [0, -18, 2]
						},
						"1.5": {
							"vector": [0, -9.1, 2.3]
						},
						"1.6": {
							"vector": [0, 0, 0]
						}
					}
				},
				"FrameCha": {
					"rotation": {
						"vector": [0, 0, 0]
					},
					"position": {
						"1.9333": {
							"vector": [0, 0, 0]
						},
						"2.0333": {
							"vector": [0, 0, 5]
						},
						"2.1333": {
							"vector": [0, 0, 5]
						},
						"2.2333": {
							"vector": [0, 0, 0]
						}
					}
				},
				"Bullet2": {
					"rotation": {
						"1.9333": {
							"vector": [0, 0, 0]
						},
						"2.0": {
							"vector": [-11, 0, 0]
						},
						"2.0667": {
							"vector": [0, 0, 0]
						},
						"2.1333": {
							"vector": [0, 0, 0]
						}
					},
					"position": {
						"1.9333": {
							"vector": [0, 0, 0]
						},
						"2.0": {
							"vector": [0, 0.5, 0]
						},
						"2.0667": {
							"vector": [0, 0.5, 2]
						},
						"2.1333": {
							"vector": [0, 0.5, 2]
						},
						"2.2333": {
							"vector": [0, 0.5, -3.375]
						}
					}
				}
			},
			"sound_effects": {
				"0.3333": {
					"effect": "pistol_kaluar"
				},
				"1.2333": {
					"effect": "pistol_asup"
				},
				"1.7333": {
					"effect": "pistol_koking"
				}
			}
		},
		"animation.model.fire": {
			"loop": true,
			"animation_length": 0.1667,
			"bones": {
				"main": {
					"rotation": {
						"0.0": {
							"vector": [0, 0, 0]
						},
						"0.0417": {
							"vector": [-5, 0, 0]
						},
						"0.0833": {
							"vector": [0, 0, 0]
						},
						"0.125": {
							"vector": [2.5, 0, 0]
						},
						"0.1667": {
							"vector": [0, 0, 0]
						}
					},
					"position": {
						"0.0": {
							"vector": [0, 0, 0]
						},
						"0.0417": {
							"vector": [0, 0, 2]
						},
						"0.0833": {
							"vector": [0, 0, 0]
						}
					}
				},
				"FrameCha": {
					"rotation": {
						"vector": [0, 0, 0]
					},
					"position": {
						"0.0": {
							"vector": [0, 0, 0]
						},
						"0.0417": {
							"vector": [0, 0, 2.325]
						},
						"0.0833": {
							"vector": [0, 0, 0]
						}
					}
				},
				"bone2": {
					"position": {
						"vector": [0, 0, 0]
					}
				},
				"BulletShell": {
					"rotation": {
						"0.0": {
							"vector": [0, 0, 0]
						},
						"0.0417": {
							"vector": [0, 32.5, 0]
						},
						"0.1667": {
							"vector": [0, 0, 0]
						}
					},
					"position": {
						"0.0": {
							"vector": [0, 0, 2.3]
						},
						"0.0417": {
							"vector": [-42, 4, 2.3]
						},
						"0.0833": {
							"vector": [-107, 3, 2.3]
						},
						"0.125": {
							"vector": [-156, -64, 2.3]
						},
						"0.1667": {
							"vector": [0, -64, 2.3]
						}
					}
				}
			}
		}
	},
	"geckolib_format_version": 2
}