{
	"format_version": "1.8.0",
	"animations": {
		"animation.model.draw": {
			"loop": "hold_on_last_frame",
			"animation_length": 1.55,
			"bones": {
				"main": {
					"rotation": {
						"0.0": {
							"vector": [32.09413, -54.38778, -8.29667]
						},
						"0.25": {
							"vector": [-18.86653, -9.96368, 5.36947]
						},
						"0.4": {
							"vector": [-30.50717, -8.92786, 5.68812]
						},
						"0.5": {
							"vector": [-18.86653, -9.96368, 5.36947]
						},
						"0.75": {
							"vector": [-25.16866, -6.51093, 6.43163]
						},
						"0.9": {
							"vector": [0.50518, -5.08075, 6.8716],
							"easing": "linear"
						},
						"1.0": {
							"vector": [6.69335, -4.80216, 6.31002]
						},
						"1.1": {
							"vector": [6.33857, -0.41789, -1.49563]
						},
						"1.2": {
							"vector": [-6.75, 0, 0],
							"easing": "linear"
						},
						"1.3": {
							"vector": [-9.97902, -0.65073, -3.69319]
						},
						"1.4": {
							"vector": [4.48908, 0.31358, -3.98771],
							"easing": "linear"
						},
						"1.55": {
							"vector": [0, 0, 0],
							"easing": "linear"
						}
					},
					"position": {
						"0.0": {
							"vector": [0, -17.3, 0]
						},
						"0.25": {
							"vector": [-0.05, -2, -8.49],
							"easing": "linear"
						},
						"0.5": {
							"vector": [-0.05, -2, -13.49],
							"easing": "linear"
						},
						"0.95": {
							"vector": [0, 0, -5],
							"easing": "linear"
						},
						"1.2": {
							"vector": [0, 0, -1.7]
						},
						"1.25": {
							"vector": [0, 0, -1.68]
						},
						"1.35": {
							"vector": [0, 0, 0]
						}
					}
				},
				"gun": {
					"rotation": {
						"0.0": {
							"vector": [137.5, 0, 0]
						},
						"0.05": {
							"vector": [55.5, 0, 0]
						},
						"0.1": {
							"vector": [-49.5, 0, 0]
						},
						"0.15": {
							"vector": [-138.5, 0, 0]
						},
						"0.2": {
							"vector": [-197.25, 0, 0]
						},
						"0.25": {
							"vector": [-256, 0, 0]
						},
						"0.3": {
							"vector": [-305, 0, 0]
						},
						"0.35": {
							"vector": [-354, 0, 0]
						},
						"0.4": {
							"vector": [-392.75, 0, 0]
						},
						"0.45": {
							"vector": [-431.5, 0, 0]
						},
						"0.5": {
							"vector": [-422.91, 0, 0]
						},
						"0.55": {
							"vector": [-414.33, 0, 0]
						},
						"0.6": {
							"vector": [-373.39, 0, 0]
						},
						"0.65": {
							"vector": [-332.44, 0, 0]
						},
						"0.7": {
							"vector": [-291.5, 0, 0]
						},
						"0.75": {
							"vector": [-243.5, 0, 0]
						},
						"0.8": {
							"vector": [-195.5, 0, 0]
						},
						"0.85": {
							"vector": [-134.5, 0, 0]
						},
						"0.9": {
							"vector": [-73.5, 0, 0]
						},
						"0.95": {
							"vector": [-36.75, 0, 0]
						},
						"1.0": {
							"vector": [0, 0, 0]
						}
					},
					"position": {
						"0.0": {
							"vector": [0, -11.3, 9.4]
						},
						"0.05": {
							"vector": [0, -1.97, 1.86]
						},
						"0.25": {
							"vector": [0, 16.51, -6.77]
						},
						"0.5": {
							"vector": [0, 0, 0]
						},
						"0.65": {
							"vector": [0, -1.4, -2.8]
						},
						"0.7": {
							"vector": [0, -3.25, -3.4]
						},
						"0.75": {
							"vector": [0, -3.925, 1.0375]
						},
						"0.8": {
							"vector": [-1, 1.3875, 4.8625]
						},
						"0.85": {
							"vector": [-0.67, 0.93, 5.515]
						},
						"0.9": {
							"vector": [-0.33, 3.6475, 1.36]
						},
						"0.95": {
							"vector": [0, 0, 0]
						}
					}
				},
				"rightarm": {
					"rotation": {
						"0.0": {
							"vector": [0, 0, 0]
						},
						"0.25": {
							"vector": [4.44, 0, 0]
						},
						"0.45": {
							"vector": [-25.8, 0, 0]
						},
						"0.55": {
							"vector": [-10.8, 0, 0]
						},
						"0.65": {
							"vector": [34, 0, 0]
						},
						"0.8": {
							"vector": [7.5, 0, 0]
						},
						"1.1": {
							"vector": [0, 0, 0]
						}
					},
					"position": {
						"0.0": {
							"vector": [0, 0, -1.9]
						},
						"0.1": {
							"vector": [-3.95, 1.8, -6.9]
						},
						"0.2": {
							"vector": [-4.5, 4.9, -4.1]
						},
						"0.25": {
							"vector": [-4.67, 3.3, -3.6]
						},
						"0.35": {
							"vector": [-1.5, 0, -3]
						},
						"0.4": {
							"vector": [-0.7, -8.23, -1.78]
						},
						"0.45": {
							"vector": [0.1, -10.45, -7.75]
						},
						"0.55": {
							"vector": [-0.9, -6.2, -3.75]
						},
						"0.65": {
							"vector": [-4.43, 7.15, -10.36]
						},
						"0.7": {
							"vector": [-3.86, 5.84, -8.9]
						},
						"0.8": {
							"vector": [-5.23, 9.08, -9.52]
						},
						"0.9": {
							"vector": [-4.49, 4.45, -9.35]
						},
						"1.1": {
							"vector": [0, 0, 0]
						}
					}
				},
				"leftarm": {
					"rotation": {
						"0.0": {
							"vector": [0, 0, 0]
						},
						"1.05": {
							"vector": [-2.70964, -7.10759, -19.00123]
						},
						"1.2": {
							"vector": [-4.07792, -18.02389, -11.80015]
						},
						"1.4": {
							"vector": [0, 0, 0]
						},
						"1.55": {
							"vector": [0, 0, 0]
						}
					},
					"position": {
						"0.0": {
							"vector": [0, -38, -35]
						},
						"0.2": {
							"vector": [0, -38, 10]
						},
						"0.8": {
							"vector": [22, -38, 10]
						},
						"1.05": {
							"vector": [0, 14.7, -4]
						},
						"1.2": {
							"vector": [0, 10.7, -0.4]
						},
						"1.3": {
							"vector": [0, 7.25, 6.8]
						},
						"1.4": {
							"vector": [0, 0, 0]
						}
					}
				},
				"Cylinder": {
					"rotation": {
						"0.0": {
							"vector": [0, 0, 0]
						},
						"1.05": {
							"vector": [-57.5, 0, 0]
						},
						"1.2": {
							"vector": [0, 0, 0]
						}
					}
				},
				"Hammer": {
					"rotation": {
						"1.05": {
							"vector": [0, 0, 70]
						},
						"1.2": {
							"vector": [0, 0, 0]
						}
					}
				}
			},
			"sound_effects": {
				"1.2": {
					"effect": "hammer_cock"
				}
			}
		},
		"animation.model.fire": {
			"loop": "hold_on_last_frame",
			"animation_length": 0.7917,
			"bones": {
				"main": {
					"rotation": {
						"0.0": {
							"vector": [-7.95306, -1.10216, -4.87731]
						},
						"0.0833": {
							"vector": [4.75, 0, 0]
						},
						"0.25": {
							"vector": [-18.86653, -9.96368, 5.36947]
						},
						"0.4167": {
							"vector": [-20.16866, -6.51093, 6.43163]
						},
						"0.5833": {
							"vector": [0.50518, -5.08075, 6.8716],
							"easing": "easeOutSine"
						},
						"0.7083": {
							"vector": [0.32389, -0.60235, -2.1558],
							"easing": "linear"
						},
						"0.7917": {
							"vector": [0, 0, 0],
							"easing": "linear"
						}
					},
					"position": {
						"0.0": {
							"vector": [0, 0, 5.8]
						},
						"0.0833": {
							"vector": [0, 0, 0]
						},
						"0.25": {
							"vector": [-0.4, -2.525, -1.625],
							"easing": "linear"
						},
						"0.4583": {
							"vector": [-0.05, 0, -2.49],
							"easing": "linear"
						},
						"0.75": {
							"vector": [0, 0, 0],
							"easing": "linear"
						}
					}
				},
				"trigger": {
					"rotation": {
						"0.0": {
							"vector": [30, 0, 0]
						},
						"0.0833": {
							"vector": [0, 0, 0]
						}
					}
				},
				"rightarm": {
					"rotation": {
						"0.0": {
							"vector": [0, 0, 0]
						},
						"0.25": {
							"vector": [-10, 0, 0]
						},
						"0.4167": {
							"vector": [0, 0, 0]
						},
						"0.5833": {
							"vector": [0, 0, 0]
						}
					},
					"position": {
						"0.0": {
							"vector": [0, 0, 0]
						},
						"0.25": {
							"vector": [0, 6.1625, -2]
						},
						"0.4167": {
							"vector": [0, 5, 1]
						},
						"0.5833": {
							"vector": [0, 0, 0]
						}
					}
				},
				"Cylinder": {
					"rotation": {
						"0.25": {
							"vector": [-57.5, 0, 0]
						},
						"0.4167": {
							"vector": [0, 0, 0]
						}
					}
				},
				"Hammer": {
					"rotation": {
						"0.0": {
							"vector": [0, 0, 70]
						},
						"0.25": {
							"vector": [0, 0, 70]
						},
						"0.4167": {
							"vector": [0, 0, 0]
						}
					}
				}
			},
			"sound_effects": {
				"0.3333": {
					"effect": "hammer_cock"
				}
			}
		},
		"animation.model.prepare": {
			"loop": "hold_on_last_frame",
			"animation_length": 0.9167,
			"bones": {
				"main": {
					"rotation": {
						"0.0": {
							"vector": [0, 0, 0]
						},
						"0.5833": {
							"vector": [0, 0, 2.25]
						},
						"0.75": {
							"vector": [3.49731, 0.13732, -2.99581]
						},
						"0.9167": {
							"vector": [3.5, 0, -0.75]
						}
					},
					"position": {
						"0.0": {
							"vector": [0, 0, 0]
						},
						"0.5": {
							"vector": [0, 0, -0.95]
						}
					}
				},
				"gun": {
					"rotation": {
						"0.0": {
							"vector": [0, 0, 0]
						},
						"0.0833": {
							"vector": [2.75, -1.5, 0]
						},
						"0.25": {
							"vector": [0, 18.75, 4.5]
						},
						"0.375": {
							"vector": [-2.08843, 19.76781, 9.30969]
						},
						"0.5": {
							"vector": [-4.24748, 25.78224, 13.92255]
						},
						"0.7083": {
							"vector": [-7.5, 22.5, 22.5]
						}
					},
					"position": {
						"0.0": {
							"vector": [0, 0, 0]
						},
						"0.7083": {
							"vector": [-1.5, 1.3625, 2.75]
						}
					}
				},
				"rightarm": {
					"rotation": {
						"0.0": {
							"vector": [0, 0, 0]
						},
						"0.25": {
							"vector": [1.56719, 14.16476, 11.78892]
						},
						"0.5833": {
							"vector": [-3.88173, 15.55106, 8.68235]
						},
						"0.7083": {
							"vector": [-3.82696, 8.98136, -14.41371]
						}
					},
					"position": {
						"0.0": {
							"vector": [0, 0, 0]
						},
						"0.0833": {
							"vector": [0.52, 0.96, 0]
						},
						"0.25": {
							"vector": [4.39, 1.42, 0]
						},
						"0.375": {
							"vector": [3.68, 6.22, 3]
						},
						"0.5833": {
							"vector": [-0.12, 9.15, -1.91]
						},
						"0.7083": {
							"vector": [-2.22, 4.75, -1.51]
						}
					}
				},
				"leftarm": {
					"rotation": {
						"0.0": {
							"vector": [0, 0, 0]
						},
						"0.7083": {
							"vector": [-4.1671, -9.88888, -14.47998]
						}
					},
					"position": {
						"0.0": {
							"vector": [0, 0, 0]
						},
						"0.125": {
							"vector": [0.21, 2.88, -9.25]
						},
						"0.25": {
							"vector": [0.42, 5.75, -12.5]
						},
						"0.5417": {
							"vector": [-1.75, 14.5, -18.75]
						}
					}
				},
				"Cylinder": {
					"rotation": {
						"0.5833": {
							"vector": [0, 0, 0]
						},
						"0.7083": {
							"vector": [32.5, 0, 0]
						}
					}
				},
				"Hammer": {
					"rotation": {
						"0.3333": {
							"vector": [0, 0, 0]
						},
						"0.4583": {
							"vector": [0, 0, 58]
						}
					}
				}
			},
			"sound_effects": {
				"0.375": {
					"effect": "close_cylinder"
				},
				"0.625": {
					"effect": "cylinder_rotate"
				}
			}
		},
		"animation.model.inspect": {
			"loop": "hold_on_last_frame",
			"animation_length": 5.9167,
			"bones": {
				"main": {
					"rotation": {
						"0.0": {
							"vector": [0, 0, 0]
						},
						"0.125": {
							"vector": [0, -25, -17.5]
						},
						"0.25": {
							"vector": [0, -40, -17.5]
						},
						"0.5": {
							"vector": [-2.84254, -42.97765, -13.34796]
						},
						"0.625": {
							"vector": [0, -45, -17.5]
						},
						"0.8333": {
							"vector": [-2.61252, -44.42312, -13.4522]
						},
						"1.0417": {
							"vector": [-3.93584, -44.14504, -11.40362]
						},
						"1.2917": {
							"vector": [-5.31462, -44.28863, -9.27456]
						},
						"1.5833": {
							"vector": [-7.04771, -43.13227, -6.58711]
						},
						"1.9167": {
							"vector": [-16.62989, -33.13352, 8.30288]
						},
						"2.0833": {
							"vector": [-26.78323, -14.83451, 24.36763]
						},
						"2.25": {
							"vector": [-30.2392, -1.24626, 57.552]
						},
						"2.4167": {
							"vector": [-30.10055, 3.28379, 65.33206]
						},
						"2.5833": {
							"vector": [-30.19295, 2.15369, 63.38423]
						},
						"2.75": {
							"vector": [-29.84092, 5.28263, 68.80672]
						},
						"3.125": {
							"vector": [-29.53973, 6.89273, 71.64596]
						},
						"3.5833": {
							"vector": [-7.04771, -43.13227, -6.58711]
						},
						"3.875": {
							"vector": [-4.94232, -43.36733, -9.65946]
						},
						"4.0833": {
							"vector": [-8.39918, -44.44534, -4.60941]
						},
						"4.25": {
							"vector": [-3.09885, -44.15355, -5.0489]
						},
						"4.8333": {
							"vector": [-5.63552, -1.17189, 3.75581]
						},
						"5.5": {
							"vector": [4.21304, -0.31961, 1.02431]
						},
						"5.5833": {
							"vector": [11.05869, -0.21307, 0.68288]
						},
						"5.75": {
							"vector": [0, 0, 0]
						},
						"5.8333": {
							"vector": [5.75, 0, -4.75]
						},
						"5.9167": {
							"vector": [0, 0, 0]
						}
					},
					"position": {
						"0.0": {
							"vector": [0, 0, 0]
						},
						"0.125": {
							"vector": [-4, 0, 0]
						},
						"1.8333": {
							"vector": [-4, 0, 0]
						},
						"2.0833": {
							"vector": [-4, -4, 0]
						},
						"2.25": {
							"vector": [-4, -3.6, 0]
						},
						"2.9167": {
							"vector": [-4, -3.6, 0]
						},
						"3.375": {
							"vector": [-4, -5.2875, 0]
						},
						"3.6667": {
							"vector": [-4, -3.415, 0]
						},
						"3.7917": {
							"vector": [-4, -3.415, 0]
						},
						"4.0": {
							"vector": [-4, -4.715, 0]
						},
						"4.25": {
							"vector": [-4, -6.015, 0]
						},
						"4.5": {
							"vector": [-4, 4.9275, -8]
						},
						"5.4167": {
							"vector": [-4, 4.9275, 3]
						},
						"5.8333": {
							"vector": [0, 0, 0]
						}
					}
				},
				"gun": {
					"rotation": {
						"4.25": {
							"vector": [0, 0, 0]
						},
						"4.5": {
							"vector": [137.5, 0, 0]
						},
						"4.5417": {
							"vector": [55.5, 0, 0]
						},
						"4.5833": {
							"vector": [-49.5, 0, 0]
						},
						"4.6667": {
							"vector": [-138.5, 0, 0]
						},
						"4.7083": {
							"vector": [-197.25, 0, 0]
						},
						"4.75": {
							"vector": [-256, 0, 0]
						},
						"4.7917": {
							"vector": [-305, 0, 0]
						},
						"4.8333": {
							"vector": [-354, 0, 0]
						},
						"4.9167": {
							"vector": [-392.75, 0, 0]
						},
						"4.9583": {
							"vector": [-431.5, 0, 0]
						},
						"5.0": {
							"vector": [-422.91, 0, 0]
						},
						"5.0417": {
							"vector": [-414.33, 0, 0]
						},
						"5.0833": {
							"vector": [-373.39, 0, 0]
						},
						"5.1667": {
							"vector": [-332.44, 0, 0]
						},
						"5.2083": {
							"vector": [-291.5, 0, 0]
						},
						"5.25": {
							"vector": [-243.5, 0, 0]
						},
						"5.2917": {
							"vector": [-195.5, 0, 0]
						},
						"5.3333": {
							"vector": [-134.5, 0, 0]
						},
						"5.4167": {
							"vector": [-73.5, 0, 0]
						},
						"5.4583": {
							"vector": [-36.75, 0, 0]
						},
						"5.5": {
							"vector": [0, 0, 0]
						},
						"5.5833": {
							"vector": [0, 0, 0]
						}
					},
					"position": {
						"4.25": {
							"vector": [0, 0, 0]
						},
						"4.375": {
							"vector": [0, -6.9, 5.2]
						},
						"4.5": {
							"vector": [0, -11.3, 9.4]
						},
						"4.5417": {
							"vector": [0, -1.97, 1.86]
						},
						"4.75": {
							"vector": [0, 16.51, -6.77]
						},
						"5.0": {
							"vector": [0, 0, 0]
						},
						"5.1667": {
							"vector": [0, -1.4, -2.8]
						},
						"5.2083": {
							"vector": [0, -3.25, -3.4]
						},
						"5.25": {
							"vector": [0, -3.925, 1.0375]
						},
						"5.2917": {
							"vector": [-1, 1.3875, 4.8625]
						},
						"5.3333": {
							"vector": [-0.67, 0.93, 5.515]
						},
						"5.4167": {
							"vector": [-0.33, 3.6475, 1.36]
						},
						"5.4583": {
							"vector": [0, 0, 0]
						}
					}
				},
				"rightarm": {
					"rotation": {
						"4.25": {
							"vector": [0, 0, 0]
						},
						"4.375": {
							"vector": [22.5, 0, 0]
						},
						"4.5": {
							"vector": [0, 0, 0]
						},
						"4.75": {
							"vector": [4.44, 0, 0]
						},
						"4.9583": {
							"vector": [-25.8, 0, 0]
						},
						"5.0417": {
							"vector": [-10.8, 0, 0]
						},
						"5.1667": {
							"vector": [34, 0, 0]
						},
						"5.2917": {
							"vector": [7.5, 0, 0]
						},
						"5.5": {
							"vector": [0, 0, 0]
						}
					},
					"position": {
						"4.25": {
							"vector": [0, 0, 0]
						},
						"4.375": {
							"vector": [0, 2, -0.95]
						},
						"4.5": {
							"vector": [0, 0, -1.9]
						},
						"4.5833": {
							"vector": [-3.95, 1.8, -6.9]
						},
						"4.7083": {
							"vector": [-4.5, 4.9, -4.1]
						},
						"4.75": {
							"vector": [-4.67, 3.3, -3.6]
						},
						"4.8333": {
							"vector": [-1.5, 0, -3]
						},
						"4.9167": {
							"vector": [-0.7, -8.23, -1.78]
						},
						"4.9583": {
							"vector": [0.1, -10.45, -7.75]
						},
						"5.0417": {
							"vector": [-0.9, -6.2, -3.75]
						},
						"5.1667": {
							"vector": [-4.43, 7.15, -10.36]
						},
						"5.2083": {
							"vector": [-3.86, 5.84, -8.9]
						},
						"5.2917": {
							"vector": [-5.23, 9.08, -9.52]
						},
						"5.4167": {
							"vector": [-4.49, 4.45, -9.35]
						},
						"5.5": {
							"vector": [0, 0, 0]
						}
					}
				},
				"leftarm": {
					"rotation": {
						"0.0": {
							"vector": [0, 0, 0]
						},
						"0.125": {
							"vector": [0.68398, -8.27333, -14.03245]
						},
						"1.9167": {
							"vector": [0.68398, -8.27333, -14.03245]
						},
						"3.375": {
							"vector": [0.68398, -8.27333, -14.03245]
						},
						"5.7083": {
							"vector": [0.68, -8.27, -14.03]
						},
						"5.8333": {
							"vector": [0, 0, 0]
						}
					},
					"position": {
						"0.0": {
							"vector": [0, 0, 0]
						},
						"0.125": {
							"vector": [6, -28, -6]
						},
						"1.9167": {
							"vector": [6, -28, -6]
						},
						"2.25": {
							"vector": [6, 11, 26]
						},
						"3.0": {
							"vector": [28, 20.1, 4.67]
						},
						"3.375": {
							"vector": [6, -28, -6]
						},
						"5.7083": {
							"vector": [6, -28, -6]
						},
						"5.8333": {
							"vector": [0, 0, 0]
						}
					}
				}
			}
		},
		"animation.model.hipfire": {
			"loop": true,
			"animation_length": 0.1667,
			"bones": {
				"main": {
					"rotation": {
						"0.0": {
							"vector": [-2.5, 0, 0]
						},
						"0.0833": {
							"vector": [5, 0, 0]
						},
						"0.1667": {
							"vector": [0, 0, 0]
						}
					},
					"position": {
						"0.0": {
							"vector": [0, 0, 3]
						},
						"0.0833": {
							"vector": [0, 0, 0]
						},
						"0.1667": {
							"vector": [0, 0, 0]
						}
					}
				},
				"leftarm": {
					"rotation": {
						"0.0": {
							"vector": [-13.26267, -50.60319, -65.09908]
						},
						"0.0833": {
							"vector": [-18.76267, -50.60319, -65.09908]
						},
						"0.1667": {
							"vector": [-13.26267, -50.60319, -65.09908]
						}
					},
					"position": {
						"0.0": {
							"vector": [-13, 25, 9.75]
						},
						"0.0833": {
							"vector": [-15.55, 26.6625, 7.2875]
						},
						"0.1667": {
							"vector": [-13, 23.4125, 11.65]
						}
					}
				},
				"Cylinder": {
					"rotation": {
						"0.0833": {
							"vector": [0, 0, 0]
						},
						"0.1667": {
							"vector": [55.5, 0, 0]
						}
					}
				},
				"Hammer": {
					"rotation": {
						"0.0833": {
							"vector": [0, 0, 70]
						},
						"0.1667": {
							"vector": [0, 0, 0]
						}
					}
				}
			},
			"sound_effects": {
				"0.0833": {
					"effect": "hammer_cock"
				}
			}
		},
		"animation.model.preparehip": {
			"loop": "hold_on_last_frame",
			"animation_length": 0.125,
			"bones": {
				"main": {
					"rotation": {
						"0.0": {
							"vector": [0, 0, 0]
						},
						"0.0833": {
							"vector": [0, 0, 2]
						}
					}
				},
				"leftarm": {
					"rotation": {
						"0.0": {
							"vector": [0, 0, 0]
						},
						"0.125": {
							"vector": [-13.26267, -50.60319, -65.09908]
						}
					},
					"position": {
						"0.0": {
							"vector": [0, 0, 0]
						},
						"0.125": {
							"vector": [-13, 25, 9.75]
						}
					}
				}
			}
		},
		"animation.model.iterativeload": {
			"loop": true,
			"animation_length": 1.7083,
			"bones": {
				"main": {
					"rotation": {
						"0.0": {
							"vector": [3.5, 0, -0.75]
						},
						"0.2083": {
							"vector": [5.25, 0, -0.75]
						},
						"0.4583": {
							"vector": [3.3718, 0.14713, -3.24567]
						},
						"0.5417": {
							"vector": [2.75, 0, -0.75]
						},
						"0.7083": {
							"vector": [3.28693, 0.10037, -2.49712]
						},
						"0.8333": {
							"vector": [2.75, 0, -0.75]
						},
						"1.0833": {
							"vector": [4.5, 0, -0.75]
						},
						"1.125": {
							"vector": [4.49846, 0.11768, -2.24538]
						},
						"1.2083": {
							"vector": [4.49654, -0.17649, 1.49307]
						},
						"1.2917": {
							"vector": [6.73371, 0.46977, -4.72236]
						},
						"1.375": {
							"vector": [4.5, 0, -0.75]
						},
						"1.7083": {
							"vector": [3.5, 0, -0.75]
						}
					},
					"position": {
						"0.0": {
							"vector": [0, 0, 0]
						},
						"0.125": {
							"vector": [0, 0, -0.71875]
						},
						"0.5833": {
							"vector": [0, 0, -0.44109]
						},
						"1.1667": {
							"vector": [0, 0, -0.44109]
						},
						"1.2917": {
							"vector": [0, 0, -1.61453]
						},
						"1.375": {
							"vector": [0, 0, -0.71875]
						},
						"1.5417": {
							"vector": [0, 0, 0]
						}
					}
				},
				"gun": {
					"rotation": {
						"vector": [-7.5, 22.5, 22.5]
					},
					"position": {
						"vector": [-1.5, 1.3625, 2.75]
					}
				},
				"Cylinder": {
					"rotation": {
						"0.0": {
							"vector": [32.5, 0, 0]
						},
						"0.6667": {
							"vector": [32.5, 0, 0]
						},
						"0.7917": {
							"vector": [121, 0, 0]
						},
						"1.5833": {
							"vector": [121, 0, 0]
						},
						"1.7083": {
							"vector": [212.5, 0, 0]
						}
					}
				},
				".36": {
					"rotation": {
						"0.1667": {
							"vector": [0, 0, 0]
						},
						"0.25": {
							"vector": [0, -20.6, 0]
						},
						"0.375": {
							"vector": [0, -24, 0]
						},
						"0.5417": {
							"vector": [0, 0, 0]
						}
					},
					"position": {
						"0.0": {
							"vector": [-27.8, 0, -10]
						},
						"0.0833": {
							"vector": [-29.4, 0, -10.95]
						},
						"0.1667": {
							"vector": [-20, 0, -5.5]
						},
						"0.25": {
							"vector": [-10.72, 0, -2.99812]
						},
						"0.2917": {
							"vector": [-6.45, 0, -3.57]
						},
						"0.375": {
							"vector": [2.1, 0, 0.7]
						},
						"0.5417": {
							"vector": [0.3, 0, 0]
						},
						"0.7917": {
							"vector": [0.3, 0, 0]
						},
						"1.0833": {
							"vector": [0.3, 0, 0]
						},
						"1.125": {
							"vector": [0.08906, 0, 0]
						},
						"1.2083": {
							"vector": [0.08906, 0, 0]
						},
						"1.2917": {
							"vector": [0, 0, 0]
						}
					}
				},
				"Hammer": {
					"rotation": {
						"vector": [0, 0, 58]
					}
				},
				"Ram": {
					"rotation": {
						"1.0833": {
							"vector": [0, 0, 0]
						},
						"1.125": {
							"vector": [11.33, 0, 0]
						},
						"1.2083": {
							"vector": [11.33, 0, 0]
						},
						"1.2917": {
							"vector": [34, 0, 0]
						},
						"1.4583": {
							"vector": [0, 0, 0]
						}
					}
				},
				"Ramrod": {
					"rotation": {
						"vector": [0, 0, 0]
					},
					"position": {
						"1.0833": {
							"vector": [0, 0, 0]
						},
						"1.125": {
							"vector": [0, 0, 0.57]
						},
						"1.2083": {
							"vector": [0, 0, 0.57]
						},
						"1.2917": {
							"vector": [0, 0, 1.7]
						},
						"1.4583": {
							"vector": [0, 0, 0]
						}
					}
				},
				"rightarm": {
					"rotation": {
						"0.0": {
							"vector": [-3.82696, 8.98136, -14.41371]
						},
						"0.375": {
							"vector": [-13.73463, -2.80126, -8.83698]
						},
						"0.5417": {
							"vector": [-15.53584, -12.65734, -3.62554]
						},
						"0.7917": {
							"vector": [-8.71872, -18.37169, -18.1087]
						},
						"1.0": {
							"vector": [-3.82696, 8.98136, -14.41371]
						},
						"1.4583": {
							"vector": [-3.82696, 8.98136, -14.41371]
						},
						"1.5833": {
							"vector": [-3.94764, 9.50795, -6.4253]
						},
						"1.7083": {
							"vector": [-3.82696, 8.98136, -14.41371]
						}
					},
					"position": {
						"0.0": {
							"vector": [-2.22, 4.75, -1.51]
						},
						"0.1667": {
							"vector": [-2.22, 0.75, 14.49]
						},
						"0.2917": {
							"vector": [-4.6, 2.79, 0.03]
						},
						"0.375": {
							"vector": [-4.02, 4.15, -9.61]
						},
						"0.6667": {
							"vector": [-6.42, 4.15, -5.61]
						},
						"0.7917": {
							"vector": [-5.92, 2.55, -5.61]
						},
						"1.0": {
							"vector": [-2.22, 4.75, -1.51]
						},
						"1.4583": {
							"vector": [-2.22, 4.75, -1.51]
						},
						"1.7083": {
							"vector": [-2.22, 4.75, -1.51]
						}
					}
				},
				"leftarm": {
					"rotation": {
						"0.0": {
							"vector": [-4.1671, -9.88888, -14.47998]
						},
						"0.9167": {
							"vector": [-4.17, -9.89, -14.48]
						},
						"1.0833": {
							"vector": [-14.99667, 3.74598, -24.15995]
						},
						"1.125": {
							"vector": [-17.89, 5.4, -25.82]
						},
						"1.2083": {
							"vector": [-17.89, 5.4, -25.82]
						},
						"1.2917": {
							"vector": [-23.68391, 8.70277, -29.1517]
						},
						"1.4583": {
							"vector": [-14.99667, 3.74598, -24.15995]
						},
						"1.5833": {
							"vector": [-4.1671, -9.88888, -14.47998]
						}
					},
					"position": {
						"0.0": {
							"vector": [-1.75, 14.5, -18.75]
						},
						"0.9167": {
							"vector": [-1.75, 14.5, -18.75]
						},
						"1.0833": {
							"vector": [-9.35, 14.5, -26.75]
						},
						"1.125": {
							"vector": [-10.55, 12.67, -26.75]
						},
						"1.2083": {
							"vector": [-10.55, 12.67, -26.75]
						},
						"1.2917": {
							"vector": [-12.95, 9, -26.75]
						},
						"1.4583": {
							"vector": [-9.35, 14.5, -26.75]
						},
						"1.5833": {
							"vector": [-1.75, 14.5, -18.75]
						}
					}
				}
			},
			"sound_effects": {
				"0.375": {
					"effect": "repeater_bullet_load"
				},
				"0.7083": {
					"effect": "cylinder_rotate"
				},
				"1.0833": {
					"effect": "carbine_rodin"
				},
				"1.4583": {
					"effect": "cylinder_rotate"
				}
			}
		},
		"animation.model.finish": {
			"loop": "hold_on_last_frame",
			"animation_length": 0.75,
			"bones": {
				"main": {
					"rotation": {
						"0.0": {
							"vector": [3.5, 0, -0.75]
						},
						"0.125": {
							"vector": [2.75589, 3.74568, -0.40911]
						},
						"0.25": {
							"vector": [11.25428, 2.72413, -0.29754]
						},
						"0.3333": {
							"vector": [11.25428, 2.72413, -0.29754]
						},
						"0.4583": {
							"vector": [-6.97368, 1.75064, 5.33953]
						},
						"0.625": {
							"vector": [2.48306, 0.58374, -0.06376]
						},
						"0.75": {
							"vector": [0, 0, 0]
						}
					},
					"position": {
						"0.0": {
							"vector": [0, 0, 0]
						},
						"0.25": {
							"vector": [0, 0, 1.29688]
						},
						"0.4583": {
							"vector": [0, 0, 2.54688]
						},
						"0.625": {
							"vector": [0, 0, 0.49219]
						},
						"0.75": {
							"vector": [0, 0, 0]
						}
					}
				},
				"gun": {
					"rotation": {
						"0.0": {
							"vector": [-7.5, 22.5, 22.5]
						},
						"0.3333": {
							"vector": [0, 0, 0]
						}
					},
					"position": {
						"0.0": {
							"vector": [-1.5, 1.3625, 2.75]
						},
						"0.3333": {
							"vector": [0, 0, 0]
						}
					}
				},
				"Cylinder": {
					"rotation": {
						"0.125": {
							"vector": [32.5, 0, 0]
						},
						"0.2083": {
							"vector": [0, 0, 0]
						}
					}
				},
				".36": {
					"rotation": {
						"vector": [0, 0, 0]
					},
					"position": {
						"vector": [0, 0, 0]
					}
				},
				"Hammer": {
					"rotation": {
						"0.3333": {
							"vector": [0, 0, 58]
						},
						"0.4583": {
							"vector": [0, 0, 0]
						}
					}
				},
				"rightarm": {
					"rotation": {
						"0.0": {
							"vector": [-3.82696, 8.98136, -14.41371]
						},
						"0.25": {
							"vector": [2.96304, 12.59588, 10.00816]
						},
						"0.3333": {
							"vector": [0, 0, 0]
						}
					},
					"position": {
						"0.0": {
							"vector": [-2.22, 4.75, -1.51]
						},
						"0.125": {
							"vector": [-3.54, 3.53, 2.81]
						},
						"0.25": {
							"vector": [2.57031, 0, 0]
						},
						"0.3333": {
							"vector": [0, 0, 0]
						}
					}
				},
				"leftarm": {
					"rotation": {
						"0.0": {
							"vector": [-4.1671, -9.88888, -14.47998]
						},
						"0.2083": {
							"vector": [-3.42265, -4.92324, -3.69664]
						},
						"0.4583": {
							"vector": [-1.30388, -6.47406, -1.95443]
						},
						"0.7083": {
							"vector": [0, 0, 0]
						}
					},
					"position": {
						"0.0": {
							"vector": [-1.75, 14.5, -18.75]
						},
						"0.125": {
							"vector": [2.63, 11.4, -8.53]
						},
						"0.2083": {
							"vector": [2.63, 8.7, -8.53]
						},
						"0.3333": {
							"vector": [-3.4, 8.29, -3.21]
						},
						"0.4583": {
							"vector": [-2.17, 7.35891, 0.08703]
						},
						"0.5833": {
							"vector": [2.32, 3.68, 0.04]
						},
						"0.7083": {
							"vector": [0, 0, 0]
						}
					}
				}
			},
			"sound_effects": {
				"0.4167": {
					"effect": "hammer_cock"
				}
			}
		}
	},
	"geckolib_format_version": 2
}