{
	"format_version": "1.8.0",
	"animations": {
		"animation.model.drawempty": {
			"loop": "hold_on_last_frame",
			"animation_length": 0.6,
			"bones": {
				"main": {
					"rotation": {
						"0.0": [32.09413, -54.38778, -8.29667],
						"0.35": [0.50518, -5.08075, 6.8716],
						"0.5": [0.32389, -0.60235, -2.1558],
						"0.6": [0, 0, 0]
					},
					"position": {
						"0.0": [0, -17.3, 0],
						"0.25": [-0.4, -2.525, -1.625],
						"0.4": [-0.05, 0, -2.49],
						"0.55": [0, 0, 0]
					}
				},
				"leftarm": {
					"rotation": {
						"0.0": [0, 0, 0],
						"0.2": [1, 0, -22],
						"0.4": [0, 0, 0]
					},
					"position": {
						"0.0": [0, 0, 0],
						"0.2": [3.53901, 3.6754, 5.59783],
						"0.4": [0, 0, 0]
					}
				},
				"Hammer": {
					"rotation": [50, 0, 0]
				}
			},
			"sound_effects": {
				"0.1": {
					"effect": "gun_up"
				}
			}
		},
		"animation.model.draw": {
			"loop": "hold_on_last_frame",
			"animation_length": 0.6,
			"bones": {
				"main": {
					"rotation": {
						"0.0": [32.09413, -54.38778, -8.29667],
						"0.35": [0.50518, -5.08075, 6.8716],
						"0.5": [0.32389, -0.60235, -2.1558],
						"0.6": [0, 0, 0]
					},
					"position": {
						"0.0": [0, -17.3, 0],
						"0.25": [-0.4, -2.525, -1.625],
						"0.4": [-0.05, 0, -2.49],
						"0.55": [0, 0, 0]
					}
				},
				"leftarm": {
					"rotation": {
						"0.0": [0, 0, 0],
						"0.2": [1, 0, -22],
						"0.4": [0, 0, 0]
					},
					"position": {
						"0.0": [0, 0, 0],
						"0.2": [3.53901, 3.6754, 5.59783],
						"0.4": [0, 0, 0]
					}
				},
				"Hammer": {
					"rotation": [0, 0, 0]
				}
			},
			"sound_effects": {
				"0.1": {
					"effect": "gun_up"
				}
			}
		},
		"animation.model.inspect": {
			"loop": "hold_on_last_frame",
			"animation_length": 3.7,
			"bones": {
				"main": {
					"rotation": {
						"0.0": [0, 0, 0],
						"0.1667": [-8.41746, -13.59608, -21.21259],
						"0.3": [-8.39812, -20.10111, -31.77688],
						"0.4333": [-9.55676, -20.88889, -28.55629],
						"0.5333": [-8.77652, -21.21647, -30.72851],
						"0.7667": [-9.4227, -20.94881, -28.93303],
						"1.0": [-3.1216, -20.98207, -46.44405],
						"1.1333": [-4.564, -20.73064, -42.44007],
						"1.2333": [-4.86325, -20.9153, -41.60203],
						"1.3333": [-4.58308, -20.97575, -42.38574],
						"1.4667": [-4.01131, -21.08802, -43.97908],
						"1.6": [-4.38767, -21.01662, -42.9316],
						"1.7": [-4.18847, -21.05622, -43.48691],
						"2.0333": [-16.91438, 5.38499, 54.40399],
						"2.1667": [-15.22513, 5.80082, 60.04554],
						"2.3": [-15.70981, 5.86025, 59.48558],
						"2.4333": [-15.93602, 7.03904, 62.69373],
						"2.5667": [-15.60896, 7.75082, 65.23442],
						"2.7333": [-15.71675, 7.52491, 64.42194],
						"2.9": [-15.56389, 7.84019, 65.55973],
						"3.1": [-15.61778, 7.73186, 65.16659],
						"3.2667": [-15.9801, 6.93689, 62.33342],
						"3.4": [-8.86998, 2.42135, 33.56191],
						"3.5333": [0, -1.75, -2.75],
						"3.7": [0, 0, 0]
					},
					"position": {
						"0.0": [0, 0, 0],
						"0.3": [-0.475, 1.475, -8.7],
						"0.4": [-0.195, 1, -7.7],
						"0.5333": [-0.03, 0.725, -7.7],
						"0.7": [0, 1.125, -7.7],
						"0.9": [0.125, 1.4, -8.275],
						"1.2": [-0.02, 1.475, -8],
						"1.4": [0.11, 1.425, -8.175],
						"1.6667": [0.275, 1.25, -7.975],
						"1.8": [-0.13, -1.19, -8.65],
						"1.9667": [-0.545, -1.325, -11.15],
						"2.1333": [-0.415, -1.395, -10.545],
						"2.2667": [-0.525, -1.455, -9.17],
						"2.4": [-0.49, -1.43, -9.85],
						"2.5667": [-0.455, -1.5, -9.24],
						"2.7667": [-0.53, -1.5, -9.27],
						"3.0": [-0.49, -1.41, -9.3],
						"3.2333": [-0.545, -1.325, -9.325],
						"3.3667": [-1.005, -0.61, -7.41],
						"3.6333": [0, 0, 0]
					}
				},
				"leftarm": {
					"rotation": {
						"0.0": [0, 0, 0],
						"0.1667": [0, 0, -2.5],
						"1.7333": [0, 0, -2.5],
						"2.0333": [-20, 0, -45],
						"3.3": [-20, 0, -45],
						"3.5667": [0, 0, 0]
					},
					"position": {
						"0.0": [0, 0, 0],
						"0.1667": [11.23986, -30.20851, 24.64864],
						"1.7333": [11.23986, -30.20851, 24.64864],
						"2.0333": [7.35, 6.25, 2.33],
						"3.3": [7.35, 6.25, 2.33],
						"3.5667": [0, 0, 0]
					}
				}
			}
		},
		"animation.model.inspectempty": {
			"loop": "hold_on_last_frame",
			"animation_length": 4.2667,
			"bones": {
				"main": {
					"rotation": {
						"0.0": [0, 0, 0],
						"0.1667": [-8.41746, -13.59608, -21.21259],
						"0.3": [-8.39812, -20.10111, -31.77688],
						"0.4333": [-9.55676, -20.88889, -28.55629],
						"0.5333": [-8.77652, -21.21647, -30.72851],
						"0.7667": [-9.4227, -20.94881, -28.93303],
						"1.0": [-3.1216, -20.98207, -46.44405],
						"1.1333": [-4.564, -20.73064, -42.44007],
						"1.2333": [-4.86325, -20.9153, -41.60203],
						"1.3333": [-4.58308, -20.97575, -42.38574],
						"1.4667": [-4.01131, -21.08802, -43.97908],
						"1.6": [-4.38767, -21.01662, -42.9316],
						"1.7": [-4.18847, -21.05622, -43.48691],
						"2.0333": [-16.91438, 5.38499, 54.40399],
						"2.1667": [-15.22513, 5.80082, 60.04554],
						"2.3": [-15.70981, 5.86025, 59.48558],
						"2.4333": [-15.93602, 7.03904, 62.69373],
						"2.5667": [-15.60896, 7.75082, 65.23442],
						"2.7333": [-15.71675, 7.52491, 64.42194],
						"2.9": [-15.56389, 7.84019, 65.55973],
						"3.1": [-15.61778, 7.73186, 65.16659],
						"3.2667": [-15.9801, 6.93689, 62.33342],
						"3.4": [-8.86998, 2.42135, 33.56191],
						"3.5333": [0, -1.75, -2.75],
						"3.7": [0, 0, 0]
					},
					"position": {
						"0.0": [0, 0, 0],
						"0.3": [-0.475, 1.475, -8.7],
						"0.4": [-0.195, 1, -7.7],
						"0.5333": [-0.03, 0.725, -7.7],
						"0.7": [0, 1.125, -7.7],
						"0.9": [0.125, 1.4, -8.275],
						"1.2": [-0.02, 1.475, -8],
						"1.4": [0.11, 1.425, -8.175],
						"1.6667": [0.275, 1.25, -7.975],
						"1.8": [-0.13, -1.19, -8.65],
						"1.9667": [-0.545, -1.325, -11.15],
						"2.1333": [-0.415, -1.395, -10.545],
						"2.2667": [-0.525, -1.455, -9.17],
						"2.4": [-0.49, -1.43, -9.85],
						"2.5667": [-0.455, -1.5, -9.24],
						"2.7667": [-0.53, -1.5, -9.27],
						"3.0": [-0.49, -1.41, -9.3],
						"3.2333": [-0.545, -1.325, -9.325],
						"3.3667": [-1.005, -0.61, -7.41],
						"3.6333": [0, 0, 0]
					}
				},
				"Hammer": {
					"rotation": [50, 0, 0]
				},
				"leftarm": {
					"rotation": {
						"0.0": [0, 0, 0],
						"0.1667": [0, 0, -2.5],
						"1.7333": [0, 0, -2.5],
						"2.0333": [-20, 0, -45],
						"3.3": [-20, 0, -45],
						"3.5667": [0, 0, 0]
					},
					"position": {
						"0.0": [0, 0, 0],
						"0.1667": [11.23986, -30.20851, 24.64864],
						"1.7333": [11.23986, -30.20851, 24.64864],
						"2.0333": [7.35, 6.25, 2.33],
						"3.3": [7.35, 6.25, 2.33],
						"3.5667": [0, 0, 0]
					}
				}
			}
		},
		"animation.model.fire": {
			"animation_length": 1,
			"bones": {
				"main": {
					"rotation": {
						"0.0": [0, 0, 0],
						"0.0417": [-3, 0, 0],
						"0.125": [-1, 0, 0],
						"0.2083": [1.5, 0, 0],
						"0.2917": [0, 0, 0]
					},
					"position": {
						"0.0": [0, 0, 0],
						"0.0417": [0, 0, 2],
						"0.125": [0, 0, 3],
						"0.2083": [0, 0, 0]
					}
				},
				"Hammer": {
					"rotation": [50, 0, 0]
				}
			}
		},
		"animation.model.inspect2": {
			"loop": "hold_on_last_frame",
			"animation_length": 4.1,
			"bones": {
				"main": {
					"rotation": {
						"0.0": [0, 0, 0],
						"0.3": [-22.12893, -56.55679, -5.56528],
						"0.4": [-14.71599, -58.14111, -14.36367],
						"0.5333": [-6.65301, -59.07099, -23.80336],
						"0.6": [-2.47582, -59.2701, -28.66716],
						"0.7": [1.73254, -59.28633, -33.56177],
						"0.8": [5.91906, -59.11938, -38.43478],
						"0.9333": [10.03223, -58.77222, -43.23531],
						"1.0333": [10.03223, -58.77222, -43.23531],
						"1.1667": [5.91906, -59.11938, -38.43478],
						"1.2667": [1.73254, -59.28633, -33.56177],
						"1.3667": [1.61548, -56.78739, -33.42382],
						"1.5333": [1.51594, -54.28832, -33.30311],
						"1.7": [1.73254, -59.28633, -33.56177],
						"1.9": [1.61548, -56.78739, -33.42382],
						"2.1": [1.51594, -54.28832, -33.30311],
						"2.3": [1.73254, -59.28633, -33.56177],
						"2.4333": [2.83043, -71.77707, -34.76082],
						"2.5667": [3.26602, -74.27355, -35.21614],
						"2.7": [3.86851, -76.76874, -35.83824],
						"2.8667": [-47.7681, -42.11731, 24.10943],
						"3.0333": [-75.06829, -27.59303, 51.09395],
						"3.1333": [-75.38458, -25.17565, 51.80552],
						"3.2333": [-75.66242, -22.75499, 52.48939],
						"3.3333": [-75.90484, -20.33152, 53.14941],
						"3.5667": [-63.58279, -56.91172, 35.32832],
						"3.6667": [-21.93813, -56.02362, -6.48603],
						"3.9333": [0.32389, -0.60235, -2.1558],
						"4.0": [1.17562, -0.41829, 1.456],
						"4.1": [0, 0, 0]
					},
					"position": {
						"0.0": [0, 0, 0],
						"0.3": [0, 0, -6.4],
						"0.4333": [0, 0, -6.4],
						"0.8667": [0, 0, -6.4],
						"1.2667": [0, 0, -6.4],
						"3.5667": [0, 0, -3.275],
						"3.9333": [0, 0, 0]
					}
				},
				"leftarm": {
					"rotation": {
						"0.0": [0, 0, 0],
						"0.1": [0.98553, -9.13169, -15.01422],
						"0.9333": [0.98553, -9.13169, -15.01422],
						"1.2667": [3.01887, -14.94435, -26.26988],
						"1.3667": [6.26343, -20.24125, -38.05025],
						"1.7": [2.51599, -13.81516, -23.98341],
						"1.9": [6.26343, -20.24125, -38.05025],
						"2.2333": [0.98553, -9.13169, -15.01422],
						"3.6333": [0.98553, -9.13169, -15.01422],
						"3.7667": [0, 0, 0]
					},
					"position": {
						"0.0": [0, 0, 0],
						"0.1": [0, 1.5, 7],
						"0.9333": [0, 1.5, 7],
						"1.2667": [0, 1.5, -4],
						"1.3667": [0, 2.5, -8],
						"1.5333": [0, 2.5, -12],
						"1.7": [4, 2.5, 6],
						"1.9": [0, 2.5, -8],
						"2.0667": [0, 2.5, -12],
						"2.2333": [0, 1.5, 7],
						"3.6333": [0, 1.5, 7],
						"3.7667": [0, 0, 0]
					}
				}
			}
		},
		"animation.model.inspectempty2": {
			"loop": "hold_on_last_frame",
			"animation_length": 4.1,
			"bones": {
				"main": {
					"rotation": {
						"0.0": [0, 0, 0],
						"0.3": [-22.12893, -56.55679, -5.56528],
						"0.4": [-14.71599, -58.14111, -14.36367],
						"0.5333": [-6.65301, -59.07099, -23.80336],
						"0.6": [-2.47582, -59.2701, -28.66716],
						"0.7": [1.73254, -59.28633, -33.56177],
						"0.8": [5.91906, -59.11938, -38.43478],
						"0.9333": [10.03223, -58.77222, -43.23531],
						"1.0333": [10.03223, -58.77222, -43.23531],
						"1.1667": [5.91906, -59.11938, -38.43478],
						"1.2667": [1.73254, -59.28633, -33.56177],
						"1.3667": [1.61548, -56.78739, -33.42382],
						"1.5333": [1.51594, -54.28832, -33.30311],
						"1.7": [1.73254, -59.28633, -33.56177],
						"1.9": [1.61548, -56.78739, -33.42382],
						"2.1": [1.51594, -54.28832, -33.30311],
						"2.3": [1.73254, -59.28633, -33.56177],
						"2.4333": [2.83043, -71.77707, -34.76082],
						"2.5667": [3.26602, -74.27355, -35.21614],
						"2.7": [3.86851, -76.76874, -35.83824],
						"2.8667": [-47.7681, -42.11731, 24.10943],
						"3.0333": [-75.06829, -27.59303, 51.09395],
						"3.1333": [-75.38458, -25.17565, 51.80552],
						"3.2333": [-75.66242, -22.75499, 52.48939],
						"3.3333": [-75.90484, -20.33152, 53.14941],
						"3.5667": [-63.58279, -56.91172, 35.32832],
						"3.6667": [-21.93813, -56.02362, -6.48603],
						"3.9333": [0.32389, -0.60235, -2.1558],
						"4.0": [1.17562, -0.41829, 1.456],
						"4.1": [0, 0, 0]
					},
					"position": {
						"0.0": [0, 0, 0],
						"0.3": [0, 0, -6.4],
						"0.4333": [0, 0, -6.4],
						"0.8667": [0, 0, -6.4],
						"1.2667": [0, 0, -6.4],
						"3.5667": [0, 0, -3.275],
						"3.9333": [0, 0, 0]
					}
				},
				"leftarm": {
					"rotation": {
						"0.0": [0, 0, 0],
						"0.1": [0.98553, -9.13169, -15.01422],
						"0.9333": [0.98553, -9.13169, -15.01422],
						"1.2667": [3.01887, -14.94435, -26.26988],
						"1.3667": [6.26343, -20.24125, -38.05025],
						"1.7": [2.51599, -13.81516, -23.98341],
						"1.9": [6.26343, -20.24125, -38.05025],
						"2.2333": [0.98553, -9.13169, -15.01422],
						"3.6333": [0.98553, -9.13169, -15.01422],
						"3.7667": [0, 0, 0]
					},
					"position": {
						"0.0": [0, 0, 0],
						"0.1": [0, 1.5, 7],
						"0.9333": [0, 1.5, 7],
						"1.2667": [0, 1.5, -4],
						"1.3667": [0, 2.5, -8],
						"1.5333": [0, 2.5, -12],
						"1.7": [4, 2.5, 6],
						"1.9": [0, 2.5, -8],
						"2.0667": [0, 2.5, -12],
						"2.2333": [0, 1.5, 7],
						"3.6333": [0, 1.5, 7],
						"3.7667": [0, 0, 0]
					}
				},
				"Hammer": {
					"rotation": [50, 0, 0]
				}
			}
		},
		"animation.model.reloadempty": {
			"loop": "hold_on_last_frame",
			"animation_length": 2.5417,
			"bones": {
				"main": {
					"rotation": {
						"0.0": [0, 0, 0],
						"0.2083": [0, -25, 17.5],
						"0.2917": [0, -27.25, 17.5],
						"0.375": [0, -25, 17.5],
						"0.5417": [0.16187, -25, 17.5],
						"0.7083": [-3.5, -25, 17.5],
						"0.875": [-7.5, -25, 17.5],
						"1.0": [-7.5, -25, 17.5],
						"1.125": [-3.59351, -25.79926, 8.40828],
						"1.2083": [-1.53135, -25.98939, 3.68844],
						"1.2917": [-3.59351, -25.79926, 8.40828],
						"1.5": [-2.34351, -25.79926, 8.40828],
						"1.625": [-5.34351, -25.79926, 8.40828],
						"1.9583": [-6.59351, -25.79926, 8.40828],
						"2.0417": [-10.84351, -25.79926, 8.40828],
						"2.1667": [5.25, -13, 0],
						"2.25": [7.91897, -8.2696, 0.4387],
						"2.375": [0, 0, 0],
						"2.4583": [-0.05232, 0.74817, -4.00034],
						"2.5417": [0, 0, 0]
					},
					"position": {
						"0.0": [0, 0, 0],
						"0.2083": [0, 0, 3],
						"0.375": [0, 0, 3],
						"1.8333": [0, 0, 3],
						"1.9583": [0, 0, 3.55],
						"2.0417": [0, 0, 3.55],
						"2.1667": [0, 0, 0],
						"2.375": [0, 0, 0]
					}
				},
				"chamber": {
					"rotation": {
						"0.6667": [0, 0, 0],
						"0.7917": [-75, 0, 0],
						"1.5833": [-75, 0, 0],
						"1.7083": [0, 0, 0]
					}
				},
				"Hammer": {
					"rotation": {
						"1.9583": [50, 0, 0],
						"2.0417": [0, 0, 0]
					}
				},
				"rightarm": {
					"rotation": {
						"0.0": [0, 0, 0],
						"0.2083": [0, 0, 0],
						"0.5": [-18.59388, 1.35838, -1.58274],
						"0.6667": [-19.83068, -6.3589, 3.21361],
						"0.7917": [-13.55324, -4.55374, 2.30895],
						"1.2083": [-13.55324, -4.55374, 2.30895],
						"1.4583": [-23.12181, 1.91004, 16.16296],
						"1.7083": [-25.37181, 1.91004, 16.16296],
						"1.875": [-27.51311, -7.92258, 24.18134],
						"1.9583": [-27.51311, -7.92258, 24.18134],
						"2.0417": [-22.51311, -7.92258, 24.18134],
						"2.2917": [0, 0, 0]
					},
					"position": {
						"0.0": [0, 0, 0],
						"0.2083": [0, 0, 0],
						"0.375": [-6, 0, 0],
						"0.6667": [-7, 0, -6],
						"0.7917": [-7, 0, -4.125],
						"1.0417": [-7, 0, 28.88],
						"1.2083": [-7, 0, 28.88],
						"1.4583": [-7, 0, -7],
						"1.5833": [-7, 0, -4],
						"1.7083": [-7, 4, -6],
						"1.875": [-12, 4, -3.475],
						"1.9583": [-12, 4, -3.475],
						"2.0417": [-12, 4, -0.47],
						"2.2083": [0, 0, 0]
					}
				},
				"Bullet": {
					"position": {
						"0.7083": [0, 0, 0],
						"0.7917": [0, 0, 57],
						"0.9167": [-3, -9, 37],
						"1.2083": [-4, -3, 35],
						"1.3333": [-4, -3, 17],
						"1.4583": [0, 0, 0]
					}
				}
			},
			"sound_effects": {
				"0.7083": {
					"effect": "cylinder_rotate"
				},
				"1.4583": {
					"effect": "repeater_bullet_load"
				},
				"2.0": {
					"effect": "hammer_cock"
				}
			}
		},
		"animation.model.idle": {
			"loop": true
		},
		"animation.model.idleempty": {
			"loop": true,
			"bones": {
				"Hammer": {
					"rotation": [50, 0, 0]
				}
			}
		}
	}
}