{
	"format_version": "1.8.0",
	"animations": {
		"animation.model.draw": {
			"loop": "hold_on_last_frame",
			"animation_length": 0.9,
			"bones": {
				"main": {
					"rotation": {
						"0.0": {
							"vector": [32.09413, -54.38778, -8.29667]
						},
						"0.35": {
							"vector": [-21.99482, -5.08075, 6.8716]
						},
						"0.5": {
							"vector": [-4.67611, -0.60235, -2.1558]
						},
						"0.7": {
							"vector": [0, 0, 0]
						},
						"0.8": {
							"vector": [1.5, 0, 1]
						},
						"0.9": {
							"vector": [0, 0, 0]
						}
					},
					"position": {
						"0.0": {
							"vector": [0, -17.3, 0]
						},
						"0.25": {
							"vector": [-0.4, -2.525, -1.625]
						},
						"0.4": {
							"vector": [-0.05, 0, -2.49]
						},
						"0.65": {
							"vector": [0, 0, 0]
						}
					}
				},
				"rightarm": {
					"rotation": {
						"0.0": {
							"vector": [0, 0, 0]
						},
						"0.35": {
							"vector": [-12.5, 0, 0]
						},
						"0.5": {
							"vector": [-10, 0, 0]
						},
						"0.6": {
							"vector": [2.5, 0, 0]
						},
						"0.7": {
							"vector": [0, 0, 0]
						}
					},
					"position": {
						"0.0": {
							"vector": [0, 0, 0]
						},
						"0.35": {
							"vector": [0, 8, -5]
						},
						"0.5": {
							"vector": [0, 7, -4]
						},
						"0.6": {
							"vector": [0, 7, 0]
						},
						"0.7": {
							"vector": [0, 0, 0]
						}
					}
				},
				"leftarm": {
					"rotation": {
						"0.0": {
							"vector": [0, 0, 0]
						},
						"0.2": {
							"vector": [1, 0, -22]
						},
						"0.4": {
							"vector": [0, 0, 0]
						}
					},
					"position": {
						"0.0": {
							"vector": [0, 0, 0]
						},
						"0.2": {
							"vector": [3.53901, 3.6754, 5.59783]
						},
						"0.4": {
							"vector": [0, 0, 0]
						}
					}
				},
				"Hammer": {
					"rotation": {
						"0.35": {
							"vector": [47.5, 0, 0]
						},
						"0.5": {
							"vector": [0, 0, 0]
						}
					}
				},
				"Cylinder": {
					"rotation": {
						"0.35": {
							"vector": [56, 0, 0]
						},
						"0.5": {
							"vector": [0, 0, 0]
						}
					}
				}
			},
			"sound_effects": {
				"0.35": {
					"effect": "hammer_cock"
				}
			}
		},
		"animation.model.prepare": {
			"loop": "hold_on_last_frame",
			"animation_length": 1.1,
			"blend_weight": 1,
			"bones": {
				"main": {
					"rotation": {
						"0.0": {
							"vector": [0, 0, 0]
						},
						"0.1333": {
							"vector": [5, 0, 0]
						},
						"0.5": {
							"vector": [14.74444, -7.54958, 31.06881]
						},
						"0.6": {
							"vector": [15.90002, -5.20741, 39.85156]
						},
						"0.7": {
							"vector": [17.96751, 0.61027, 36.59218]
						},
						"0.8333": {
							"vector": [14.71743, -0.56743, 36.17358]
						},
						"0.9667": {
							"vector": [13.22603, -2.01819, 35.79231]
						},
						"1.1": {
							"vector": [11.46687, -0.07741, 36.27299]
						}
					},
					"position": {
						"0.0": {
							"vector": [0, 0, 0]
						},
						"0.3": {
							"vector": [0, 0, 4]
						},
						"0.5": {
							"vector": [0, -1.05, 4]
						},
						"0.7": {
							"vector": [0, -2.3, 4]
						}
					}
				},
				"rightarm": {
					"rotation": {
						"vector": [0, 0, 0]
					},
					"position": {
						"vector": [0, 0, 0]
					}
				},
				"leftarm": {
					"rotation": {
						"0.0": {
							"vector": [0, 0, 0]
						},
						"0.2333": {
							"vector": [-13.88595, -15.82314, -33.24005]
						},
						"0.3": {
							"vector": [-14.02917, -2.12349, -20.84095]
						},
						"0.6333": {
							"vector": [-6.49293, -3.41158, -33.81804]
						}
					},
					"position": {
						"0.0": {
							"vector": [0, 0, 0]
						},
						"0.1333": {
							"vector": [3.46, 7.41, -3.41]
						},
						"0.2333": {
							"vector": [1.86875, 17.95, -5.64375]
						},
						"0.3": {
							"vector": [2.73, 13.73, -8.87]
						},
						"0.4333": {
							"vector": [3.2, 18, -14.67]
						},
						"0.6333": {
							"vector": [3.5, 11.3, -12.97]
						}
					}
				},
				"frame2": {
					"rotation": {
						"0.0": {
							"vector": [0, 0, 0]
						},
						"0.3333": {
							"vector": [0, 0, 0]
						},
						"0.4333": {
							"vector": [42.5, 0, 0]
						}
					},
					"position": {
						"0.0": {
							"vector": [0, 0, 0]
						},
						"0.3333": {
							"vector": [0, 0, 0]
						}
					}
				},
				"Lillever": {
					"rotation": {
						"0.2333": {
							"vector": [0, 0, 0]
						},
						"0.3333": {
							"vector": [25, 0, 0]
						},
						"0.4333": {
							"vector": [0, 0, 0]
						}
					},
					"position": {
						"vector": [0, 0, 0]
					}
				}
			},
			"sound_effects": {
				"0.2333": {
					"effect": "ejector_rod"
				}
			}
		},
		"animation.model.fire": {
			"loop": "hold_on_last_frame",
			"animation_length": 1,
			"bones": {
				"main": {
					"rotation": {
						"0.0": {
							"vector": [-18.72919, -0.82656, -2.88399]
						},
						"0.0833": {
							"vector": [-12.62966, -5.11241, -6.0286]
						},
						"0.1667": {
							"vector": [-2.36098, -3.55591, -1.61457]
						},
						"0.2917": {
							"vector": [-18.86653, -9.96368, 5.36947]
						},
						"0.4167": {
							"vector": [-20.16866, -6.51093, 6.43163]
						},
						"0.5833": {
							"vector": [0.50518, -5.08075, 6.8716]
						},
						"0.7083": {
							"vector": [0.32389, -0.60235, -2.1558]
						},
						"0.7917": {
							"vector": [0, 0, 0]
						}
					},
					"position": {
						"0.0": {
							"vector": [0, 0, 5.7]
						},
						"0.0833": {
							"vector": [-0.13, -0.84, 2.26]
						},
						"0.25": {
							"vector": [-0.4, -2.525, -1.625]
						},
						"0.4583": {
							"vector": [-0.05, 0, -2.49]
						},
						"0.75": {
							"vector": [0, 0, 0]
						}
					}
				},
				"rightarm": {
					"rotation": {
						"0.0": {
							"vector": [0, 0, 0]
						},
						"0.0833": {
							"vector": [0, 0, 0]
						},
						"0.25": {
							"vector": [-10, 0, 0]
						},
						"0.4167": {
							"vector": [0, 0, 0]
						},
						"0.5833": {
							"vector": [0, 0, 0]
						}
					},
					"position": {
						"0.0": {
							"vector": [0, 0, 0]
						},
						"0.0833": {
							"vector": [0, 0, 0]
						},
						"0.25": {
							"vector": [0, 5.7, -3.4]
						},
						"0.4167": {
							"vector": [0, 5, 1]
						},
						"0.5833": {
							"vector": [0, 0, 0]
						}
					}
				},
				"Hammer": {
					"rotation": {
						"0.0": {
							"vector": [47.5, 0, 0]
						},
						"0.25": {
							"vector": [37.5, 0, 0]
						},
						"0.4167": {
							"vector": [0, 0, 0]
						}
					},
					"position": {
						"0.0": {
							"vector": [0, 0, 0]
						},
						"0.25": {
							"vector": [0, 0, 0]
						},
						"0.4167": {
							"vector": [0, 0, 0]
						}
					}
				},
				"trigger": {
					"rotation": {
						"0.0": {
							"vector": [35, 0, 0]
						},
						"0.0417": {
							"vector": [0, 0, 0]
						}
					}
				},
				"Cylinder": {
					"rotation": {
						"0.0": {
							"vector": [56, 0, 0]
						},
						"0.25": {
							"vector": [56, 0, 0]
						},
						"0.4167": {
							"vector": [0, 0, 0]
						}
					}
				}
			},
			"sound_effects": {
				"0.3333": {
					"effect": "hammer_cock"
				}
			}
		},
		"animation.model.iterativeload": {
			"loop": true,
			"animation_length": 0.9167,
			"bones": {
				"main": {
					"rotation": {
						"0.0": {
							"vector": [11.46687, -0.07741, 36.27299]
						},
						"0.125": {
							"vector": [15.8692, 1.40607, 33.34794]
						},
						"0.25": {
							"vector": [13.00245, 2.2538, 29.69312]
						},
						"0.4583": {
							"vector": [13.85504, 1.92775, 31.09882]
						},
						"0.5417": {
							"vector": [15.92108, 1.79733, 31.6611]
						},
						"0.625": {
							"vector": [13.85504, 1.92775, 31.09882]
						},
						"0.7917": {
							"vector": [11.46687, -0.07741, 36.27299]
						}
					},
					"position": {
						"0.0": {
							"vector": [0, -2.3, 4]
						},
						"0.7917": {
							"vector": [0, -2.3, 4]
						}
					}
				},
				"frame2": {
					"rotation": {
						"vector": [42.5, 0, 0]
					},
					"position": {
						"vector": [0, 0, 0]
					}
				},
				"leftarm": {
					"rotation": {
						"0.0": {
							"vector": [-6.49293, -3.41158, -33.81804]
						},
						"0.125": {
							"vector": [1.10083, -24.89403, -67.40746]
						},
						"0.4583": {
							"vector": [1.10083, -24.89403, -67.40746]
						},
						"0.5833": {
							"vector": [1.68282, -22.79303, -65.78261]
						},
						"0.9167": {
							"vector": [-6.49293, -3.41158, -33.81804]
						}
					},
					"position": {
						"0.0": {
							"vector": [3.5, 11.3, -12.97]
						},
						"0.125": {
							"vector": [3.3, 16.3, -10.47]
						},
						"0.25": {
							"vector": [3.33, 20.78, -6.28]
						},
						"0.3333": {
							"vector": [3.36, 19.32, -2.61]
						},
						"0.4583": {
							"vector": [4.82, 13.21, -0.52]
						},
						"0.5833": {
							"vector": [3.5, 19.4, -7.77]
						},
						"0.6667": {
							"vector": [2.78, 17.2475, -8.98]
						},
						"0.75": {
							"vector": [4.3, 13.38, -13.41]
						},
						"0.8333": {
							"vector": [3.9, 12.34, -15.69]
						},
						"0.9167": {
							"vector": [3.5, 11.3, -12.97]
						}
					}
				},
				"Lillever": {
					"rotation": {
						"vector": [0, 0, 0]
					},
					"position": {
						"vector": [0, 0, 0]
					}
				},
				"Cylinder": {
					"rotation": {
						"0.0": {
							"vector": [0, 0, 0]
						},
						"0.75": {
							"vector": [0, 0, 0]
						},
						"0.9167": {
							"vector": [180, 0, 0]
						}
					},
					"position": {
						"vector": [0, 0, 0]
					}
				},
				"Bullet5": {
					"rotation": {
						"0.0": {
							"vector": [0, 0, 0]
						},
						"0.3333": {
							"vector": [0, 0, -4]
						},
						"0.625": {
							"vector": [0, 0, -4]
						},
						"0.6667": {
							"vector": [0, 0, 0]
						}
					},
					"position": {
						"0.125": {
							"vector": [0, 0, 0]
						},
						"0.25": {
							"vector": [-6, 0, 0]
						},
						"0.2917": {
							"vector": [-6.45625, -1.6, -0.1125]
						},
						"0.3333": {
							"vector": [-7.96875, -3.2, 3.6]
						},
						"0.4583": {
							"vector": [-6.2, -8.4, 3.6]
						},
						"0.5417": {
							"vector": [-6.2, -2.7, 3.6]
						},
						"0.625": {
							"vector": [-2, 0, 0]
						},
						"0.6667": {
							"vector": [0, 0, 0]
						}
					}
				},
				"rightarm": {
					"rotation": {
						"vector": [0, 0, 0]
					},
					"position": {
						"vector": [0, 0, 0]
					}
				},
				".45": {
					"scale": {
						"0.0": {
							"vector": [0, 0, 0]
						},
						"0.5417": {
							"vector": [0, 0, 0]
						},
						"0.5833": {
							"vector": [1, 1, 1]
						},
						"0.6667": {
							"vector": [1, 1, 1]
						}
					}
				}
			},
			"sound_effects": {
				"0.25": {
					"effect": "cylinder_rotate"
				},
				"0.6667": {
					"effect": "ejector_rod2"
				}
			}
		},
		"animation.model.finish": {
			"loop": "hold_on_last_frame",
			"animation_length": 0.6667,
			"bones": {
				"main": {
					"rotation": {
						"0.0": {
							"vector": [11.46687, -0.07741, 36.27299]
						},
						"0.0833": {
							"vector": [21.65932, 0.39181, 35.90441]
						},
						"0.25": {
							"vector": [5.63244, 1.03641, 33.74854]
						},
						"0.375": {
							"vector": [-0.80878, 0.5182, 16.87427]
						},
						"0.5": {
							"vector": [0, 0, 0]
						},
						"0.5833": {
							"vector": [1.49371, -0.13724, 5.24821]
						},
						"0.6667": {
							"vector": [0, 0, 0]
						}
					},
					"position": {
						"0.0": {
							"vector": [0, -2.3, 4]
						},
						"0.375": {
							"vector": [0, -0.05, -1.975]
						},
						"0.5833": {
							"vector": [0, 0, 0.43125]
						},
						"0.6667": {
							"vector": [0, 0, 0]
						}
					}
				},
				"frame2": {
					"rotation": {
						"0.0": {
							"vector": [42.5, 0, 0]
						},
						"0.125": {
							"vector": [42.5, 0, 0]
						},
						"0.25": {
							"vector": [0, 0, 0]
						}
					},
					"position": {
						"vector": [0, 0, 0]
					}
				},
				"Lillever": {
					"rotation": {
						"0.0": {
							"vector": [0, 0, 0]
						},
						"0.1667": {
							"vector": [0, 0, 0]
						},
						"0.2083": {
							"vector": [15, 0, 0]
						},
						"0.2917": {
							"vector": [0, 0, 0]
						}
					},
					"position": {
						"vector": [0, 0, 0]
					}
				},
				"leftarm": {
					"rotation": {
						"0.0": {
							"vector": [-6.49293, -3.41158, -33.81804]
						},
						"0.125": {
							"vector": [13.44532, -0.69539, -24.45294]
						},
						"0.25": {
							"vector": [-3.48369, 4.95522, -15.87869]
						},
						"0.375": {
							"vector": [0, 0, 0]
						}
					},
					"position": {
						"0.0": {
							"vector": [3.5, 11.3, -12.97]
						},
						"0.125": {
							"vector": [3.5, 4.525, -16.645]
						},
						"0.25": {
							"vector": [-0.375, 6.23, -19.24]
						},
						"0.5": {
							"vector": [0, 0, 0]
						}
					}
				},
				"Cylinder": {
					"rotation": {
						"vector": [0, 0, 0]
					}
				},
				"Bullet5": {
					"rotation": {
						"vector": [0, 0, 0]
					}
				},
				"rightarm": {
					"rotation": {
						"vector": [0, 0, 0]
					},
					"position": {
						"vector": [0, 0, 0]
					}
				},
				".45": {
					"scale": {
						"vector": [0, 0, 0]
					}
				}
			},
			"sound_effects": {
				"0.1667": {
					"effect": "close_cylinder"
				}
			}
		},
		"animation.model.inspect": {
			"loop": "hold_on_last_frame",
			"animation_length": 5.6667,
			"bones": {
				"main": {
					"rotation": {
						"0.0": {
							"vector": [0, 0, 0]
						},
						"0.125": {
							"vector": [0, -25, -17.5]
						},
						"0.25": {
							"vector": [0, -40, -17.5]
						},
						"0.5": {
							"vector": [-2.84254, -42.97765, -13.34796]
						},
						"0.625": {
							"vector": [0, -45, -17.5]
						},
						"0.8333": {
							"vector": [-2.61252, -44.42312, -13.4522]
						},
						"1.0417": {
							"vector": [-3.93584, -44.14504, -11.40362]
						},
						"1.2917": {
							"vector": [-5.31462, -44.28863, -9.27456]
						},
						"1.5833": {
							"vector": [-7.04771, -43.13227, -6.58711]
						},
						"1.9167": {
							"vector": [-16.62989, -33.13352, 8.30288]
						},
						"2.0833": {
							"vector": [-26.78323, -14.83451, 24.36763]
						},
						"2.25": {
							"vector": [-25.46608, 0.45373, 60.46815]
						},
						"2.4167": {
							"vector": [-31.69295, 2.15369, 63.38423]
						},
						"2.5833": {
							"vector": [-31.15815, 4.23846, 66.88172]
						},
						"2.7083": {
							"vector": [-30.97205, 3.80473, 66.19173]
						},
						"3.375": {
							"vector": [-29.84092, 5.28263, 68.80672]
						},
						"3.5": {
							"vector": [-29.74, 5.82, 69.75]
						},
						"3.5833": {
							"vector": [-32.77577, 8.2191, 73.55274]
						},
						"3.7917": {
							"vector": [-29.53973, 6.89273, 71.64596]
						},
						"4.2083": {
							"vector": [-7.04771, -43.13227, -6.58711]
						},
						"4.2917": {
							"vector": [-0.30242, -43.58297, -16.39849]
						},
						"4.5": {
							"vector": [-4.94232, -43.36733, -9.65946]
						},
						"4.7083": {
							"vector": [-8.39918, -44.44534, -4.60941]
						},
						"4.875": {
							"vector": [-3.09885, -44.15355, -5.0489]
						},
						"5.125": {
							"vector": [0.91359, -5.29664, 16.15721],
							"easing": "easeOutSine"
						},
						"5.2917": {
							"vector": [0.32389, -0.60235, -2.1558],
							"easing": "linear"
						},
						"5.375": {
							"vector": [0, 0, 0],
							"easing": "linear"
						},
						"5.5": {
							"vector": [0.75, 0, 0.75]
						},
						"5.5833": {
							"vector": [0, 0, 0]
						}
					},
					"position": {
						"0.0": {
							"vector": [0, 0, 0]
						},
						"0.125": {
							"vector": [3.6125, 0, 0]
						},
						"1.8333": {
							"vector": [3.6125, 0, 0]
						},
						"2.0833": {
							"vector": [3.6125, -2.28125, 0]
						},
						"2.25": {
							"vector": [3.6125, 0.4, 0]
						},
						"3.5417": {
							"vector": [3.6125, 0.4, 0]
						},
						"3.5833": {
							"vector": [3.6125, 0.0625, 0]
						},
						"3.7083": {
							"vector": [3.6125, 0.4, 0]
						},
						"4.0": {
							"vector": [3.6125, -1.4, 0]
						},
						"4.2917": {
							"vector": [3.6125, -0.815, 0]
						},
						"4.625": {
							"vector": [3.6125, -0.415, 0]
						},
						"4.7917": {
							"vector": [3.6125, -0.515, 0]
						},
						"5.2083": {
							"vector": [-0.05, 0, -2.49],
							"easing": "linear"
						},
						"5.3333": {
							"vector": [0, 0, 0],
							"easing": "linear"
						},
						"5.4583": {
							"vector": [0, 0, 0.5]
						},
						"5.5417": {
							"vector": [0, 0, 0]
						}
					}
				},
				"leftarm": {
					"rotation": {
						"0.0": {
							"vector": [0, 0, 0]
						},
						"0.125": {
							"vector": [0.68398, -8.27333, -14.03245]
						},
						"1.9167": {
							"vector": [0.68398, -8.27333, -14.03245]
						},
						"2.25": {
							"vector": [-4.32013, 28.91517, -36.56846]
						},
						"2.4167": {
							"vector": [-11.2175, 30.05566, -51.17019]
						},
						"3.5": {
							"vector": [-11.2175, 30.05566, -51.17019]
						},
						"3.5833": {
							"vector": [-4.32013, 28.91517, -36.56846]
						},
						"5.0833": {
							"vector": [0.68, -8.27, -14.03]
						},
						"5.2917": {
							"vector": [0, 0, 0]
						}
					},
					"position": {
						"0.0": {
							"vector": [0, 0, 0]
						},
						"0.125": {
							"vector": [6, -28, -6]
						},
						"1.9167": {
							"vector": [6, -28, -6]
						},
						"2.25": {
							"vector": [1.75, 11.25, -9]
						},
						"2.4167": {
							"vector": [1.8875, 8.275, -13.83125]
						},
						"3.5": {
							"vector": [1.8875, 8.275, -13.83125]
						},
						"3.5833": {
							"vector": [1.75, 11.25, -9]
						},
						"4.1667": {
							"vector": [26.25, -5.67, -8.65]
						},
						"4.2917": {
							"vector": [30.7225, -9.02, -8.25]
						},
						"5.0833": {
							"vector": [6, -28, -6]
						},
						"5.2917": {
							"vector": [0, 0, 0]
						}
					}
				},
				"frame2": {
					"rotation": {
						"0.0": {
							"vector": [0, 0, 0]
						},
						"2.25": {
							"vector": [0, 0, 0]
						},
						"2.4167": {
							"vector": [35, 0, 0]
						},
						"3.5": {
							"vector": [35, 0, 0]
						},
						"3.5833": {
							"vector": [0, 0, 0]
						}
					}
				},
				"rightarm": {
					"position": {
						"4.0": {
							"vector": [0, 0, 0]
						},
						"4.1667": {
							"vector": [-5.7, 0, -3.9]
						},
						"4.8333": {
							"vector": [-5.7, 0, -3.9]
						},
						"5.0": {
							"vector": [0, 0, 0]
						}
					}
				}
			},
			"sound_effects": {
				"2.25": {
					"effect": "ejector_rod"
				},
				"3.5": {
					"effect": "close_cylinder"
				}
			}
		},
		"animation.model.hipfire": {
			"loop": true,
			"animation_length": 0.1667,
			"bones": {
				"main": {
					"rotation": {
						"0.0": {
							"vector": [-2.5, 0, 0]
						},
						"0.0833": {
							"vector": [5, 0, 0]
						},
						"0.1667": {
							"vector": [0, 0, 0]
						}
					},
					"position": {
						"0.0": {
							"vector": [0, 0, 3]
						},
						"0.0833": {
							"vector": [0, 0, 0]
						},
						"0.1667": {
							"vector": [0, 0, 0]
						}
					}
				},
				"Cylinder": {
					"rotation": {
						"0.0": {
							"vector": [0, 0, 90]
						},
						"0.1667": {
							"vector": [0, 0, 0]
						}
					},
					"position": {
						"vector": [0, 0, 0]
					}
				},
				"Hammer": {
					"rotation": {
						"0.0833": {
							"vector": [37.5, 0, 0]
						},
						"0.1667": {
							"vector": [0, 0, 0]
						}
					},
					"position": {
						"0.0833": {
							"vector": [0, 0, 0]
						},
						"0.1667": {
							"vector": [0, 0, 0]
						}
					}
				},
				"leftarm": {
					"rotation": {
						"0.0": {
							"vector": [-13.26267, -50.60319, -65.09908]
						},
						"0.0833": {
							"vector": [-26.26267, -50.60319, -65.09908]
						},
						"0.1667": {
							"vector": [-13.26267, -50.60319, -65.09908]
						}
					},
					"position": {
						"0.0": {
							"vector": [-5.1, 19.5, 4.85]
						},
						"0.0833": {
							"vector": [-5.1, 19.5, 10.15]
						},
						"0.1667": {
							"vector": [-5.1, 19.5, 4.85]
						}
					}
				}
			}
		},
		"animation.model.preparehip": {
			"loop": "hold_on_last_frame",
			"animation_length": 0.125,
			"bones": {
				"main": {
					"rotation": {
						"0.0": {
							"vector": [0, 0, 0]
						},
						"0.0833": {
							"vector": [0, 0, 2]
						}
					}
				},
				"leftarm": {
					"rotation": {
						"0.0": {
							"vector": [0, 0, 0]
						},
						"0.125": {
							"vector": [-13.26267, -50.60319, -65.09908]
						}
					},
					"position": {
						"0.0": {
							"vector": [0, 0, 0]
						},
						"0.0417": {
							"vector": [2.2, 6.5, 1.62]
						},
						"0.125": {
							"vector": [-5.1, 19.5, 4.85]
						}
					}
				}
			}
		}
	},
	"geckolib_format_version": 2
}