{
	"format_version": "1.8.0",
	"animations": {
		"animation.model.draw": {
			"loop": true,
			"animation_length": 1,
			"bones": {
				"main": {
					"rotation": {
						"0.0": {
							"vector": [32.09413, -54.38778, -8.29667]
						},
						"0.35": {
							"vector": [-2.88512, -4.21422, 47.00018],
							"easing": "easeOutSine"
						},
						"0.6": {
							"vector": [0.32389, -0.60235, -2.1558],
							"easing": "linear"
						},
						"0.7": {
							"vector": [0, 0, 0],
							"easing": "linear"
						}
					},
					"position": {
						"0.0": {
							"vector": [0, -17.3, 0]
						},
						"0.25": {
							"vector": [-0.4, -2.525, -1.625],
							"easing": "linear"
						},
						"0.5": {
							"vector": [-0.05, 0, -2.49],
							"easing": "linear"
						},
						"0.65": {
							"vector": [0, 0, 0],
							"easing": "linear"
						}
					}
				},
				"leftarm": {
					"rotation": {
						"0.0": {
							"vector": [0, 0, 0]
						},
						"0.2": {
							"vector": [1, 0, -22]
						},
						"0.4": {
							"vector": [0, 0, 0]
						}
					},
					"position": {
						"0.0": {
							"vector": [0, 0, 0]
						},
						"0.2": {
							"vector": [3.53901, 3.6754, 5.59783]
						},
						"0.4": {
							"vector": [0, 0, 0]
						}
					}
				},
				"Chamber": {
					"position": {
						"0.0": {
							"vector": [0, 0, 0]
						},
						"0.35": {
							"vector": [0, 0, 0]
						},
						"0.45": {
							"vector": [0, 0, 8]
						},
						"0.55": {
							"vector": [0, 0, 0]
						}
					}
				},
				"rightarm": {
					"position": {
						"0.0": {
							"vector": [0, 0, 0]
						},
						"0.35": {
							"vector": [-8, 7, -18]
						},
						"0.45": {
							"vector": [-8, 7, -10]
						},
						"0.5": {
							"vector": [-8, 7, -10]
						},
						"0.55": {
							"vector": [-8, 7, -6]
						},
						"0.7": {
							"vector": [0, 0, 0]
						}
					}
				}
			},
			"sound_effects": {
				"0.35": {
					"effect": "open_bolt_alt2"
				},
				"0.55": {
					"effect": "close_bolt_alt1"
				}
			}
		},
		"animation.model.inspect": {
			"loop": "hold_on_last_frame",
			"animation_length": 4.2667,
			"bones": {
				"main": {
					"rotation": {
						"0.0": {
							"vector": [0, 0, 0]
						},
						"0.1667": {
							"vector": [-8.41746, -13.59608, -21.21259],
							"easing": "linear"
						},
						"0.3": {
							"vector": [-8.39812, -20.10111, -31.77688]
						},
						"0.4333": {
							"vector": [-9.55676, -20.88889, -28.55629]
						},
						"0.5333": {
							"vector": [-8.77652, -21.21647, -30.72851]
						},
						"0.7667": {
							"vector": [-9.4227, -20.94881, -28.93303]
						},
						"1.0": {
							"vector": [-3.1216, -20.98207, -46.44405]
						},
						"1.1333": {
							"vector": [-4.564, -20.73064, -42.44007]
						},
						"1.2333": {
							"vector": [-4.86325, -20.9153, -41.60203]
						},
						"1.3333": {
							"vector": [-4.58308, -20.97575, -42.38574]
						},
						"1.4667": {
							"vector": [-4.01131, -21.08802, -43.97908]
						},
						"1.6": {
							"vector": [-4.38767, -21.01662, -42.9316]
						},
						"1.7": {
							"vector": [-4.18847, -21.05622, -43.48691],
							"easing": "linear"
						},
						"2.0333": {
							"vector": [-16.91438, 5.38499, 54.40399],
							"easing": "linear"
						},
						"2.1667": {
							"vector": [-15.22513, 5.80082, 60.04554]
						},
						"2.3": {
							"vector": [-15.70981, 5.86025, 59.48558]
						},
						"2.4333": {
							"vector": [-15.93602, 7.03904, 62.69373]
						},
						"2.5667": {
							"vector": [-15.60896, 7.75082, 65.23442]
						},
						"2.7333": {
							"vector": [-15.71675, 7.52491, 64.42194]
						},
						"2.9": {
							"vector": [-15.56389, 7.84019, 65.55973]
						},
						"3.0667": {
							"vector": [-16.20507, 6.37871, 60.38688]
						},
						"3.1667": {
							"vector": [-15.61778, 7.73186, 65.16659]
						},
						"3.2667": {
							"vector": [-15.9801, 6.93689, 62.33342]
						},
						"3.4": {
							"vector": [-8.86998, 2.42135, 33.56191]
						},
						"3.5333": {
							"vector": [0, -1.75, -2.75]
						},
						"3.7": {
							"vector": [0, 0, 0]
						}
					},
					"position": {
						"0.0": {
							"vector": [0, 0, 0]
						},
						"0.3": {
							"vector": [-0.475, 1.475, -8.7]
						},
						"0.4": {
							"vector": [-0.195, 1, -7.7]
						},
						"0.5333": {
							"vector": [-0.03, 0.725, -7.7]
						},
						"0.7": {
							"vector": [0, 1.125, -7.7]
						},
						"0.9": {
							"vector": [0.125, 1.4, -8.275]
						},
						"1.2": {
							"vector": [-0.02, 1.475, -8]
						},
						"1.4": {
							"vector": [0.11, 1.425, -8.175]
						},
						"1.6667": {
							"vector": [0.275, 1.25, -7.975]
						},
						"1.8": {
							"vector": [-0.13, -1.19, -8.65]
						},
						"1.9667": {
							"vector": [-0.545, -1.325, -11.15]
						},
						"2.1333": {
							"vector": [-0.415, -1.395, -10.545]
						},
						"2.2667": {
							"vector": [-0.525, -1.455, -9.17]
						},
						"2.4": {
							"vector": [-0.49, -1.43, -9.85]
						},
						"2.5667": {
							"vector": [-0.455, -1.5, -9.24]
						},
						"2.7667": {
							"vector": [-0.53, -1.5, -9.27]
						},
						"3.0": {
							"vector": [-0.49, -1.41, -9.3]
						},
						"3.2333": {
							"vector": [-0.545, -1.325, -9.325]
						},
						"3.3667": {
							"vector": [-1.005, -0.61, -7.41]
						},
						"3.6333": {
							"vector": [0, 0, 0]
						}
					}
				},
				"leftarm": {
					"rotation": {
						"0.0": {
							"vector": [0, 0, 0]
						},
						"0.1667": {
							"vector": [0, 0, -2.5]
						},
						"1.7333": {
							"vector": [0, 0, -2.5]
						},
						"2.0333": {
							"vector": [-20, 0, -45]
						},
						"3.3": {
							"vector": [-20, 0, -45]
						},
						"3.5667": {
							"vector": [0, 0, 0]
						}
					},
					"position": {
						"0.0": {
							"vector": [0, 0, 0]
						},
						"0.1667": {
							"vector": [11.23986, -30.20851, 24.64864]
						},
						"1.7333": {
							"vector": [11.23986, -30.20851, 24.64864]
						},
						"2.0333": {
							"vector": [7.35, 6.25, 2.33]
						},
						"3.3": {
							"vector": [7.35, 6.25, 2.33]
						},
						"3.5667": {
							"vector": [0, 0, 0]
						}
					}
				},
				"Chamber": {
					"position": {
						"0.0": {
							"vector": [0, 0, 0]
						},
						"2.1667": {
							"vector": [0, 0, 0]
						},
						"2.2333": {
							"vector": [0, 0, 5]
						},
						"2.6667": {
							"vector": [0, 0, 5]
						},
						"2.7333": {
							"vector": [0, 0, 0]
						}
					}
				},
				"rightarm": {
					"position": {
						"0.0": {
							"vector": [0, 0, 0]
						},
						"1.8667": {
							"vector": [0, 0, 0]
						},
						"2.1667": {
							"vector": [-8, 8, -18]
						},
						"2.2333": {
							"vector": [-8, 8, -13]
						},
						"2.6667": {
							"vector": [-8, 8, -13]
						},
						"2.7333": {
							"vector": [-8, 8, -10]
						},
						"2.8333": {
							"vector": [-8, 8, -10]
						},
						"2.9667": {
							"vector": [-6, -4, -2.5]
						},
						"3.0667": {
							"vector": [0, 0, 0]
						}
					}
				}
			},
			"sound_effects": {
				"2.2333": {
					"effect": "open_bolt_alt1"
				},
				"2.6333": {
					"effect": "close_bolt_alt1"
				}
			}
		},
		"animation.model.prepare": {
			"loop": "hold_on_last_frame",
			"animation_length": 0.5,
			"bones": {
				"main": {
					"rotation": {
						"0.0": {
							"vector": [0, 0, 0]
						},
						"0.0833": {
							"vector": [2.5, 0, -18.75]
						},
						"0.1667": {
							"vector": [0, 0, -37.5]
						},
						"0.2917": {
							"vector": [2.5, 0, -45]
						}
					},
					"position": {
						"0.0": {
							"vector": [0, 0, 0]
						},
						"0.1667": {
							"vector": [-13, 0, 2]
						},
						"0.375": {
							"vector": [-14, 0, 2]
						}
					}
				},
				"Slug": {
					"rotation": {
						"0.0": {
							"vector": [0, 0, 0]
						},
						"0.375": {
							"vector": [0, 17.5, 0]
						}
					},
					"position": {
						"0.0": {
							"vector": [0, 0, 0]
						},
						"0.1667": {
							"vector": [1.33, 0.22, 14.22]
						},
						"0.2917": {
							"vector": [-1.27, -6.11, 45.89]
						},
						"0.375": {
							"vector": [12, -22, 32]
						}
					}
				},
				"leftarm": {
					"position": {
						"0.0": {
							"vector": [0, 0, 0]
						},
						"0.1667": {
							"vector": [7, -20, 46]
						}
					}
				}
			}
		},
		"animation.model.iterativeload": {
			"loop": "hold_on_last_frame",
			"animation_length": 0.7083,
			"bones": {
				"main": {
					"rotation": {
						"0.0": {
							"vector": [2.5, 0, -45]
						},
						"0.0833": {
							"vector": [1, 0, -45]
						},
						"0.1667": {
							"vector": [0.99991, -0.01309, -44.25011]
						},
						"0.2917": {
							"vector": [-0.00115, 0.04798, -47.74958]
						},
						"0.375": {
							"vector": [0.99786, -0.0654, -41.25057]
						},
						"0.5417": {
							"vector": [2.5, 0, -45]
						}
					},
					"position": {
						"0.0": {
							"vector": [-14, 0, 2]
						},
						"0.5417": {
							"vector": [-14, 0, 2]
						}
					}
				},
				"SlugLoad": {
					"rotation": {
						"0.0": {
							"vector": [0, 0, 0]
						},
						"0.1667": {
							"vector": [0, 0, 0]
						},
						"0.2917": {
							"vector": [-10, 0, 0]
						},
						"0.375": {
							"vector": [0, 0, 0]
						}
					}
				},
				"Slug": {
					"rotation": {
						"0.0": {
							"vector": [0, 17.5, 0]
						},
						"0.1667": {
							"vector": [-25, 17.5, 0]
						},
						"0.2917": {
							"vector": [-23.77862, 1.53971, 7.30376]
						},
						"0.375": {
							"vector": [0, 0, 0]
						}
					},
					"position": {
						"0.0": {
							"vector": [12, -22, 32]
						},
						"0.1667": {
							"vector": [0.6, -6, 3]
						},
						"0.2917": {
							"vector": [0.2, -3, 0]
						},
						"0.375": {
							"vector": [0, 0, 0]
						}
					}
				},
				"leftarm": {
					"rotation": {
						"0.0": {
							"vector": [0, 0, 0]
						},
						"0.1667": {
							"vector": [-6.57285, 12.74504, 23.25027]
						},
						"0.5417": {
							"vector": [0, 0, 0]
						}
					},
					"position": {
						"0.0": {
							"vector": [7, -20, 46]
						},
						"0.1667": {
							"vector": [1, -13, 16]
						},
						"0.2917": {
							"vector": [-1, -6, 12]
						},
						"0.5417": {
							"vector": [7, -20, 46]
						}
					}
				}
			},
			"sound_effects": {
				"0.2917": {
					"effect": "shotgun_load_shell2"
				}
			}
		},
		"animation.model.finish": {
			"loop": "hold_on_last_frame",
			"animation_length": 0.4167,
			"bones": {
				"main": {
					"rotation": {
						"0.0": {
							"vector": [2.5, 0, -45]
						},
						"0.25": {
							"vector": [0.32389, -0.60235, -2.1558],
							"easing": "linear"
						},
						"0.3333": {
							"vector": [0.20262, -0.47122, 3.38328]
						},
						"0.4167": {
							"vector": [0, 0, 0],
							"easing": "linear"
						}
					},
					"position": {
						"0.0": {
							"vector": [-14, 0, 2]
						},
						"0.2917": {
							"vector": [0, 0, 0],
							"easing": "linear"
						}
					}
				},
				"SlugLoad": {
					"rotation": {
						"vector": [0, 0, 0]
					}
				},
				"Slug": {
					"rotation": {
						"vector": [0, 0, 0]
					},
					"position": {
						"vector": [0, 0, 0]
					}
				},
				"leftarm": {
					"rotation": {
						"0.0": {
							"vector": [0, 0, 0]
						},
						"0.2083": {
							"vector": [1, 0, -22]
						},
						"0.3333": {
							"vector": [0, 0, 0]
						}
					},
					"position": {
						"0.0": {
							"vector": [7, -20, 46]
						},
						"0.2083": {
							"vector": [3.53901, 3.6754, 5.59783]
						},
						"0.3333": {
							"vector": [0, 0, 0]
						}
					}
				}
			}
		},
		"animation.model.fire": {
			"loop": true,
			"animation_length": 0.6667,
			"bones": {
				"main": {
					"rotation": {
						"0.0": {
							"vector": [-3.5, 0, 0]
						},
						"0.0833": {
							"vector": [1.75, 0, 0]
						},
						"0.1667": {
							"vector": [0, 0, 0]
						}
					},
					"position": {
						"0.0": {
							"vector": [0, 0, 6]
						},
						"0.0833": {
							"vector": [0, 0, 4]
						},
						"0.1667": {
							"vector": [0, 0, 0]
						}
					}
				},
				"Chamber": {
					"position": {
						"0.0": {
							"vector": [0, 0, 8]
						},
						"0.0833": {
							"vector": [0, 0, 0]
						}
					}
				},
				"Slug2": {
					"rotation": {
						"0.0": {
							"vector": [0, 0, 0]
						},
						"0.0417": {
							"vector": [64.7921, 30.32448, 23.34288]
						},
						"0.1667": {
							"vector": [-12.74095, 50.90936, -22.68795]
						},
						"0.4583": {
							"vector": [0, 0, 0]
						}
					},
					"position": {
						"0.0": {
							"vector": [0, 0, 5]
						},
						"0.0417": {
							"vector": [-71, 5, 8]
						},
						"0.1667": {
							"vector": [-19, -34, 8]
						},
						"0.375": {
							"vector": [1, -40, 2]
						},
						"0.4583": {
							"vector": [0, 0, 0]
						}
					}
				}
			},
			"sound_effects": {
				"0.2917": {
					"effect": "shotgun_shell_fell"
				}
			}
		}
	},
	"geckolib_format_version": 2
}