{
	"format_version": "1.8.0",
	"animations": {
		"animation.model.reload": {
			"loop": "hold_on_last_frame",
			"animation_length": 1.4583,
			"bones": {
				"main": {
					"rotation": {
						"0.0": {
							"vector": [0, 0, 0]
						},
						"0.125": {
							"vector": [0, 0, 13]
						},
						"0.2917": {
							"vector": [0, 0, -12]
						},
						"0.375": {
							"vector": [0, 0, -19.39]
						},
						"0.4583": {
							"vector": [0, 0, -13.51]
						},
						"0.5417": {
							"vector": [0, 0, -18.14]
						},
						"0.6667": {
							"vector": [0, 0, -36.5]
						},
						"0.875": {
							"vector": [0, 0, -29.33]
						},
						"0.9583": {
							"vector": [0, 0, -29.33]
						},
						"1.0417": {
							"vector": [-2.75, 0, -24.5]
						},
						"1.125": {
							"vector": [-0.21, 0, -20.23]
						},
						"1.2917": {
							"vector": [0, 0, 0]
						},
						"1.375": {
							"vector": [0, 0, 1.25]
						},
						"1.4583": {
							"vector": [0, 0, 0]
						}
					},
					"position": {
						"0.0": {
							"vector": [0, 0, 0]
						},
						"0.125": {
							"vector": [-3, 2.4, 0]
						},
						"0.25": {
							"vector": [-2.19, 0.84, 0]
						},
						"0.2917": {
							"vector": [-1.55859, -0.9375, 0]
						},
						"0.4583": {
							"vector": [-2.19, 0.84, 0]
						},
						"0.6667": {
							"vector": [-3.32, 0.42, 0.8]
						},
						"0.875": {
							"vector": [-3.51141, 0.42, 0.8]
						},
						"0.9583": {
							"vector": [-3.32, 0.42, 0.8]
						},
						"1.0417": {
							"vector": [-3.58766, 0.90375, 0.6]
						},
						"1.125": {
							"vector": [-2.56, 0.33141, 0.43]
						},
						"1.2917": {
							"vector": [0, 0, 0]
						}
					}
				},
				"Magazine": {
					"position": {
						"0.125": {
							"vector": [0, 0, 0]
						},
						"0.3333": {
							"vector": [0, -14, 0.7]
						},
						"0.4583": {
							"vector": [0, -30, 0.7]
						},
						"0.6667": {
							"vector": [0, -30, 0.7]
						},
						"0.875": {
							"vector": [0, -11, 0.5]
						},
						"0.9583": {
							"vector": [0, -11, 0.5]
						},
						"1.0417": {
							"vector": [0, 0, 0]
						}
					}
				},
				"rightarm": {
					"rotation": {
						"0.4583": {
							"vector": [0, 0, 0]
						},
						"0.6667": {
							"vector": [8, 0, 0]
						},
						"1.0417": {
							"vector": [8, 0, 0]
						},
						"1.2917": {
							"vector": [0, 0, 0]
						}
					},
					"position": {
						"0.4583": {
							"vector": [0, 0, 0]
						},
						"0.6667": {
							"vector": [0, 1.5, 0]
						},
						"1.0417": {
							"vector": [0, 1.5, 0]
						},
						"1.2917": {
							"vector": [0, 0, 0]
						}
					}
				},
				"leftarm": {
					"position": {
						"0.0": {
							"vector": [0, 0, 0]
						},
						"0.1667": {
							"vector": [13.9, -12.6, 0]
						},
						"0.3333": {
							"vector": [13.9, -18.6, 0]
						},
						"0.6667": {
							"vector": [0.9, -21.6, 0]
						},
						"0.875": {
							"vector": [0.9, -9.7, 0]
						},
						"0.9583": {
							"vector": [0.9, -9.7, 0]
						},
						"1.0417": {
							"vector": [0.9, -3.7, 0]
						},
						"1.2917": {
							"vector": [0, 0, 0]
						}
					}
				}
			},
			"sound_effects": {
				"0.2083": {
					"effect": "pistol_kaluar"
				},
				"0.7917": {
					"effect": "pistol_asup"
				}
			}
		},
		"animation.model.reloadempty": {
			"loop": "hold_on_last_frame",
			"animation_length": 1.9583,
			"bones": {
				"main": {
					"rotation": {
						"0.0": {
							"vector": [0, 0, 0]
						},
						"0.125": {
							"vector": [0, 0, 13]
						},
						"0.2917": {
							"vector": [0, 0, -12]
						},
						"0.375": {
							"vector": [0, 0, -19.39]
						},
						"0.4583": {
							"vector": [0, 0, -13.51]
						},
						"0.5417": {
							"vector": [0, 0, -18.14]
						},
						"0.6667": {
							"vector": [0, 0, -36.5]
						},
						"0.875": {
							"vector": [0, 0, -29.33]
						},
						"0.9583": {
							"vector": [0, 0, -29.33]
						},
						"1.0417": {
							"vector": [-2.75, 0, -24.5]
						},
						"1.125": {
							"vector": [-0.21, 0, -20.23]
						},
						"1.2917": {
							"vector": [0, 0, 21.75]
						},
						"1.375": {
							"vector": [0, 0, 37]
						},
						"1.4167": {
							"vector": [0, 0, 37]
						},
						"1.4583": {
							"vector": [6, 0, 37]
						},
						"1.5833": {
							"vector": [0, 0, 37]
						},
						"1.75": {
							"vector": [-3.5, 0, 9.5]
						},
						"1.8333": {
							"vector": [0, 0, 0]
						},
						"1.875": {
							"vector": [0, 0, 2.25]
						},
						"1.9583": {
							"vector": [0, 0, 0]
						}
					},
					"position": {
						"0.0": {
							"vector": [0, 0, 0]
						},
						"0.125": {
							"vector": [-3, 2.4, 0]
						},
						"0.25": {
							"vector": [-2.19, 0.84, 0]
						},
						"0.2917": {
							"vector": [-1.55859, -0.9375, 0]
						},
						"0.4583": {
							"vector": [-2.19, 0.84, 0]
						},
						"0.6667": {
							"vector": [-3.32, 0.42, 0.8]
						},
						"0.875": {
							"vector": [-3.51141, 0.42, 0.8]
						},
						"0.9583": {
							"vector": [-3.32, 0.42, 0.8]
						},
						"1.0417": {
							"vector": [-3.58766, 0.90375, 0.6]
						},
						"1.125": {
							"vector": [-2.56, 0.33141, 0.43]
						},
						"1.2917": {
							"vector": [0, -0.23828, 0]
						},
						"1.4167": {
							"vector": [0, -0.23828, 0]
						},
						"1.4583": {
							"vector": [0, -0.24, -3.93359]
						},
						"1.7083": {
							"vector": [0, 0, 3.37188]
						},
						"1.8333": {
							"vector": [0, 0, 0]
						},
						"1.9583": {
							"vector": [0, 0, 0]
						}
					}
				},
				"Barrel": {
					"position": {
						"0.0": {
							"vector": [0, 0, 0.4]
						},
						"1.4167": {
							"vector": [0, 0, 0.4]
						},
						"1.4583": {
							"vector": [0, 0, 0]
						}
					}
				},
				"Magazine": {
					"position": {
						"0.125": {
							"vector": [0, 0, 0]
						},
						"0.3333": {
							"vector": [0, -14, 0.7]
						},
						"0.4583": {
							"vector": [0, -30, 0.7]
						},
						"0.6667": {
							"vector": [0, -30, 0.7]
						},
						"0.875": {
							"vector": [0, -11, 0.5]
						},
						"0.9583": {
							"vector": [0, -11, 0.5]
						},
						"1.0417": {
							"vector": [0, 0, 0]
						}
					}
				},
				"Bullet": {
					"rotation": {
						"1.375": {
							"vector": [0, 0, 0]
						},
						"1.4167": {
							"vector": [-14, 0, 0]
						},
						"1.4583": {
							"vector": [0, 0, 0]
						}
					},
					"position": {
						"1.2917": {
							"vector": [0, 0, 0]
						},
						"1.375": {
							"vector": [0, 0, 0]
						},
						"1.4167": {
							"vector": [0, 0, -3]
						},
						"1.4583": {
							"vector": [0, 0.9, -7]
						}
					},
					"scale": {
						"0.5833": {
							"vector": [0, 0, 0]
						},
						"0.6667": {
							"vector": [1, 1, 1]
						}
					}
				},
				"Chamber": {
					"rotation": {
						"1.2917": {
							"vector": [-120, 0, 0]
						},
						"1.375": {
							"vector": [-132, 0, 0]
						},
						"1.4583": {
							"vector": [0, 0, 0]
						}
					}
				},
				"Chamberchild": {
					"rotation": {
						"1.2917": {
							"vector": [147.5, 0, 0]
						},
						"1.375": {
							"vector": [156.5, 0, 0]
						},
						"1.4167": {
							"vector": [93.25, 0, 0]
						},
						"1.4583": {
							"vector": [0, 0, 0]
						}
					}
				},
				"Chamberbullet": {
					"rotation": {
						"1.2917": {
							"vector": [-27.5, 0, 0]
						},
						"1.375": {
							"vector": [-25.5, 0, 0]
						},
						"1.4167": {
							"vector": [-27.75, 0, 0]
						},
						"1.4583": {
							"vector": [0, 0, 0]
						}
					},
					"position": {
						"1.2917": {
							"vector": [0, -0.2, 0.1]
						},
						"1.4167": {
							"vector": [0, -0.4, 0.1]
						},
						"1.4583": {
							"vector": [0, 0, 0]
						}
					}
				},
				"Bullet2": {
					"scale": {
						"vector": [0, 0, 0]
					}
				},
				"rightarm": {
					"rotation": {
						"0.4583": {
							"vector": [0, 0, 0]
						},
						"0.6667": {
							"vector": [8, 0, 0]
						},
						"1.0417": {
							"vector": [8, 0, 0]
						},
						"1.2917": {
							"vector": [0, 0, 0]
						}
					},
					"position": {
						"0.4583": {
							"vector": [0, 0, 0]
						},
						"0.6667": {
							"vector": [0, 1.5, 0]
						},
						"1.0417": {
							"vector": [0, 1.5, 0]
						},
						"1.2917": {
							"vector": [0, 0, 0]
						}
					}
				},
				"leftarm": {
					"rotation": {
						"0.0": {
							"vector": [0, 0, 0]
						},
						"1.2917": {
							"vector": [6.5, 0, -32.5]
						},
						"1.375": {
							"vector": [6.5, 0, -42.5]
						},
						"1.875": {
							"vector": [0, 0, 0]
						}
					},
					"position": {
						"0.0": {
							"vector": [0, 0, 0]
						},
						"0.1667": {
							"vector": [13.9, -12.6, 0]
						},
						"0.3333": {
							"vector": [13.9, -18.6, 0]
						},
						"0.6667": {
							"vector": [0.9, -21.6, 0]
						},
						"0.875": {
							"vector": [0.9, -9.7, 0]
						},
						"0.9583": {
							"vector": [0.9, -9.7, 0]
						},
						"1.0417": {
							"vector": [0.9, -3.7, 0]
						},
						"1.2917": {
							"vector": [1.7, 13.8, 10.4]
						},
						"1.375": {
							"vector": [1.7, 16.1, 13]
						},
						"1.4167": {
							"vector": [1.7, 16.1, 17.3]
						},
						"1.5833": {
							"vector": [11.7, 9.1, 17.3]
						},
						"1.7083": {
							"vector": [10, -14, 0]
						},
						"1.875": {
							"vector": [0, 0, 0]
						}
					}
				}
			},
			"sound_effects": {
				"0.25": {
					"effect": "pistol_kaluar"
				},
				"0.8333": {
					"effect": "pistol_asup"
				},
				"1.3333": {
					"effect": "pistol_tukang"
				}
			}
		},
		"animation.model.fire": {
			"loop": "hold_on_last_frame",
			"animation_length": 0.2917,
			"bones": {
				"main": {
					"rotation": {
						"0.0": {
							"vector": [-6.25, 0, 0]
						},
						"0.0833": {
							"vector": [0, 0, 0]
						},
						"0.1667": {
							"vector": [1, 0, 0]
						},
						"0.25": {
							"vector": [0, 0, 0]
						}
					},
					"position": {
						"0.0": {
							"vector": [0, 0, 1.35]
						},
						"0.125": {
							"vector": [0, 0, -0.4]
						},
						"0.2083": {
							"vector": [0, 0, 0]
						}
					}
				},
				"Trigger": {
					"rotation": {
						"0.0": {
							"vector": [30, 0, 0]
						},
						"0.0833": {
							"vector": [0, 0, 0]
						}
					}
				},
				"Chamber": {
					"rotation": {
						"0.0": {
							"vector": [0, 0, 0]
						},
						"0.0417": {
							"vector": [-120, 0, 0]
						},
						"0.1667": {
							"vector": [0, 0, 0]
						}
					}
				},
				"Chamberchild": {
					"rotation": {
						"0.0": {
							"vector": [0, 0, 0]
						},
						"0.0417": {
							"vector": [147.5, 0, 0]
						},
						"0.0833": {
							"vector": [110.83, 0, 0]
						},
						"0.125": {
							"vector": [57.92, 0, 0]
						},
						"0.1667": {
							"vector": [0, 0, 0]
						}
					}
				},
				"Chamberbullet": {
					"rotation": {
						"0.0": {
							"vector": [0, 0, 0]
						},
						"0.0417": {
							"vector": [-27.5, 0, 0]
						},
						"0.0833": {
							"vector": [-30.83, 0, 0]
						},
						"0.125": {
							"vector": [-17.91, 0, 0]
						},
						"0.1667": {
							"vector": [0, 0, 0]
						}
					},
					"position": {
						"0.0": {
							"vector": [0, 0, 0]
						},
						"0.0417": {
							"vector": [0, -0.2, 0.1]
						},
						"0.0833": {
							"vector": [0, -0.19875, 0.07]
						},
						"0.125": {
							"vector": [0, -0.27, 0.03]
						},
						"0.1667": {
							"vector": [0, 0, 0]
						}
					}
				},
				"Bullet": {
					"position": {
						"0.0417": {
							"vector": [0, 1, 0]
						},
						"0.125": {
							"vector": [0, 1, -5.6]
						},
						"0.1667": {
							"vector": [0, 1, -6.6]
						}
					}
				},
				"Bullet2": {
					"rotation": {
						"vector": [0, 0, 0]
					},
					"position": {
						"0.0": {
							"vector": [0, 0, 0]
						},
						"0.0417": {
							"vector": [0, 0, 2.5]
						},
						"0.0833": {
							"vector": [0, 17.2, 26.6]
						},
						"0.125": {
							"vector": [0, 17.2, 46.2]
						},
						"0.1667": {
							"vector": [0, -29.7, 51.6]
						},
						"0.2083": {
							"vector": [0, -29.7, 32.6]
						}
					},
					"scale": {
						"0.0": {
							"vector": [1, 1, 1]
						},
						"0.2083": {
							"vector": [0, 0, 0]
						}
					}
				},
				"Barrel": {
					"position": {
						"0.0": {
							"vector": [0, 0, 0.4]
						},
						"0.125": {
							"vector": [0, 0, 0.4]
						},
						"0.1667": {
							"vector": [0, 0, 0]
						}
					}
				}
			}
		},
		"animation.model.firelast": {
			"loop": "hold_on_last_frame",
			"animation_length": 0.2917,
			"bones": {
				"main": {
					"rotation": {
						"0.0": {
							"vector": [-6.25, 0, 0]
						},
						"0.0833": {
							"vector": [0, 0, 0]
						},
						"0.1667": {
							"vector": [1, 0, 0]
						},
						"0.25": {
							"vector": [0, 0, 0]
						}
					},
					"position": {
						"0.0": {
							"vector": [0, 0, 1.35]
						},
						"0.125": {
							"vector": [0, 0, -0.4]
						},
						"0.2083": {
							"vector": [0, 0, 0]
						}
					}
				},
				"Trigger": {
					"rotation": {
						"0.0": {
							"vector": [30, 0, 0]
						},
						"0.0833": {
							"vector": [0, 0, 0]
						}
					}
				},
				"Chamber": {
					"rotation": {
						"0.0": {
							"vector": [0, 0, 0]
						},
						"0.0417": {
							"vector": [-120, 0, 0]
						}
					}
				},
				"Chamberchild": {
					"rotation": {
						"0.0": {
							"vector": [0, 0, 0]
						},
						"0.0417": {
							"vector": [147.5, 0, 0]
						}
					}
				},
				"Chamberbullet": {
					"rotation": {
						"0.0": {
							"vector": [0, 0, 0]
						},
						"0.0417": {
							"vector": [-27.5, 0, 0]
						}
					},
					"position": {
						"0.0": {
							"vector": [0, 0, 0]
						},
						"0.0417": {
							"vector": [0, -0.2, 0.1]
						}
					}
				},
				"Bullet": {
					"scale": {
						"vector": [0, 0, 0]
					}
				},
				"Bullet2": {
					"rotation": {
						"vector": [0, 0, 0]
					},
					"position": {
						"0.0": {
							"vector": [0, 0, 0]
						},
						"0.0417": {
							"vector": [0, 0, 2.5]
						},
						"0.0833": {
							"vector": [0, 17.2, 26.6]
						},
						"0.125": {
							"vector": [0, 17.2, 46.2]
						},
						"0.1667": {
							"vector": [0, -29.7, 51.6]
						},
						"0.2083": {
							"vector": [0, -29.7, 32.6]
						}
					},
					"scale": {
						"0.0": {
							"vector": [1, 1, 1]
						},
						"0.2083": {
							"vector": [0, 0, 0]
						}
					}
				},
				"Barrel": {
					"position": {
						"vector": [0, 0, 0.4]
					}
				}
			}
		},
		"animation.model.inspectempty": {
			"loop": "hold_on_last_frame",
			"animation_length": 5.9,
			"bones": {
				"main": {
					"rotation": {
						"0.0": {
							"vector": [0, 0, 0]
						},
						"0.1333": {
							"vector": [0, -25, -17.5]
						},
						"0.2667": {
							"vector": [0, -40, -17.5]
						},
						"0.5": {
							"vector": [-2.84254, -42.97765, -13.34796]
						},
						"0.6333": {
							"vector": [0, -45, -17.5]
						},
						"0.8333": {
							"vector": [-2.61252, -44.42312, -13.4522]
						},
						"1.0333": {
							"vector": [-3.93584, -44.14504, -11.40362]
						},
						"1.3": {
							"vector": [-5.31462, -44.28863, -9.27456]
						},
						"1.6": {
							"vector": [-7.04771, -43.13227, -6.58711]
						},
						"1.9333": {
							"vector": [-16.62989, -33.13352, 8.30288]
						},
						"2.3667": {
							"vector": [-28.88698, 9.73637, 68.30372]
						},
						"2.5": {
							"vector": [-27.96118, 12.29471, 73.12091]
						},
						"2.6333": {
							"vector": [-28.52912, 10.81726, 70.3093]
						},
						"2.7667": {
							"vector": [-28.75455, 12.792, 69.20755]
						},
						"3.1333": {
							"vector": [-26.03667, 20.18644, 77.83831]
						},
						"3.3": {
							"vector": [-25.70195, 20.62277, 78.79834]
						},
						"3.4667": {
							"vector": [-25.09513, 21.37342, 80.49164]
						},
						"3.6": {
							"vector": [-25.70195, 20.62277, 78.79834]
						},
						"4.2333": {
							"vector": [-20.03786, -15.50494, -10.75704]
						},
						"4.4333": {
							"vector": [-18.35865, -17.47979, -16.66641]
						},
						"4.6667": {
							"vector": [-19.01522, -16.7588, -14.43621]
						},
						"4.9667": {
							"vector": [-15.15609, -20.29824, -26.53404]
						},
						"5.2667": {
							"vector": [0.50518, -5.08075, 6.8716],
							"easing": "easeOutSine"
						},
						"5.4333": {
							"vector": [0.32389, -0.60235, -2.1558],
							"easing": "linear"
						},
						"5.5333": {
							"vector": [0, 0, 0],
							"easing": "linear"
						}
					},
					"position": {
						"0.0": {
							"vector": [0, 0, 0]
						},
						"0.1333": {
							"vector": [-4, 0, 0]
						},
						"1.7667": {
							"vector": [-4, 0, 0]
						},
						"2.1": {
							"vector": [-1, -6, 0]
						},
						"2.5667": {
							"vector": [-1, -1.2, 0]
						},
						"2.7667": {
							"vector": [-1, -1.2, 0.8]
						},
						"3.9333": {
							"vector": [-1, -1.2, 0.8]
						},
						"4.2333": {
							"vector": [-1, 0, 0.8]
						},
						"4.9667": {
							"vector": [-1, 0, 0.8]
						},
						"5.3333": {
							"vector": [-0.05, 0, -2.49],
							"easing": "linear"
						},
						"5.4667": {
							"vector": [0, 0, 0],
							"easing": "linear"
						}
					}
				},
				"leftarm": {
					"rotation": {
						"0.0": {
							"vector": [0, 0, 0]
						},
						"0.1333": {
							"vector": [0.68398, -8.27333, -14.03245]
						},
						"1.9333": {
							"vector": [0.68398, -8.27333, -14.03245]
						},
						"2.3667": {
							"vector": [37.14199, -30.39805, -107.66571]
						},
						"5.3333": {
							"vector": [0, 0, 0]
						}
					},
					"position": {
						"0.0": {
							"vector": [0, 0, 0]
						},
						"0.1333": {
							"vector": [6, -28, -6]
						},
						"1.9333": {
							"vector": [6, -28, -6]
						},
						"2.3667": {
							"vector": [20, 15, 23]
						},
						"2.7": {
							"vector": [0.72208, 10.51137, 5.36048]
						},
						"3.8": {
							"vector": [0.72208, 10.51137, 5.36048]
						},
						"4.2333": {
							"vector": [27, -34, 8]
						},
						"5.3333": {
							"vector": [0, 0, 0]
						}
					}
				},
				"rightarm": {
					"position": {
						"0.0": {
							"vector": [0, 0, 0]
						},
						"3.8667": {
							"vector": [0, 0, 0]
						},
						"4.2": {
							"vector": [-4, 0, -2.7]
						},
						"4.9667": {
							"vector": [-3.5, 0, -2.7]
						},
						"5.3333": {
							"vector": [0, 0, 0]
						}
					}
				},
				"gun": {
					"rotation": {
						"0.0": {
							"vector": [0, 0, 0]
						},
						"3.8": {
							"vector": [0, 0, 0]
						},
						"4.2667": {
							"vector": [20, 0, 0]
						},
						"5.0333": {
							"vector": [20, 0, 0]
						},
						"5.3333": {
							"vector": [0, 0, 0]
						}
					},
					"position": {
						"vector": [0, 0, 0]
					}
				},
				"Chamber": {
					"rotation": {
						"vector": [-120, 0, 0]
					}
				},
				"Chamberchild": {
					"rotation": {
						"vector": [147.5, 0, 0]
					}
				},
				"Chamberbullet": {
					"rotation": {
						"vector": [-27.5, 0, 0]
					},
					"position": {
						"vector": [0, -0.2, 0.1]
					}
				},
				"Bullet2": {
					"scale": {
						"vector": [0, 0, 0]
					}
				},
				"Barrel": {
					"position": {
						"vector": [0, 0, 0.4]
					}
				},
				"Bullet": {
					"scale": {
						"vector": [0, 0, 0]
					}
				}
			}
		},
		"animation.model.inspect": {
			"loop": "hold_on_last_frame",
			"animation_length": 5.9,
			"bones": {
				"main": {
					"rotation": {
						"0.0": {
							"vector": [0, 0, 0]
						},
						"0.1333": {
							"vector": [0, -25, -17.5]
						},
						"0.2667": {
							"vector": [0, -40, -17.5]
						},
						"0.5": {
							"vector": [-2.84254, -42.97765, -13.34796]
						},
						"0.6333": {
							"vector": [0, -45, -17.5]
						},
						"0.8333": {
							"vector": [-2.61252, -44.42312, -13.4522]
						},
						"1.0333": {
							"vector": [-3.93584, -44.14504, -11.40362]
						},
						"1.3": {
							"vector": [-5.31462, -44.28863, -9.27456]
						},
						"1.6": {
							"vector": [-7.04771, -43.13227, -6.58711]
						},
						"1.9333": {
							"vector": [-16.62989, -33.13352, 8.30288]
						},
						"2.3667": {
							"vector": [-28.88698, 9.73637, 68.30372]
						},
						"2.5": {
							"vector": [-27.96118, 12.29471, 73.12091]
						},
						"2.6333": {
							"vector": [-28.52912, 10.81726, 70.3093]
						},
						"2.7667": {
							"vector": [-28.75455, 12.792, 69.20755]
						},
						"3.1333": {
							"vector": [-26.03667, 20.18644, 77.83831]
						},
						"3.3": {
							"vector": [-25.70195, 20.62277, 78.79834]
						},
						"3.4667": {
							"vector": [-25.09513, 21.37342, 80.49164]
						},
						"3.6": {
							"vector": [-25.70195, 20.62277, 78.79834]
						},
						"3.6667": {
							"vector": [-19.70195, 20.62277, 78.79834]
						},
						"3.7333": {
							"vector": [-12.70195, 20.62277, 78.79834]
						},
						"3.8": {
							"vector": [-14.70195, 20.62277, 78.79834]
						},
						"4.2333": {
							"vector": [-20.03786, -15.50494, -10.75704]
						},
						"4.4333": {
							"vector": [-18.35865, -17.47979, -16.66641]
						},
						"4.6667": {
							"vector": [-19.01522, -16.7588, -14.43621]
						},
						"4.9667": {
							"vector": [-15.15609, -20.29824, -26.53404]
						},
						"5.2667": {
							"vector": [0.50518, -5.08075, 6.8716],
							"easing": "easeOutSine"
						},
						"5.4333": {
							"vector": [0.32389, -0.60235, -2.1558],
							"easing": "linear"
						},
						"5.5333": {
							"vector": [0, 0, 0],
							"easing": "linear"
						}
					},
					"position": {
						"0.0": {
							"vector": [0, 0, 0]
						},
						"0.1333": {
							"vector": [-4, 0, 0]
						},
						"1.7667": {
							"vector": [-4, 0, 0]
						},
						"2.1": {
							"vector": [-1, -6, 0]
						},
						"2.5667": {
							"vector": [-1, -1.2, 0]
						},
						"2.7667": {
							"vector": [-1, -1.2, 0.8]
						},
						"3.9333": {
							"vector": [-1, -1.2, 0.8]
						},
						"4.2333": {
							"vector": [-1, 0, 0.8]
						},
						"4.9667": {
							"vector": [-1, 0, 0.8]
						},
						"5.3333": {
							"vector": [-0.05, 0, -2.49],
							"easing": "linear"
						},
						"5.4667": {
							"vector": [0, 0, 0],
							"easing": "linear"
						}
					}
				},
				"leftarm": {
					"rotation": {
						"0.0": {
							"vector": [0, 0, 0]
						},
						"0.1333": {
							"vector": [0.68398, -8.27333, -14.03245]
						},
						"1.9333": {
							"vector": [0.68398, -8.27333, -14.03245]
						},
						"2.3667": {
							"vector": [37.14199, -30.39805, -107.66571]
						},
						"2.8333": {
							"vector": [31.3, -25.62, -112.73]
						},
						"3.6": {
							"vector": [31.3, -25.62, -112.73]
						},
						"5.3333": {
							"vector": [0, 0, 0]
						}
					},
					"position": {
						"0.0": {
							"vector": [0, 0, 0]
						},
						"0.1333": {
							"vector": [6, -28, -6]
						},
						"1.9333": {
							"vector": [6, -28, -6]
						},
						"2.3667": {
							"vector": [20, 15, 23]
						},
						"2.7": {
							"vector": [0.72208, 10.51137, 5.36048]
						},
						"2.8333": {
							"vector": [0.72208, 12.31137, 6.56048]
						},
						"3.6": {
							"vector": [0.72208, 12.31137, 6.56048]
						},
						"3.7": {
							"vector": [2, 15, 11.7]
						},
						"3.8": {
							"vector": [2, 15, 8]
						},
						"4.2333": {
							"vector": [27, -34, 8]
						},
						"5.3333": {
							"vector": [0, 0, 0]
						}
					}
				},
				"rightarm": {
					"position": {
						"0.0": {
							"vector": [0, 0, 0]
						},
						"3.8667": {
							"vector": [0, 0, 0]
						},
						"4.2": {
							"vector": [-4, 0, -2.7]
						},
						"4.9667": {
							"vector": [-3.5, 0, -2.7]
						},
						"5.3333": {
							"vector": [0, 0, 0]
						}
					}
				},
				"gun": {
					"rotation": {
						"0.0": {
							"vector": [0, 0, 0]
						},
						"3.8": {
							"vector": [0, 0, 0]
						},
						"4.2667": {
							"vector": [20, 0, 0]
						},
						"5.0333": {
							"vector": [20, 0, 0]
						},
						"5.3333": {
							"vector": [0, 0, 0]
						}
					},
					"position": {
						"vector": [0, 0, 0]
					}
				},
				"Chamber": {
					"rotation": {
						"0.0": {
							"vector": [0, 0, 0]
						},
						"2.7": {
							"vector": [0, 0, 0]
						},
						"2.8333": {
							"vector": [-45, 0, 0]
						},
						"3.6": {
							"vector": [-45, 0, 0]
						},
						"3.7": {
							"vector": [0, 0, 0]
						}
					}
				},
				"Chamberchild": {
					"rotation": {
						"0.0": {
							"vector": [0, 0, 0]
						},
						"2.7": {
							"vector": [0, 0, 0]
						},
						"2.8333": {
							"vector": [67.5, 0, 0]
						},
						"3.6": {
							"vector": [67.5, 0, 0]
						},
						"3.7": {
							"vector": [0, 0, 0]
						}
					}
				},
				"Chamberbullet": {
					"rotation": {
						"0.0": {
							"vector": [0, 0, 0]
						},
						"2.7": {
							"vector": [0, 0, 0]
						},
						"2.8333": {
							"vector": [-22.5, 0, 0]
						},
						"3.6": {
							"vector": [-22.5, 0, 0]
						},
						"3.7": {
							"vector": [0, 0, 0]
						}
					}
				},
				"Bullet2": {
					"position": {
						"2.7": {
							"vector": [0, 0, 0]
						},
						"2.8333": {
							"vector": [0, 0, 2]
						},
						"3.6": {
							"vector": [0, 0, 2]
						},
						"3.7": {
							"vector": [0, 0, 0]
						}
					}
				}
			},
			"sound_effects": {
				"2.7": {
					"effect": "open_cylinder"
				},
				"3.6333": {
					"effect": "close_cylinder"
				}
			}
		},
		"animation.model.draw": {
			"loop": "hold_on_last_frame",
			"animation_length": 0.6,
			"bones": {
				"main": {
					"rotation": {
						"0.0": {
							"vector": [32.09413, -54.38778, -8.29667]
						},
						"0.35": {
							"vector": [0.50518, -5.08075, 6.8716],
							"easing": "easeOutSine"
						},
						"0.5": {
							"vector": [0.32389, -0.60235, -2.1558],
							"easing": "linear"
						},
						"0.6": {
							"vector": [0, 0, 0],
							"easing": "linear"
						}
					},
					"position": {
						"0.0": {
							"vector": [0, -17.3, 0]
						},
						"0.25": {
							"vector": [-0.4, -2.525, -1.625],
							"easing": "linear"
						},
						"0.4": {
							"vector": [-0.05, 0, -2.49],
							"easing": "linear"
						},
						"0.55": {
							"vector": [0, 0, 0],
							"easing": "linear"
						}
					}
				},
				"leftarm": {
					"rotation": {
						"0.0": {
							"vector": [0, 0, 0]
						},
						"0.2": {
							"vector": [1, 0, -22]
						},
						"0.4": {
							"vector": [0, 0, 0]
						}
					},
					"position": {
						"0.0": {
							"vector": [0, 0, 0]
						},
						"0.2": {
							"vector": [3.53901, 3.6754, 5.59783]
						},
						"0.4": {
							"vector": [0, 0, 0]
						}
					}
				}
			}
		},
		"animation.model.drawempty": {
			"loop": "hold_on_last_frame",
			"animation_length": 0.6,
			"bones": {
				"main": {
					"rotation": {
						"0.0": {
							"vector": [32.09413, -54.38778, -8.29667]
						},
						"0.35": {
							"vector": [0.50518, -5.08075, 6.8716],
							"easing": "easeOutSine"
						},
						"0.5": {
							"vector": [0.32389, -0.60235, -2.1558],
							"easing": "linear"
						},
						"0.6": {
							"vector": [0, 0, 0],
							"easing": "linear"
						}
					},
					"position": {
						"0.0": {
							"vector": [0, -17.3, 0]
						},
						"0.25": {
							"vector": [-0.4, -2.525, -1.625],
							"easing": "linear"
						},
						"0.4": {
							"vector": [-0.05, 0, -2.49],
							"easing": "linear"
						},
						"0.55": {
							"vector": [0, 0, 0],
							"easing": "linear"
						}
					}
				},
				"leftarm": {
					"rotation": {
						"0.0": {
							"vector": [0, 0, 0]
						},
						"0.2": {
							"vector": [1, 0, -22]
						},
						"0.4": {
							"vector": [0, 0, 0]
						}
					},
					"position": {
						"0.0": {
							"vector": [0, 0, 0]
						},
						"0.2": {
							"vector": [3.53901, 3.6754, 5.59783]
						},
						"0.4": {
							"vector": [0, 0, 0]
						}
					}
				},
				"Chamber": {
					"rotation": {
						"vector": [-120, 0, 0]
					}
				},
				"Chamberchild": {
					"rotation": {
						"vector": [147.5, 0, 0]
					}
				},
				"Chamberbullet": {
					"rotation": {
						"vector": [-27.5, 0, 0]
					},
					"position": {
						"vector": [0, -0.2, 0.1]
					}
				},
				"Bullet": {
					"scale": {
						"vector": [0, 0, 0]
					}
				},
				"Bullet2": {
					"scale": {
						"vector": [0, 0, 0]
					}
				},
				"Barrel": {
					"position": {
						"vector": [0, 0, 0.4]
					}
				}
			}
		},
		"animation.model.idle": {
			"loop": true
		},
		"animation.model.idleempty": {
			"loop": true,
			"bones": {
				"Chamber": {
					"rotation": {
						"vector": [-120, 0, 0]
					}
				},
				"Chamberchild": {
					"rotation": {
						"vector": [147.5, 0, 0]
					}
				},
				"Chamberbullet": {
					"rotation": {
						"vector": [-27.5, 0, 0]
					},
					"position": {
						"vector": [0, -0.2, 0.1]
					}
				},
				"Bullet": {
					"scale": {
						"vector": [0, 0, 0]
					}
				},
				"Bullet2": {
					"scale": {
						"vector": [0, 0, 0]
					}
				},
				"Barrel": {
					"position": {
						"vector": [0, 0, 0.4]
					}
				}
			}
		}
	},
	"geckolib_format_version": 2
}