{
	"format_version": "1.8.0",
	"animations": {
		"animation.model.draw": {
			"loop": "hold_on_last_frame",
			"animation_length": 1.2,
			"bones": {
				"main": {
					"rotation": {
						"0.0": {
							"vector": [32.09413, -54.38778, -8.29667]
						},
						"0.2": {
							"vector": [7.4, -15.84, 3.56]
						},
						"0.35": {
							"vector": [2.72367, -16.55708, 11.33314]
						},
						"0.45": {
							"vector": [0.93356, -10.86404, 11.3928]
						},
						"0.65": {
							"vector": [0.50518, -5.08075, 6.8716],
							"easing": "easeOutSine"
						},
						"0.8": {
							"vector": [0.32389, -0.60235, -2.1558],
							"easing": "linear"
						},
						"0.9": {
							"vector": [0, 0, 0],
							"easing": "linear"
						}
					},
					"position": {
						"0.0": {
							"vector": [0, -17.3, 0]
						},
						"0.25": {
							"vector": [-0.23, -8.86, -0.93]
						},
						"0.45": {
							"vector": [-0.34, -6.64, -1.39]
						},
						"0.55": {
							"vector": [-0.4, -2.525, -1.625],
							"easing": "linear"
						},
						"0.7": {
							"vector": [-0.05, 0, -2.49],
							"easing": "linear"
						},
						"0.85": {
							"vector": [0, 0, 0],
							"easing": "linear"
						}
					}
				},
				"leftarm": {
					"rotation": {
						"0.0": {
							"vector": [0, 0, 0]
						},
						"0.2": {
							"vector": [1, 0, -22]
						},
						"0.35": {
							"vector": [0, 0, 0]
						}
					},
					"position": {
						"0.0": {
							"vector": [0, 0, 0]
						},
						"0.2": {
							"vector": [0.53901, 3.6754, 10.59783]
						},
						"0.35": {
							"vector": [0, 0, 0]
						}
					}
				},
				"Hammer2": {
					"rotation": {
						"0.0": {
							"vector": [60, 0, 0]
						},
						"0.25": {
							"vector": [60, 0, 0]
						},
						"0.35": {
							"vector": [0, 0, 0]
						}
					}
				},
				"rightarm": {
					"rotation": {
						"0.0": {
							"vector": [0, 0, 0]
						},
						"0.35": {
							"vector": [-17.5, 0, 0]
						},
						"0.55": {
							"vector": [-7.5, 0, 0]
						}
					},
					"position": {
						"0.0": {
							"vector": [0, 0, 0]
						},
						"0.1": {
							"vector": [-3.2, 0, 9]
						},
						"0.25": {
							"vector": [-4, 13, -2]
						},
						"0.35": {
							"vector": [-4, 4, 1]
						},
						"0.45": {
							"vector": [-7, 2, 7.5]
						},
						"0.55": {
							"vector": [0, 0, 0]
						}
					}
				}
			},
			"sound_effects": {
				"0.3": {
					"effect": "hammer_cock"
				}
			}
		},
		"animation.model.drawempty": {
			"loop": "hold_on_last_frame",
			"animation_length": 1.2,
			"bones": {
				"main": {
					"rotation": {
						"0.0": {
							"vector": [32.09413, -54.38778, -8.29667]
						},
						"0.2": {
							"vector": [7.4, -15.84, 3.56]
						},
						"0.35": {
							"vector": [2.72367, -16.55708, 11.33314]
						},
						"0.45": {
							"vector": [0.93356, -10.86404, 11.3928]
						},
						"0.65": {
							"vector": [0.50518, -5.08075, 6.8716],
							"easing": "easeOutSine"
						},
						"0.8": {
							"vector": [0.32389, -0.60235, -2.1558],
							"easing": "linear"
						},
						"0.9": {
							"vector": [0, 0, 0],
							"easing": "linear"
						}
					},
					"position": {
						"0.0": {
							"vector": [0, -17.3, 0]
						},
						"0.25": {
							"vector": [-0.23, -8.86, -0.93]
						},
						"0.45": {
							"vector": [-0.34, -6.64, -1.39]
						},
						"0.55": {
							"vector": [-0.4, -2.525, -1.625],
							"easing": "linear"
						},
						"0.7": {
							"vector": [-0.05, 0, -2.49],
							"easing": "linear"
						},
						"0.85": {
							"vector": [0, 0, 0],
							"easing": "linear"
						}
					}
				},
				"leftarm": {
					"rotation": {
						"0.0": {
							"vector": [0, 0, 0]
						},
						"0.2": {
							"vector": [1, 0, -22]
						},
						"0.35": {
							"vector": [0, 0, 0]
						}
					},
					"position": {
						"0.0": {
							"vector": [0, 0, 0]
						},
						"0.2": {
							"vector": [0.53901, 3.6754, 10.59783]
						},
						"0.35": {
							"vector": [0, 0, 0]
						}
					}
				},
				"Hammer2": {
					"rotation": {
						"vector": [60, 0, 0]
					}
				},
				"rightarm": {
					"rotation": {
						"0.0": {
							"vector": [0, 0, 0]
						},
						"0.2": {
							"vector": [-17.5, 0, 0]
						},
						"0.35": {
							"vector": [-17.5, 0, 0]
						},
						"0.55": {
							"vector": [-7.5, 0, 0]
						}
					},
					"position": {
						"0.0": {
							"vector": [0, 0, 0]
						},
						"0.1": {
							"vector": [-3.2, 0, 9]
						},
						"0.2": {
							"vector": [-4.7, -1.1, 1]
						},
						"0.35": {
							"vector": [-4.7, -1.1, 1]
						},
						"0.55": {
							"vector": [0, 0, 0]
						}
					}
				}
			},
			"sound_effects": {
				"0.3": {
					"effect": "hammer_cock"
				}
			}
		},
		"animation.model.inspect": {
			"loop": "hold_on_last_frame",
			"animation_length": 5.6333,
			"bones": {
				"main": {
					"rotation": {
						"0.0": {
							"vector": [0, 0, 0]
						},
						"0.2667": {
							"vector": [7.12284, -29.21893, -14.35885]
						},
						"0.5667": {
							"vector": [7.38805, -32.69093, -14.87421]
						},
						"1.0": {
							"vector": [7.60754, -35.16957, -15.26735]
						},
						"1.4667": {
							"vector": [7.70564, -36.16108, -15.43402]
						},
						"1.9333": {
							"vector": [7.7805, -36.90424, -15.55978]
						},
						"2.4333": {
							"vector": [-14.0291, -27.3011, 28.39292]
						},
						"2.6667": {
							"vector": [-22.62463, -20.93634, 49.20319]
						},
						"2.9667": {
							"vector": [-25.75301, -16.82869, 58.84316]
						},
						"3.4667": {
							"vector": [-26.53396, -15.50655, 61.64709]
						},
						"3.8": {
							"vector": [-11.58253, -28.35474, 23.15504]
						},
						"4.0667": {
							"vector": [9.8019, -28.96983, -19.81826]
						},
						"4.4": {
							"vector": [12.46603, -28.00346, -25.40037]
						},
						"4.7333": {
							"vector": [13.74568, -27.43646, -28.15097]
						},
						"5.1": {
							"vector": [19.79396, -7.93909, -23.44429]
						},
						"5.3": {
							"vector": [-8.47405, -5.95173, -4.75478]
						},
						"5.4": {
							"vector": [-3.67098, -1.91821, 5.58911]
						},
						"5.5": {
							"vector": [0, 0, 0]
						}
					},
					"position": {
						"0.0": {
							"vector": [0, 0, 0]
						},
						"0.3": {
							"vector": [-5, 0, -2]
						},
						"0.7333": {
							"vector": [-5, 0, -3]
						},
						"2.1333": {
							"vector": [-5, 0, -3]
						},
						"2.4333": {
							"vector": [-5, -2.99, -3]
						},
						"2.6667": {
							"vector": [-5, -0.475, -3]
						},
						"2.9667": {
							"vector": [-5, -2.28, -3]
						},
						"4.0667": {
							"vector": [-5, -2.28, -3]
						},
						"4.9": {
							"vector": [-5, -2.28, -3]
						},
						"5.1": {
							"vector": [-5, -2.28, -14]
						},
						"5.2667": {
							"vector": [-5, -2.28, -2]
						},
						"5.5": {
							"vector": [0, 0, 0]
						}
					}
				},
				"leftarm": {
					"rotation": {
						"0.0": {
							"vector": [0, 0, 0]
						},
						"0.2667": {
							"vector": [0.70568, -8.60514, -12.76874]
						},
						"5.1": {
							"vector": [0.70568, -8.60514, -12.76874]
						},
						"5.3": {
							"vector": [0, 0, 0]
						}
					},
					"position": {
						"0.0": {
							"vector": [0, 0, 0]
						},
						"0.2667": {
							"vector": [-2, 0, -8]
						},
						"5.1": {
							"vector": [-2, 0, -8]
						},
						"5.3": {
							"vector": [0, 0, 0]
						}
					}
				},
				"rightarm": {
					"rotation": {
						"vector": [0, 0, 0]
					},
					"position": {
						"vector": [0, 0, 0]
					}
				}
			}
		},
		"animation.model.inspectempty": {
			"loop": "hold_on_last_frame",
			"animation_length": 5.6333,
			"bones": {
				"main": {
					"rotation": {
						"0.0": {
							"vector": [0, 0, 0]
						},
						"0.2667": {
							"vector": [7.12284, -29.21893, -14.35885]
						},
						"0.5667": {
							"vector": [7.38805, -32.69093, -14.87421]
						},
						"1.0": {
							"vector": [7.60754, -35.16957, -15.26735]
						},
						"1.4667": {
							"vector": [7.70564, -36.16108, -15.43402]
						},
						"1.9333": {
							"vector": [7.7805, -36.90424, -15.55978]
						},
						"2.4333": {
							"vector": [-14.0291, -27.3011, 28.39292]
						},
						"2.6667": {
							"vector": [-22.62463, -20.93634, 49.20319]
						},
						"2.9667": {
							"vector": [-25.75301, -16.82869, 58.84316]
						},
						"3.4667": {
							"vector": [-26.53396, -15.50655, 61.64709]
						},
						"3.8": {
							"vector": [-11.58253, -28.35474, 23.15504]
						},
						"4.0667": {
							"vector": [9.8019, -28.96983, -19.81826]
						},
						"4.4": {
							"vector": [12.46603, -28.00346, -25.40037]
						},
						"4.7333": {
							"vector": [13.74568, -27.43646, -28.15097]
						},
						"5.1": {
							"vector": [19.79396, -7.93909, -23.44429]
						},
						"5.3": {
							"vector": [-8.47405, -5.95173, -4.75478]
						},
						"5.4": {
							"vector": [-3.67098, -1.91821, 5.58911]
						},
						"5.5": {
							"vector": [0, 0, 0]
						}
					},
					"position": {
						"0.0": {
							"vector": [0, 0, 0]
						},
						"0.3": {
							"vector": [-5, 0, -2]
						},
						"0.7333": {
							"vector": [-5, 0, -3]
						},
						"2.1333": {
							"vector": [-5, 0, -3]
						},
						"2.4333": {
							"vector": [-5, -2.99, -3]
						},
						"2.6667": {
							"vector": [-5, -0.475, -3]
						},
						"2.9667": {
							"vector": [-5, -2.28, -3]
						},
						"4.0667": {
							"vector": [-5, -2.28, -3]
						},
						"4.9": {
							"vector": [-5, -2.28, -3]
						},
						"5.1": {
							"vector": [-5, -2.28, -14]
						},
						"5.2667": {
							"vector": [-5, -2.28, -2]
						},
						"5.5": {
							"vector": [0, 0, 0]
						}
					}
				},
				"leftarm": {
					"rotation": {
						"0.0": {
							"vector": [0, 0, 0]
						},
						"0.2667": {
							"vector": [0.70568, -8.60514, -12.76874]
						},
						"5.1": {
							"vector": [0.70568, -8.60514, -12.76874]
						},
						"5.3": {
							"vector": [0, 0, 0]
						}
					},
					"position": {
						"0.0": {
							"vector": [0, 0, 0]
						},
						"0.2667": {
							"vector": [-2, 0, -8]
						},
						"5.1": {
							"vector": [-2, 0, -8]
						},
						"5.3": {
							"vector": [0, 0, 0]
						}
					}
				},
				"rightarm": {
					"rotation": {
						"vector": [0, 0, 0]
					},
					"position": {
						"vector": [0, 0, 0]
					}
				},
				"Hammer2": {
					"rotation": {
						"vector": [60, 0, 0]
					}
				}
			}
		},
		"animation.model.prepare": {
			"loop": "hold_on_last_frame",
			"animation_length": 0.75,
			"bones": {
				"main": {
					"rotation": {
						"0.0": {
							"vector": [0, 0, 0]
						},
						"0.3333": {
							"vector": [0, 0, -3.46]
						},
						"0.5417": {
							"vector": [0, 0, 2.5]
						},
						"0.6667": {
							"vector": [0, 0, 0.5]
						}
					},
					"position": {
						"0.0": {
							"vector": [0, 0, 0]
						},
						"0.1667": {
							"vector": [0, 0, 2]
						}
					}
				},
				"gun": {
					"rotation": {
						"0.0": {
							"vector": [0, 0, 0]
						},
						"0.0833": {
							"vector": [0, 0, 10]
						},
						"0.3333": {
							"vector": [0.75, 0, 10]
						}
					}
				},
				"Trapdoor": {
					"rotation": {
						"0.4167": {
							"vector": [0, 0, 0]
						},
						"0.5": {
							"vector": [25, 0, 0]
						},
						"0.5833": {
							"vector": [67.5, 0, 0]
						}
					},
					"position": {
						"vector": [0, 0, 0]
					}
				},
				"Hammer2": {
					"rotation": {
						"0.0": {
							"vector": [60, 0, 0]
						},
						"0.1667": {
							"vector": [60, 0, 0]
						},
						"0.25": {
							"vector": [0, 0, 0]
						}
					}
				},
				"rightarm": {
					"rotation": {
						"0.0": {
							"vector": [0, 0, 0]
						},
						"0.25": {
							"vector": [2.5, 0, 0]
						},
						"0.5": {
							"vector": [-7.5, 0, 0]
						},
						"0.5833": {
							"vector": [-12.5, 0, 0]
						},
						"0.6667": {
							"vector": [2.5, 0, 0]
						}
					},
					"position": {
						"0.0": {
							"vector": [0, 0, 0]
						},
						"0.0833": {
							"vector": [0, 0, 7]
						},
						"0.1667": {
							"vector": [-4, 14, -4]
						},
						"0.25": {
							"vector": [-4, 14, -1]
						},
						"0.3333": {
							"vector": [-6, 14, 2]
						},
						"0.4167": {
							"vector": [-5, 14, -7]
						},
						"0.5": {
							"vector": [-5.1, 14, -7]
						},
						"0.5833": {
							"vector": [-4.3, 14, -11]
						},
						"0.6667": {
							"vector": [-4.3, 4, 23]
						}
					}
				},
				"leftarm": {
					"position": {
						"0.0": {
							"vector": [0, 0, 0]
						},
						"0.0833": {
							"vector": [0, 0, -2]
						}
					}
				},
				"BulletShell": {
					"rotation": {
						"0.5": {
							"vector": [0, 0, 0]
						},
						"0.5833": {
							"vector": [7.5, 0, 0]
						},
						"0.6667": {
							"vector": [-15, 0, 0]
						}
					},
					"position": {
						"0.5": {
							"vector": [0, 0, 0]
						},
						"0.5833": {
							"vector": [0, 4, 58]
						},
						"0.6667": {
							"vector": [0, -12, 86]
						}
					},
					"scale": {
						"0.5833": {
							"vector": [1, 1, 1]
						},
						"0.6667": {
							"vector": [0, 0, 0]
						}
					}
				},
				"Bullet": {
					"position": {
						"vector": [-6, -8, 35]
					}
				}
			},
			"sound_effects": {
				"0.2083": {
					"effect": "hammer_cock"
				},
				"0.4583": {
					"effect": "ejector_rod2"
				}
			}
		},
		"animation.model.iterativeload": {
			"loop": "hold_on_last_frame",
			"animation_length": 0.8333,
			"bones": {
				"main": {
					"rotation": {
						"0.0": {
							"vector": [0, 0, 0.5]
						},
						"0.0833": {
							"vector": [-2.5, 0, 0.5]
						},
						"0.2083": {
							"vector": [-2.4905, 0.21782, 5.49527]
						},
						"0.4167": {
							"vector": [-2.5, 0, 0.5]
						},
						"0.5": {
							"vector": [0, 0, 0.5]
						},
						"0.5833": {
							"vector": [-1.75, 0, 0.5]
						},
						"0.75": {
							"vector": [0, 0, 0.5]
						}
					}
				},
				"gun": {
					"rotation": {
						"vector": [0.75, 0, 10]
					}
				},
				"Trapdoor": {
					"rotation": {
						"vector": [67.5, 0, 0]
					}
				},
				"Hammer2": {
					"rotation": {
						"vector": [0, 0, 0]
					}
				},
				"rightarm": {
					"rotation": {
						"0.0": {
							"vector": [2.5, 0, 0]
						},
						"0.0833": {
							"vector": [-0.45918, 0.12869, -10.54807]
						},
						"0.2083": {
							"vector": [-3.85814, 5.0057, 9.14672]
						},
						"0.3333": {
							"vector": [-5.19438, 9.24769, 23.59928]
						},
						"0.4167": {
							"vector": [-5.42907, 13.68719, 37.93275]
						},
						"0.5": {
							"vector": [-4.77624, 17.33715, 49.90776]
						},
						"0.5833": {
							"vector": [-5.39618, 10.71928, 28.3822]
						},
						"0.6667": {
							"vector": [2.5, 0, 0]
						}
					},
					"position": {
						"0.0": {
							"vector": [-4.3, 4, 23]
						},
						"0.0833": {
							"vector": [-4.3, 11, 11]
						},
						"0.2083": {
							"vector": [-4.3, 14, -7]
						},
						"0.3333": {
							"vector": [-0.3, 12, -10]
						},
						"0.4167": {
							"vector": [1.7, 10, -10]
						},
						"0.5": {
							"vector": [1.7, 7, -11]
						},
						"0.5833": {
							"vector": [-0.3, 12, -8]
						},
						"0.6667": {
							"vector": [-4.3, 4, 23]
						}
					}
				},
				"leftarm": {
					"position": {
						"0.0": {
							"vector": [0, 0, -2]
						},
						"0.125": {
							"vector": [0, 0, 1]
						},
						"0.6667": {
							"vector": [0, 0, 1]
						},
						"0.75": {
							"vector": [0, 0, -2]
						}
					}
				},
				"Bullet": {
					"rotation": {
						"0.0": {
							"vector": [0, 0, 0]
						},
						"0.3333": {
							"vector": [0, -7.5, 0]
						},
						"0.4167": {
							"vector": [0, 0, 0]
						}
					},
					"position": {
						"0.0": {
							"vector": [-6, -8, 35]
						},
						"0.0833": {
							"vector": [-2, 2, 22]
						},
						"0.2083": {
							"vector": [-4, 5, 5]
						},
						"0.3333": {
							"vector": [-1.1, 2, 2]
						},
						"0.4167": {
							"vector": [0, 0, 0]
						},
						"0.5": {
							"vector": [0, 0, -7]
						}
					}
				},
				"BulletShell": {
					"scale": {
						"vector": [0, 0, 0]
					}
				}
			},
			"sound_effects": {
				"0.4167": {
					"effect": "repeater_bullet_load"
				}
			}
		},
		"animation.model.finish": {
			"loop": "hold_on_last_frame",
			"animation_length": 0.75,
			"bones": {
				"main": {
					"rotation": {
						"0.0": {
							"vector": [0, 0, 0.5]
						},
						"0.25": {
							"vector": [0, 0, 3]
						},
						"0.375": {
							"vector": [1.25, 0, 0.5]
						},
						"0.4583": {
							"vector": [0, 0, 3]
						},
						"0.5417": {
							"vector": [0, 0, -1.75]
						},
						"0.625": {
							"vector": [0, 0, 0]
						}
					}
				},
				"gun": {
					"rotation": {
						"0.0": {
							"vector": [0.75, 0, 10]
						},
						"0.375": {
							"vector": [0.75, 0, 10]
						},
						"0.5417": {
							"vector": [0, 0, 0]
						}
					}
				},
				"Trapdoor": {
					"rotation": {
						"0.0": {
							"vector": [67.5, 0, 0]
						},
						"0.2083": {
							"vector": [67.5, 0, 0]
						},
						"0.2917": {
							"vector": [25, 0, 0]
						},
						"0.375": {
							"vector": [0, 0, 0]
						}
					},
					"position": {
						"vector": [0, 0, 0]
					}
				},
				"Hammer2": {
					"rotation": {
						"vector": [0, 0, 0]
					}
				},
				"rightarm": {
					"rotation": {
						"0.0": {
							"vector": [2.5, 0, 0]
						},
						"0.2083": {
							"vector": [-12.5, 0, 0]
						},
						"0.2917": {
							"vector": [-7.5, 0, 0]
						},
						"0.375": {
							"vector": [7.5, 0, 0]
						},
						"0.5417": {
							"vector": [0, 0, 0]
						}
					},
					"position": {
						"0.0": {
							"vector": [-4.3, 4, 23]
						},
						"0.2083": {
							"vector": [-4.3, 14, -11]
						},
						"0.2917": {
							"vector": [-5.1, 14, -7]
						},
						"0.375": {
							"vector": [-5, 14, -7]
						},
						"0.4583": {
							"vector": [-5, 8, -1]
						},
						"0.5417": {
							"vector": [0, 0, 0]
						}
					}
				},
				"leftarm": {
					"position": {
						"0.0": {
							"vector": [0, 0, -2]
						},
						"0.2917": {
							"vector": [0, 0, -2]
						},
						"0.5417": {
							"vector": [0, 0, 0]
						}
					}
				},
				"Bullet": {
					"rotation": {
						"vector": [0, 0, 0]
					},
					"position": {
						"vector": [0, 0, -7]
					}
				}
			},
			"sound_effects": {
				"0.2917": {
					"effect": "close_cylinder"
				}
			}
		},
		"animation.model.fire": {
			"loop": "hold_on_last_frame",
			"animation_length": 0.1667,
			"bones": {
				"main": {
					"rotation": {
						"0.0": {
							"vector": [-5, 0, 0]
						},
						"0.0833": {
							"vector": [0.75, 0, -2.75]
						},
						"0.1667": {
							"vector": [0, 0, 0]
						}
					},
					"position": {
						"0.0": {
							"vector": [0, 1, 6.47656]
						},
						"0.0833": {
							"vector": [0, 0, 0]
						}
					}
				},
				"Hammer2": {
					"rotation": {
						"vector": [60, 0, 0]
					}
				}
			}
		},
		"animation.model.idle": {
			"loop": true
		},
		"animation.model.idleempty": {
			"loop": true,
			"bones": {
				"Hammer2": {
					"rotation": {
						"vector": [60, 0, 0]
					}
				}
			}
		}
	},
	"geckolib_format_version": 2
}