{
	"format_version": "1.8.0",
	"animations": {
		"animation.model.draw": {
			"loop": true,
			"animation_length": 1,
			"bones": {
				"main": {
					"rotation": {
						"0.0": {
							"vector": [32.09413, -54.38778, -8.29667]
						},
						"0.25": {
							"vector": [4.71016, -9.96368, 5.36947]
						},
						"0.35": {
							"vector": [2.25518, -5.08075, 6.8716],
							"easing": "easeOutSine"
						},
						"0.5": {
							"vector": [0.32389, -0.60235, -2.1558],
							"easing": "linear"
						},
						"0.6": {
							"vector": [0, 0, 0],
							"easing": "linear"
						}
					},
					"position": {
						"0.0": {
							"vector": [0, -17.3, 0]
						},
						"0.25": {
							"vector": [-0.4, -2.525, -1.625],
							"easing": "linear"
						},
						"0.4": {
							"vector": [-0.05, 0, -2.49],
							"easing": "linear"
						},
						"0.55": {
							"vector": [0, 0, 0],
							"easing": "linear"
						}
					}
				},
				"leftarm": {
					"rotation": {
						"0.0": {
							"vector": [0, 0, 0]
						},
						"0.15": {
							"vector": [17.5, 0, 0]
						},
						"0.2": {
							"vector": [17.5, 0, 0]
						},
						"0.3": {
							"vector": [24.5, 0, 0]
						},
						"0.4": {
							"vector": [0, 0, 0]
						}
					},
					"position": {
						"0.0": {
							"vector": [0, 0, 0]
						},
						"0.1": {
							"vector": [-1, -3, -3]
						},
						"0.15": {
							"vector": [-0.83, -3.5, -5.5]
						},
						"0.2": {
							"vector": [-0.83, -3.5, -5.5]
						},
						"0.3": {
							"vector": [-0.33, 3.6, 0.8]
						},
						"0.4": {
							"vector": [0, 0, 0]
						}
					}
				},
				"Cylinder": {
					"rotation": {
						"0.0": {
							"vector": [0, 0, 20]
						},
						"0.1": {
							"vector": [0, 0, 20]
						},
						"0.2": {
							"vector": [0, 0, 0]
						}
					},
					"position": {
						"0.0": {
							"vector": [4.3, -2, 0]
						},
						"0.1": {
							"vector": [4.3, -2, 0]
						},
						"0.2": {
							"vector": [0, 0, 0]
						}
					}
				},
				"Lever": {
					"rotation": {
						"0.0": {
							"vector": [0, 0, 0]
						},
						"0.15": {
							"vector": [-42.5, 0, 0]
						},
						"0.2": {
							"vector": [-42.5, 0, 0]
						},
						"0.3": {
							"vector": [0, 0, 0]
						}
					}
				},
				"Platuk": {
					"position": {
						"0.1": {
							"vector": [0, 0, 0]
						},
						"0.15": {
							"vector": [0, 0, 3]
						},
						"0.3": {
							"vector": [0, 0, 0]
						}
					}
				},
				"bulletLoader": {
					"rotation": {
						"0.1": {
							"vector": [0, 0, 0]
						},
						"0.15": {
							"vector": [0, 0, 0]
						}
					},
					"position": {
						"0.1": {
							"vector": [0, 0, 0]
						},
						"0.15": {
							"vector": [0, 1, 0]
						},
						"0.3": {
							"vector": [0, 0, 0]
						}
					}
				},
				"Hammer": {
					"rotation": {
						"0.0": {
							"vector": [62.5, 0, 0]
						},
						"0.1": {
							"vector": [62.5, 0, 0]
						},
						"0.15": {
							"vector": [0, 0, 0]
						}
					}
				}
			},
			"sound_effects": {
				"0.1": {
					"effect": "gun_cocking"
				}
			}
		},
		"animation.model.fire": {
			"loop": "hold_on_last_frame",
			"animation_length": 0.7083,
			"bones": {
				"main": {
					"rotation": {
						"0.0": {
							"vector": [-5, 0, 0]
						},
						"0.0417": {
							"vector": [2.5, 0, 0]
						},
						"0.0833": {
							"vector": [0, 0, 0]
						},
						"0.1667": {
							"vector": [0.75, 0, 0]
						},
						"0.25": {
							"vector": [0, 0, 0]
						},
						"0.2917": {
							"vector": [-4.5, 0, 3.75]
						},
						"0.3333": {
							"vector": [-6, 0, 7.5]
						},
						"0.4167": {
							"vector": [-2.5, 0, 7.5]
						},
						"0.5": {
							"vector": [-2.24762, -0.10901, 5.00238]
						},
						"0.5833": {
							"vector": [0, 0, 0]
						}
					},
					"position": {
						"0.0": {
							"vector": [0, 0, 3]
						},
						"0.0833": {
							"vector": [0, 0, 0]
						}
					}
				},
				"Lever": {
					"rotation": {
						"0.0": {
							"vector": [0, 0, 0]
						},
						"0.2083": {
							"vector": [0, 0, 0]
						},
						"0.2917": {
							"vector": [-45, 0, 0]
						},
						"0.375": {
							"vector": [-45, 0, 0]
						},
						"0.4583": {
							"vector": [0, 0, 0]
						}
					}
				},
				"Chamber": {
					"rotation": {
						"0.2083": {
							"vector": [0, 0, 0]
						},
						"0.2917": {
							"vector": [0, 0, 0]
						},
						"0.4167": {
							"vector": [0, 0, 0]
						}
					},
					"position": {
						"0.2083": {
							"vector": [0, 0, 0]
						},
						"0.2917": {
							"vector": [0, 0, 3.6]
						},
						"0.4167": {
							"vector": [0, 0, 3.6]
						},
						"0.5": {
							"vector": [0, 0, 0]
						}
					}
				},
				"bulletLoader": {
					"position": {
						"0.2083": {
							"vector": [0, 0, 0]
						},
						"0.2917": {
							"vector": [0, 1, 0]
						},
						"0.4167": {
							"vector": [0, 1, 0]
						},
						"0.5": {
							"vector": [0, 0, 0]
						}
					}
				},
				"Hammer": {
					"rotation": {
						"0.0": {
							"vector": [62.5, 0, 0]
						},
						"0.2083": {
							"vector": [62.5, 0, 0]
						},
						"0.2917": {
							"vector": [0, 0, 0]
						}
					}
				},
				"leftarm": {
					"rotation": {
						"0.0": {
							"vector": [0, 0, 0]
						},
						"0.125": {
							"vector": [0, 0, 0]
						},
						"0.2083": {
							"vector": [35, 0, 0]
						},
						"0.2917": {
							"vector": [30.00959, -4.95273, -0.68621]
						},
						"0.375": {
							"vector": [30.00959, -4.95273, -0.68621]
						},
						"0.4583": {
							"vector": [35, 0, 0]
						},
						"0.5417": {
							"vector": [0, 0, 0]
						}
					},
					"position": {
						"0.0": {
							"vector": [0, 0, 0]
						},
						"0.125": {
							"vector": [0, 0, 0]
						},
						"0.2083": {
							"vector": [0, 4, -2]
						},
						"0.2917": {
							"vector": [0, -1, -5]
						},
						"0.375": {
							"vector": [0, -1, -5]
						},
						"0.4583": {
							"vector": [0, 4, -2]
						},
						"0.5417": {
							"vector": [0, 0, 0]
						}
					}
				},
				"BulletShell": {
					"rotation": {
						"0.0": {
							"vector": [0, 0, 0]
						},
						"0.3333": {
							"vector": [0, 0, 0]
						},
						"0.4583": {
							"vector": [0, 0, 57.5]
						}
					},
					"position": {
						"0.0": {
							"vector": [0, 0, 0]
						},
						"0.2917": {
							"vector": [0, 0, 0]
						},
						"0.3333": {
							"vector": [0, 22, 0]
						},
						"0.4583": {
							"vector": [15, 63, 0]
						},
						"0.5": {
							"vector": [95, 53, 0]
						},
						"0.5833": {
							"vector": [102, -20, 0]
						},
						"0.6667": {
							"vector": [1, -24, 25]
						}
					}
				},
				"Bullet": {
					"rotation": {
						"vector": [0, 0, 0]
					},
					"position": {
						"0.125": {
							"vector": [0, 0, 0]
						},
						"0.2083": {
							"vector": [0, 1.8, 9]
						},
						"0.2917": {
							"vector": [0, 2.9, 9]
						},
						"0.4167": {
							"vector": [0, 2.9, 9]
						},
						"0.5": {
							"vector": [0, 2.9, 5]
						}
					}
				}
			},
			"sound_effects": {
				"0.25": {
					"effect": "gun_cocking"
				}
			}
		},
		"animation.model.prepare": {
			"loop": "hold_on_last_frame",
			"animation_length": 0.7917,
			"bones": {
				"main": {
					"rotation": {
						"0.0": {
							"vector": [0, 0, 0]
						},
						"0.125": {
							"vector": [-12.5, 0, 22.5]
						},
						"0.25": {
							"vector": [-13.36577, -1.4997, 38.22366]
						},
						"0.375": {
							"vector": [-13.20811, 2.55216, 55.25241]
						},
						"0.4583": {
							"vector": [-13.30439, 1.97881, 52.81713]
						},
						"0.5417": {
							"vector": [-13.30439, 1.97881, 52.81713]
						},
						"0.625": {
							"vector": [-13.44599, 0.24151, 45.51946]
						}
					},
					"position": {
						"0.0": {
							"vector": [0, 0, 0]
						},
						"0.125": {
							"vector": [0, 0, 7]
						},
						"0.25": {
							"vector": [0, -3, 11]
						},
						"0.375": {
							"vector": [0, -3, 14]
						},
						"0.5": {
							"vector": [0, -3, 13]
						}
					}
				},
				"Bulletloader2": {
					"rotation": {
						"0.0": {
							"vector": [0, 0, 0]
						},
						"0.4583": {
							"vector": [0, 0, 0]
						},
						"0.5833": {
							"vector": [0, 0, 80]
						}
					}
				},
				"Bullet": {
					"rotation": {
						"0.5417": {
							"vector": [0, 0, 0]
						},
						"0.5833": {
							"vector": [0, 0, 0]
						},
						"0.625": {
							"vector": [0, 40, 0]
						}
					},
					"position": {
						"0.5417": {
							"vector": [0, 0, 0]
						},
						"0.5833": {
							"vector": [-0.2, 0.5, -7]
						},
						"0.625": {
							"vector": [3.6, -2, -1]
						}
					}
				},
				"leftarm": {
					"rotation": {
						"0.0": {
							"vector": [0, 0, 0]
						},
						"0.25": {
							"vector": [-4.45931, 15.00517, -18.90613]
						},
						"0.4583": {
							"vector": [-6.05702, 10.71243, -25.26147]
						},
						"0.5417": {
							"vector": [-2.32393, 19.09548, -12.266]
						}
					},
					"position": {
						"0.0": {
							"vector": [0, 0, 0]
						},
						"0.125": {
							"vector": [28, 2, -11]
						},
						"0.25": {
							"vector": [7, 4, -35]
						},
						"0.375": {
							"vector": [3, 10, -39]
						},
						"0.5417": {
							"vector": [3, 10, -40]
						},
						"0.625": {
							"vector": [6, 10, -29]
						},
						"0.7083": {
							"vector": [6, 10, -27]
						}
					}
				}
			},
			"sound_effects": {
				"0.4583": {
					"effect": "ejector_rod"
				}
			}
		},
		"animation.model.finish": {
			"loop": "hold_on_last_frame",
			"animation_length": 0.75,
			"bones": {
				"main": {
					"rotation": {
						"0.0": {
							"vector": [-13.44599, 0.24151, 45.51946]
						},
						"0.0833": {
							"vector": [-13.30439, 1.97881, 52.81713]
						},
						"0.25": {
							"vector": [-13.30439, 1.97881, 52.81713]
						},
						"0.3333": {
							"vector": [-13.20811, 2.55216, 55.25241]
						},
						"0.4167": {
							"vector": [-13.36577, -1.4997, 38.22366]
						},
						"0.5": {
							"vector": [-16.25, 0, 22.5]
						},
						"0.5833": {
							"vector": [-11.33349, -0.31446, 6.74004]
						},
						"0.6667": {
							"vector": [1.75, 0, -3.75]
						},
						"0.75": {
							"vector": [0, 0, 0]
						}
					},
					"position": {
						"0.1667": {
							"vector": [0, -3, 13]
						},
						"0.3333": {
							"vector": [0, -3, 14]
						},
						"0.4167": {
							"vector": [0, -3, 11]
						},
						"0.5": {
							"vector": [0, 0, 7]
						},
						"0.5833": {
							"vector": [0, 0, 0]
						}
					}
				},
				"Bulletloader2": {
					"rotation": {
						"0.0": {
							"vector": [0, 0, 80]
						},
						"0.25": {
							"vector": [0, 0, 80]
						},
						"0.3333": {
							"vector": [0, 0, 0]
						}
					}
				},
				"leftarm": {
					"rotation": {
						"0.1667": {
							"vector": [-2.32393, 19.09548, -12.266]
						},
						"0.25": {
							"vector": [-6.05702, 10.71243, -25.26147]
						},
						"0.3333": {
							"vector": [-7.21071, 5.51793, -32.39421]
						},
						"0.4167": {
							"vector": [-4.45931, 15.00517, -18.90613]
						},
						"0.5833": {
							"vector": [0, 0, 0]
						}
					},
					"position": {
						"0.0": {
							"vector": [6, 10, -27]
						},
						"0.0833": {
							"vector": [6, 10, -29]
						},
						"0.1667": {
							"vector": [3, 10, -40]
						},
						"0.3333": {
							"vector": [4, 11, -39]
						},
						"0.4167": {
							"vector": [7, 4, -35]
						},
						"0.5": {
							"vector": [13, 2, -11]
						},
						"0.5833": {
							"vector": [0, 0, 0]
						}
					}
				}
			},
			"sound_effects": {
				"0.25": {
					"effect": "close_cylinder"
				}
			}
		},
		"animation.model.firstload": {
			"loop": "hold_on_last_frame",
			"animation_length": 1.3333,
			"bones": {
				"main": {
					"rotation": {
						"0.0": {
							"vector": [-13.44599, 0.24151, 45.51946]
						},
						"0.2083": {
							"vector": [-12.73722, 6.8087, 51.69729]
						},
						"0.3333": {
							"vector": [-15.23722, 6.8087, 51.69729]
						},
						"0.4583": {
							"vector": [-16.48722, 6.8087, 51.69729]
						},
						"0.6667": {
							"vector": [-16.48722, 6.8087, 51.69729]
						},
						"0.7917": {
							"vector": [-16.58734, 9.20532, 50.97873]
						},
						"0.875": {
							"vector": [-14.7878, 11.91595, 60.77161]
						},
						"0.9583": {
							"vector": [-11.76317, 12.54308, 63.2479]
						},
						"1.1667": {
							"vector": [-13.44599, 0.24151, 45.51946]
						}
					},
					"position": {
						"0.0": {
							"vector": [0, -3, 13]
						},
						"0.4167": {
							"vector": [0, -3, 13]
						},
						"0.5417": {
							"vector": [0, -3, 13.8]
						},
						"1.0833": {
							"vector": [0, -3, 13]
						}
					}
				},
				"Bulletloader2": {
					"rotation": {
						"vector": [0, 0, 80]
					}
				},
				"Lever": {
					"rotation": {
						"0.8333": {
							"vector": [0, 0, 0]
						},
						"0.9167": {
							"vector": [-45, 0, 0]
						},
						"1.0": {
							"vector": [-45, 0, 0]
						},
						"1.0833": {
							"vector": [0, 0, 0]
						}
					}
				},
				"Chamber": {
					"position": {
						"0.8333": {
							"vector": [0, 0, 0]
						},
						"0.9167": {
							"vector": [0, 0, 3.6]
						},
						"1.0": {
							"vector": [0, 0, 3.6]
						},
						"1.0833": {
							"vector": [0, 0, 0]
						}
					}
				},
				"bulletLoader": {
					"position": {
						"0.8333": {
							"vector": [0, 0, 0]
						},
						"0.9167": {
							"vector": [0, 1, 0]
						},
						"1.0": {
							"vector": [0, 1, 0]
						},
						"1.0833": {
							"vector": [0, 0, 0]
						}
					}
				},
				"Bullet": {
					"rotation": {
						"0.0": {
							"vector": [0, 40, 0]
						},
						"0.125": {
							"vector": [0, 42.5, 0]
						},
						"0.25": {
							"vector": [0, 0, 0]
						},
						"0.375": {
							"vector": [0, 0, 0]
						},
						"0.4583": {
							"vector": [0, 0, 0]
						},
						"0.75": {
							"vector": [0, 0, 0]
						}
					},
					"position": {
						"0.0": {
							"vector": [3.6, -2, -1]
						},
						"0.125": {
							"vector": [3.6, -2, -15]
						},
						"0.25": {
							"vector": [0, 0, -15]
						},
						"0.375": {
							"vector": [0, 0, -15]
						},
						"0.4583": {
							"vector": [0, 0, 0]
						},
						"0.75": {
							"vector": [0, 0, 0]
						},
						"0.8333": {
							"vector": [0, 2.9, 5]
						},
						"0.9167": {
							"vector": [0, 2.9, 9]
						},
						"1.0": {
							"vector": [0, 2.9, 9]
						},
						"1.0833": {
							"vector": [0, 2.9, 5]
						}
					}
				},
				"rightarm": {
					"rotation": {
						"0.7083": {
							"vector": [0, 0, 0]
						},
						"0.8333": {
							"vector": [45, 0, 0]
						},
						"0.9167": {
							"vector": [35, 0, 0]
						},
						"1.0": {
							"vector": [35, 0, 0]
						},
						"1.0833": {
							"vector": [45, 0, 0]
						},
						"1.1667": {
							"vector": [0, 0, 0]
						}
					},
					"position": {
						"0.7083": {
							"vector": [0, 0, 0]
						},
						"0.8333": {
							"vector": [-3, 13, -2]
						},
						"0.9167": {
							"vector": [-3, 3, -8]
						},
						"1.0": {
							"vector": [-3, 3, -8]
						},
						"1.0833": {
							"vector": [-3, 13, -2]
						},
						"1.1667": {
							"vector": [0, 0, 0]
						}
					}
				},
				"leftarm": {
					"rotation": {
						"0.0": {
							"vector": [-2.32393, 19.09548, -12.266]
						},
						"0.125": {
							"vector": [-5.58241, 12.16203, -23.17003]
						},
						"0.2917": {
							"vector": [-23.08241, 12.16203, -23.17003]
						},
						"0.4583": {
							"vector": [-38.08241, 12.16203, -23.17003]
						},
						"0.625": {
							"vector": [-23.08241, 12.16203, -23.17003]
						},
						"0.7083": {
							"vector": [-5.58241, 12.16203, -23.17003]
						},
						"1.0": {
							"vector": [-5.58241, 12.16203, -23.17003]
						},
						"1.1667": {
							"vector": [-2.32393, 19.09548, -12.266]
						}
					},
					"position": {
						"0.0": {
							"vector": [6, 10, -27]
						},
						"0.125": {
							"vector": [6, 10, -38]
						},
						"0.25": {
							"vector": [4, 10, -41]
						},
						"0.375": {
							"vector": [4, 10, -44]
						},
						"0.5833": {
							"vector": [4, 10, -44]
						},
						"0.7083": {
							"vector": [6, 10, -38]
						},
						"0.7917": {
							"vector": [4, 10, -32.5]
						},
						"1.0417": {
							"vector": [4, 10, -32.5]
						},
						"1.2083": {
							"vector": [6, 10, -27]
						}
					}
				}
			},
			"sound_effects": {
				"0.4167": {
					"effect": "repeater_bullet_load"
				},
				"0.8333": {
					"effect": "gun_cocking"
				}
			}
		},
		"animation.model.iterativeload": {
			"loop": true,
			"animation_length": 0.9167,
			"bones": {
				"main": {
					"rotation": {
						"0.0": {
							"vector": [-13.44599, 0.24151, 45.51946]
						},
						"0.2083": {
							"vector": [-12.73722, 6.8087, 51.69729]
						},
						"0.3333": {
							"vector": [-15.23722, 6.8087, 51.69729]
						},
						"0.4583": {
							"vector": [-16.48722, 6.8087, 51.69729]
						},
						"0.6667": {
							"vector": [-16.48722, 6.8087, 51.69729]
						},
						"0.9167": {
							"vector": [-13.44599, 0.24151, 45.51946]
						}
					},
					"position": {
						"0.0": {
							"vector": [0, -3, 13]
						},
						"0.4167": {
							"vector": [0, -3, 13]
						},
						"0.5417": {
							"vector": [0, -3, 13.8]
						},
						"0.9167": {
							"vector": [0, -3, 13]
						}
					}
				},
				"Bulletloader2": {
					"rotation": {
						"vector": [0, 0, 80]
					}
				},
				"Bullet": {
					"rotation": {
						"0.0": {
							"vector": [0, 40, 0]
						},
						"0.125": {
							"vector": [0, 42.5, 0]
						},
						"0.25": {
							"vector": [0, 0, 0]
						},
						"0.375": {
							"vector": [0, 0, 0]
						},
						"0.4583": {
							"vector": [0, 0, 0]
						}
					},
					"position": {
						"0.0": {
							"vector": [3.6, -2, -1]
						},
						"0.125": {
							"vector": [3.6, -2, -15]
						},
						"0.25": {
							"vector": [0, 0, -15]
						},
						"0.375": {
							"vector": [0, 0, -15]
						},
						"0.4583": {
							"vector": [0, 0, 0]
						}
					}
				},
				"leftarm": {
					"rotation": {
						"0.0": {
							"vector": [-2.32393, 19.09548, -12.266]
						},
						"0.125": {
							"vector": [-5.58241, 12.16203, -23.17003]
						},
						"0.2917": {
							"vector": [-23.08241, 12.16203, -23.17003]
						},
						"0.4583": {
							"vector": [-38.08241, 12.16203, -23.17003]
						},
						"0.625": {
							"vector": [-23.08241, 12.16203, -23.17003]
						},
						"0.7083": {
							"vector": [-7.59595, 3.26767, -35.42661]
						},
						"0.8333": {
							"vector": [-6.05702, 10.71243, -25.26147]
						},
						"0.9167": {
							"vector": [-2.32393, 19.09548, -12.266]
						}
					},
					"position": {
						"0.0": {
							"vector": [6, 10, -27]
						},
						"0.125": {
							"vector": [6, 10, -38]
						},
						"0.25": {
							"vector": [4, 10, -41]
						},
						"0.375": {
							"vector": [4, 10, -44]
						},
						"0.5833": {
							"vector": [4, 10, -44]
						},
						"0.7083": {
							"vector": [6, 10, -38]
						},
						"0.9167": {
							"vector": [6, 10, -27]
						}
					}
				}
			},
			"sound_effects": {
				"0.4583": {
					"effect": "repeater_bullet_load"
				}
			}
		},
		"animation.model.inspect": {
			"loop": "hold_on_last_frame",
			"animation_length": 5.5417,
			"bones": {
				"main": {
					"rotation": {
						"0.0": {
							"vector": [0, 0, 0]
						},
						"0.125": {
							"vector": [3.18155, -9.91358, -4.38565]
						},
						"0.3333": {
							"vector": [1.35092, -30.06077, -29.14106]
						},
						"0.5833": {
							"vector": [6.71627, -37.35474, -39.11668]
						},
						"0.7917": {
							"vector": [9.89796, -36.94785, -45.1704]
						},
						"0.9583": {
							"vector": [10.81908, -36.72308, -46.70676]
						},
						"1.125": {
							"vector": [10.083, -36.90448, -45.47839]
						},
						"1.2917": {
							"vector": [11.00205, -36.67576, -47.01293]
						},
						"1.5": {
							"vector": [7.26616, -34.9036, -41.0011]
						},
						"1.7083": {
							"vector": [-1.218, -30.30169, -15.57827]
						},
						"1.9583": {
							"vector": [-16.74539, -18.6153, 20.13866]
						},
						"2.1667": {
							"vector": [-29.00623, -3.97216, 43.47299]
						},
						"2.4167": {
							"vector": [-38.85325, 12.98774, 78.14454]
						},
						"2.7083": {
							"vector": [-41.36769, 17.8533, 80.72231]
						},
						"2.8333": {
							"vector": [-41.11769, 17.8533, 80.72231]
						},
						"2.9167": {
							"vector": [-44.9002, 18.68095, 80.03888]
						},
						"3.125": {
							"vector": [-43.58019, 13.56272, 74.42951]
						},
						"3.4167": {
							"vector": [-42.11859, 19.57221, 76.30345]
						},
						"3.7917": {
							"vector": [-42.11859, 19.57221, 76.30345]
						},
						"3.875": {
							"vector": [-51.69057, 4.69037, 51.92629]
						},
						"3.9583": {
							"vector": [-46.53482, 6.98198, 52.00138]
						},
						"4.2083": {
							"vector": [-46.01022, -24.3523, 15.11681]
						},
						"4.3333": {
							"vector": [-52.95906, -22.31866, 8.91773]
						},
						"4.5": {
							"vector": [-47.71962, -34.10979, -5.13734]
						},
						"4.625": {
							"vector": [-47.21146, -34.25192, -6.03243]
						},
						"4.75": {
							"vector": [-47.307, -35.81648, -5.0013]
						},
						"4.9583": {
							"vector": [-47.71962, -37.10979, -5.13734]
						},
						"5.1667": {
							"vector": [-49.42025, -9.48496, 0.82288]
						},
						"5.3333": {
							"vector": [0.32389, -1.60235, -2.1558],
							"easing": "linear"
						},
						"5.4167": {
							"vector": [7.66194, -1.30118, -1.0779]
						},
						"5.5": {
							"vector": [0, -1, 0]
						}
					},
					"position": {
						"0.0": {
							"vector": [0, 0, 0]
						},
						"0.125": {
							"vector": [0, 0, 3]
						},
						"0.2083": {
							"vector": [0, 0, 8]
						},
						"0.375": {
							"vector": [0, 0, 8.4]
						},
						"0.7083": {
							"vector": [-0.05, 0, 8.575]
						},
						"1.625": {
							"vector": [-0.05, 0, 8.575]
						},
						"2.1667": {
							"vector": [1.025, 0, 8.57]
						},
						"4.9583": {
							"vector": [-0.05, 0, 8.575]
						},
						"5.25": {
							"vector": [0, 0, 0],
							"easing": "linear"
						},
						"5.375": {
							"vector": [0, 0, -1.7]
						},
						"5.5": {
							"vector": [0, 0, 0]
						}
					}
				},
				"Lever": {
					"rotation": {
						"2.7083": {
							"vector": [0, 0, 0]
						},
						"2.875": {
							"vector": [-27.5, 0, 0]
						},
						"3.75": {
							"vector": [-27.5, 0, 0]
						},
						"3.875": {
							"vector": [0, 0, 0]
						}
					},
					"position": {
						"vector": [0, 0, 0]
					}
				},
				"Chamber": {
					"position": {
						"0.0": {
							"vector": [0, 0, 0]
						},
						"2.7083": {
							"vector": [0, 0, 0]
						},
						"2.875": {
							"vector": [0, 0, 1.6]
						},
						"3.75": {
							"vector": [0, 0, 1.6]
						},
						"3.875": {
							"vector": [0, 0, 0]
						}
					}
				},
				"leftarm": {
					"rotation": {
						"0.0": {
							"vector": [0, 0, 0]
						},
						"2.125": {
							"vector": [0, 0, 0]
						},
						"2.7083": {
							"vector": [-73.24459, 45.29622, -99.12904]
						},
						"2.875": {
							"vector": [-69.8406, 20.74379, -93.28914]
						},
						"3.75": {
							"vector": [-69.8406, 20.74379, -93.28914]
						},
						"5.1667": {
							"vector": [0, 0, 0]
						}
					},
					"position": {
						"0.0": {
							"vector": [0, 0, 0]
						},
						"0.125": {
							"vector": [16, -23, 0]
						},
						"2.5": {
							"vector": [25, 6, 0]
						},
						"2.7083": {
							"vector": [3.5, 6.3, -10.6]
						},
						"2.875": {
							"vector": [3.5, 3.3, -12.6]
						},
						"3.75": {
							"vector": [3.5, 3.3, -12.6]
						},
						"3.875": {
							"vector": [3.5, 11.3, -12.6]
						},
						"4.25": {
							"vector": [114.83, -68.03, 47.4]
						},
						"4.5": {
							"vector": [34.83, -68.03, 137.4]
						},
						"5.1667": {
							"vector": [0, 0, 0]
						}
					}
				},
				"BulletShell": {
					"position": {
						"2.7083": {
							"vector": [0, 0.8, -3.8]
						},
						"2.875": {
							"vector": [0, 0.8, -1.8]
						},
						"3.75": {
							"vector": [0, 0.8, -1.8]
						},
						"3.875": {
							"vector": [0, 0.8, -3.8]
						}
					}
				}
			},
			"sound_effects": {
				"2.7083": {
					"effect": "lever_open"
				},
				"3.6667": {
					"effect": "lever_close"
				}
			}
		}
	},
	"geckolib_format_version": 2
}