{
  "name" : "bolt_action",
  "type": "Gun",
  "maxAmmoCapacity" : 5,
  "maxAmmoPerReloadIteration" : 1,
  "compatibleAmmo" : ["ammocreative", "rifle_ammo"],
  "damage" : 17.0,
  "rpm" : 48,
  "fireModes" : ["SINGLE"],
  "fireSound" : "fire_rifle_boltaction",
  "drawCooldownDuration" : 2000,
  "aimingZoom" : 0.6,
  "max_shooting_distance" : 550.0, 
  "gunRecoilInitialAmplitude" : 0.6,
  "shakeRecoilAmplitude" : 0.35,
  "shakeRecoilSpeed" : 2,
  "viewRecoilAmplitude" : 8,
  "inspectCooldownDuration": 4770,
  "muzzleFlashScale" : 1,
  "compatibleAttachments": [
    "scope_rdw_mid"
  ],
  "features": [
    {
        "type": "Aiming",
        "zoom": 0.35,
        "condition": {
            "doesNotHaveAttachmentGroup": "scope_rdw_mid"
        }
    }
  ],
  "phasedReloads": [
    {
      "phase": "PREPARING",
      "condition": "reloadIterationIndex == -1",
      "duration": 920,
      "animation": "animation.model.preparealt",
      "shakeEffects": [
        {
          "start": 500,
          "duration": 330,
          "initialAmplitude": 0.1,
          "rateOfAmplitudeDecay": 0.8
        }
      ]
    },
    {
      "phase": "PREPARING",
      "condition": "reloadIterationIndex >= 0",
      "duration": 920,
      "animation": "animation.model.prepare",
      "shakeEffects": [
        {
          "start": 500,
          "duration": 330,
          "initialAmplitude": 0.1,
          "rateOfAmplitudeDecay": 0.8
        }
      ]
    },
    {
      "phase": "RELOADING",
      "condition": "reloadIterationIndex == 0",
      "duration": 2170,
      "animation": "animation.model.chamberload",
      "shakeEffects": [
        {
          "start": 580,
          "duration": 1500,
          "initialAmplitude": 0.1,
          "rateOfAmplitudeDecay": 0.8
        },
        {
          "start": 1130,
          "duration": 400,
          "initialAmplitude": 0.3,
          "rateOfAmplitudeDecay": 0.3
        }
      ]
    },
    {
      "phase": "RELOADING",
      "condition": "reloadIterationIndex > 0",
      "duration": 1000,
      "animation": "animation.model.iterativeload",
      "shakeEffects": [
        {
          "start": 420,
          "duration": 350,
          "initialAmplitude": 0.3,
          "rateOfAmplitudeDecay": 0.3
        }
      ]
    },
    {
      "phase": "COMPLETETING",
      "condition": "reloadIterationIndex >= 0",
      "duration": 830,
      "animation": "animation.model.finish"
    }
  ],
  "effects": [
        {
                "phase": "hit_scan_acquired",
                "name": "tracer"
        },
        {
                "phase": "firing",
                "name": "muzzle_flash"
        }
  ]
}