{
  "name" : "evans",
  "type": "Gun",
  "maxAmmoCapacity" : 26,
  "maxAmmoPerReloadIteration" : 1,
  "compatibleAmmo" : ["ammocreative", "repeater_ammo"],
  "damage" : 7.5,
  "rpm" : 70,
  "fireModes" : ["SINGLE"],
  "fireSound" : "fire_repeater_evans",
  "drawCooldownDuration" : 1200,
  "max_shooting_distance" : 340.0, 
  "gunRecoilInitialAmplitude" : 0.9,
  "shakeRecoilAmplitude" : 0.9,
  "shakeRecoilSpeed" : 1,
  "viewRecoilAmplitude" : 1,
  "inspectCooldownDuration": 4100,
  "compatibleAttachments": [
    "scope_rdw_mid"
  ],
  "features": [
    {
        "type": "Aiming",
        "zoom": 0.4,
        "condition": {
            "doesNotHaveAttachmentGroup": "scope_rdw_mid"
        }
    }
  ],
  "phasedReloads": [
    {
      "phase": "PREPARING",
      "condition": "reloadIterationIndex >= 0",
      "duration": 1070,
      "animation": "animation.model.prepare",
      "shakeEffects": [
      ]
    },
    {
      "phase": "PREPARING",
      "condition": "reloadIterationIndex == -1",
      "duration": 1070,
      "animation": "animation.model.prepare",						
      "shakeEffects": [
      ]
    },
    {
      "phase": "RELOADING",
      "condition": "reloadIterationIndex == 0",
      "duration": 670,
      "animation": "animation.model.iterativeload",						
      "shakeEffects": [
        {
          "start": 210,
          "duration": 340,
          "initialAmplitude": 0.3,
          "rateOfAmplitudeDecay": 0.3
        }
      ]
    },
    {
      "phase": "RELOADING",
      "condition": "reloadIterationIndex > 0",
      "duration": 670,
      "animation": "animation.model.iterativeload",						
      "shakeEffects": [
        {
          "start": 210,
          "duration": 340,
          "initialAmplitude": 0.3,
          "rateOfAmplitudeDecay": 0.3
        }
      ]
    },
    {
      "phase": "COMPLETETING",
      "condition": "reloadIterationIndex >= 0",
      "duration": 1790,
      "animation": "animation.model.finish"						
    }  
  ],
  "effects": [
        {
                "phase": "hit_scan_acquired",
                "name": "tracer"
        },
        {
                "phase": "firing",
                "name": "muzzle_flash"
        }
  ]
}