{
  "name" : "lemat",
  "type": "Gun",
  "maxAmmoCapacity" : 9,
  "maxAmmoPerReloadIteration" : 1,
  "damage": 9,
  "compatibleAmmo" : ["ammocreative", "revolver_ammo"],
  "drawCooldownDuration" : 1550,
  "inspectCooldownDuration": 5370,
  "features": [
    {
      "type": "fireMode",
      "fireModes": [
        {
          "name": "single",
          "displayName": "label.pointblank.fireMode.single",
          "type": "SINGLE",
          "rpm": 90,
          "damage": 9,
          "aimingZoom" : 0.3,
          "max_shooting_distance" : 250.0, 
          "shakeRecoilAmplitude": 0.35,
          "shakeRecoilSpeed": 1.0,
          "animationName": "animation.model.fire"
        },
        {
          "name": "hipfire",
          "displayName": "label.pointblank.fireMode.hipfire",
          "type": "AUTOMATIC",
          "rpm": 300,
          "aimingEnabled": false,
          "gunRecoilInitialAmplitude" : 0.6,
          "shakeRecoilAmplitude": 0.55,
          "shakeRecoilSpeed": 1.0,
          "animationName": "animation.model.hipfire",
          "prepareFireAnimations": [
            {
              "name": "animation.model.preparehip",
              "duration": 130,
              "condition": {
                "selectedFireMode": "hipfire"
              }
            }
          ],
          "CompleteFireAnimations": [
            {
              "name": "animation.model.finishhip",
              "duration": 250,
              "condition": {
                "selectedFireMode": "hipfire"
              }
            }
          ]
        },
        {
          "name": "shotgun",
          "displayName": "label.pointblank.fireMode.shotgun",
          "ammo": "shotgun_ammo",
          "type": "SINGLE",
          "rpm": 90,
          "aimingZoom" : 0.3,
          "max_shooting_distance" : 25, 
          "pelletCount" : 15,
          "pelletSpread" : 0.3,
          "damage" : 4.5,
          "animationName": "animation.model.fireslug",
          "shakeRecoilAmplitude": 2.0,
          "shakeRecoilSpeed": 2.0,
          "shakeRecoilDuration": 350
        }
      ]
    },
    {
      "type": "Sound",
      "fireSounds": [
        {
          "sound": "fire_revolver_lematt",
          "volume": 2,
          "condition": {
            "allOf": [
              {
                "unselectedFireMode": "shotgun"
              }
            ]
          }
        },
        {
          "sound": "fire_revolver_lematslug",
          "volume": 3,
          "condition": {
            "selectedFireMode": "shotgun"
          }
        }
      ]
    }
  ],
  "phasedReloads": [
    {
      "phase": "PREPARING",
      "condition":{
        "allOf": [
          "reloadIterationIndex >= 0",
          {
            "unselectedFireMode": "shotgun"
          }
        ]
      },
      "duration": 1460,
      "animation": "animation.model.prepare",
      "shakeEffects": [
      ]
    },
    {
      "phase": "PREPARING",
      "condition":{
        "allOf": [
          "reloadIterationIndex == -1",
          {
            "unselectedFireMode": "shotgun"
          }
        ]
      },
      "duration": 1460,
      "animation": "animation.model.prepare",
      "shakeEffects": [
      ]
    },
    {
      "phase": "RELOADING",
      "condition":{
        "allOf": [
          "reloadIterationIndex == 0",
          {
            "unselectedFireMode": "shotgun"
          }
        ]
      },
      "duration": 1250,
      "animation": "animation.model.iterativeload",
      "shakeEffects": [
        {
          "start": 630,
          "duration": 430,
          "initialAmplitude": 0.2,
          "rateOfAmplitudeDecay": 0.2
        }
      ]
    },
    {
      "phase": "RELOADING",
      "condition":{
        "allOf": [
          "reloadIterationIndex >= 0",
          {
            "unselectedFireMode": "shotgun"
          }
        ]
      },
      "duration": 1250,
      "animation": "animation.model.iterativeload",
      "shakeEffects": [
        {
          "start": 630,
          "duration": 430,
          "initialAmplitude": 0.2,
          "rateOfAmplitudeDecay": 0.2
        }
      ]
    },
    {
      "phase": "COMPLETETING",
      "condition":{
        "allOf": [
          "reloadIterationIndex >= 0",
          {
            "unselectedFireMode": "shotgun"
          }
        ]
      },
      "duration": 1500,
      "animation": "animation.model.finish",
      "shakeEffects": [
      ]
    },
    {
      "phase": "RELOADING",
      "condition": {
        "allOf": [
          {
            "selectedFireMode": "shotgun"
          }
        ]
      },
      "duration": 1500,
      "animation": "animation.model.slugload"
    }
  ],
  "effects": [
        {
                "phase": "hit_scan_acquired",
                "name": "tracer"
        },
        {
                "phase": "firing",
                "name": "muzzle_flash"
    }
  ]
}
