{
  "name": "hl_mp5",
  "type": "Gun",
  "maxAmmoCapacity": 30,
  "compatibleAmmo": [
    "ammocreative",
    "ammo9mm"
  ],
  "damage": 3.5,
  "fireSound": "hl_mp5",
  "fireModes": [
    "SINGLE"
  ],
  "rpm": 800,
  "drawCooldownDuration": 530,
  "gunRecoilInitialAmplitude": 0.8,
  "shakeRecoilAmplitude": 0.35,
  "shakeRecoilSpeed": 2,
  "viewRecoilAmplitude": 1.2,
  "compatibleAttachmentGroups": [
    "smg_muzzle",
    "cantedrail",
    "ar_sightsandscopes"
  ],
  "compatibleAttachments": [
    "cantedrail"
  ],
  "defaultAttachments": [
    "smg_suppressor"
  ],
  "features": [
    {
      "type": "MuzzleFlash",
      "effects": [
        {
          "phase": "firing",
          "name": "muzzle_flash"
        }
      ],
      "condition": {
        "allOf": [
          {
            "isUsingDefaultMuzzle": true
          },
          {
            "doesNotHaveAttachmentGroup": "smg_suppressors"
          }
        ]
      }
    },
    {
      "type": "Sound",
      "fireSounds": [
        {
          "sound": "hl_mp5silenced",
          "volume": 1,
          "condition": {
            "allOf": [
              {
                "unselectedFireMode": "grenade"
              },
              {
                "hasAttachmentGroup": "smg_suppressors"
              }
            ]
          }
        },
        {
          "sound": "mgl_shoot",
          "volume": 6,
          "condition": {
            "selectedFireMode": "grenade"
          }
        }
      ]
    },
    {
      "type": "PartVisibility",
      "parts": [
        {
          "name": "rail",
          "visible": true,
          "condition": {
            "hasAttachmentGroup": "m16_sightsandscopes"
          }
        }
      ]
    },
    {
      "type": "Aiming",
      "zoom": 0.25,
      "condition": {
        "doesNotHaveAttachmentGroup": "ar_sightsandscopes"
      }
    },
    {
      "type": "FireMode",
      "fireModes": [
        {
          "name": "automatic",
          "displayName": "label.pointblank.fireMode.automatic",
          "type": "AUTOMATIC",
          "rpm": 800,
          "damage": 3.5,
          "animationName": "animation.model.fire",
          "shakeRecoilAmplitude": 0.35,
          "shakeRecoilSpeed": 2.0,
          "shakeRecoilDuration": 350,
          "enableFireModeAnimations": [
            {
              "name": "animation.model.switch",
              "duration": 470
            }
          ]
        },
        {
          "name": "single",
          "displayName": "label.pointblank.fireMode.single",
          "type": "SINGLE",
          "rpm": 800,
          "damage": 3.5,
          "animationName": "animation.model.fire",
          "shakeRecoilAmplitude": 0.35,
          "shakeRecoilSpeed": 2.0,
          "shakeRecoilDuration": 350,
          "enableFireModeAnimations": [
            {
              "name": "animation.model.switch",
              "duration": 470
            }
          ]
        },
        {
          "name": "grenade",
          "displayName": "label.pointblank.fireMode.grenade",
          "ammo": "grenade40mm",
          "maxAmmoCapacity": 1,
          "type": "SINGLE",
          "rpm": 140,
          "animationName": "animation.model.firegrenade",
          "shakeRecoilAmplitude": 2.0,
          "shakeRecoilSpeed": 2.0,
          "shakeRecoilDuration": 350,
          "enableFireModeAnimations": [
            {
              "name": "animation.model.switchgrenade",
              "duration": 470
            }
          ]
        }
      ]
    }
  ],
  "phasedReloads": [
    {
      "phase": "RELOADING",
      "condition": {
        "allOf": [
          "reloadIterationIndex > 0",
          {
            "unselectedFireMode": "grenade"
          }
        ]
      },
      "duration": 2070,
      "animation": "animation.model.reload"
    },
    {
      "phase": "RELOADING",
      "condition": {
        "allOf": [
          "reloadIterationIndex == 0",
          {
            "unselectedFireMode": "grenade"
          }
        ]
      },
      "duration": 2850,
      "animation": "animation.model.reloadempty"
    },
    {
      "phase": "RELOADING",
      "condition": {
        "selectedFireMode": "grenade"
      },
      "duration": 2200,
      "animation": "animation.model.launcherreload"
    }
  ],
  "effects": [
    {
      "phase": "hit_scan_acquired",
      "name": "tracer"
    }
  ],
  "inspectAnimations": [
    {
      "name": "animation.model.inspect",
      "duration": 6570,
      "condition": "ammoCount > 0"
    },
    {
      "name": "animation.model.inspectempty",
      "duration": 8350,
      "condition": "ammoCount == 0"
    }
  ]
}