{
  "name": "hl_spas12",
  "type": "Gun",
  "maxAmmoCapacity": 8,
  "maxAmmoPerReloadIteration": 1,
  "compatibleAmmo": [
    "ammocreative",
    "ammo12gauge"
  ],
  "fireSound": "hl_spas12",
  "damage": 1.7,
  "drawCooldownDuration": 800,
  "gunRecoilInitialAmplitude": 1.0,
  "viewRecoilAmplitude": 7,
  "glowingParts": [
    {
      "name": "glowy"
    }
  ],
  "compatibleAttachmentGroups": [
    "cantedrail",
    "ar_sightsandscopes"
  ],
  "compatibleAttachments": [
    "sg_suppressor"
  ],
  "features": [
    {
      "type": "MuzzleFlash",
      "effects": [
        {
          "phase": "firing",
          "name": "muzzle_flash_big_ex"
        }
      ],
      "condition": {
        "allOf": [
          {
            "isUsingDefaultMuzzle": true
          },
          {
            "doesNotHaveAttachment": "sg_suppressor"
          }
        ]
      }
    },
    {
      "type": "Sound",
      "fireSounds": [
        {
          "sound": "spas12_silenced",
          "volume": 1,
          "condition": {
            "hasAttachment": "sg_suppressor"
          }
        },
        {
          "sound": "hl_spas12alt",
          "volume": 6,
          "condition": {
            "selectedFireMode": "secondary"
          }
        }
      ]
    },
    {
      "type": "PartVisibility",
      "parts": [
        {
          "name": "rail",
          "visible": true,
          "condition": {
            "hasAttachmentGroup": "ar_sightsandscopes"
          }
        }
      ]
    },
    {
      "type": "Aiming",
      "zoom": 0.25,
      "condition": {
        "doesNotHaveAttachmentGroup": "ar_sightsandscopes"
      }
    },
    {
      "type": "FireMode",
      "fireModes": [
        {
          "name": "primary",
          "displayName": "label.pointblank.fireMode.primary",
          "type": "SINGLE",
          "rpm": 80,
          "pelletCount": 30,
          "pelletSpread": 0.1,
          "damage": 1.7,
          "animationName": "animation.model.fire",
          "shakeRecoilAmplitude": 0.65,
          "shakeRecoilSpeed": 3.5,
          "shakeRecoilDuration": 350,
          "enableFireModeAnimations": [
            {
              "name": "animation.model.switch",
              "duration": 470
            }
          ]
        },
        {
          "name": "secondary",
          "displayName": "label.pointblank.fireMode.secondary",
          "type": "SINGLE",
          "rpm": 45,
          "pelletCount": 30,
          "pelletSpread": 0.05,
          "damage": 3,
          "animationName": "animation.model.firealt",
          "shakeRecoilAmplitude": 1,
          "shakeRecoilSpeed": 3.5,
          "shakeRecoilDuration": 350,
          "enableFireModeAnimations": [
            {
              "name": "animation.model.switch",
              "duration": 470
            }
          ]
        }
      ]
    }
  ],
  "phasedReloads": [
    {
      "phase": "PREPARING",
      "duration": 320,
      "animation": "animation.model.prepare"
    },
    {
      "phase": "RELOADING",
      "duration": 570,
      "animation": "animation.model.iterativeload"
    },
    {
      "phase": "COMPLETETING",
      "duration": 1130,
      "animation": "animation.model.finish"
    }
  ],
  "inspectAnimations": [
    {
      "name": "animation.model.inspect",
      "duration": 3700,
      "condition": "ammoCount > 0"
    },
    {
      "name": "animation.model.inspectempty",
      "duration": 4250,
      "condition": "ammoCount == 0"
    }
  ]
}