{
	"format_version": "1.8.0",
	"animations": {
		"animation.model.draw": {
			"loop": "hold_on_last_frame",
			"animation_length": 0.7,
			"bones": {
				"armR_gun": {
					"rotation": {
						"0.1": {
							"vector": [67.5, 0, 0]
						},
						"0.6333": {
							"vector": [0, 0, 0],
							"easing": "easeInElastic",
							"easingArgs": [1.2]
						}
					},
					"position": {
						"0.0": {
							"vector": [-8, -21, 11]
						},
						"0.6": {
							"vector": [0, 0, 0],
							"easing": "easeOutBack",
							"easingArgs": [1.35]
						}
					}
				},
				"gun": {
					"rotation": {
						"0.0": {
							"vector": [80, 0, 0],
							"easing": "linear"
						},
						"0.1667": {
							"vector": [100, 0, 0],
							"easing": "linear"
						},
						"0.7": {
							"vector": [0, 0, 0],
							"easing": "easeInElastic",
							"easingArgs": [1.3]
						}
					}
				},
				"_camera_": {
					"rotation": {
						"0.0": {
							"vector": [0, 0, 0]
						},
						"0.2": {
							"vector": [-2, 1, -1],
							"easing": "easeInOutQuad"
						},
						"0.4": {
							"vector": [0, 0.25, -0.3],
							"easing": "easeInQuad"
						},
						"0.5333": {
							"vector": [0.5, 0, 0.5],
							"easing": "easeOutBack"
						},
						"0.6667": {
							"vector": [0, 0, 0],
							"easing": "easeInOutSine"
						}
					}
				}
			},
			"sound_effects": {
				"0.0333": {
					"effect": "palica_draw"
				}
			}
		},
		"animation.model.inspect": {
			"loop": true,
			"animation_length": 5,
			"bones": {
				"main": {
					"rotation": {
						"0.0667": {
							"vector": [0, 0, 0]
						},
						"0.4667": {
							"vector": [-22.78089, -35.39626, -29.83757],
							"easing": "easeInElastic",
							"easingArgs": [0.8]
						},
						"1.1": {
							"vector": [-24.28089, -35.39626, -29.83757],
							"easing": "easeOutQuad"
						},
						"1.4667": {
							"vector": [-48.67403, 41.10535, 58.01223],
							"easing": "easeInElastic",
							"easingArgs": [0]
						},
						"2.3": {
							"vector": [-50.5636, 41.23627, 58.16589],
							"easing": "easeOutBack",
							"easingArgs": [1]
						},
						"2.7": {
							"vector": [-69.72638, -8.7811, 12.87693],
							"easing": "easeInOutQuad"
						},
						"3.0667": {
							"vector": [-44.72638, -8.7811, 12.87693],
							"easing": "easeInElastic",
							"easingArgs": [2]
						},
						"3.7333": {
							"vector": [-47.54211, -10.47279, 14.74604],
							"easing": "easeInElastic"
						},
						"4.0667": {
							"vector": [-7.02623, -4.12671, 10.71355],
							"easing": "easeInOutQuad"
						},
						"4.3333": {
							"vector": [-37.03, -4.13, 10.71],
							"easing": "easeInElastic",
							"easingArgs": [2]
						},
						"5.0": {
							"vector": [0, 0, 0],
							"easing": "easeInElastic"
						}
					},
					"position": {
						"0.0": {
							"vector": [0, 0, 0]
						},
						"0.4": {
							"vector": [4, 8, 0],
							"easing": "easeInElastic",
							"easingArgs": [0.8]
						},
						"1.0333": {
							"vector": [4.06765, 8.1504, -0.18789],
							"easing": "easeOutQuad"
						},
						"1.4": {
							"vector": [10.6395, 3.96517, -2.80708],
							"easing": "easeInElastic",
							"easingArgs": [0]
						},
						"2.2333": {
							"vector": [10.60769, 3.73974, -2.65772],
							"easing": "easeOutBack",
							"easingArgs": [1]
						},
						"2.6333": {
							"vector": [4.19547, 4.2438, -0.31365],
							"easing": "easeInOutQuad"
						},
						"3.0": {
							"vector": [4.52438, -2.27095, -2.14956],
							"easing": "easeInElastic",
							"easingArgs": [1.3]
						},
						"3.6667": {
							"vector": [5.02555, -1.80335, -1.27188],
							"easing": "easeInElastic"
						},
						"4.0": {
							"vector": [0.53, -4.8, -1.27],
							"easing": "easeInOutQuad"
						},
						"4.3": {
							"vector": [0.53, 3.2, -1.27],
							"easing": "easeInElastic",
							"easingArgs": [1.3]
						},
						"4.9333": {
							"vector": [0, 0, 0],
							"easing": "easeInElastic"
						}
					}
				},
				"breakaction": {
					"rotation": {
						"2.7667": {
							"vector": [0, 0, 0]
						},
						"2.9": {
							"vector": [70, 0, 0],
							"easing": "linear"
						},
						"4.1": {
							"vector": [70, 0, 0],
							"easing": "linear"
						},
						"4.2": {
							"vector": [0, 0, 0]
						}
					}
				},
				"_camera_": {
					"rotation": {
						"0.0667": {
							"vector": [0, 0, 0]
						},
						"0.5667": {
							"vector": [-1, 1, -0.5],
							"easing": "easeInOutQuad"
						},
						"1.1667": {
							"vector": [-0.8, 1.2, -0.7],
							"easing": "easeInOutQuad"
						},
						"1.6": {
							"vector": [1, -0.5, 1],
							"easing": "easeInOutQuad"
						},
						"2.3667": {
							"vector": [1.2, -0.8, 1.2],
							"easing": "easeInOutQuad"
						},
						"2.7333": {
							"vector": [0, 0.2, -0.2],
							"easing": "easeInOutQuad"
						},
						"3.2": {
							"vector": [2, 1, 1],
							"easing": "easeInElastic"
						},
						"3.8": {
							"vector": [2.3, 1.3, 1.3],
							"easing": "easeInOutQuad"
						},
						"4.1": {
							"vector": [2.75, 2, 0.75],
							"easing": "easeInOutSine"
						},
						"4.4333": {
							"vector": [-1, 1, 0],
							"easing": "easeInElastic",
							"easingArgs": [1.2]
						},
						"4.9667": {
							"vector": [0, 0, 0],
							"easing": "easeInOutQuad"
						}
					}
				}
			},
			"sound_effects": {
				"0.0333": {
					"effect": "palica_draw"
				},
				"1.0667": {
					"effect": "igla_foley"
				},
				"2.5667": {
					"effect": "palica_open"
				},
				"4.0": {
					"effect": "palica_close"
				}
			}
		},
		"animation.model.fire": {
			"loop": true,
			"animation_length": 0.5,
			"bones": {
				"main": {
					"rotation": {
						"0.0333": {
							"vector": [0, 0, 0]
						},
						"0.2333": {
							"vector": [-20, 0, 0],
							"easing": "easeOutBack",
							"easingArgs": [3]
						},
						"0.5": {
							"vector": [0, 0, 0],
							"easing": "easeOutQuad"
						}
					},
					"position": {
						"0.0": {
							"vector": [0, 0, 0]
						},
						"0.1667": {
							"vector": [0, -4, 5],
							"easing": "easeOutBack",
							"easingArgs": [3]
						},
						"0.4333": {
							"vector": [0, 0, 0],
							"easing": "easeOutQuad"
						}
					}
				},
				"leftarm": {
					"rotation": {
						"0.0": {
							"vector": [0, 0, 0]
						},
						"0.2": {
							"vector": [0.04687, 7.49968, 0.08314],
							"easing": "easeOutBack"
						},
						"0.4667": {
							"vector": [0, 0, 0],
							"easing": "easeInOutQuad"
						}
					},
					"position": {
						"0.0": {
							"vector": [0, 0, 0]
						},
						"0.2": {
							"vector": [1.38697, -1.83591, -4.35559],
							"easing": "easeOutBack"
						},
						"0.4667": {
							"vector": [0, 0, 0],
							"easing": "easeInOutQuad"
						}
					}
				},
				"_camera_": {
					"rotation": {
						"0.0": {
							"vector": [0, 0, 0]
						},
						"0.1333": {
							"vector": [-3, 0, 0],
							"easing": "easeOutBack",
							"easingArgs": [2]
						},
						"0.4": {
							"vector": [0, 0, 0],
							"easing": "easeOutQuad"
						}
					}
				}
			}
		},
		"animation.model.reloadempty": {
			"loop": true,
			"animation_length": 2.7,
			"bones": {
				"main": {
					"rotation": {
						"0.0667": {
							"vector": [0, 0, 0]
						},
						"0.3": {
							"vector": [15, 0, 0],
							"easing": "easeInOutQuad"
						},
						"0.6667": {
							"vector": [-49.19458, -6.86379, -13.36965],
							"easing": "easeInElastic",
							"easingArgs": [1.2]
						},
						"1.0667": {
							"vector": [-24.82511, -14.24796, 15.07138],
							"easing": "easeInOutQuad"
						},
						"1.4": {
							"vector": [-17.33, -14.25, 15.07],
							"easing": "easeInOutQuad"
						},
						"1.8667": {
							"vector": [42.67, 0, 15.07],
							"easing": "easeInOutQuad"
						},
						"2.1333": {
							"vector": [-15, 0, 0],
							"easing": "easeInElastic",
							"easingArgs": [1.5]
						},
						"2.7": {
							"vector": [0, 0, 0],
							"easing": "easeInElastic"
						}
					},
					"position": {
						"0.0": {
							"vector": [0, 0, 0]
						},
						"0.2333": {
							"vector": [0, -3, -5],
							"easing": "easeInOutQuad"
						},
						"0.6": {
							"vector": [-2, 1, 5],
							"easing": "easeInElastic",
							"easingArgs": [1.2]
						},
						"1.0": {
							"vector": [2, -3, -4],
							"easing": "easeInOutQuad"
						},
						"1.3667": {
							"vector": [2.30937, -4.7462, -4.91645],
							"easing": "easeInOutQuad"
						},
						"1.8": {
							"vector": [-5.4493, -6.93001, 1],
							"easing": "easeInOutQuad"
						},
						"2.0667": {
							"vector": [-6.45, 5, -3],
							"easing": "easeInElastic",
							"easingArgs": [1.3]
						},
						"2.6333": {
							"vector": [0, 0, 0],
							"easing": "easeInElastic"
						}
					}
				},
				"lever": {
					"rotation": {
						"0.2667": {
							"vector": [0, 0, 0]
						},
						"0.3667": {
							"vector": [0, -15, 0]
						},
						"0.7": {
							"vector": [0, -15, 0]
						},
						"0.8": {
							"vector": [0, 0, 0]
						}
					}
				},
				"breakaction": {
					"rotation": {
						"0.3": {
							"vector": [0, 0, 0]
						},
						"0.4333": {
							"vector": [70, 0, 0],
							"easing": "linear"
						},
						"1.8": {
							"vector": [70, 0, 0]
						},
						"2.0": {
							"vector": [0, 0, 0],
							"easing": "easeInQuad"
						}
					}
				},
				"shellL": {
					"rotation": {
						"0.4333": {
							"vector": [0, 0, 0]
						},
						"0.7": {
							"vector": [-172.5, 80, 0]
						},
						"0.7333": {
							"vector": [0, 32.5, 0]
						},
						"1.1": {
							"vector": [0, 25, 0],
							"easing": "easeInOutQuad"
						},
						"1.3333": {
							"vector": [0, 0, 0],
							"easing": "easeInOutQuad"
						}
					},
					"position": {
						"0.4": {
							"vector": [0, 0, 0]
						},
						"0.7": {
							"vector": [0, -3, 40]
						},
						"0.7333": {
							"vector": [28, -39, -4]
						},
						"1.1": {
							"vector": [2.27124, 0.11296, 8.53824],
							"easing": "easeInOutQuad"
						},
						"1.3333": {
							"vector": [0, 0, 0],
							"easing": "easeInOutQuad"
						}
					},
					"scale": {
						"0.5667": {
							"vector": [1, 1, 1]
						},
						"0.7": {
							"vector": [0, 0, 0]
						},
						"0.7333": {
							"vector": [1, 1, 1]
						}
					}
				},
				"shellR": {
					"rotation": {
						"0.4333": {
							"vector": [0, 0, 0]
						},
						"0.7": {
							"vector": [-177.65059, -0.85481, -160.01753]
						},
						"0.7333": {
							"vector": [0, 32.5, 0]
						},
						"1.1": {
							"vector": [0, 22.5, 0],
							"easing": "easeInOutQuad"
						},
						"1.3333": {
							"vector": [0, 0, 0],
							"easing": "easeInOutQuad"
						}
					},
					"position": {
						"0.4": {
							"vector": [0, 0, 0]
						},
						"0.7": {
							"vector": [0, -3, 40]
						},
						"0.7333": {
							"vector": [28, -39, -2]
						},
						"1.1": {
							"vector": [2.52327, -0.77133, 10.14515],
							"easing": "easeInOutQuad"
						},
						"1.3333": {
							"vector": [0, 0, 0],
							"easing": "easeInOutQuad"
						}
					},
					"scale": {
						"0.5667": {
							"vector": [1, 1, 1]
						},
						"0.7": {
							"vector": [0, 0, 0]
						},
						"0.7333": {
							"vector": [1, 1, 1]
						}
					}
				},
				"leftarm": {
					"rotation": {
						"0.0667": {
							"vector": [0, 0, 0]
						},
						"0.5": {
							"vector": [43.45968, -30.79465, -34.39412],
							"easing": "easeInOutQuad"
						},
						"0.7333": {
							"vector": [-60.82531, -45.77455, -115.9814]
						},
						"1.1": {
							"vector": [-74.7767, -47.19186, -110.97164],
							"easing": "easeInOutQuad"
						},
						"1.3333": {
							"vector": [-54.98895, -58.7157, -134.37961],
							"easing": "easeInOutQuad"
						},
						"1.3667": {
							"vector": [-54.98895, -58.7157, -134.37961],
							"easing": "easeInOutQuad"
						},
						"1.5": {
							"vector": [-62.26, -54.48, -125.78],
							"easing": "easeInSine"
						},
						"1.7667": {
							"vector": [-36.30247, -2.17604, -182.96302],
							"easing": "easeInOutSine"
						},
						"2.1667": {
							"vector": [-20.40404, -9.8742, -82.15696],
							"easing": "easeInQuint"
						},
						"2.4667": {
							"vector": [0, 0, 0],
							"easing": "easeInOutQuad"
						}
					},
					"position": {
						"0.0": {
							"vector": [0, 0, 0]
						},
						"0.5": {
							"vector": [8.2013, -20.8362, 31.29843],
							"easing": "easeInOutQuad"
						},
						"0.7333": {
							"vector": [41.33274, 12.34197, -33.82968],
							"easing": "linear"
						},
						"1.1": {
							"vector": [17.84833, 35.21524, -71.77008],
							"easing": "easeInOutQuad"
						},
						"1.3333": {
							"vector": [13.80011, 32.28441, -67.43835],
							"easing": "easeInOutQuad"
						},
						"1.3667": {
							"vector": [13.80011, 32.28441, -67.43835],
							"easing": "easeInOutQuad"
						},
						"1.5": {
							"vector": [19.32124, 32.24691, -68.23901],
							"easing": "easeInSine"
						},
						"1.7667": {
							"vector": [43.98131, 8.15128, -74.35716],
							"easing": "easeInOutSine"
						},
						"2.1": {
							"vector": [40.02, -16.2, 20.25],
							"easing": "easeOutQuint"
						},
						"2.4": {
							"vector": [0, 0, 0],
							"easing": "easeInOutQuad"
						}
					},
					"scale": {
						"0.5": {
							"vector": [1, 1, 1]
						},
						"0.7333": {
							"vector": [1, 1.3, 1]
						},
						"1.5": {
							"vector": [1, 1.3, 1]
						},
						"1.7667": {
							"vector": [1, 1, 1]
						}
					}
				},
				"_camera_": {
					"rotation": {
						"0.0": {
							"vector": [0, 0, 0]
						},
						"0.3333": {
							"vector": [1, -1, 0.5],
							"easing": "easeInOutQuad"
						},
						"0.8": {
							"vector": [-1, 2, -1],
							"easing": "easeInElastic",
							"easingArgs": [2]
						},
						"1.1": {
							"vector": [1, -1, 0.5],
							"easing": "easeInOutQuad"
						},
						"1.4667": {
							"vector": [2, -1.3, 1],
							"easing": "easeInOutQuad"
						},
						"1.8333": {
							"vector": [1, 2, -1],
							"easing": "easeInOutQuad"
						},
						"2.2": {
							"vector": [-2.5, 3, -2.5],
							"easing": "easeInElastic",
							"easingArgs": [1]
						},
						"2.6667": {
							"vector": [0, 0, 0],
							"easing": "easeInOutQuad"
						}
					}
				}
			},
			"sound_effects": {
				"0.2333": {
					"effect": "palica_open"
				},
				"1.1667": {
					"effect": "palica_shellin"
				},
				"1.7667": {
					"effect": "palica_close"
				}
			}
		},
		"animation.model.reload": {
			"loop": true,
			"animation_length": 2.7,
			"bones": {
				"main": {
					"rotation": {
						"0.0667": {
							"vector": [0, 0, 0]
						},
						"0.3": {
							"vector": [15, 0, 0],
							"easing": "easeInOutQuad"
						},
						"0.6667": {
							"vector": [-49.19458, -6.86379, -13.36965],
							"easing": "easeInElastic",
							"easingArgs": [1.2]
						},
						"1.0667": {
							"vector": [-24.82511, -14.24796, 15.07138],
							"easing": "easeInOutQuad"
						},
						"1.4": {
							"vector": [-17.33, -14.25, 15.07],
							"easing": "easeInOutQuad"
						},
						"1.8667": {
							"vector": [42.67, 0, 15.07],
							"easing": "easeInOutQuad"
						},
						"2.1333": {
							"vector": [-15, 0, 0],
							"easing": "easeInElastic",
							"easingArgs": [1.5]
						},
						"2.7": {
							"vector": [0, 0, 0],
							"easing": "easeInElastic"
						}
					},
					"position": {
						"0.0": {
							"vector": [0, 0, 0]
						},
						"0.2333": {
							"vector": [0, -3, -5],
							"easing": "easeInOutQuad"
						},
						"0.6": {
							"vector": [-2, 1, 5],
							"easing": "easeInElastic",
							"easingArgs": [1.2]
						},
						"1.0": {
							"vector": [2, -3, -4],
							"easing": "easeInOutQuad"
						},
						"1.3667": {
							"vector": [2.30937, -4.7462, -4.91645],
							"easing": "easeInOutQuad"
						},
						"1.8": {
							"vector": [-5.4493, -6.93001, 1],
							"easing": "easeInOutQuad"
						},
						"2.0667": {
							"vector": [-6.45, 5, -3],
							"easing": "easeInElastic",
							"easingArgs": [1.3]
						},
						"2.6333": {
							"vector": [0, 0, 0],
							"easing": "easeInElastic"
						}
					}
				},
				"lever": {
					"rotation": {
						"0.2667": {
							"vector": [0, 0, 0]
						},
						"0.3667": {
							"vector": [0, -15, 0]
						},
						"0.7": {
							"vector": [0, -15, 0]
						},
						"0.8": {
							"vector": [0, 0, 0]
						}
					}
				},
				"breakaction": {
					"rotation": {
						"0.3": {
							"vector": [0, 0, 0]
						},
						"0.4333": {
							"vector": [70, 0, 0],
							"easing": "linear"
						},
						"1.8": {
							"vector": [70, 0, 0]
						},
						"2.0": {
							"vector": [0, 0, 0],
							"easing": "easeInQuad"
						}
					}
				},
				"shellL": {
					"rotation": {
						"0.4333": {
							"vector": [0, 0, 0]
						},
						"0.7": {
							"vector": [-172.5, 80, 0]
						},
						"0.7333": {
							"vector": [0, 32.5, 0]
						},
						"1.1": {
							"vector": [0, 25, 0],
							"easing": "easeInOutQuad"
						},
						"1.3333": {
							"vector": [0, 0, 0],
							"easing": "easeInOutQuad"
						}
					},
					"position": {
						"0.4": {
							"vector": [0, 0, 0]
						},
						"0.7": {
							"vector": [0, -3, 40]
						},
						"0.7333": {
							"vector": [28, -39, -4]
						},
						"1.1": {
							"vector": [2.27124, 0.11296, 8.53824],
							"easing": "easeInOutQuad"
						},
						"1.3333": {
							"vector": [0, 0, 0],
							"easing": "easeInOutQuad"
						}
					},
					"scale": {
						"0.5667": {
							"vector": [1, 1, 1]
						},
						"0.7": {
							"vector": [0, 0, 0]
						},
						"0.7333": {
							"vector": [1, 1, 1]
						}
					}
				},
				"leftarm": {
					"rotation": {
						"0.0667": {
							"vector": [0, 0, 0]
						},
						"0.5": {
							"vector": [43.45968, -30.79465, -34.39412],
							"easing": "easeInOutQuad"
						},
						"0.7333": {
							"vector": [-60.82531, -45.77455, -115.9814]
						},
						"1.1": {
							"vector": [-74.7767, -47.19186, -110.97164],
							"easing": "easeInOutQuad"
						},
						"1.3333": {
							"vector": [-54.98895, -58.7157, -134.37961],
							"easing": "easeInOutQuad"
						},
						"1.3667": {
							"vector": [-54.98895, -58.7157, -134.37961],
							"easing": "easeInOutQuad"
						},
						"1.5": {
							"vector": [-62.26, -54.48, -125.78],
							"easing": "easeInSine"
						},
						"1.7667": {
							"vector": [-36.30247, -2.17604, -182.96302],
							"easing": "easeInOutSine"
						},
						"2.1667": {
							"vector": [-20.40404, -9.8742, -82.15696],
							"easing": "easeInQuint"
						},
						"2.4667": {
							"vector": [0, 0, 0],
							"easing": "easeInOutQuad"
						}
					},
					"position": {
						"0.0": {
							"vector": [0, 0, 0]
						},
						"0.5": {
							"vector": [8.2013, -20.8362, 31.29843],
							"easing": "easeInOutQuad"
						},
						"0.7333": {
							"vector": [46.33274, 11.34197, -33.82968],
							"easing": "linear"
						},
						"1.1": {
							"vector": [21.84833, 33.21524, -71.77008],
							"easing": "easeInOutQuad"
						},
						"1.3333": {
							"vector": [18.80011, 32.28441, -67.43835],
							"easing": "easeInOutQuad"
						},
						"1.3667": {
							"vector": [18.80011, 32.28441, -67.43835],
							"easing": "easeInOutQuad"
						},
						"1.5": {
							"vector": [24.32124, 32.24691, -68.23901],
							"easing": "easeInSine"
						},
						"1.7667": {
							"vector": [43.98131, 8.15128, -74.35716],
							"easing": "easeInOutSine"
						},
						"2.1": {
							"vector": [40.02, -16.2, 20.25],
							"easing": "easeOutQuint"
						},
						"2.4": {
							"vector": [0, 0, 0],
							"easing": "easeInOutQuad"
						}
					},
					"scale": {
						"0.5": {
							"vector": [1, 1, 1]
						},
						"0.7333": {
							"vector": [1, 1.3, 1]
						},
						"1.5": {
							"vector": [1, 1.3, 1]
						},
						"1.7667": {
							"vector": [1, 1, 1]
						}
					}
				},
				"_camera_": {
					"rotation": {
						"0.0": {
							"vector": [0, 0, 0]
						},
						"0.3333": {
							"vector": [1, -1, 0.5],
							"easing": "easeInOutQuad"
						},
						"0.8": {
							"vector": [-1, 2, -1],
							"easing": "easeInElastic",
							"easingArgs": [2]
						},
						"1.1": {
							"vector": [1, -1, 0.5],
							"easing": "easeInOutQuad"
						},
						"1.4667": {
							"vector": [2, -1.3, 1],
							"easing": "easeInOutQuad"
						},
						"1.8333": {
							"vector": [1, 2, -1],
							"easing": "easeInOutQuad"
						},
						"2.2": {
							"vector": [-2.5, 3, -2.5],
							"easing": "easeInElastic",
							"easingArgs": [1]
						},
						"2.6667": {
							"vector": [0, 0, 0],
							"easing": "easeInOutQuad"
						}
					}
				}
			},
			"sound_effects": {
				"0.2333": {
					"effect": "palica_open"
				},
				"1.1667": {
					"effect": "palica_shellin"
				},
				"1.7667": {
					"effect": "palica_close"
				}
			}
		},
		"animation.model.idle": {
			"loop": true,
			"animation_length": 1,
			"bones": {
				"spinnybit": {
					"rotation": {
						"0.0": {
							"vector": [0, 0, 0]
						},
						"0.9833": {
							"vector": [0, 360, 0]
						},
						"1.0": {
							"vector": [0, 0, 0]
						}
					}
				}
			},
			"sound_effects": {
				"0.0": {
					"effect": "palica_buzz"
				},
				"0.3333": {
					"effect": "palica_buzz"
				},
				"0.6667": {
					"effect": "palica_buzz"
				}
			}
		},
		"animation.model.pf_inspect_lolkillme": {
			"loop": true,
			"animation_length": 5,
			"bones": {
				"main": {
					"rotation": {
						"0.0": {
							"vector": [0, 0, 0]
						},
						"0.7": {
							"vector": [-15, -50, 0],
							"easing": "easeInOutSine"
						},
						"2.0": {
							"vector": [-15, -50, 0],
							"easing": "easeInOutSine"
						},
						"2.7": {
							"vector": [15.49694, 57.77102, 17.34322],
							"easing": "easeInOutSine"
						},
						"4.0": {
							"vector": [15.49694, 57.77102, 17.34322],
							"easing": "easeInOutSine"
						},
						"4.7": {
							"vector": [0, 0, 0],
							"easing": "easeInOutSine"
						}
					},
					"position": {
						"0.0": {
							"vector": [0, 0, 0]
						},
						"0.7": {
							"vector": [4.83758, 8.27097, -4.05921],
							"easing": "easeInOutSine"
						},
						"2.0": {
							"vector": [4.83758, 8.27097, -4.05921],
							"easing": "easeInOutSine"
						},
						"2.7": {
							"vector": [13.84, 8.27, -4.06],
							"easing": "easeInOutSine"
						},
						"4.0": {
							"vector": [13.84, 8.27, -4.06],
							"easing": "easeInOutSine"
						},
						"4.7": {
							"vector": [0, 0, 0],
							"easing": "easeInOutSine"
						}
					}
				},
				"leftarm": {
					"rotation": {
						"0.0": {
							"vector": [0, 0, 0]
						},
						"0.7": {
							"vector": [50.29417, 2.53294, 64.36464],
							"easing": "easeInOutSine"
						},
						"2.0": {
							"vector": [50.29417, 2.53294, 64.36464],
							"easing": "easeInOutSine"
						},
						"2.7": {
							"vector": [-4.94326, 22.45573, 0.28012],
							"easing": "easeInOutSine"
						},
						"4.0": {
							"vector": [-4.94326, 22.45573, 0.28012],
							"easing": "easeInOutSine"
						},
						"4.7": {
							"vector": [0, 0, 0],
							"easing": "easeInOutSine"
						}
					},
					"position": {
						"0.0": {
							"vector": [0, 0, 0]
						},
						"0.7": {
							"vector": [-0.42582, -6.98393, -1.74453],
							"easing": "easeInOutSine"
						},
						"2.0": {
							"vector": [-0.42582, -6.98393, -1.74453],
							"easing": "easeInOutSine"
						},
						"2.7": {
							"vector": [0.95385, -5.92325, -0.07225],
							"easing": "easeInOutSine"
						},
						"4.0": {
							"vector": [0.95385, -5.92325, -0.07225],
							"easing": "easeInOutSine"
						},
						"4.7": {
							"vector": [0, 0, 0],
							"easing": "easeInOutSine"
						}
					}
				}
			}
		}
	},
	"geckolib_format_version": 2
}