{
	"format_version": "1.8.0",
	"animations": {
		"animation.model.walking": {
			"loop": true,
			"animation_length": 0.75,
			"bones": {
				"main": {
					"rotation": {
						"0.0": {
							"vector": [0, 0, 0]
						},
						"0.2": {
							"vector": [-0.04281, 0.95527, -2.51742],
							"easing": "easeInSine"
						},
						"0.4": {
							"vector": [1.08676, 1.95431, 2.49854],
							"easing": "easeInOutSine"
						},
						"0.55": {
							"vector": [1.15691, 0.91098, 4.48055],
							"easing": "easeInOutSine"
						},
						"0.75": {
							"vector": [0, 0, 0],
							"easing": "linear"
						}
					},
					"position": {
						"0.0": {
							"vector": [0, 0, 0]
						},
						"0.1167": {
							"vector": [-0.25, 0.25, 0],
							"easing": "easeInSine"
						},
						"0.3": {
							"vector": [-0.5, -0.5, 0],
							"easing": "easeInOutQuad"
						},
						"0.5167": {
							"vector": [-0.25, 0.35, 0],
							"easing": "easeInOutSine"
						},
						"0.75": {
							"vector": [0, 0, 0],
							"easing": "easeOutQuad"
						}
					}
				}
			}
		},
		"animation.model.walking_backwards": {
			"loop": true,
			"animation_length": 0.75,
			"bones": {
				"main": {
					"rotation": {
						"0.0": {
							"vector": [-5, 0, 0]
						},
						"0.2": {
							"vector": [-5.04281, 0.95527, -2.51742],
							"easing": "easeInSine"
						},
						"0.4": {
							"vector": [-3.91324, 1.95431, 2.49854],
							"easing": "easeInOutSine"
						},
						"0.55": {
							"vector": [-3.84309, 0.91098, 4.48055],
							"easing": "easeInOutSine"
						},
						"0.75": {
							"vector": [-5, 0, 0],
							"easing": "linear"
						}
					},
					"position": {
						"0.0": {
							"vector": [0, 0, 0]
						},
						"0.1167": {
							"vector": [-0.25, 0.25, 0],
							"easing": "easeInSine"
						},
						"0.3": {
							"vector": [-0.5, -0.5, 0],
							"easing": "easeInOutQuad"
						},
						"0.5167": {
							"vector": [-0.25, 0.35, 0],
							"easing": "easeInOutSine"
						},
						"0.75": {
							"vector": [0, 0, 0],
							"easing": "easeOutQuad"
						}
					}
				}
			}
		},
		"animation.model.walking_right": {
			"loop": true,
			"animation_length": 0.75,
			"bones": {
				"main": {
					"rotation": {
						"0.0": {
							"vector": [0, 0, -7.5]
						},
						"0.2": {
							"vector": [-0.16714, 0.94151, -10.01844],
							"easing": "easeInSine"
						},
						"0.4": {
							"vector": [0.8223, 2.07943, -5.00508],
							"easing": "easeInOutSine"
						},
						"0.55": {
							"vector": [1.02811, 1.05418, -3.01919],
							"easing": "easeInOutSine"
						},
						"0.75": {
							"vector": [0, 0, -7.5],
							"easing": "linear"
						}
					},
					"position": {
						"0.0": {
							"vector": [0, -1, 0]
						},
						"0.1167": {
							"vector": [-0.25, -0.75, 0],
							"easing": "easeInSine"
						},
						"0.3": {
							"vector": [-0.5, -1.5, 0],
							"easing": "easeInOutQuad"
						},
						"0.5167": {
							"vector": [-0.25, -0.65, 0],
							"easing": "easeInOutSine"
						},
						"0.75": {
							"vector": [0, -1, 0],
							"easing": "easeOutQuad"
						}
					}
				}
			}
		},
		"animation.model.walking_left": {
			"loop": true,
			"animation_length": 0.75,
			"bones": {
				"main": {
					"rotation": {
						"0.0": {
							"vector": [0, 0, 7.5]
						},
						"0.2": {
							"vector": [0.08226, 0.95269, 4.98362],
							"easing": "easeInSine"
						},
						"0.4": {
							"vector": [1.33258, 1.79575, 10.00089],
							"easing": "easeInOutSine"
						},
						"0.55": {
							"vector": [1.2659, 0.75219, 11.97966],
							"easing": "easeInOutSine"
						},
						"0.75": {
							"vector": [0, 0, 7.5],
							"easing": "linear"
						}
					},
					"position": {
						"0.0": {
							"vector": [0, 0, 0]
						},
						"0.1167": {
							"vector": [-0.25, 0.25, 0],
							"easing": "easeInSine"
						},
						"0.3": {
							"vector": [-0.5, -0.5, 0],
							"easing": "easeInOutQuad"
						},
						"0.5167": {
							"vector": [-0.25, 0.35, 0],
							"easing": "easeInOutSine"
						},
						"0.75": {
							"vector": [0, 0, 0],
							"easing": "easeOutQuad"
						}
					}
				}
			}
		},
		"animation.model.walking_aiming": {
			"loop": true,
			"animation_length": 0.75,
			"bones": {
				"main": {
					"rotation": {
						"0.0": {
							"vector": [0, 0, 0]
						},
						"0.2": {
							"vector": ["-0.0428 / 5", "0.9553 / 6", "-2.5174 / 4"],
							"easing": "easeInSine"
						},
						"0.4": {
							"vector": ["1.0868 / 5", "1.9543 / 6", "2.4985 / 4"],
							"easing": "easeInOutSine"
						},
						"0.55": {
							"vector": ["1.1569 / 5", "0.911 / 6", "4.4806 / 4"],
							"easing": "easeInOutSine"
						},
						"0.75": {
							"vector": [0, 0, 0],
							"easing": "linear"
						}
					},
					"position": {
						"0.0": {
							"vector": [0, 0, 0]
						},
						"0.1167": {
							"vector": ["-0.25 / 5", "0.25 / 5", 0],
							"easing": "easeInSine"
						},
						"0.3": {
							"vector": ["-0.5 / 5", "-0.5 / 5", 0],
							"easing": "easeInOutQuad"
						},
						"0.5167": {
							"vector": ["-0.25 / 5", "0.35 / 5", 0],
							"easing": "easeInOutSine"
						},
						"0.75": {
							"vector": [0, 0, 0],
							"easing": "easeOutQuad"
						}
					}
				}
			}
		},
		"animation.model.off_ground": {
			"animation_length": 0.0333
		},
		"animation.model.off_ground_sprinting": {
			"loop": true,
			"animation_length": 0.8,
			"bones": {
				"main": {
					"rotation": {
						"0.0": {
							"vector": [
								"-40.4213 + math.sin(query.anim_time * 160) * 1",
								"-20.2779 + math.sin(query.anim_time * 360) * 3",
								"47.4536 + math.sin(query.anim_time * 60) * 3"
							],
							"easing": "easeInOutQuad"
						},
						"0.8": {
							"vector": [-40.42126, -20.27792, 47.45361],
							"easing": "easeInQuart"
						}
					},
					"position": {
						"0.0": {
							"vector": ["3  + math.sin(query.anim_time * 300) * 2", -3, 0],
							"easing": "easeOutQuad"
						},
						"0.8": {
							"vector": [3, -3, 0],
							"easing": "easeInQuart"
						}
					}
				}
			}
		},
		"animation.model.runningstart": {
			"animation_length": 0.3,
			"bones": {
				"main": {
					"rotation": {
						"0.0": {
							"vector": [0, 0, 0]
						},
						"0.3": {
							"vector": [-40.42126, -20.27792, 47.45361],
							"easing": "easeInOutQuad"
						}
					},
					"position": {
						"0.0": {
							"vector": [0, 0, 0]
						},
						"0.15": {
							"vector": [1.5, -4.5, 0],
							"easing": "easeInQuad"
						},
						"0.3": {
							"vector": [3, -3, 0],
							"easing": "easeOutQuad"
						}
					}
				}
			}
		},
		"animation.model.running": {
			"loop": true,
			"animation_length": 0.6333,
			"bones": {
				"main": {
					"rotation": {
						"0.0": {
							"vector": [-40.42126, -20.27792, 47.45361],
							"easing": "easeInOutQuad"
						},
						"0.1167": {
							"vector": [-50.98956, -19.48508, 62.46034],
							"easing": "easeOutQuad"
						},
						"0.2667": {
							"vector": [-49.32196, -16.28781, 58.43701],
							"easing": "easeInSine"
						},
						"0.4": {
							"vector": [-36.51353, -20.70681, 43.14509],
							"easing": "easeInOutSine"
						},
						"0.5167": {
							"vector": [-35.24604, -21.16803, 33.38175]
						},
						"0.6333": {
							"vector": [-40.42126, -20.27792, 47.45361],
							"easing": "easeInQuad"
						}
					},
					"position": {
						"0.0": {
							"vector": [3, -3, 0],
							"easing": "easeOutQuad"
						},
						"0.0833": {
							"vector": [4, -3, 1],
							"easing": "easeOutSine"
						},
						"0.2": {
							"vector": [4, -1.5, 0],
							"easing": "easeOutQuad"
						},
						"0.35": {
							"vector": [0, -6, -0.5],
							"easing": "easeInOutQuad"
						},
						"0.4667": {
							"vector": [-2, -5, -1],
							"easing": "easeOutSine"
						},
						"0.6333": {
							"vector": [3, -3, 0],
							"easing": "easeInSine"
						}
					}
				}
			}
		},
		"animation.model.runningend": {
			"animation_length": 0.5,
			"bones": {
				"main": {
					"rotation": {
						"0.05": {
							"vector": [-40.42126, -20.27792, 47.45361],
							"easing": "easeInOutQuad"
						},
						"0.45": {
							"vector": [0, 0, 0],
							"easing": "easeInElastic",
							"easingArgs": [1.05]
						}
					},
					"position": {
						"0.0": {
							"vector": [3, -3, 0],
							"easing": "easeOutQuad"
						},
						"0.5": {
							"vector": [0, 0, 0],
							"easing": "easeInElastic",
							"easingArgs": [2]
						}
					}
				}
			}
		}
	},
	"geckolib_format_version": 2
}