{
	"format_version": "1.8.0",
	"animations": {
		"animation.model.draw": {
			"loop": true,
			"animation_length": 0.9,
			"bones": {
				"main": {
					"rotation": {
						"0.0": {
							"vector": [12.37961, -8.53726, 34.0724]
						},
						"0.6333": {
							"vector": [-2.5, 0, 0],
							"easing": "easeInOutSine"
						},
						"0.8667": {
							"vector": [0, 0, 0],
							"easing": "easeInOutQuad"
						}
					},
					"position": {
						"0.0": {
							"vector": [0, -21, 41]
						},
						"0.4": {
							"vector": [0, 0, -6],
							"easing": "easeInOutSine"
						},
						"0.8333": {
							"vector": [0, 0, 0],
							"easing": "easeInOutQuad"
						}
					}
				},
				"_camera_": {
					"rotation": {
						"0.0": {
							"vector": [0, 0, 0]
						},
						"0.4667": {
							"vector": [-3, 1, -1],
							"easing": "easeInOutBack"
						},
						"0.8": {
							"vector": [0, 0, 0],
							"easing": "easeInOutSine"
						}
					}
				}
			},
			"sound_effects": {
				"0.2333": {
					"effect": "carnage_draw"
				}
			}
		},
		"animation.model.fire": {
			"loop": true,
			"animation_length": 2.1,
			"bones": {
				"main": {
					"rotation": {
						"0.0": {
							"vector": [0, 0, 0]
						},
						"0.1333": {
							"vector": [-45, 0, 0],
							"easing": "linear"
						},
						"0.4667": {
							"vector": [-34.50765, -0.82228, -4.88831],
							"easing": "easeInOutBack",
							"easingArgs": [-2]
						},
						"0.9667": {
							"vector": [0, 0, 25],
							"easing": "easeInOutQuad"
						},
						"1.1": {
							"vector": [-5, 0, 30]
						},
						"1.4": {
							"vector": [-7.5, 0, 30],
							"easing": "easeOutBack",
							"easingArgs": [3]
						},
						"1.5333": {
							"vector": [-2.41492, -0.64686, 15.01363],
							"easing": "easeInQuad"
						},
						"1.7667": {
							"vector": [0.09343, -0.19943, 2.49986],
							"easing": "easeOutBack",
							"easingArgs": [2]
						},
						"2.0667": {
							"vector": [0, 0, 0],
							"easing": "easeInOutQuad"
						}
					},
					"position": {
						"0.0": {
							"vector": [0, 0, 0]
						},
						"0.0667": {
							"vector": [-2, 0, 8],
							"easing": "linear"
						},
						"0.4": {
							"vector": [-2, 0, 9],
							"easing": "easeInOutElastic",
							"easingArgs": [2]
						},
						"0.9": {
							"vector": [0, 0, 0],
							"easing": "easeInOutQuad"
						},
						"1.0333": {
							"vector": [0, 0, 1]
						},
						"1.3333": {
							"vector": [0, 0, 3],
							"easing": "easeOutBack",
							"easingArgs": [3]
						},
						"1.4667": {
							"vector": [0, 0, 1],
							"easing": "easeInQuad"
						},
						"1.7": {
							"vector": [0, 0, -1],
							"easing": "easeOutBack",
							"easingArgs": [4]
						},
						"2.0": {
							"vector": [0, 0, 0],
							"easing": "easeInOutQuad"
						}
					}
				},
				"pump": {
					"position": {
						"0.9": {
							"vector": [0, 0, 0]
						},
						"1.0333": {
							"vector": [0, 0, 7.3],
							"easing": "easeInQuad"
						},
						"1.3333": {
							"vector": [0, 0, 7.3]
						},
						"1.4667": {
							"vector": [0, 0, 0],
							"easing": "easeInQuad"
						}
					}
				},
				"shell": {
					"rotation": {
						"1.0": {
							"vector": [0, 0, 0]
						},
						"1.1": {
							"vector": [22.5, 0, 0]
						},
						"1.2": {
							"vector": [0, 0, 0]
						},
						"1.4667": {
							"vector": [0, 0, 0]
						},
						"1.5": {
							"vector": [0, 0, 0]
						}
					},
					"position": {
						"1.0": {
							"vector": [0, 0, 0]
						},
						"1.1": {
							"vector": [0, 2, 5]
						},
						"1.2": {
							"vector": [0, 3.9, 7.5]
						},
						"1.3333": {
							"vector": [0, 3.9, 7.5]
						},
						"1.4667": {
							"vector": [0, 3.9, 0.2],
							"easing": "easeInQuad"
						},
						"1.5": {
							"vector": [0, 0, 0]
						}
					}
				},
				"leftarm": {
					"rotation": {
						"vector": [0, 0, 0]
					},
					"position": {
						"0.9": {
							"vector": [0, 0, 0]
						},
						"1.0333": {
							"vector": [0, 0, 7.3],
							"easing": "easeInQuad"
						},
						"1.3333": {
							"vector": [0, 0, 7.3]
						},
						"1.4667": {
							"vector": [0, 0, 0],
							"easing": "easeInQuad"
						}
					}
				},
				"shell2": {
					"rotation": {
						"0.9": {
							"vector": [0, 0, 0]
						},
						"1.0": {
							"vector": [0, 0, 0]
						},
						"1.0667": {
							"vector": [-87.11874, 8.64917, 5.03837],
							"easing": "linear"
						},
						"1.1333": {
							"vector": [-154.62, 8.65, 5.04],
							"easing": "linear"
						},
						"1.2": {
							"vector": [-229.62, 8.65, 5.04],
							"easing": "linear"
						},
						"1.2333": {
							"vector": [-229.62, 8.65, 5.04]
						},
						"1.4667": {
							"vector": [-229.62, 8.65, 5.04]
						},
						"1.5": {
							"vector": [0, 0, 0]
						}
					},
					"position": {
						"0.9": {
							"vector": [0, 0, 0]
						},
						"1.0": {
							"vector": [0, 0, 8.8]
						},
						"1.1": {
							"vector": [-13, 7, 14.8],
							"easing": "linear"
						},
						"1.1667": {
							"vector": [-33, 7, 26.8],
							"easing": "linear"
						},
						"1.2333": {
							"vector": [-47, 0, 45.8],
							"easing": "linear"
						},
						"1.4667": {
							"vector": [-47, 0, 45.8]
						},
						"1.5": {
							"vector": [0, 0, 0]
						}
					},
					"scale": {
						"1.1333": {
							"vector": [1, 1, 1]
						},
						"1.2333": {
							"vector": [0, 0, 0],
							"easing": "easeInCubic"
						},
						"1.5": {
							"vector": [0, 0, 0]
						},
						"1.5333": {
							"vector": [1, 1, 1]
						}
					}
				},
				"_camera_": {
					"rotation": {
						"0.0": {
							"vector": [0, 0, 0]
						},
						"0.1": {
							"vector": [-35, "math.sin(query.anim_time * 1260) *  5", 0],
							"easing": "easeInOutQuad"
						},
						"0.9": {
							"vector": [-2.56, "math.sin(query.anim_time * 860) *  0.6", 0],
							"easing": "easeInOutQuad"
						},
						"1.3": {
							"vector": [1, 2, -1],
							"easing": "easeInOutQuart"
						},
						"1.7": {
							"vector": [0, 1, 0],
							"easing": "easeInOutBack",
							"easingArgs": [3]
						}
					}
				}
			},
			"sound_effects": {
				"0.7": {
					"effect": "carnage_pumpdown"
				},
				"1.3333": {
					"effect": "carnage_pumpup"
				}
			}
		},
		"animation.model.fireempty": {
			"animation_length": 1,
			"bones": {
				"main": {
					"rotation": {
						"0.0": {
							"vector": [0, 0, 0]
						},
						"0.1333": {
							"vector": [-45, 0, 0],
							"easing": "linear"
						},
						"0.4667": {
							"vector": [-34.50765, -0.82228, -4.88831],
							"easing": "easeInOutBack",
							"easingArgs": [-2]
						},
						"1.0": {
							"vector": [0, 0, 0],
							"easing": "easeInOutQuad"
						}
					},
					"position": {
						"0.0": {
							"vector": [0, 0, 0]
						},
						"0.0667": {
							"vector": [-2, 0, 8],
							"easing": "linear"
						},
						"0.4": {
							"vector": [-2, 0, 9],
							"easing": "easeInOutElastic",
							"easingArgs": [2]
						},
						"0.9333": {
							"vector": [0, 0, 0],
							"easing": "easeInOutQuad"
						}
					}
				},
				"leftarm": {
					"rotation": {
						"vector": [0, 0, 0]
					}
				},
				"_camera_": {
					"rotation": {
						"0.0": {
							"vector": [0, 0, 0]
						},
						"0.1": {
							"vector": [-35, "math.sin(query.anim_time * 1260) *  1", 0],
							"easing": "easeInOutQuad"
						},
						"0.9": {
							"vector": [0, 0, 0],
							"easing": "easeInOutQuad"
						}
					}
				}
			}
		},
		"animation.model.prepare": {
			"loop": "hold_on_last_frame",
			"animation_length": 0.4,
			"bones": {
				"main": {
					"rotation": {
						"0.0": {
							"vector": [0, 0, 0]
						},
						"0.3667": {
							"vector": [6.32526, -10.80355, -65.59871],
							"easing": "easeInOutSine"
						}
					},
					"position": {
						"0.0": {
							"vector": [0, 0, 0]
						},
						"0.3": {
							"vector": [7, 3, 2],
							"easing": "easeInOutSine"
						}
					}
				},
				"armL_shell": {
					"rotation": {
						"0.0": {
							"vector": [0, 0, 0]
						},
						"0.3667": {
							"vector": [0, 0, 0]
						}
					},
					"position": {
						"0.0": {
							"vector": [0, 0, 0]
						},
						"0.3667": {
							"vector": [-34.58016, -31.77667, 19.50527]
						}
					}
				},
				"shell": {
					"rotation": {
						"0.0": {
							"vector": [0, 0, 0]
						},
						"0.3667": {
							"vector": [-20, 0, 0]
						}
					},
					"position": {
						"0.0": {
							"vector": [0, 0, 0]
						},
						"0.3667": {
							"vector": [10.97192, 3.97481, -11.90873]
						}
					},
					"scale": {
						"0.0": {
							"vector": [0, 0, 0]
						},
						"0.3333": {
							"vector": [0, 0, 0]
						},
						"0.3667": {
							"vector": [1, 1, 1]
						}
					}
				},
				"leftarm": {
					"rotation": {
						"0.0": {
							"vector": [0, 0, 0]
						},
						"0.3667": {
							"vector": [0.47665, 2.73497, 41.33215]
						}
					},
					"position": {
						"0.0": {
							"vector": [0, 0, 0]
						},
						"0.3333": {
							"vector": [0, 0, 0],
							"easing": "easeInOutSine"
						}
					}
				},
				"shell2": {
					"scale": {
						"vector": [0, 0, 0]
					}
				},
				"_camera_": {
					"rotation": {
						"0.0": {
							"vector": [0, 0, 0]
						},
						"0.3": {
							"vector": [3, 1, -1],
							"easing": "easeInOutSine"
						}
					}
				}
			}
		},
		"animation.model.preparealt": {
			"loop": "hold_on_last_frame",
			"animation_length": 1.1,
			"bones": {
				"main": {
					"rotation": {
						"0.0": {
							"vector": [0, 0, 0]
						},
						"0.2667": {
							"vector": [-4.7972, -5.19485, -2.06381],
							"easing": "easeInOutSine"
						},
						"0.5": {
							"vector": [-7.30623, -5.2799, -1.83474],
							"easing": "easeInOutSine"
						},
						"0.7333": {
							"vector": [-9.8159, -5.35489, -1.60212],
							"easing": "easeOutBack",
							"easingArgs": [4]
						},
						"1.0667": {
							"vector": [-2.74715, -12.19908, -22.20638],
							"easing": "easeInOutQuad"
						}
					},
					"position": {
						"0.0": {
							"vector": [0, 0, 0]
						},
						"0.2": {
							"vector": [0, 2, -3],
							"easing": "easeInOutSine"
						},
						"0.4333": {
							"vector": [0, 2, 0],
							"easing": "easeInOutSine"
						},
						"0.6667": {
							"vector": [0, 1, 1],
							"easing": "easeOutBack",
							"easingArgs": [4]
						},
						"1.0": {
							"vector": [5, 0, 2],
							"easing": "easeInOutQuad"
						}
					}
				},
				"leftarm": {
					"rotation": {
						"0.0": {
							"vector": [0, 0, 0]
						},
						"0.2667": {
							"vector": [0, 0, 0]
						},
						"0.4333": {
							"vector": [0, 0, 0]
						},
						"0.6": {
							"vector": [0, 0, 0]
						}
					},
					"position": {
						"0.0": {
							"vector": [0, 0, 0]
						},
						"0.2667": {
							"vector": [2.61056, -2.97578, 6.95196]
						},
						"0.4333": {
							"vector": [2.93688, -3.34775, 15.12095],
							"easing": "easeInQuad"
						},
						"0.6": {
							"vector": [2.93688, -3.34775, 15.12095],
							"easing": "easeInQuad"
						},
						"0.9": {
							"vector": [-13, -30, 18],
							"easing": "easeInOutSine"
						}
					},
					"scale": {
						"0.0": {
							"vector": [1, 1, 1]
						},
						"0.2667": {
							"vector": [1, 1.4, 1]
						},
						"0.6": {
							"vector": [1, 1.4, 1]
						},
						"0.9": {
							"vector": [1, 1, 1]
						}
					}
				},
				"pump": {
					"position": {
						"0.2667": {
							"vector": [0, 0, 0]
						},
						"0.4333": {
							"vector": [0, 0, 7.3],
							"easing": "easeInQuad"
						}
					}
				},
				"shell": {
					"position": {
						"vector": [-11, -31, 5]
					},
					"scale": {
						"vector": [0, 0, 0]
					}
				},
				"shell2": {
					"rotation": {
						"0.2667": {
							"vector": [0, 0, 0]
						},
						"0.4333": {
							"vector": [0, 0, 0]
						},
						"0.5": {
							"vector": [-87.11874, 8.64917, 5.03837],
							"easing": "linear"
						},
						"0.5667": {
							"vector": [-154.62, 8.65, 5.04],
							"easing": "linear"
						},
						"0.6333": {
							"vector": [-229.62, 8.65, 5.04],
							"easing": "linear"
						},
						"0.6667": {
							"vector": [-229.62, 8.65, 5.04]
						},
						"0.9": {
							"vector": [-229.62, 8.65, 5.04]
						},
						"0.9333": {
							"vector": [0, 0, 0]
						}
					},
					"position": {
						"0.2667": {
							"vector": [0, 0, 0]
						},
						"0.4333": {
							"vector": [0, 0, 8.8]
						},
						"0.5333": {
							"vector": [-13, 7, 14.8],
							"easing": "linear"
						},
						"0.6": {
							"vector": [-33, 7, 26.8],
							"easing": "linear"
						},
						"0.6667": {
							"vector": [-47, 0, 45.8],
							"easing": "linear"
						},
						"0.9": {
							"vector": [-47, 0, 45.8]
						},
						"0.9333": {
							"vector": [0, 0, 0]
						}
					},
					"scale": {
						"0.5667": {
							"vector": [1, 1, 1]
						},
						"0.6667": {
							"vector": [0, 0, 0],
							"easing": "easeInCubic"
						},
						"0.9333": {
							"vector": [0, 0, 0]
						},
						"0.9667": {
							"vector": [1, 1, 1]
						}
					}
				},
				"_camera_": {
					"rotation": {
						"0.0": {
							"vector": [0, 0, 0]
						},
						"0.2333": {
							"vector": [-2, -2, 0.5],
							"easing": "easeOutQuad"
						},
						"0.3667": {
							"vector": [-4, -2, 1.5],
							"easing": "easeInQuad"
						},
						"0.7667": {
							"vector": [1, 3, -0.5],
							"easing": "easeOutBack",
							"easingArgs": [3]
						},
						"1.0667": {
							"vector": [3, 1, -1],
							"easing": "easeInOutSine"
						}
					}
				}
			},
			"sound_effects": {
				"0.1": {
					"effect": "carnage_pumpdown"
				}
			}
		},
		"animation.model.chamberload": {
			"loop": "hold_on_last_frame",
			"animation_length": 2,
			"bones": {
				"main": {
					"rotation": {
						"0.0": {
							"vector": [-2.74715, -12.19908, -22.20638],
							"easing": "easeInOutQuad"
						},
						"0.4": {
							"vector": [-2.96549, -12.15014, -21.18826],
							"easing": "easeInOutBack",
							"easingArgs": [-3]
						},
						"0.5667": {
							"vector": [-1.98905, -12.34475, -25.78881],
							"easing": "easeInSine"
						},
						"0.7333": {
							"vector": [-1.77001, -12.37755, -26.812],
							"easing": "easeOutBack",
							"easingArgs": [2]
						},
						"1.0333": {
							"vector": [-4.64797, -11.61325, -13.03223],
							"easing": "easeInOutSine"
						},
						"1.2667": {
							"vector": [-2.15, -11.61, -13.03]
						},
						"1.5": {
							"vector": [2.85, -11.61, -13.03],
							"easing": "easeOutBack",
							"easingArgs": [2]
						},
						"1.9667": {
							"vector": [6.32526, -10.80355, -65.59871],
							"easing": "easeInOutQuad"
						}
					},
					"position": {
						"0.0": {
							"vector": [5, 0, 2],
							"easing": "easeInOutQuad"
						},
						"0.3667": {
							"vector": [4.9, -0.1, 2],
							"easing": "easeInOutBack",
							"easingArgs": [-3]
						},
						"0.5333": {
							"vector": [4.74103, -0.64519, 1.87089],
							"easing": "easeInSine"
						},
						"0.7": {
							"vector": [4.51586, -1.21779, 1.70263],
							"easing": "easeOutBack",
							"easingArgs": [2]
						},
						"1.0": {
							"vector": [4.2084, -1.02257, 4.79892],
							"easing": "easeInOutSine"
						},
						"1.2333": {
							"vector": [4.38714, -0.89579, 3.82368]
						},
						"1.4667": {
							"vector": [4.80407, -0.90625, 1.86334],
							"easing": "easeOutBack",
							"easingArgs": [2]
						},
						"1.9333": {
							"vector": [7, 3, 2],
							"easing": "easeInOutQuad"
						}
					}
				},
				"pump": {
					"position": {
						"0.0": {
							"vector": [0, 0, 7.3]
						},
						"1.0667": {
							"vector": [0, 0, 7.3]
						},
						"1.2333": {
							"vector": [0, 0, 0],
							"easing": "easeInQuad"
						}
					}
				},
				"armL_shell": {
					"rotation": {
						"0.0": {
							"vector": [0, 0, 0]
						},
						"0.3": {
							"vector": [0, 0, 5]
						},
						"0.4667": {
							"vector": [0, 0, 0]
						},
						"0.5667": {
							"vector": [0, 0, 0]
						},
						"0.8333": {
							"vector": [0, 0, 0]
						},
						"1.9667": {
							"vector": [0, 0, 0],
							"easing": "easeInOutQuad"
						}
					},
					"position": {
						"0.0": {
							"vector": [-1, -46, 10]
						},
						"0.2333": {
							"vector": [5.74614, 0.18573, 8]
						},
						"0.4": {
							"vector": [2.15, -1.81, 8]
						},
						"0.5333": {
							"vector": [2.15, -1.81, 8]
						},
						"0.8": {
							"vector": [0, 0, 8]
						},
						"1.0667": {
							"vector": [0, 0, 8]
						},
						"1.2333": {
							"vector": [0, 0, 0],
							"easing": "easeInQuad"
						},
						"1.5667": {
							"vector": [0, 0, 0],
							"easing": "easeInQuad"
						},
						"1.9333": {
							"vector": [-34.58016, -31.77667, 19.50527],
							"easing": "easeInOutQuad"
						}
					}
				},
				"shell": {
					"rotation": {
						"1.2333": {
							"vector": [0, 0, 0]
						},
						"1.9667": {
							"vector": [-20, 0, 0]
						}
					},
					"position": {
						"0.0": {
							"vector": [-2, 6, 0]
						},
						"0.5333": {
							"vector": [-2.1, 5.7, 0]
						},
						"0.8": {
							"vector": [0, 3.9, 0]
						},
						"1.0667": {
							"vector": [0, 3.9, 0]
						},
						"1.2333": {
							"vector": [0, 3.9, 0],
							"easing": "easeInQuad"
						},
						"1.9667": {
							"vector": [10.97192, 3.97481, -11.90873]
						}
					},
					"scale": {
						"1.2333": {
							"vector": [1, 1, 1]
						},
						"1.2667": {
							"vector": [0, 0, 0]
						},
						"1.9333": {
							"vector": [0, 0, 0]
						},
						"1.9667": {
							"vector": [1, 1, 1]
						}
					}
				},
				"leftarm": {
					"rotation": {
						"0.0": {
							"vector": [-85.132, -18.74842, -69.98051]
						},
						"0.5667": {
							"vector": [-85.13, -18.75, -69.98]
						},
						"0.9": {
							"vector": [0, 0, 0],
							"easing": "easeInOutQuad"
						},
						"1.5667": {
							"vector": [0, 0, 0],
							"easing": "easeInOutQuad"
						},
						"1.9667": {
							"vector": [0.47665, 2.73497, 41.33215],
							"easing": "easeInOutQuad"
						}
					},
					"position": {
						"0.0": {
							"vector": [-0.57755, -0.61195, -3.91049]
						},
						"0.5333": {
							"vector": [-0.58, -0.61, -3.91]
						},
						"0.7": {
							"vector": [1.60229, -0.50979, -2.57588],
							"easing": "easeInQuad"
						},
						"0.8667": {
							"vector": [0, 0, 0],
							"easing": "easeInOutQuad"
						},
						"1.5333": {
							"vector": [0, 0, 0],
							"easing": "easeInOutQuad"
						},
						"1.9333": {
							"vector": [0, 0, 0],
							"easing": "easeInOutQuad"
						}
					}
				},
				"shell2": {
					"scale": {
						"vector": [0, 0, 0]
					}
				},
				"_camera_": {
					"rotation": {
						"0.0": {
							"vector": [3, 1, -1],
							"easing": "easeInOutSine"
						},
						"0.2333": {
							"vector": [1, 1, 0],
							"easing": "easeInOutSine"
						},
						"0.6": {
							"vector": [2, 2, -0.5],
							"easing": "easeInOutQuad"
						},
						"1.0667": {
							"vector": [2, 3, 0],
							"easing": "easeInOutQuad"
						},
						"1.3": {
							"vector": [1, 1, 0],
							"easing": "easeInQuad"
						},
						"1.6": {
							"vector": [1, -1, 1],
							"easing": "easeOutBack",
							"easingArgs": [4]
						},
						"1.9667": {
							"vector": [3, 1, -1],
							"easing": "easeInOutSine"
						}
					}
				}
			},
			"sound_effects": {
				"0.3": {
					"effect": "carnage_shellinsert"
				},
				"0.7667": {
					"effect": "carnage_finish"
				},
				"1.0667": {
					"effect": "carnage_pumpup"
				}
			}
		},
		"animation.model.iterativeload": {
			"loop": true,
			"animation_length": 1.3,
			"bones": {
				"main": {
					"rotation": {
						"0.0": {
							"vector": [6.32526, -10.80355, -65.59871],
							"easing": "easeInOutQuad"
						},
						"0.4333": {
							"vector": [5.94678, -11.01388, -63.57488],
							"easing": "easeInOutBack",
							"easingArgs": [-2]
						},
						"0.7": {
							"vector": [4.83, -10.8, -65.6],
							"easing": "easeInQuad"
						},
						"1.0": {
							"vector": [0.78319, -10.77323, -70.68992],
							"easing": "easeOutBack",
							"easingArgs": [2]
						},
						"1.2667": {
							"vector": [6.32526, -10.80355, -65.59871],
							"easing": "easeInOutSine"
						}
					},
					"position": {
						"0.0": {
							"vector": [7, 3, 2]
						},
						"0.4": {
							"vector": [6.82068, 3.08588, 1.97834],
							"easing": "easeInOutBack",
							"easingArgs": [-2]
						},
						"0.6667": {
							"vector": [6.54699, 3.21058, 1.97574],
							"easing": "easeInQuad"
						},
						"0.9667": {
							"vector": [5.7138, 3.79447, 1.00063],
							"easing": "easeOutBack",
							"easingArgs": [3]
						},
						"1.2333": {
							"vector": [7, 3, 2],
							"easing": "easeInOutSine"
						}
					}
				},
				"shellDoor": {
					"rotation": {
						"0.4333": {
							"vector": [0, 0, 0]
						},
						"0.5333": {
							"vector": [-32.5, 0, 0]
						},
						"0.8667": {
							"vector": [-32.5, 0, 0]
						},
						"0.9667": {
							"vector": [0, 0, 0],
							"easing": "linear"
						}
					}
				},
				"armL_shell": {
					"rotation": {
						"0.0": {
							"vector": [0, 0, 0]
						},
						"0.5": {
							"vector": [0, 0, 0],
							"easing": "easeInOutQuad"
						},
						"0.7": {
							"vector": [-1, 0, 0]
						},
						"1.0": {
							"vector": [-1, 0, 0]
						},
						"1.2667": {
							"vector": [0, 0, 0]
						}
					},
					"position": {
						"0.0": {
							"vector": [-34.58016, -31.77667, 19.50527]
						},
						"0.5": {
							"vector": [-11.27078, -9.57269, 22.61268],
							"easing": "easeInOutQuad"
						},
						"0.7": {
							"vector": [-11.27, -9.07, 22.11]
						},
						"1.0": {
							"vector": [-11.27, -9.07, 22.11]
						},
						"1.2667": {
							"vector": [-34.58016, -31.77667, 19.50527]
						}
					}
				},
				"shell": {
					"rotation": {
						"0.0": {
							"vector": [-20, 0, 0]
						},
						"0.5": {
							"vector": [-35, 0, 0]
						},
						"0.7": {
							"vector": [-35, 0, 0]
						},
						"0.8667": {
							"vector": [0, 0, 0],
							"easing": "easeInCubic"
						},
						"1.0": {
							"vector": [0, 0, 0],
							"easing": "easeInCubic"
						},
						"1.2667": {
							"vector": [-20, 0, 0]
						}
					},
					"position": {
						"0.0": {
							"vector": [10.97192, 3.97481, -11.90873]
						},
						"0.5": {
							"vector": [10.97, 3.97, -11.91]
						},
						"0.7": {
							"vector": [10.97, 3.97, -11.91]
						},
						"0.8667": {
							"vector": [11.07, 8.97, -18.91]
						},
						"1.0": {
							"vector": [11.07, 8.97, -18.91]
						},
						"1.2667": {
							"vector": [10.97192, 3.97481, -11.90873]
						}
					},
					"scale": {
						"0.8667": {
							"vector": [1, 1, 1]
						},
						"1.0": {
							"vector": [0, 0, 0]
						}
					}
				},
				"leftarm": {
					"rotation": {
						"0.0": {
							"vector": [0.47665, 2.73497, 41.33215]
						},
						"0.7": {
							"vector": [0.48, 2.73, 41.33]
						},
						"0.8667": {
							"vector": [0.37937, -9.76835, 41.10291],
							"easing": "easeOutQuad"
						},
						"1.0": {
							"vector": [0.37395, -10.76823, 41.08657],
							"easing": "easeInQuad"
						},
						"1.2667": {
							"vector": [0.47665, 2.73497, 41.33215]
						}
					},
					"position": {
						"0.0": {
							"vector": [0, 0, 0]
						},
						"0.7": {
							"vector": [0, 0, 0]
						},
						"0.8667": {
							"vector": [0, 6, -4],
							"easing": "easeOutQuad"
						},
						"1.0": {
							"vector": [0, 6, -4.3],
							"easing": "easeInQuad"
						},
						"1.2667": {
							"vector": [0, 0, 0]
						}
					}
				},
				"shell2": {
					"scale": {
						"vector": [0, 0, 0]
					}
				},
				"_camera_": {
					"rotation": {
						"0.0": {
							"vector": [3, 1, -1],
							"easing": "easeInOutSine"
						},
						"0.2333": {
							"vector": [3, 1, -1]
						},
						"0.6333": {
							"vector": [2, 1, 0],
							"easing": "easeInQuad"
						},
						"1.0": {
							"vector": [0, 1.4, 0],
							"easing": "easeOutBack"
						},
						"1.2667": {
							"vector": [3, 1, -1],
							"easing": "easeInOutSine"
						}
					}
				}
			},
			"sound_effects": {
				"0.7": {
					"effect": "carnage_shellinsert"
				}
			}
		},
		"animation.model.finish": {
			"animation_length": 0.8333,
			"bones": {
				"main": {
					"rotation": {
						"0.0": {
							"vector": [6.32526, -10.80355, -65.59871],
							"easing": "easeInOutQuad"
						},
						"0.3": {
							"vector": [-3.8081, -11.91389, -17.10354],
							"easing": "easeInQuad"
						},
						"0.4333": {
							"vector": [-5.77, -11.81, -16.95],
							"easing": "easeInOutQuad"
						},
						"0.8": {
							"vector": [0, 0, 0],
							"easing": "easeInOutQuad"
						}
					},
					"position": {
						"0.0": {
							"vector": [7, 3, 2]
						},
						"0.3": {
							"vector": [3, 3, 0],
							"easing": "easeInQuad"
						},
						"0.4": {
							"vector": [3, 3, 0],
							"easing": "easeInOutQuad"
						},
						"0.7333": {
							"vector": [0, 0, 0],
							"easing": "easeInOutQuad"
						}
					}
				},
				"armL_shell": {
					"rotation": {
						"0.0": {
							"vector": [0, 0, 0]
						},
						"0.4333": {
							"vector": [0, 0, 0]
						}
					},
					"position": {
						"0.0": {
							"vector": [-34.58016, -31.77667, 19.50527]
						},
						"0.4": {
							"vector": [0, 0, 0],
							"easing": "easeOutQuad"
						}
					}
				},
				"shell": {
					"scale": {
						"0.0": {
							"vector": [0, 0, 0]
						},
						"0.7667": {
							"vector": [0, 0, 0]
						},
						"0.8": {
							"vector": [0, 0, 0]
						}
					}
				},
				"leftarm": {
					"rotation": {
						"0.0": {
							"vector": [0.47665, 2.73497, 41.33215]
						},
						"0.4": {
							"vector": [0, 0, 0]
						},
						"0.7667": {
							"vector": [0, 0, 0],
							"easing": "easeInOutCubic"
						}
					},
					"position": {
						"0.0": {
							"vector": [0, 0, 0]
						},
						"0.4": {
							"vector": [3.2632, -3.71972, 8.68995]
						},
						"0.7667": {
							"vector": [0, 0, 0],
							"easing": "easeInOutCubic"
						}
					},
					"scale": {
						"0.0": {
							"vector": [1, 1, 1]
						},
						"0.4": {
							"vector": [1, 1.4, 1]
						},
						"0.7667": {
							"vector": [1, 1, 1],
							"easing": "easeInOutCubic"
						}
					}
				},
				"shell2": {
					"scale": {
						"0.0": {
							"vector": [0, 0, 0]
						},
						"0.7667": {
							"vector": [0, 0, 0]
						},
						"0.8": {
							"vector": [1, 1, 1]
						}
					}
				},
				"_camera_": {
					"rotation": {
						"0.0": {
							"vector": [3, 1, -1],
							"easing": "easeInOutSine"
						},
						"0.4": {
							"vector": [-1, 2, 0],
							"easing": "easeInOutQuad"
						},
						"0.8": {
							"vector": [0, 0, 0],
							"easing": "easeInOutQuad"
						}
					}
				}
			},
			"sound_effects": {
				"0.2667": {
					"effect": "carnage_finish"
				}
			}
		},
		"animation.model.inspect": {
			"loop": true,
			"animation_length": 6,
			"bones": {
				"main": {
					"rotation": {
						"0.0": {
							"vector": [0, 0, 0]
						},
						"0.7": {
							"vector": [7.25948, -41.92831, -34.61432],
							"easing": "easeInOutBack"
						},
						"1.3": {
							"vector": [6.41479, -42.28404, -33.35458],
							"easing": "easeInOutBack",
							"easingArgs": [-2]
						},
						"3.0": {
							"vector": [30.25868, -38.49198, -44.18278],
							"easing": "easeInOutSine"
						},
						"3.8667": {
							"vector": [-7.49663, 5.37222, 41.39443],
							"easing": "easeInOutBack",
							"easingArgs": [0.5]
						},
						"4.2667": {
							"vector": [-7.48066, 5.63191, 43.37897],
							"easing": "easeInOutBack",
							"easingArgs": [-1]
						},
						"4.6": {
							"vector": [-7.15043, 9.13355, 51.02993],
							"easing": "easeInOutQuad"
						},
						"5.1": {
							"vector": [-6.9354, 10.36878, 52.91819],
							"easing": "easeInOutBack",
							"easingArgs": [-2]
						},
						"5.3667": {
							"vector": [-12.19, 5.67, 56.14],
							"easing": "easeInOutQuad"
						},
						"5.9333": {
							"vector": [0, 0, 0],
							"easing": "easeInOutBack",
							"easingArgs": [1]
						}
					},
					"position": {
						"0.0": {
							"vector": [0, 0, 0]
						},
						"0.6667": {
							"vector": [3, 2, -5],
							"easing": "easeInOutBack"
						},
						"1.2667": {
							"vector": [2.9, 1.7, -5],
							"easing": "easeInOutBack",
							"easingArgs": [-2]
						},
						"1.5667": {
							"vector": [3, 2, -5],
							"easing": "easeInOutSine"
						},
						"2.9333": {
							"vector": [6.1, 1.8, -5],
							"easing": "easeInOutSine"
						},
						"3.3333": {
							"vector": [3.05, -1.1, -8.5],
							"easing": "easeInQuad"
						},
						"3.8": {
							"vector": [3, 6, -12],
							"easing": "easeInOutQuad"
						},
						"4.2333": {
							"vector": [3, 6.2, -12],
							"easing": "easeInOutBack",
							"easingArgs": [-1]
						},
						"4.5667": {
							"vector": [3, 7, -12],
							"easing": "easeInOutQuad"
						},
						"5.0667": {
							"vector": [3, 7.3, -12],
							"easing": "easeInOutBack",
							"easingArgs": [-2]
						},
						"5.9": {
							"vector": [0, 0, 0],
							"easing": "easeInOutBack",
							"easingArgs": [1]
						}
					}
				},
				"leftarm": {
					"rotation": {
						"0.0": {
							"vector": [0, 0, 0]
						},
						"0.7": {
							"vector": [56.90923, 14.68377, 80.57627],
							"easing": "easeInOutBack"
						},
						"1.3": {
							"vector": [56.90923, 14.68377, 80.57627],
							"easing": "easeInOutBack"
						},
						"1.6": {
							"vector": [57.57939, 18.10514, 84.67586],
							"easing": "easeInOutBack"
						},
						"3.3333": {
							"vector": [57.57939, 18.10514, 84.67586],
							"easing": "easeInOutBack"
						},
						"3.7": {
							"vector": [17.91918, 0.70899, 23.80768],
							"easing": "easeInOutQuad"
						},
						"5.1": {
							"vector": [17.91918, 0.70899, 23.80768],
							"easing": "easeInOutQuad"
						},
						"5.7333": {
							"vector": [0, 0, 0]
						}
					},
					"position": {
						"0.0": {
							"vector": [0, 0, 0]
						},
						"0.6667": {
							"vector": [-3.88752, -12.85944, -7.27176],
							"easing": "easeInOutBack"
						},
						"1.2667": {
							"vector": [-3.88752, -12.85944, -7.27176],
							"easing": "easeInOutBack"
						},
						"1.5667": {
							"vector": [-6.70312, -12.92856, -9.32699],
							"easing": "easeInOutBack"
						},
						"3.3": {
							"vector": [-6.70672, -12.9324, -9.32753],
							"easing": "easeInOutBack"
						},
						"3.6667": {
							"vector": [4.87585, -4.15261, 8.94326],
							"easing": "easeInOutQuad"
						},
						"5.0667": {
							"vector": [4.87585, -4.15261, 8.94326],
							"easing": "easeInOutQuad"
						},
						"5.3": {
							"vector": [0, -4, 0],
							"easing": "easeInOutQuad"
						},
						"5.5333": {
							"vector": [0, 0, 0],
							"easing": "easeInQuart"
						}
					},
					"scale": {
						"3.3": {
							"vector": [1, 1, 1]
						},
						"3.6667": {
							"vector": [1, 1.3, 1]
						},
						"5.0667": {
							"vector": [1, 1.3, 1]
						},
						"5.3": {
							"vector": [1, 1, 1]
						}
					}
				},
				"_camera_": {
					"rotation": {
						"0.0": {
							"vector": [0, 0, 0]
						},
						"0.9": {
							"vector": [-2, -2, 1],
							"easing": "easeInOutBack"
						},
						"1.6": {
							"vector": [-2, -2, 1],
							"easing": "easeInOutBack"
						},
						"2.6667": {
							"vector": [6, 7, -2],
							"easing": "easeInOutQuad"
						},
						"3.9333": {
							"vector": [1, 2, 1],
							"easing": "easeInOutBack"
						},
						"5.1333": {
							"vector": [-3, 1, 2],
							"easing": "easeInOutSine"
						},
						"5.9333": {
							"vector": [0, 0, 0],
							"easing": "easeInOutBack",
							"easingArgs": [3]
						}
					}
				}
			},
			"sound_effects": {
				"0.1667": {
					"effect": "carnage_draw"
				},
				"5.4667": {
					"effect": "carnage_finish"
				}
			}
		}
	},
	"geckolib_format_version": 2
}