{
	"format_version": "1.12.0",
	"minecraft:geometry": [
		{
			"description": {
				"identifier": "geometry.unknown",
				"texture_width": 16,
				"texture_height": 16,
				"visible_bounds_width": 8,
				"visible_bounds_height": 4,
				"visible_bounds_offset": [0, 1, 0]
			},
			"bones": [
				{
					"name": "ammo",
					"pivot": [1, 6.75, -11.5],
					"cubes": [
						{"origin": [-1.05, 0, -0.375], "size": [2, 9, 2], "pivot": [0.95, 0, -0.375], "rotation": [0, -23.25, 0], "uv": [0, 0]},
						{"origin": [-1.05, 6.5, -0.375], "size": [2, 5, 2], "inflate": -0.3, "pivot": [0.95, 7.5, -0.375], "rotation": [0, -23.25, 0], "uv": [8, 0]}
					]
				}
			]
		}
	]
}