{
  "name" : "cp2077_arasaka_hjke11_yukimura_skippy",
  "type": "Gun",
  "compatibleAttachmentGroups": [
    "chimera"
  ],
  "features": [
    {
      "type": "FireMode",
      "fireModes": [
        {
          "name": "automatic",
          "displayName": "label.pointblank.fireMode.automatic",
          "type": "AUTOMATIC",
          "rpm": 400,
          "damage": 4.0,
          "isUsingDefaultMuzzle": true
        },
        {
          "name": "burst",
          "displayName": "label.pointblank.fireMode.burst",
          "type": "BURST",
          "rpm": 700,
          "damage": 4.0,
          "isUsingDefaultMuzzle": true
        }
      ]
    },
    {
      "type": "Reticle",
      "texture": "textures/item/reticle_smartgun.png",
      "parallax": true
    }
  ],
  "maxAmmoCapacity" : 30,
  "compatibleAmmo" : ["ammo9mm", "ammocreative"],
  "fireSound" : "yukimura_fire",
  "aimingZoom" : 0.25,
  "damage": 4.0,
  "gunRecoilInitialAmplitude" : 0.2,
  "shakeRecoilAmplitude" : 0.25,
  "shakeRecoilSpeed" : 2,
  "viewRecoilAmplitude" : 1.5,
  "firstPersonFallbackAnimations": "cp2077_fpp_weapon_light",
  "drawAnimations": [
    {
      "name": "animation.model.draw",
      "duration": 530,
      "condition": "ammoCount > 0"
    },
    {
      "name": "animation.model.drawempty",
      "duration": 530,
      "condition": "ammoCount == 0"
    }
  ],
  "idleAnimations": [
    {
      "name": "animation.model.idle",
      "duration": 0,
      "condition": "ammoCount > 0"
    },
    {
      "name": "animation.model.idleempty",
      "duration": 0,
      "condition": "ammoCount == 0"
    }
  ],
  "inspectAnimations": [
    {
      "name": "animation.model.inspectempty",
      "duration": 4100,
      "condition": "ammoCount == 0"
    },
    {
      "name": "animation.model.inspect",
      "duration": 5000,
      "condition": "random"
    },
    {
      "name": "animation.model.inspect2",
      "duration": 5000,
      "condition": "random"
    }
  ],
  "glowingParts": [
    {
      "name": "image"
    },
    {
      "name": "image2"
    },
    {
      "name": "image3"
    },
    {
      "name": "glow"
    }
  ],
  "effects": [
    {
      "phase": "hit_scan_acquired",
      "name": "tracer"
    },
    {
      "phase": "firing",
      "name": "muzzle_flash_small"
    }
  ],
  "phasedReloads": [
    {
      "phase": "RELOADING",
      "condition": "reloadIterationIndex == 0",
      "duration": 3300,
      "animation": "animation.model.reloadempty"
    },
    {
      "phase": "RELOADING",
      "condition": "reloadIterationIndex > 0",
      "duration": 3000,
      "animation": "animation.model.reload"
    }
  ]
}
