{
  "name" : "cp2077_nokota_ndi_osprey",
  "type": "Gun",
  "compatibleAttachmentGroups": [
    "chimera"
  ],
  "features": [
    {
        "type": "Aiming",
        "zoom": 0.5
    },
    {
      "type": "PIP",
      "maskTexture": "textures/gui/cp2077_pip_mask_osprey.png",
      "overlayTexture": "textures/gui/osprey_scope_pip.png",
      "zoom": 0.5
    },
    {
      "type": "PartVisibility",
      "parts": [
        {
          "name": "bullet",
          "visible": true,
          "condition": "ammoCount >= 1"
        }
      ]
    },
	{
		"type": "FireMode",
		"fireModes": [
			{
				"name": "automatic",
				"displayName": "label.pointblank.fireMode.automatic",
				"type": "AUTOMATIC",
				"rpm": 150,
				"damage": 40.0
			},
			{
				"name": "burst",
				"displayName": "label.pointblank.fireMode.burst",
				"type": "BURST",
				"rpm": 1000,
				"damage": 40.0,
				"burstShots": 3
			}
		]
	}
  ],
  "glowingParts": [
    {
      "name": "SCOPEGLOW"
    }
  ],
  "maxAmmoCapacity" : 12,
  "compatibleAmmo" : ["ammo50bmg", "ammocreative"],
  "damage" : 40.0,
  "rpm" : 150,
  "fireSound" : "osprey_fire",
  "drawCooldownDuration" : 1500,
  "bobbingOnAim" : 0.1,
  "gunRecoilInitialAmplitude" : 0.4,
  "shakeRecoilAmplitude" : 1,
  "shakeRecoilSpeed" : 2,
  "viewRecoilAmplitude" : 6,
  "inspectCooldownDuration": 4000,
  "firstPersonFallbackAnimations": "cp2077_fpp_weapon_heavy",
  "idleAnimations": [
    {
      "name": "animation.model.idle",
      "duration": 0
    }
  ],
  "effects": [
    {
      "phase": "hit_scan_acquired",
      "name": "tracer"
    },
    {
      "phase": "firing",
      "name": "muzzle_flash_big_ex"
    },
    {
      "phase": "hit_target",
      "name": "cp2077_explosion_new_ext_hit"
    }
  ],
  "phasedReloads": [
    {
      "phase": "RELOADING",
      "condition": "reloadIterationIndex == 0",
      "duration": 5800,
      "animation": "animation.model.reloadempty"
    },
     {
      "phase": "RELOADING",
      "condition": "reloadIterationIndex > 0",
      "duration": 4900,
      "animation": "animation.model.reload"
    }
  ]
}
