{
  "name" : "cp2077_militech_m251s_ajax_barghest",
  "type": "Gun",
  "compatibleAttachmentGroups": [
    "ar_sightsandscopes",
    "ar_muzzle",
    "cp2077_long_scope",
    "cp2077_short_scope",
    "chimera"
  ],
  "features": [
    {
        "type": "Reticle",
        "texture": "textures/item/reticledot_new.png",
        "parallax": true,
        "maxAngularOffset": 4,
        "condition": {
            "allOf": [
              {
                "doesNotHaveAttachmentGroup": "ar_sightsandscopes"
              },
              {
                "doesNotHaveAttachmentGroup": "cp2077_short_scope"
              },
              {
                "doesNotHaveAttachmentGroup": "cp2077_long_scope"
              }
            ]
        }
    },
    {
        "type": "Aiming",
        "zoom": 0.25,
        "condition": {
            "allOf": [
              {
                "doesNotHaveAttachmentGroup": "ar_sightsandscopes"
              },
              {
                "doesNotHaveAttachmentGroup": "cp2077_short_scope"
              },
              {
                "doesNotHaveAttachmentGroup": "cp2077_long_scope"
              }
            ]
        }
    },
    {
      "type": "PartVisibility",
      "parts": [
        {
          "name": "sight",
          "visible": true,
          "condition": {
              "allOf": [
              {
                "doesNotHaveAttachmentGroup": "ar_sightsandscopes"
              },
              {
                "doesNotHaveAttachmentGroup": "cp2077_short_scope"
              },
              {
                "doesNotHaveAttachmentGroup": "cp2077_long_scope"
              }
            ]
          }
        }
      ]
    },
    {
      "type": "MuzzleFlash",
      "effects": [
        {
          "phase": "firing",
          "name": "muzzle_flash"
        }
      ],
        "condition": {
          "allOf": [
            {
              "isUsingDefaultMuzzle": true
            },
            {
              "doesNotHaveAttachmentGroup": "ar_muzzle"
            }
          ]
        }
    },
    {
      "type": "Sound",
      "fireSound": "ajax_fire_suppressed",
      "fireSoundVolume": 0.5,
      "condition": {
      "allOf": [
          {
            "hasAttachmentGroup": "ar_suppressors"
          }
        ]
      }
    }
  ],
  "maxAmmoCapacity" : 30,
  "compatibleAmmo" : ["ammo556", "ammocreative"],
  "damage" : 6.0,
  "rpm" : 550,
  "fireModes" : ["AUTOMATIC", "BURST", "SINGLE"],
  "fireSound" : "ajax_fire",
  "drawCooldownDuration" : 800,
  "gunRecoilInitialAmplitude" : 0.4,
  "shakeRecoilAmplitude" : 0.35,
  "shakeRecoilSpeed" : 2,
  "viewRecoilAmplitude" : 1.5,
  "inspectCooldownDuration": 9830,
  "firstPersonFallbackAnimations": "cp2077_fpp_weapon_medium",
  "effects": [
    {
      "phase": "hit_scan_acquired",
      "name": "tracer"
    }
  ],
  "phasedReloads": [
    {
      "phase": "RELOADING",
      "condition": "reloadIterationIndex == 0",
      "duration": 3600,
      "animation": "animation.model.reloadempty"
    },
    {
      "phase": "RELOADING",
      "condition": "reloadIterationIndex > 0",
      "duration": 3200,
      "animation": "animation.model.reload"
    }
  ]
}
