{
  "name" : "carcano",
  "type": "Gun",
  "maxAmmoCapacity" : 6,
  "compatibleAmmo" : ["ammocreative", "rifle_ammo"],
  "damage" : 45.0,
  "rpm" : 60,
  "fireModes" : ["SINGLE"],
  "fireSound" : "fire_rifle_carcano",
  "drawCooldownDuration" : 680,
  "bobbingOnAim" : 0.1,
  "max_shooting_distance" : 550.0, 
  "gunRecoilInitialAmplitude" : 1.3,
  "shakeRecoilAmplitude" : 0.35,
  "shakeRecoilSpeed" : 2,
  "viewRecoilAmplitude" : 8,
  "inspectCooldownDuration": 6500,
  "muzzleFlashScale" : 2,
  "compatibleAttachments" : [
    "scope_carcano"
  ],
  "defaultAttachments": [
    "scope_carcano"
  ],
  "features": [
    {
        "type": "Aiming",
        "zoom": 0.35,
        "condition": {
            "doesNotHaveAttachmentGroup": "scope_carcano"
        }
    }
  ],
  "phasedReloads": [
    {
      "phase": "RELOADING",
      "condition": "reloadIterationIndex == 0",
      "duration": 1710,
      "animation": "animation.model.reloadempty",
      "shakeEffects": [
        {
          "start": 1000,
          "duration": 300,
          "initialAmplitude": 0.3,
          "rateOfAmplitudeDecay": 0.3
        }
      ]
    },
    {
        "phase": "RELOADING",
        "condition": "reloadIterationIndex == 5",
        "duration": 3420,
        "animation": "animation.model.reload1",
        "shakeEffects": [
            {
                "start": 710,
                "duration": 300,
                "initialAmplitude": 0.1,
                "rateOfAmplitudeDecay": 0.2
            },
            {
                "start": 1500,
                "duration": 300,
                "initialAmplitude": 0.2,
                "rateOfAmplitudeDecay": 0.1
            },
            {
                "start": 2710,
                "duration": 300,
                "initialAmplitude": 0.3,
                "rateOfAmplitudeDecay": 0.2
            }
        ]
    },
    {
        "phase": "RELOADING",
        "condition": "reloadIterationIndex == 4",
        "duration": 3420,
        "animation": "animation.model.reload2",
        "shakeEffects": [
            {
                "start": 710,
                "duration": 300,
                "initialAmplitude": 0.1,
                "rateOfAmplitudeDecay": 0.2
            },
            {
                "start": 1500,
                "duration": 300,
                "initialAmplitude": 0.2,
                "rateOfAmplitudeDecay": 0.1
            },
            {
                "start": 2710,
                "duration": 300,
                "initialAmplitude": 0.3,
                "rateOfAmplitudeDecay": 0.2
            }
        ]
    },
    {
        "phase": "RELOADING",
        "condition": "reloadIterationIndex == 3",
        "duration": 3420,
        "animation": "animation.model.reload3",
        "shakeEffects": [
            {
                "start": 710,
                "duration": 300,
                "initialAmplitude": 0.1,
                "rateOfAmplitudeDecay": 0.2
            },
            {
                "start": 1500,
                "duration": 300,
                "initialAmplitude": 0.2,
                "rateOfAmplitudeDecay": 0.1
            },
            {
                "start": 2710,
                "duration": 300,
                "initialAmplitude": 0.3,
                "rateOfAmplitudeDecay": 0.2
            }
        ]
    },
    {
        "phase": "RELOADING",
        "condition": "reloadIterationIndex == 2",
        "duration": 3420,
        "animation": "animation.model.reload4",
        "shakeEffects": [
            {
                "start": 710,
                "duration": 300,
                "initialAmplitude": 0.1,
                "rateOfAmplitudeDecay": 0.2
            },
            {
                "start": 1500,
                "duration": 300,
                "initialAmplitude": 0.2,
                "rateOfAmplitudeDecay": 0.1
            },
            {
                "start": 2710,
                "duration": 300,
                "initialAmplitude": 0.3,
                "rateOfAmplitudeDecay": 0.2
            }
        ]
    },
    {
        "phase": "RELOADING",
        "condition": "reloadIterationIndex == 1",
        "duration": 2170,
        "animation": "animation.model.reload5",
        "shakeEffects": [
            {
                "start": 460,
                "duration": 300,
                "initialAmplitude": 0.1,
                "rateOfAmplitudeDecay": 0.2
            },
            {
                "start": 1460,
                "duration": 300,
                "initialAmplitude": 0.2,
                "rateOfAmplitudeDecay": 0.1
            }
        ]
    }
  ],
  "effects": [
        {
                "phase": "hit_scan_acquired",
                "name": "tracer"
        },
        {
                "phase": "firing",
                "name": "muzzle_flash_big"
        }
  ]
}