{
  "name" : "double_action",
  "type": "Gun",
  "maxAmmoCapacity" : 6,
  "maxAmmoPerReloadIteration" : 1,
  "compatibleAmmo" : ["ammocreative", "revolver_ammo"],
  "damage" : 10,
  "rpm" : 400,
  "fireModes" : ["SINGLE"],
  "fireSound" : "fire_revolver_doubleaction",
  "drawCooldownDuration" : 600,
  "aimingZoom" : 0.3,
  "max_shooting_distance" : 250.0, 
  "gunRecoilInitialAmplitude" : 0.7,
  "shakeRecoilAmplitude" : 0.5,
  "shakeRecoilSpeed" : 1,
  "viewRecoilAmplitude" : 1.1,
  "inspectCooldownDuration": 4670,
  "prepareFireCooldownDuration": 170,
  "phasedReloads": [
    {
      "phase": "PREPARING",
      "condition": "reloadIterationIndex >= 0",
      "duration": 460,
      "animation": "animation.model.prepare",
      "shakeEffects": [
      ]
    },
    {
      "phase": "PREPARING",
      "condition": "reloadIterationIndex == -1",
      "duration": 460,
      "animation": "animation.model.prepare",
      "shakeEffects": [
      ]					
    },
    {
      "phase": "RELOADING",
      "condition": "reloadIterationIndex == 0",
      "duration": 830,
      "animation": "animation.model.iterativeload",						
      "shakeEffects": [
        {
          "start": 500,
          "duration": 430,
          "initialAmplitude": 0.2,
          "rateOfAmplitudeDecay": 0.2
        }
      ]
    },
    {
      "phase": "RELOADING",
      "condition": "reloadIterationIndex > 0",
      "duration": 800,
      "animation": "animation.model.iterativeload",						
      "shakeEffects": [
        {
          "start": 540,
          "duration": 430,
          "initialAmplitude": 0.2,
          "rateOfAmplitudeDecay": 0.2
        }
      ]
    },
    {
      "phase": "COMPLETETING",
      "condition": "reloadIterationIndex >= 0",
      "duration": 710,
      "animation": "animation.model.finish"						
    }  
  ],
  "effects": [
        {
                "phase": "hit_scan_acquired",
                "name": "tracer"
        },
        {
                "phase": "firing",
                "name": "muzzle_flash"
        }
  ]
}