{
  "name" : "elephant",
  "type": "Gun",
  "maxAmmoCapacity" : 2,
  "maxAmmoPerReloadIteration" : 1,
  "compatibleAmmo" : ["ammocreative", "450nitro_ammo"],
  "damage" : 70,
  "rpm" : 200,
  "fireModes" : ["SINGLE"],
  "fireSound" : "fire_rifle_elephant",
  "aimingZoom" : 0.25,
  "max_shooting_distance" : 300, 
  "gunRecoilInitialAmplitude" : 3,
  "shakeRecoilAmplitude" : 0.65,
  "shakeRecoilSpeed" : 3.5,
  "viewRecoilAmplitude" : 7,
  "muzzleFlashScale" : 2.5,
  "phasedReloads": [
    {
      "phase": "PREPARING",
      "condition": "reloadIterationIndex == -1",
      "duration": 900,
      "animation": "animation.model.prepareempty",
	    "shakeEffects": [
        {
            "start": 270,
            "duration": 300,
            "initialAmplitude": 0.1,
            "rateOfAmplitudeDecay": 0.8
        }
      ]
    },
    {
      "phase": "PREPARING",
      "condition": "reloadIterationIndex >= 0",
      "duration": 900,
      "animation": "animation.model.prepare",
	    "shakeEffects": [
        {
            "start": 270,
            "duration": 300,
            "initialAmplitude": 0.1,
            "rateOfAmplitudeDecay": 0.8
        }
      ]
    },
    {
      "phase": "RELOADING",
      "condition": "reloadIterationIndex == 0",
      "duration": 670,
      "animation": "animation.model.firstslug",
	    "shakeEffects": [
        {
            "start": 210,
            "duration": 300,
            "initialAmplitude": 0.1,
            "rateOfAmplitudeDecay": 0.8
        }
      ]
    },
    {
      "phase": "RELOADING",
      "condition": "reloadIterationIndex == 1",
      "duration": 670,
      "animation": "animation.model.secondslug",
	    "shakeEffects": [
        {
            "start": 210,
            "duration": 300,
            "initialAmplitude": 0.1,
            "rateOfAmplitudeDecay": 0.8
        }
      ]
    },
    {
      "phase": "COMPLETETING",
      "condition": "ammoCount == 1",
      "duration": 1040,
      "animation": "animation.model.finishoneshot",
      "shakeEffects": [
        { "start": 0,   "duration": 1500, "initialAmplitude": 0.1,  "rateOfAmplitudeDecay": 0.8 },
        { "start": 500, "duration": 600,  "initialAmplitude": 0.25, "rateOfAmplitudeDecay": 0.5 }
      ]
    },
    {
      "phase": "COMPLETETING",
      "condition": "ammoCount == 2",
      "duration": 1040,
      "animation": "animation.model.finish",
      "shakeEffects": [
        { 
          "start": 0,   
          "duration": 1500, 
          "initialAmplitude": 0.1,  
          "rateOfAmplitudeDecay": 0.8 
        },
        { 
          "start": 500, 
          "duration": 600,  
          "initialAmplitude": 0.25, 
          "rateOfAmplitudeDecay": 0.5 
        }
      ]
    }
  ],
      "inspectAnimations": [
    {
      "name": "animation.model.inspect",
      "duration": 3700,
      "condition": "ammoCount == 2"
    },
    {
      "name": "animation.model.inspectoneempty",
      "duration": 3700,
      "condition":"ammoCount == 1"  
    },
    {
      "name": "animation.model.inspectempty",
      "duration": 3700,
      "condition":"ammoCount == 0"  
    }
  ],
  "drawAnimations": [
    {
      "name": "animation.model.draw",
      "duration": 700,
      "condition":"ammoCount == 2"
    },
    {
      "name": "animation.model.drawoneempty",
      "duration": 700,
      "condition":"ammoCount == 1"
    },
    {
      "name": "animation.model.drawempty",
      "duration": 700,
      "condition":"ammoCount == 0"
    }
  ],
  "idleAnimations": [
    {
      "name": "animation.model.idle",
      "duration": 0,
      "condition": "ammoCount == 2"
    },
    {
      "name": "animation.model.idleoneempty",
      "duration": 0,
      "condition":"ammoCount == 1"
    },
    {
      "name": "animation.model.idlebothempty",
      "duration": 0,
      "condition":"ammoCount == 0"
    }
  ],
    "fireAnimations": [
    {
      "name": "animation.model.fire1",
      "condition":"ammoCount >= 1"
    },
    {
      "name": "animation.model.fire2",
      "condition": "ammoCount == 0"
    }
  ],
  "effects": [
        {
                "phase": "hit_scan_acquired",
                "name": "tracer"
        },
        {
                "phase": "firing",
                "name": "muzzle_flash_big"
        }
  ]
}