{
  "name" : "navy",
  "type": "Gun",
  "maxAmmoCapacity" : 6,
  "maxAmmoPerReloadIteration" : 1,
  "compatibleAmmo" : ["ammocreative", "revolver_ammo"],
  "damage" : 14,
  "fireSound" : "fire_revolver_navy",
  "drawCooldownDuration" : 1550,
  "aimingZoom" : 0.3,
  "max_shooting_distance" : 100.0, 
  "gunRecoilInitialAmplitude" : 0.7,
  "shakeRecoilAmplitude" : 0.5,
  "shakeRecoilSpeed" : 1,
  "viewRecoilAmplitude" : 1.1,
  "inspectCooldownDuration": 5920,
  "features" :[
    {
      "type": "fireMode",
      "fireModes": [
        {
          "name": "single",
          "displayName": "label.pointblank.fireMode.single",
          "type": "SINGLE",
          "rpm": 90,
          "animationName": "animation.model.fire"
        },
        {
          "name" : "hipfire",
          "displayName":"label.pointblank.fireMode.hipfire",
          "type": "AUTOMATIC",
          "rpm": 300,
          "aimingEnabled" : false,
          "gunRecoilInitialAmplitude" : 0.6,
          "shakeRecoilAmplitude": 0.55,
          "shakeRecoilSpeed": 1.0,
          "animationName": "animation.model.hipfire",
          "prepareFireAnimations": [
            {
              "name": "animation.model.preparehip",
              "duration": 130,
              "condition": {
                "selectedFireMode": "hipfire"
              }
            }
          ]
        }
      ]
    }
  ],
  "phasedReloads": [
    {
      "phase": "PREPARING",
      "condition": "reloadIterationIndex >= 0",
      "duration": 920,
      "animation": "animation.model.prepare",
      "shakeEffects": [
      ]
    },
    {
      "phase": "PREPARING",
      "condition": "reloadIterationIndex == -1",
      "duration": 920,
      "animation": "animation.model.prepare",
      "shakeEffects": [
      ]					
    },
    {
      "phase": "RELOADING",
      "condition": "reloadIterationIndex == 0",
      "duration": 1710,
      "animation": "animation.model.iterativeload",						
      "shakeEffects": [
        {
          "start": 1130,
          "duration": 300,
          "initialAmplitude": 0.2,
          "rateOfAmplitudeDecay": 0.2
        }
      ]
    },
    {
      "phase": "RELOADING",
      "condition": "reloadIterationIndex > 0",
      "duration": 1710,
      "animation": "animation.model.iterativeload",						
      "shakeEffects": [
        {
          "start": 1130,
          "duration": 300,
          "initialAmplitude": 0.2,
          "rateOfAmplitudeDecay": 0.2
        }
      ]
    },
    {
      "phase": "COMPLETETING",
      "condition": "reloadIterationIndex >= 0",
      "duration": 750,
      "animation": "animation.model.finish"						
    }  
  ],
  "effects": [
        {
                "phase": "hit_scan_acquired",
                "name": "tracer"
        },
        {
                "phase": "firing",
                "name": "muzzle_flash"
        }
  ]
}