{
  "name" : "repeating_shotgun",
  "type": "Gun",
  "maxAmmoCapacity" : 6,
  "maxAmmoPerReloadIteration" : 1,
  "compatibleAmmo" : ["ammocreative", "shotgun_ammo"],
  "pelletCount" : 15,
  "pelletSpread" : 0.3,
  "damage" : 4.5,
  "rpm" : 85,
  "fireModes" : ["SINGLE"],
  "fireSound" : "fire_shotgun_semiauto",
  "drawCooldownDuration" : 700,
  "aimingZoom" : 0.25,
  "max_shooting_distance" : 40,
  "gunRecoilInitialAmplitude" : 0.8,
  "shakeRecoilAmplitude" : 0.65,
  "shakeRecoilSpeed" : 3.5,
  "viewRecoilAmplitude" : 7,
  "inspectCooldownDuration" : 5770,
  "muzzleFlashScale" : 2.5,
  "phasedReloads": [
    {
      "phase": "PREPARING",
      "condition": "reloadIterationIndex == -1",
      "duration": 710,
      "animation": "animation.model.prepareempty"
    },
    {
      "phase": "PREPARING",
      "condition": "reloadIterationIndex >= 0",
      "duration": 1380,
      "animation": "animation.model.prepare"
    },
    {
      "phase": "RELOADING",
      "condition": "reloadIterationIndex == 0",
      "duration": 960,
      "animation": "animation.model.chamberload",
	"shakeEffects": [
        {
            "start": 420,
            "duration": 300,
            "initialAmplitude": 0.1,
            "rateOfAmplitudeDecay": 0.8
        }
      ]
    },
    {
      "phase": "RELOADING",
      "condition": "reloadIterationIndex > 0",
      "duration": 960,
      "animation": "animation.model.iterativeload",
	"shakeEffects": [
        {
            "start": 420,
            "duration": 300,
            "initialAmplitude": 0.1,
            "rateOfAmplitudeDecay": 0.8
        }
      ]
    },
    {
      "phase": "COMPLETETING",
      "condition": "reloadIterationIndex >= 0",
      "duration": 500,
      "animation": "animation.model.finish"
    }
  ],
  "effects": [
        {
                "phase": "hit_scan_acquired",
                "name": "tracer"
        },
        {
                "phase": "firing",
                "name": "muzzle_flash_big"
        }
  ]
}