{
  "name" : "semi_automatic",
  "type": "Gun",
  "maxAmmoCapacity" : 8,
  "compatibleAmmo" : ["ammocreative", "pistol_ammo"],
  "damage" : 7,
  "rpm" : 330,
  "fireModes" : ["SINGLE"],
  "fireSound" : "fire_pistol_semi_automatic",
  "drawCooldownDuration" : 600,
  "aimingZoom" : 0.4,
  "max_shooting_distance" : 270.0, 
  "gunRecoilInitialAmplitude" : 0.7,
  "shakeRecoilAmplitude" : 0.4,
  "shakeRecoilSpeed" : 1,
  "viewRecoilAmplitude" : 1,
  "phasedReloads": [
    {
      "phase": "RELOADING",
      "condition": "reloadIterationIndex == 0",
      "duration": 1960,
      "animation": "animation.model.reloadempty",
      "shakeEffects": [
        {
          "start": 1420,
          "duration": 300,
          "initialAmplitude": 0.1,
          "rateOfAmplitudeDecay": 0.2
        }
      ]
    },
    {
      "phase": "RELOADING",
      "condition": "reloadIterationIndex > 0",
      "duration": 1460,
      "animation": "animation.model.reload",						
      "shakeEffects": [
        {
          "start": 1040,
          "duration": 300,
          "initialAmplitude": 0.1,
          "rateOfAmplitudeDecay": 0.2
        }
      ]
    }  
  ],
  "effects": [
        {
                "phase": "hit_scan_acquired",
                "name": "tracer"
        },
        {
                "phase": "firing",
                "name": "muzzle_flash"
        }
  ],
  "drawAnimations": [
    {
      "name": "animation.model.draw",
      "duration": 600,
      "condition":"ammoCount > 0"
    },
    {
      "name": "animation.model.drawempty",
      "duration": 600,
      "condition":"ammoCount == 0"
    }
  ],
  "idleAnimations": [
    {
      "name": "animation.model.idle",
      "duration": 0,
      "condition": "ammoCount > 0"
    },
    {
      "name": "animation.model.idleempty",
      "duration": 0,
      "condition":"ammoCount == 0"
    }
  ],
  "inspectAnimations": [
    {
      "name": "animation.model.inspect",
      "duration": 5530,
      "condition": "ammoCount > 0"
    },
    {
      "name": "animation.model.inspectempty",
      "duration": 5530,
      "condition": "ammoCount == 0"
    }
  ],
  "fireAnimations": [
    {
      "name": "animation.model.fire",
      "condition":"ammoCount >= 1"
    },
    {
      "name": "animation.model.firelast",
      "condition": "ammoCount == 0"
    }
  ]
}