{
  "name" : "springfield",
  "type": "Gun",
  "maxAmmoCapacity" : 1,
  "maxAmmoPerReloadIteration" : 1,
  "compatibleAmmo" : ["ammocreative", "rifle_ammo"],
  "damage" : 30.0,
  "rpm" : 200,
  "fireModes" : ["SINGLE"],
  "fireSound" : "fire_rifle_springfield",
  "aimingZoom" : 0.6,
  "max_shooting_distance" : 770.0, 
  "gunRecoilInitialAmplitude" : 0.8,
  "shakeRecoilAmplitude" : 0.35,
  "shakeRecoilSpeed" : 3,
  "viewRecoilAmplitude" : 9,
  "muzzleFlashScale" : 1,
  "compatibleAttachments": [
    "scope_rdw_mid"
  ],
  "features": [
    {
        "type": "Aiming",
        "zoom": 0.35,
        "condition": {
            "doesNotHaveAttachmentGroup": "scope_rdw_mid"
        }
    }
  ],
  "phasedReloads": [
    {
      "phase": "PREPARING",
      "condition": "reloadIterationIndex == -1",
      "duration": 750,
      "animation": "animation.model.prepare",
      "shakeEffects": [
        {
          "start": 540,
          "duration": 330,
          "initialAmplitude": 0.1,
          "rateOfAmplitudeDecay": 0.8
        }
      ]
    },
    {
      "phase": "PREPARING",
      "condition": "reloadIterationIndex >= 0",
      "duration": 750 ,
      "animation": "animation.model.prepare",
      "shakeEffects": [
        {
          "start": 540,
          "duration": 330,
          "initialAmplitude": 0.1,
          "rateOfAmplitudeDecay": 0.8
        }
      ]
    },
    {
      "phase": "RELOADING",
      "condition": "reloadIterationIndex == 0",
      "duration": 830,
      "animation": "animation.model.iterativeload",
      "shakeEffects": [
        {
          "start": 500,
          "duration": 300,
          "initialAmplitude": 0.3,
          "rateOfAmplitudeDecay": 0.3
        }
      ]
    },
    {
      "phase": "RELOADING",
      "condition": "reloadIterationIndex > 0",
      "duration": 1000,
      "animation": "animation.model.iterativeload",
      "shakeEffects": [
        {
          "start": 500,
          "duration": 300,
          "initialAmplitude": 0.3,
          "rateOfAmplitudeDecay": 0.3
        }
      ]
    },
    {
      "phase": "COMPLETETING",
      "condition": "reloadIterationIndex >= 0",
      "duration": 750,
      "animation": "animation.model.finish"
    }
  ],
  "effects": [
        {
                "phase": "hit_scan_acquired",
                "name": "tracer"
        },
        {
                "phase": "firing",
                "name": "muzzle_flash"
        }
  ],
    "inspectAnimations": [
    {
      "name": "animation.model.inspect",
      "duration": 5630,
      "condition": "ammoCount > 0"
    },
    {
      "name": "animation.model.inspectempty",
      "duration": 5630,
      "condition":"ammoCount == 0"  
    }
  ],
  "drawAnimations": [
    {
      "name": "animation.model.draw",
      "duration": 1000,
      "condition":"ammoCount > 0"
    },
    {
      "name": "animation.model.drawempty",
      "duration": 1000,
      "condition":"ammoCount == 0"
    }
  ],
  "idleAnimations": [
    {
      "name": "animation.model.idle",
      "duration": 0,
      "condition": "ammoCount > 0"
    },
    {
      "name": "animation.model.idleempty",
      "duration": 0,
      "condition":"ammoCount == 0"
    }
  ]
}