{
    "type": "pointblank:default",
    "ingredients": [
      {
        "count": 21,
        "item": "pointblank:gunmetal_ingot"
      },
      {
        "count": 12,
        "item": "pointblank:guninternals"
      },
      {
        "count": 5,
        "tag": "forge:ingots/gold"
      },
      {
        "count": 8,
        "tag": "forge:ingots/iron"
      },
      {
        "count": 8,
        "tag" : "minecraft:planks"
      }
    ],
    "result": {
      "item": "pointblank:sawed_off"
    }
}