  {
    "type": "pointblank:default",
    "ingredients": [
      {
        "count": 18,
        "item": "pointblank:gunmetal_ingot"
      },
      {
        "count": 9,
        "tag": "forge:ingots/gold"
      },
      {
        "count": 9,
        "tag": "forge:ingots/iron"
      },
      {
        "count": 8,
        "item": "pointblank:guninternals"
      },
      {
        "count": 1,
        "item": "minecraft:diamond"
      },
      {
        "count": 6,
        "tag" : "minecraft:planks"
      }
    ],
    "result": {
      "item": "pointblank:m1899"
    }
}