{
  "name" : "doom_plasmapistol",
  "type": "Gun",
  "maxAmmoCapacity" : "infinite",
  "compatibleAmmo" : ["ammocreative"],
  "damage" : 7.0,
  "rpm" : 600,
  "fireModes" : ["SINGLE"],
  "fireSound" : "doom_plasmapistol",
  "drawCooldownDuration" : 550,
  "aimingZoom" : 0.3,
  "gunRecoilInitialAmplitude" : 0.8,
  "shakeRecoilAmplitude" : 0.35,
  "shakeRecoilSpeed" : 2,
  "viewRecoilAmplitude" : 2,
  "inspectCooldownDuration": 4380,
  "glowingParts": [
    {
      "name": "glowy" 
    },
    {
      "name": "glowy2" 
    },
    {
      "name": "glowy3" 
    },
    {
      "name": "glowy4" 
    }
  ],
  "phasedReloads": [
    {
      "phase": "RELOADING",
      "condition": "reloadIterationIndex == 0",
      "duration": 1700,
      "animation": "animation.model.reloadempty",
      "shakeEffects": [
        {
          "start": 0,
          "duration": 1500,
          "initialAmplitude": 0.3,
          "rateOfAmplitudeDecay": 0.3
        },
        {
          "start": 270,
          "duration": 1000,
          "initialAmplitude": 0.3,
          "rateOfAmplitudeDecay": 0.5
        },
        {
          "start": 1030,
          "duration": 600,
          "initialAmplitude": 0.3,
          "rateOfAmplitudeDecay": 0.5
        },
        {
          "start": 1230,
          "duration": 600,
          "initialAmplitude": 0.15,
          "rateOfAmplitudeDecay": 0.3
        }
      ]
    },
    {
      "phase": "RELOADING",
      "condition": "reloadIterationIndex > 0",
      "duration": 1500,
      "animation": "animation.model.reload",						
      "shakeEffects": [
        {
          "start": 0,
          "duration": 1500,
          "initialAmplitude": 0.3,
          "rateOfAmplitudeDecay": 0.3
        },
        {
          "start": 270,
          "duration": 1000,
          "initialAmplitude": 0.3,
          "rateOfAmplitudeDecay": 0.5
        },
        {
          "start": 1030,
          "duration": 600,
          "initialAmplitude": 0.3,
          "rateOfAmplitudeDecay": 0.5
        }
      ]
    }
  ],
  "effects": [
  	{ 
		"phase": "hit_scan_acquired",
		"name": "doom_bluetracer"
  	},
        { 
		"phase": "firing",
		"name": "doom_plasma_flash_small"
  	}
  ]
}