{
  "credit": "Made with Blockbench",
  "parent": "builtin/entity",
  "texture_size": [
    32,
    32
  ],
  "display": {
    "thirdperson_righthand": {
      "translation": [
        0,
        -0.25,
        1.25
      ],
      "scale": [
        0.3,
        0.3,
        0.3
      ]
    },
    "thirdperson_lefthand": {
      "translation": [
        0,
        -0.25,
        1.25
      ],
      "scale": [
        0.25,
        0.25,
        0.25
      ]
    },
    "firstperson_righthand": {
      "rotation": [
        -20,
        20,
        3.5
      ],
      "translation": [
        0,
        -1.5,
        0
      ]
    },
    "firstperson_lefthand": {
      "rotation": [
        -20,
        20,
        3.5
      ],
      "translation": [
        0,
        -1.5,
        0
      ]
    },
    "ground": {
      "scale": [
        0.7,
        0.7,
        0.7
      ]
    },
    "gui": {
      "rotation": [
        15,
        45,
        0
      ],
      "translation": [
        0,
        -2.5,
        0
      ],
      "scale": [
        0.85,
        0.85,
        0.85
      ]
    },
    "head": {
      "translation": [
        3,
        -3.25,
        -2.5
      ]
    },
    "fixed": {
      "rotation": [
        -180,
        -90,
        -180
      ],
      "translation": [
        -5.75,
        -2.25,
        0
      ]
    }
  }
}