{
"loader": "forge:separate_transforms",
  "gui_light": "front",
  "base": 
{
  "credit": "Made with Blockbench",
  "parent": "builtin/entity",
  "texture_size": [
    128,
    128
  ],
  "display": {
    "thirdperson_righthand": {
      "translation": [
        2.25,
        -6,
        1
      ],
      "scale": [
        0.3,
        0.3,
        0.3
      ]
    },
    "thirdperson_lefthand": {
      "translation": [
        -2.25,
        -6,
        1
      ],
      "scale": [
        0.3,
        0.3,
        0.3
      ]
    },
    "firstperson_righthand": {
      "rotation": [
        0,
        0,
        3.5
      ],
      "translation": [
        11,
        -25,
        -21
      ]
    },
    "firstperson_lefthand": {
      "rotation": [
        0,
        0,
        -3.5
      ],
      "translation": [
        -29,
        -25,
        -21
      ]
    },
    "ground": {
      "translation": [
        2.25,
        -1.75,
        1.75
      ],
      "scale": [
        0.3,
        0.3,
        0.3
      ]
    },
    "gui": {
      "rotation": [
        0,
        -90,
        0
      ],
      "translation": [
        -3.5,
        -9.75,
        0
      ],
      "scale": [
        0.57,
        0.54,
        0.54
      ]
    },
    "head": {
      "scale": [
        0,
        0,
        0
      ]
    },
    "fixed": {
      "rotation": [
        0,
        -90,
        0
      ],
      "translation": [
        -2.75,
        -9.5,
        4.75
      ],
      "scale": [
        0.5,
        0.5,
        0.5
      ]
    }
  }
},
  "perspectives": {
    "gui": {
      "parent": "item/generated",
      "textures": {
        "layer0": "pointblank:item/arasaka_hjke11_yukimura_genjiroh.icon"
      }
    }
  }
}
