{
"loader": "forge:separate_transforms",
  "gui_light": "front",
  "base": 
{
  "credit": "Made with Blockbench",
  "parent": "builtin/entity",
  "texture_size": [
    128,
    128
  ],
  "display": {
    "thirdperson_righthand": {
      "translation": [
        0,
        -5.5,
        0.5
      ],
      "scale": [
        0.3,
        0.3,
        0.3
      ]
    },
    "thirdperson_lefthand": {
      "translation": [
        0,
        -5.5,
        0.5
      ],
      "scale": [
        0.3,
        0.3,
        0.3
      ]
    },
    "firstperson_righthand": {
      "rotation": [
        0,
        0,
        3.5
      ],
      "translation": [
        7.5,
        -25,
        -28
      ]
    },
    "firstperson_lefthand": {
      "rotation": [
        0,
        0,
        3.5
      ],
      "translation": [
        7.5,
        -25,
        -28
      ]
    },
    "ground": {
      "translation": [
        0,
        0.5,
        1
      ],
      "scale": [
        0.3,
        0.3,
        0.3
      ]
    },
    "gui": {
      "rotation": [
        0,
        -90,
        0
      ],
      "translation": [
        -1.25,
        -4.5,
        0
      ],
      "scale": [
        1,
        0.46,
        0.46
      ]
    },
    "head": {
      "scale": [
        0,
        0,
        0
      ]
    },
    "fixed": {
      "rotation": [
        0,
        -90,
        0
      ],
      "translation": [
        -1.75,
        -5.75,
        1
      ],
      "scale": [
        0.59,
        0.59,
        0.59
      ]
    }
  }
},
  "perspectives": {
    "gui": {
      "parent": "item/generated",
      "textures": {
        "layer0": "pointblank:item/ha_4grit_catahoula.icon"
      }
    }
  }
}
