{
"loader": "forge:separate_transforms",
  "gui_light": "front",
  "base": 
{
  "credit": "Made with Blockbench",
  "parent": "builtin/entity",
  "texture_size": [
    256,
    256
  ],
  "display": {
    "thirdperson_righthand": {
      "translation": [
        0,
        -5.5,
        0.25
      ],
      "scale": [
        0.3,
        0.3,
        0.3
      ]
    },
    "thirdperson_lefthand": {
      "translation": [
        0,
        -5.5,
        0.25
      ],
      "scale": [
        0.3,
        0.3,
        0.3
      ]
    },
    "firstperson_righthand": {
      "rotation": [
        0,
        0,
        3.5
      ],
      "translation": [
        5,
        -22,
        -20
      ]
    },
    "firstperson_lefthand": {
      "rotation": [
        0,
        0,
        3.5
      ],
      "translation": [
        5,
        -22,
        -20
      ]
    },
    "ground": {
      "translation": [
        0,
        0,
        2.5
      ],
      "scale": [
        0.3,
        0.3,
        0.3
      ]
    },
    "gui": {
      "rotation": [
        0,
        -90,
        0
      ],
      "translation": [
        -3.75,
        -7,
        0
      ],
      "scale": [
        0.43,
        0.41,
        0.41
      ]
    },
    "head": {
      "scale": [
        0,
        0,
        0
      ]
    },
    "on_shelf": {
      "rotation": [
        83,
        0,
        0
      ],
      "translation": [
        0,
        0,
        -13
      ]
    }
  }
},
  "perspectives": {
    "gui": {
      "parent": "item/generated",
      "textures": {
        "layer0": "pointblank:item/malorian_arms_3516.icon"
      }
    }
  }
}
