{
"loader": "forge:separate_transforms",
  "gui_light": "front",
  "base": 
{
  "credit": "Made with Blockbench",
  "parent": "builtin/entity",
  "texture_size": [
    256,
    256
  ],
  "display": {
    "thirdperson_righthand": {
      "translation": [
        3,
        -6,
        0.5
      ],
      "scale": [
        0.25,
        0.25,
        0.25
      ]
    },
    "thirdperson_lefthand": {
      "translation": [
        -3,
        -6,
        0.5
      ],
      "scale": [
        0.25,
        0.25,
        0.25
      ]
    },
    "firstperson_righthand": {
      "rotation": [
        0,
        0,
        3.5
      ],
      "translation": [
        16,
        -32,
        -5
      ]
    },
    "firstperson_lefthand": {
      "rotation": [
        0,
        0,
        3.5
      ],
      "translation": [
        16,
        -32,
        -5
      ]
    },
    "ground": {
      "translation": [
        3.35,
        -1.5,
        -0.25
      ],
      "scale": [
        0.3,
        0.3,
        0.3
      ]
    },
    "gui": {
      "rotation": [
        0,
        -90,
        0
      ],
      "translation": [
        0.35,
        -4.25,
        0
      ],
      "scale": [
        1,
        0.21,
        0.21
      ]
    },
    "head": {
      "scale": [
        0,
        0,
        0
      ]
    },
    "fixed": {
      "rotation": [
        180,
        -90,
        180
      ],
      "translation": [
        1,
        -15.25,
        6.75
      ],
      "scale": [
        0.62,
        0.62,
        0.62
      ]
    }
  }
},
  "perspectives": {
    "gui": {
      "parent": "item/generated",
      "textures": {
        "layer0": "pointblank:item/kang_tao_g58_dian.icon"
      }
    }
  }
}
