{
"loader": "forge:separate_transforms",
  "gui_light": "front",
  "base": 
{
  "credit": "Made with Blockbench",
  "parent": "builtin/entity",
  "texture_size": [
    256,
    256
  ],
  "display": {
    "thirdperson_righthand": {
      "translation": [
        0,
        -6.25,
        -0.5
      ],
      "scale": [
        0.3,
        0.3,
        0.3
      ]
    },
    "thirdperson_lefthand": {
      "translation": [
        0,
        -6.25,
        -0.5
      ],
      "scale": [
        0.3,
        0.3,
        0.3
      ]
    },
    "firstperson_righthand": {
      "rotation": [
        0,
        0,
        3.5
      ],
      "translation": [
        2.5,
        -28,
        -8
      ]
    },
    "firstperson_lefthand": {
      "rotation": [
        0,
        0,
        3.5
      ],
      "translation": [
        2.5,
        -28,
        -8
      ]
    },
    "ground": {
      "translation": [
        0,
        -3.25,
        1.5
      ],
      "scale": [
        0.3,
        0.3,
        0.3
      ]
    },
    "gui": {
      "rotation": [
        0,
        -90,
        0
      ],
      "translation": [
        -1,
        -4.25,
        0
      ],
      "scale": [
        0.22,
        0.22,
        0.22
      ]
    },
    "head": {
      "scale": [
        0,
        0,
        0
      ]
    },
    "fixed": {
      "rotation": [
        -180,
        -90,
        -180
      ],
      "translation": [
        -1,
        -12.5,
        -1
      ],
      "scale": [
        0.62,
        0.62,
        0.62
      ]
    }
  }
},
  "perspectives": {
    "gui": {
      "parent": "item/generated",
      "textures": {
        "layer0": "pointblank:item/arasaka_hjsh18_masamune.icon"
      }
    }
  }
}
