{
  "credit": "Made with Blockbench",
  "parent": "builtin/entity",
  "texture_size": [
    64,
    64
  ],
  "display": {
    "thirdperson_righthand": {
      "translation": [
        0,
        0,
        1.25
      ],
      "scale": [
        0.3,
        0.3,
        0.3
      ]
    },
    "thirdperson_lefthand": {
      "translation": [
        0,
        0,
        1.25
      ],
      "scale": [
        0.25,
        0.25,
        0.25
      ]
    },
    "firstperson_righthand": {
      "rotation": [
        -20,
        20,
        3.5
      ],
      "translation": [
        0,
        -1.5,
        0
      ]
    },
    "firstperson_lefthand": {
      "rotation": [
        -20,
        20,
        3.5
      ],
      "translation": [
        0,
        -1.5,
        0
      ]
    },
    "ground": {
      "translation": [
        0,
        0,
        2
      ],
      "scale": [
        0.6,
        0.6,
        0.6
      ]
    },
    "gui": {
      "rotation": [
        15,
        45,
        0
      ],
      "translation": [
        2,
        -3.75,
        0
      ],
      "scale": [
        1.25,
        1.25,
        1.25
      ]
    },
    "head": {
      "translation": [
        0,
        6.5,
        0
      ]
    },
    "fixed": {
      "rotation": [
        180,
        -90,
        180
      ],
      "translation": [
        -2.75,
        -1,
        0
      ]
    }
  }
}
