{
  "credit": "Made with Blockbench",
  "parent": "builtin/entity",
  "texture_size": [
    64,
    64
  ],
  "display": {
    "thirdperson_righthand": {
      "translation": [
        0,
        0,
        0.25
      ],
      "scale": [
        0.3,
        0.3,
        0.3
      ]
    },
    "thirdperson_lefthand": {
      "translation": [
        0,
        0,
        0.25
      ],
      "scale": [
        0.3,
        0.3,
        0.3
      ]
    },
    "firstperson_righthand": {
      "rotation": [
        -20,
        20,
        3.5
      ],
      "translation": [
        -2.5,
        0,
        0
      ]
    },
    "firstperson_lefthand": {
      "rotation": [
        -20,
        20,
        3.5
      ],
      "translation": [
        -2.5,
        0,
        0
      ]
    },
    "ground": {
      "translation": [
        0,
        0,
        -0.25
      ],
      "scale": [
        0.6,
        0.6,
        0.6
      ]
    },
    "gui": {
      "rotation": [
        15,
        45,
        0
      ],
      "translation": [
        -0.5,
        -4.25,
        0
      ],
      "scale": [
        1.35,
        1.35,
        1.35
      ]
    },
    "head": {
      "translation": [
        0,
        6.25,
        0
      ]
    },
    "fixed": {
      "rotation": [
        180,
        -90,
        180
      ],
      "translation": [
        0,
        -2,
        0
      ]
    }
  }
}
