{
  "credit": "Made with Blockbench",
  "parent": "builtin/entity",
  "texture_size": [
    64,
    64
  ],
  "display": {
    "thirdperson_righthand": {
      "translation": [
        0,
        0,
        1.25
      ],
      "scale": [
        0.3,
        0.3,
        0.3
      ]
    },
    "thirdperson_lefthand": {
      "translation": [
        0,
        0,
        1.25
      ],
      "scale": [
        0.25,
        0.25,
        0.25
      ]
    },
    "firstperson_righthand": {
      "rotation": [
        -20,
        20,
        3.5
      ],
      "translation": [
        0,
        -3.5,
        0
      ]
    },
    "firstperson_lefthand": {
      "rotation": [
        -20,
        20,
        3.5
      ],
      "translation": [
        0,
        -3.5,
        0
      ]
    },
    "ground": {
      "translation": [
        0,
        0,
        5.5
      ],
      "scale": [
        0.6,
        0.6,
        0.6
      ]
    },
    "gui": {
      "rotation": [
        15,
        45,
        0
      ],
      "translation": [
        2.5,
        -3.5,
        0
      ],
      "scale": [
        0.75,
        0.75,
        0.75
      ]
    },
    "head": {
      "rotation": [
        0,
        -180,
        0
      ],
      "translation": [
        3.75,
        -4.5,
        -8
      ],
      "scale": [
        1,
        1,
        0.5
      ]
    },
    "fixed": {
      "rotation": [
        -180,
        -90,
        -180
      ],
      "translation": [
        -9.5,
        -4,
        0
      ]
    }
  },
  "textures": {
    "particle": "item/cp2077_e305_prospecta"
  }
}